Index;Type; Price ;Area;Location;Property
1;T2;185 000,00 €;104.70;Aveiro;Apartments
10;T3;595 000,00 €;147.50;Aveiro;Apartments
100;T1;150 000,00 €;47.94;Aveiro;Apartments
1000;T2;340 000,00 €;55;Lisboa;Apartments
10000;T2;595 000,00 €;98;Faro;Apartments
10001;T2;395 000,00 €;92.15;Faro;Apartments
10002;T1;350 000,00 €;71.25;Faro;Apartments
10003;T2;520 000,00 €;98;Faro;Apartments
10004;T2;410 000,00 €;108;Lisboa;Apartments
10005;T3;590 000,00 €;84.50;Set??bal;Apartments
10006;T2;510 500,00 €;81;Lisboa;Apartments
10008;T1;410 500,00 €;75;Lisboa;Apartments
1001;T4;407 000,00 €;165;Faro;Apartments
10010;T1;410 500,00 €;75;Lisboa;Apartments
10011;T0;395 000,00 €;77;Lisboa;Apartments
10012;T2;269 000,00 €;78.20;Faro;Apartments
10013;T3;249 000,00 €;160;Porto;Apartments
10014;T3;355 000,00 €;142;Coimbra;Apartments
10015;T4;360 000,00 €;120.40;Porto;Apartments
10016;T3;280 000,00 €;91;Porto;Apartments
10017;T3;306 000,00 €;140;Porto;Apartments
10018;T2;206 000,00 €;82;Porto;Apartments
10019;T3;625 500,00 €;140;Porto;Apartments
1002;T0;189 000,00 €;45;Faro;Apartments
10020;T4;1 600 000,00 €;253;Lisboa;Apartments
10021;T3;440 000,00 €;140;Porto;Apartments
10022;T3;460 000,00 €;145.30;Set??bal;Apartments
10023;T3;450 000,00 €;145.30;Set??bal;Apartments
10024;T3;460 000,00 €;145.30;Set??bal;Apartments
10025;T2; Pre?ßosobconsulta ;92.35;Viseu;Apartments
10026;T3;380 000,00 €;131;Set??bal;Apartments
10027;T0;165 000,00 €;37;Porto;Apartments
10028;T2;740 000,00 €;110;Porto;Apartments
10029;T0;140 000,00 €;36;Porto;Apartments
1003;T2;235 000,00 €;121.30;Coimbra;Apartments
10030;T2;950 000,00 €;92;Lisboa;Apartments
10031;T3;799 000,00 €;180;Lisboa;Apartments
10032;T3;1 399 000,00 €;125;Lisboa;Apartments
10033;T2;500 000,00 €;82;Lisboa;Apartments
10034;T3;525 000,00 €;180;Set??bal;Apartments
10035;T3;435 000,00 €;103;Faro;Apartments
10036;T4;299 000,00 €;150;Lisboa;Apartments
10037;T2;1 195 000,00 €;147.55;Lisboa;Apartments
10038;T2;360 000,00 €;112;Aveiro;Apartments
10039;T3;385 000,00 €;120;Lisboa;Apartments
1004;T3;249 900,00 €;110;Braga;Apartments
10040;T3;390 000,00 €;87;Lisboa;Apartments
10041;T4;535 000,00 €;208.80;Porto;Apartments
10042;T4;840 000,00 €;210;Lisboa;Apartments
10043;T2;435 000,00 €;73.50;Lisboa;Apartments
10044;T3;265 000,00 €;100;Porto;Apartments
10045;T3;370 000,00 €;86.70;Lisboa;Apartments
10046;T1;315 000,00 €;58;Lisboa;Apartments
10049;T2;195 000,00 €;78.74;Set??bal;Apartments
10050;T3;309 750,00 €;140;Braga;Apartments
10051;T3;294 000,00 €;140;Braga;Apartments
10052;T3;299 250,00 €;128;Braga;Apartments
10053;T1;660 000,00 €;84;Faro;Apartments
10054;T2;260 000,00 €;125;Porto;Apartments
10055;T3;359 000,00 €;164;Porto;Apartments
10056;T2;530 000,00 €;102;Lisboa;Apartments
10057;T3;275 000,00 €;116.95;Leiria;Apartments
10058;T2;255 000,00 €;99;Porto;Apartments
10059;T4;515 000,00 €;316;Porto;Apartments
1006;T3;265 000,00 €;124;Lisboa;Apartments
10060;T3;970 000,00 €;171;Lisboa;Apartments
10061;T3;1 189 000,00 €;142;Lisboa;Apartments
10062;T3;1 017 000,00 €;136;Porto;Apartments
10063;T1;198 000,00 €;80;Faro;Apartments
10064;T2;550 000,00 €;92;Porto;Apartments
10065;T4;4 500 000,00 €;245;Faro;Apartments
10066;T2;265 000,00 €;83;Porto;Apartments
10067;T4;497 500,00 €;325.80;Lisboa;Apartments
10068;T4;550 000,00 €;279.36;Lisboa;Apartments
10069;T5;705 000,00 €;310.72;Lisboa;Apartments
1007;T2;175 000,00 €;69;Porto;Apartments
10070;T1;350 000,00 €;56;Porto;Apartments
10071;T3;294 000,00 €;128;Braga;Apartments
10072;T1;250 000,00 €;50;Faro;Apartments
10073;T3;545 000,00 €;102;Porto;Apartments
10074;T3;340 000,00 €;114;Porto;Apartments
10075;T5;2 300 000,00 €;312;Porto;Apartments
10076;T3;1 390 000,00 €;240;Lisboa;Apartments
10077;T2;480 000,00 €;116;Porto;Apartments
10078;T2;140 000,00 €;66;Set??bal;Apartments
1008;T0;259 000,00 €;72;Faro;Apartments
10080;T2;470 000,00 €;129;Ilha da Madeira;Apartments
10081;T2;485 000,00 €;121;Ilha da Madeira;Apartments
10082;T2;435 000,00 €;109;Ilha da Madeira;Apartments
10083;T3;85 000,00 €;102;Vila Real;Apartments
10084;T3;175 000,00 €;96.22;Santar?©m;Apartments
10085;T2;495 000,00 €;94;Lisboa;Apartments
10086;T3;215 000,00 €;132.15;Santar?©m;Apartments
10087;T3;650 000,00 €;128;Porto;Apartments
10088;T3;530 000,00 €;128;Porto;Apartments
10089;T3;470 000,00 €;166;Faro;Apartments
1009;T2;229 000,00 €;68.26;Lisboa;Apartments
10090;T3;323 000,00 €;107;Porto;Apartments
10091;T2;150 000,00 €;78;Santar?©m;Apartments
10092;T5;1 900 000,00 €;275.96;Lisboa;Apartments
10093;T2;247 000,00 €;78;Porto;Apartments
10094;T3;320 000,00 €;107;Porto;Apartments
10096;T3;450 000,00 €;146.20;Lisboa;Apartments
10097;T2;199 900,00 €;64;Set??bal;Apartments
10098;T1;551 250,00 €;118;Lisboa;Apartments
10099;T2;195 000,00 €;49;Faro;Apartments
101;T3;650 000,00 €;130.60;Aveiro;Apartments
1010;T4;99 000,00 €;102;Leiria;Apartments
10100;T2;280 000,00 €;85;Coimbra;Apartments
10101;T2;470 000,00 €;127.30;Porto;Apartments
10102;T4;335 000,00 €;127;Porto;Apartments
10103;T2;510 000,00 €;102;Ilha da Madeira;Apartments
10104;T4;1 100 000,00 €;195;Ilha da Madeira;Apartments
10105;T3;465 000,00 €;96.73;Porto;Apartments
10106;T2;665 500,00 €;115;Porto;Apartments
10107;T4;2 100 000,00 €;250;Porto;Apartments
10108;T2;320 000,00 €;114.50;Porto;Apartments
10109;T1;850 000,00 €;107;Lisboa;Apartments
1011;T2;210 000,00 €;100;Braga;Apartments
10110;T3;294 000,00 €;128;Braga;Apartments
10111;T3;450 000,00 €;136;Porto;Apartments
10112;T4;1 650 000,00 €;258;Porto;Apartments
10113;T3;915 000,00 €;158;Porto;Apartments
10114;T4;910 000,00 €;182.70;Porto;Apartments
10116;T2;220 000,00 €;69;Faro;Apartments
10117;T2;514 000,00 €;97;Porto;Apartments
10119;T4;685 000,00 €;164;Lisboa;Apartments
1012;T3;850 000,00 €;150;Faro;Apartments
10120;T3;495 000,00 €;169;Porto;Apartments
10121;T3;364 000,00 €;136.75;Faro;Apartments
10122;T2;260 000,00 €;79.17;Faro;Apartments
10123;T4;1 050 000,00 €;184;Porto;Apartments
10126;T3;789 000,00 €;104;Lisboa;Apartments
10127;T4;532 000,00 €;160;Porto;Apartments
10128;T1;197 000,00 €;46;Braga;Apartments
10129;T3;470 000,00 €;178;Faro;Apartments
1013;T2;208 900,00 €;60;Lisboa;Apartments
10130;T3;370 000,00 €;139;Lisboa;Apartments
10131;T3;545 000,00 €;107;Porto;Apartments
10132;T3;337 000,00 €;106;Porto;Apartments
10133;T3;1 114 500,00 €;135;Lisboa;Apartments
10134;T2;272 000,00 €;92.50;Porto;Apartments
10135;T1;420 000,00 €;69.50;Lisboa;Apartments
10136;T4;1 150 000,00 €;195;Ilha da Madeira;Apartments
10137;T2;650 000,00 €;122;Ilha da Madeira;Apartments
10138;T2;305 000,00 €;102;Porto;Apartments
10139;T2;277 900,00 €;81;Porto;Apartments
1014;T2;850 000,00 €;114;Faro;Apartments
10140;T2;168 500,00 €;86.60;Aveiro;Apartments
10141;T1;214 900,00 €;70;Porto;Apartments
10142;T2;540 000,00 €;100.97;Porto;Apartments
10143;T3;495 000,00 €;125.10;Porto;Apartments
10144;T2;442 500,00 €;93.33;Porto;Apartments
10145;T2;259 000,00 €;88.69;Faro;Apartments
10146;T2;257 000,00 €;93;Porto;Apartments
10147;T2;450 000,00 €;111;Faro;Apartments
10148;T2;227 500,00 €;87.85;Castelo Branco;Apartments
10149;T4;790 000,00 €;120;Lisboa;Apartments
1015;T2;240 000,00 €;70;Faro;Apartments
10150;T3;250 500,00 €;142;Castelo Branco;Apartments
10151;T2;190 000,00 €;98;Porto;Apartments
10152;T2;297 900,00 €;88.50;Porto;Apartments
10153;T2;190 000,00 €;98;Porto;Apartments
10154;T2;297 900,00 €;88.50;Porto;Apartments
10156;T4;1 550 000,00 €;200;Lisboa;Apartments
10157;T3;2 500 000,00 €;251.16;Lisboa;Apartments
10158;T2;1 200 000,00 €;133.61;Lisboa;Apartments
10159;T3;2 500 000,00 €;228.90;Lisboa;Apartments
1016;T2;320 000,00 €;108.67;Porto;Apartments
10160;T0;215 000,00 €;40;Faro;Apartments
10161;T0;180 000,00 €;33;Porto;Apartments
10162;T2;235 000,00 €;83.43;Braga;Apartments
10163;T2;260 000,00 €;79.70;Faro;Apartments
10165;T3;370 000,00 €;155;Set??bal;Apartments
10166;T1;145 000,00 €;47;Faro;Apartments
10167;T3;149 500,00 €;120;Porto;Apartments
10168;T2;240 000,00 €;100;Porto;Apartments
10169;T2;189 500,00 €;80;Set??bal;Apartments
1017;T3;180 000,00 €;83;Porto;Apartments
10170;T5;1 980 000,00 €;350;Lisboa;Apartments
10171;T3;450 000,00 €;132;Set??bal;Apartments
10172;T1;315 000,00 €;60;Porto;Apartments
10173;T4;328 000,00 €;177.50;Santar?©m;Apartments
10174;T2;225 000,00 €;84;Castelo Branco;Apartments
10175;T1;230 000,00 €;86.40;Faro;Apartments
10176;T0;160 000,00 €;35;Porto;Apartments
10177;T1;220 000,00 €;56;Porto;Apartments
10178;T0;160 000,00 €;38;Porto;Apartments
10179;T3;345 000,00 €;151.29;Faro;Apartments
1018;T3;330 000,00 €;135;Porto;Apartments
10180;T3;195 000,00 €;107;Faro;Apartments
10181;T2;740 000,00 €;109.30;Lisboa;Apartments
10182;T1;490 000,00 €;68.50;Lisboa;Apartments
10183;T1;540 000,00 €;81.40;Lisboa;Apartments
10184;T2;730 000,00 €;121.10;Lisboa;Apartments
10185;T3;415 000,00 €;105;Lisboa;Apartments
10186;T1;230 000,00 €;42;Faro;Apartments
10187;T2;165 000,00 €;98;Braga;Apartments
10188;T1;530 000,00 €;79.90;Lisboa;Apartments
10189;T1;460 000,00 €;52.90;Lisboa;Apartments
10190;T1;500 000,00 €;63.02;Lisboa;Apartments
10191;T1;470 000,00 €;58.60;Lisboa;Apartments
10192;T1;510 000,00 €;73.30;Lisboa;Apartments
10193;T1;530 000,00 €;73.30;Lisboa;Apartments
10194;T1;550 000,00 €;62.02;Lisboa;Apartments
10195;T2;700 000,00 €;117.30;Lisboa;Apartments
10196;T2;720 000,00 €;130.70;Lisboa;Apartments
10197;T2;700 000,00 €;109;Lisboa;Apartments
10198;T2;740 000,00 €;120.30;Lisboa;Apartments
10199;T2;750 000,00 €;114.90;Lisboa;Apartments
102;T0;329 000,00 €;85.75;Aveiro;Apartments
1020;T3;406 095,00 €;139.11;Porto;Apartments
10200;T2;710 000,00 €;97.70;Lisboa;Apartments
10201;T2;760 000,00 €;114.20;Lisboa;Apartments
10202;T1;535 000,00 €;85;Lisboa;Apartments
10203;T2;760 000,00 €;123.40;Lisboa;Apartments
10204;T2;110 000,00 €;92;Beja;Apartments
10206;T1;520 000,00 €;87;Lisboa;Apartments
10207;T1;500 000,00 €;68.90;Lisboa;Apartments
10208;T1;480 000,00 €;63.40;Lisboa;Apartments
10209;T3;1 100 000,00 €;146.30;Lisboa;Apartments
1021;T2;420 000,00 €;89;Porto;Apartments
10210;T1;510 000,00 €;80.90;Lisboa;Apartments
10211;T1;440 000,00 €;52.40;Lisboa;Apartments
10212;T1;470 000,00 €;69.10;Lisboa;Apartments
10213;T1;510 000,00 €;80.90;Lisboa;Apartments
10214;T1;490 000,00 €;75.10;Lisboa;Apartments
10215;T1;550 000,00 €;68.90;Lisboa;Apartments
10216;T4;1 769 000,00 €;213.75;Lisboa;Apartments
10217;T1;141 000,00 €;33;Braga;Apartments
10218;T3;440 000,00 €;132.50;Lisboa;Apartments
10219;T3;435 000,00 €;132.50;Lisboa;Apartments
1022;T1;800 000,00 €;77;Lisboa;Apartments
10220;T3;410 000,00 €;132.50;Lisboa;Apartments
10221;T3;425 000,00 €;132.50;Lisboa;Apartments
10222;T3;515 000,00 €;132.50;Lisboa;Apartments
10223;T4;520 000,00 €;168.20;Set??bal;Apartments
10224;T2;225 000,00 €;100;Lisboa;Apartments
10225;T3;469 000,00 €;194;Faro;Apartments
10226;T1;250 000,00 €;85.05;Braga;Apartments
10227;T1;378 000,00 €;69;Porto;Apartments
10228;T2;581 000,00 €;109;Porto;Apartments
10229;T3;884 000,00 €;154;Porto;Apartments
1023;T4;302 000,00 €;98;Lisboa;Apartments
10230;T2;586 000,00 €;109;Porto;Apartments
10231;T4;485 000,00 €;213;Porto;Apartments
10232;T4;935 000,00 €;200;Lisboa;Apartments
10233;T3;650 000,00 €;125.83;Porto;Apartments
10234;T3;195 624,00 €;105;Porto;Apartments
10235;T3;310 000,00 €;183;Braga;Apartments
10236;T2;441 000,00 €;109;Porto;Apartments
10237;T3;836 000,00 €;154;Porto;Apartments
10238;T1;446 000,00 €;91;Porto;Apartments
10239;T2;195 500,00 €;70;Porto;Apartments
1024;T3;177 000,00 €;80;Set??bal;Apartments
10240;T2;280 000,00 €;106;Braga;Apartments
10241;T1;230 000,00 €;48.41;Porto;Apartments
10242;T2;637 000,00 €;115;Porto;Apartments
10243;T2;272 500,00 €;104;Braga;Apartments
10244;T4;535 000,00 €;208.80;Porto;Apartments
10245;T3;750 000,00 €;127.14;Porto;Apartments
10246;T2;565 000,00 €;79;Lisboa;Apartments
10247;T3;485 000,00 €;96.73;Porto;Apartments
10248;T3;465 000,00 €;96.73;Porto;Apartments
10249;T3;920 000,00 €;122;Set??bal;Apartments
1025;T2;210 000,00 €;100;Braga;Apartments
10250;T3;470 000,00 €;160;Porto;Apartments
10251;T1;372 000,00 €;75;Porto;Apartments
10252;T2;360 000,00 €;83;Porto;Apartments
10253;T3;595 000,00 €;100.26;Lisboa;Apartments
10255;T1;350 000,00 €;44;Lisboa;Apartments
10256;T1;750 000,00 €;97;Lisboa;Apartments
10257;T3;365 000,00 €;95;Lisboa;Apartments
10258;T2;225 000,00 €;82;Santar?©m;Apartments
10259;T2;495 000,00 €;135;Faro;Apartments
1026;T2;187 000,00 €;76;Lisboa;Apartments
10261;T3;1 250 000,00 €;169.93;Porto;Apartments
10262;T2;1 310 000,00 €;173;Porto;Apartments
10263;T1;450 000,00 €;82;Porto;Apartments
10264;T3;380 000,00 €;125;Set??bal;Apartments
10265;T1;220 000,00 €;63;Porto;Apartments
10266;T3;370 000,00 €;157;Set??bal;Apartments
10268;T3;365 000,00 €;158;Set??bal;Apartments
10269;T2;195 000,00 €;86;Braga;Apartments
1027;T3;232 500,00 €;125.53;Set??bal;Apartments
10270;T3;365 000,00 €;156;Set??bal;Apartments
10271;T2;195 000,00 €;68;Porto;Apartments
10272;T2;197 500,00 €;63;Set??bal;Apartments
10273;T4;1 900 000,00 €;241.22;Lisboa;Apartments
10274;T3;280 000,00 €;102;Faro;Apartments
10275;T3;2 195 000,00 €;160;Lisboa;Apartments
10276;T3;739 900,00 €;143;Porto;Apartments
10277;T1;172 500,00 €;59.80;Castelo Branco;Apartments
10279;T2;290 000,00 €;123;Faro;Apartments
1028;T2;195 000,00 €;89.30;Porto;Apartments
10280;T1;220 000,00 €;52;Faro;Apartments
10281;T3;110 000,00 €;98;Leiria;Apartments
10282;T2;325 000,00 €;73.19;Aveiro;Apartments
10283;T2;750 000,00 €;100;Porto;Apartments
10284;T0;275 000,00 €;42;Porto;Apartments
10285;T2;235 500,00 €;111.60;Castelo Branco;Apartments
10286;T2;227 500,00 €;87.90;Castelo Branco;Apartments
10287;T3;915 000,00 €;158;Porto;Apartments
10288;T2;615 000,00 €;107;Porto;Apartments
10289;T1;344 000,00 €;46.60;Lisboa;Apartments
1029;T1;288 000,00 €;43.46;Lisboa;Apartments
10290;T2;230 000,00 €;87.20;Castelo Branco;Apartments
10291;T2;229 500,00 €;89;Porto;Apartments
10292;T4;890 000,00 €;126.80;Lisboa;Apartments
10293;T3;560 000,00 €;100;Lisboa;Apartments
10294;T1;590 000,00 €;103;Porto;Apartments
10295;T2;159 900,00 €;79;Braga;Apartments
10297;T2;279 800,00 €;83.40;Lisboa;Apartments
10298;T3;1 399 000,00 €;125;Lisboa;Apartments
10299;T3;465 000,00 €;98.67;Porto;Apartments
103;T3;445 000,00 €;119;Aveiro;Apartments
1030;T2;240 000,00 €;115;Faro;Apartments
10300;T3;465 000,00 €;98.67;Porto;Apartments
10301;T1;265 000,00 €;50;Faro;Apartments
10302;T3;915 000,00 €;155.14;Porto;Apartments
10303;T4;1 650 000,00 €;265.11;Porto;Apartments
10304;T4;2 250 000,00 €;269.45;Porto;Apartments
10305;T4;2 100 000,00 €;250.77;Porto;Apartments
10306;T1;620 000,00 €;75.22;Faro;Apartments
10307;T2;330 000,00 €;90.43;Faro;Apartments
10308;T2;905 000,00 €;111.43;Faro;Apartments
10309;T1;165 000,00 €;70;Aveiro;Apartments
1031;T2;147 500,00 €;67;Aveiro;Apartments
10310;T2;920 000,00 €;142;Lisboa;Apartments
10311;T2;605 115,00 €;100.72;Lisboa;Apartments
10312;T2;589 050,00 €;89.67;Lisboa;Apartments
10313;T3;1 100 000,00 €;136.18;Faro;Apartments
10314;T2;955 000,00 €;119.47;Faro;Apartments
10316;T1;250 000,00 €;60;Porto;Apartments
10317;T3;1 055 000,00 €;143;Lisboa;Apartments
10318;T0;195 000,00 €;34;Porto;Apartments
10319;T3;822 000,00 €;145;Lisboa;Apartments
1032;T2;380 000,00 €;85.20;Faro;Apartments
10320;T2;774 000,00 €;98.61;Lisboa;Apartments
10321;T2;243 100,00 €;102;Porto;Apartments
10322;T3;195 000,00 €;108;Santar?©m;Apartments
10323;T3;198 000,00 €;145;Santar?©m;Apartments
10324;T3;310 000,00 €;125;Porto;Apartments
10325;T3;425 000,00 €;153;Porto;Apartments
10326;T3;225 000,00 €;140;Porto;Apartments
10327;T2;205 000,00 €;80;Porto;Apartments
10329;T2;227 500,00 €;87.90;Castelo Branco;Apartments
1033;T3;335 000,00 €;122;Porto;Apartments
10330;T2;315 000,00 €;102;Porto;Apartments
10331;T1;398 000,00 €;74;Lisboa;Apartments
10333;T3;789 000,00 €;123;Lisboa;Apartments
10334;T1;339 000,00 €;65;Lisboa;Apartments
10335;T1;199 000,00 €;47;Set??bal;Apartments
10336;T1;295 900,00 €;52;Lisboa;Apartments
10337;T3;852 083,00 €;138.86;Lisboa;Apartments
10338;T2;272 000,00 €;77.70;Porto;Apartments
10339;T1;165 000,00 €;62.85;Castelo Branco;Apartments
1034;T0;106 000,00 €;38;Braga;Apartments
10340;T3;298 000,00 €;81;Porto;Apartments
10341;T3;465 000,00 €;127.40;Aveiro;Apartments
10342;T3;775 000,00 €;123.61;Lisboa;Apartments
10343;T1;319 900,00 €;37.50;Lisboa;Apartments
10344;T2;230 000,00 €;103;Porto;Apartments
10345;T3;280 000,00 €;97.30;Aveiro;Apartments
10346;T4;560 000,00 €;184;Braga;Apartments
10347;T2;210 000,00 €;158;Santar?©m;Apartments
10348;T3;435 000,00 €;135.84;Lisboa;Apartments
10349;T3;220 000,00 €;132.90;Aveiro;Apartments
1035;T2;224 500,00 €;64;Lisboa;Apartments
10350;T3;445 000,00 €;129;Set??bal;Apartments
10351;T3;490 000,00 €;158;Set??bal;Apartments
10352;T1;139 000,00 €;33;Braga;Apartments
10353;T2;460 000,00 €;105;Porto;Apartments
10354;T3;435 000,00 €;118;Aveiro;Apartments
10355;T2;190 000,00 €;100.75;Aveiro;Apartments
10356;T2;450 000,00 €;82;Porto;Apartments
10357;T2;199 900,00 €;66;Set??bal;Apartments
10358;T2;179 500,00 €;86;Lisboa;Apartments
10359;T1;220 000,00 €;58;Porto;Apartments
10360;T3;220 000,00 €;132.90;Aveiro;Apartments
10361;T3;220 000,00 €;132.90;Aveiro;Apartments
10362;T3;320 000,00 €;133;Porto;Apartments
10363;T5;1 750 000,00 €;265;Lisboa;Apartments
10364;T4;2 015 000,00 €;347.92;Lisboa;Apartments
10365;T3;235 000,00 €;117;Porto;Apartments
10366;T3;995 000,00 €;165.55;Lisboa;Apartments
10367;T3;585 000,00 €;100;Faro;Apartments
10368;T2;279 800,00 €;93.61;Lisboa;Apartments
10369;T1;150 000,00 €;60.75;Aveiro;Apartments
1037;T2;529 000,00 €;111.90;Lisboa;Apartments
10370;T2;815 000,00 €;147.87;Lisboa;Apartments
10371;T1;580 000,00 €;105.01;Lisboa;Apartments
10372;T3;598 000,00 €;108;Lisboa;Apartments
10373;T2;660 000,00 €;105;Lisboa;Apartments
10374;T1;579 800,00 €;83;Porto;Apartments
10375;T2;588 000,00 €;74;Porto;Apartments
10376;T0;508 250,00 €;49;Porto;Apartments
10377;T0;508 800,00 €;66;Porto;Apartments
10378;T1;548 000,00 €;78;Porto;Apartments
10379;T1;608 000,00 €;131;Porto;Apartments
1038;T1;207 000,00 €;56;Lisboa;Apartments
10380;T2;159 500,00 €;73;Faro;Apartments
10381;T2;340 000,00 €;307;Aveiro;Apartments
10382;T3;325 000,00 €;104;Set??bal;Apartments
10383;T2;1 050 000,00 €;159.25;Faro;Apartments
10384;T2;465 500,00 €;115;Porto;Apartments
10385;T2;371 500,00 €;76;Porto;Apartments
10386;T3;515 000,00 €;130;Porto;Apartments
10387;T1;260 000,00 €;84.34;Faro;Apartments
10388;T2;404 280,00 €;121.65;Aveiro;Apartments
10389;T2;419 640,00 €;126.45;Aveiro;Apartments
1039;T2;285 000,00 €;105;Porto;Apartments
10390;T3;496 280,00 €;150.40;Aveiro;Apartments
10391;T1;172 500,00 €;55.48;Braga;Apartments
10392;T3;140 000,00 €;172;Santar?©m;Apartments
10393;T3;280 000,00 €;131;Aveiro;Apartments
10394;T2;450 000,00 €;131;Ilha da Madeira;Apartments
10395;T2;390 000,00 €;91;Ilha da Madeira;Apartments
10396;T2;279 800,00 €;93;Lisboa;Apartments
10397;T2;295 000,00 €;98;Set??bal;Apartments
10398;T3;253 000,00 €;121;Porto;Apartments
10399;T3;399 900,00 €;134;Porto;Apartments
104;T2;390 000,00 €;98.50;Aveiro;Apartments
1040;T3;299 000,00 €;89;Faro;Apartments
10400;T4;1 950 000,00 €;237.60;Lisboa;Apartments
10402;T2;550 000,00 €;79;Lisboa;Apartments
10404;T2;165 000,00 €;100.75;Aveiro;Apartments
10405;T2;665 500,00 €;115;Porto;Apartments
10406;T2;275 000,00 €;100;Porto;Apartments
10407;T3;367 500,00 €;113.85;Porto;Apartments
10408;T0;135 000,00 €;42;Porto;Apartments
10409;T2;206 000,00 €;82;Porto;Apartments
1041;T3;249 000,00 €;115;Lisboa;Apartments
10410;T2;530 000,00 €;90;Lisboa;Apartments
10411;T2;388 800,00 €;121.50;Aveiro;Apartments
10412;T2;355 600,00 €;96;Porto;Apartments
10413;T3;195 000,00 €;140;Coimbra;Apartments
10414;T2;285 000,00 €;86;Porto;Apartments
10415;T3;260 000,00 €;220.95;Viana do Castelo;Apartments
10416;T3;650 000,00 €;120;Lisboa;Apartments
10417;T4;757 000,00 €;163.50;Porto;Apartments
10418;T2;320 000,00 €;103;Lisboa;Apartments
10419;T2;465 000,00 €;112;Ilha da Madeira;Apartments
1042;T3;175 000,00 €;122;Aveiro;Apartments
10420;T2;498 000,00 €;102;Lisboa;Apartments
10421;T2;345 000,00 €;111;Porto;Apartments
10422;T3;269 000,00 €;100;Faro;Apartments
10423;T1;280 000,00 €;64.85;Porto;Apartments
10424;T4;2 450 000,00 €;207.76;Lisboa;Apartments
10425;T3;600 000,00 €;148.20;Aveiro;Apartments
10426;T3;600 000,00 €;139.05;Aveiro;Apartments
10427;T2;780 000,00 €;109.66;Lisboa;Apartments
10428;T2;790 000,00 €;109.67;Lisboa;Apartments
1043;T2;178 000,00 €;70;Lisboa;Apartments
10430;T2;185 000,00 €;87;Faro;Apartments
10431;T2;104 000,00 €;90;Coimbra;Apartments
10432;T3;415 000,00 €;144.80;Aveiro;Apartments
10433;T2;805 000,00 €;109.67;Lisboa;Apartments
10434;T3;545 000,00 €;128.70;Porto;Apartments
10435;T3;400 000,00 €;144.50;Aveiro;Apartments
10436;T1;215 000,00 €;58.30;Porto;Apartments
10437;T2;150 000,00 €;74;Viana do Castelo;Apartments
10438;T3;350 000,00 €;120;Braga;Apartments
10439;T3;535 000,00 €;145;Porto;Apartments
1044;T4;1 200 000,00 €;188;Porto;Apartments
10440;T3;650 000,00 €;140.47;Porto;Apartments
10441;T2;360 000,00 €;88.12;Porto;Apartments
10442;T2;165 000,00 €;84;Set??bal;Apartments
10443;T2;189 000,00 €;51;Lisboa;Apartments
10444;T2;205 000,00 €;82;Set??bal;Apartments
10447;T3;1 095 000,00 €;127;Lisboa;Apartments
10448;T1;530 000,00 €;80;Lisboa;Apartments
10449;T3;1 150 000,00 €;146;Lisboa;Apartments
1045;T3;240 000,00 €;99;Set??bal;Apartments
10451;T3;525 000,00 €;167;Ilha da Madeira;Apartments
10452;T3;565 000,00 €;133;Ilha da Madeira;Apartments
10453;T2;294 000,00 €;100;Porto;Apartments
10454;T3;393 000,00 €;144.50;Porto;Apartments
10455;T2;345 000,00 €;117.50;Porto;Apartments
10456;T2;331 500,00 €;117.50;Porto;Apartments
10457;T2;355 000,00 €;117.50;Porto;Apartments
10458;T3;342 000,00 €;108;Porto;Apartments
10459;T2;350 000,00 €;116;Porto;Apartments
1046;T3;307 000,00 €;135;Lisboa;Apartments
10460;T3;410 000,00 €;144.50;Porto;Apartments
10461;T3;398 000,00 €;144.50;Porto;Apartments
10462;T2;330 000,00 €;117.50;Porto;Apartments
10463;T2;338 000,00 €;116;Porto;Apartments
10464;T2;340 000,00 €;117.50;Porto;Apartments
10465;T3;388 000,00 €;144.50;Porto;Apartments
10466;T0;190 000,00 €;31;Porto;Apartments
10467;T1;375 000,00 €;50;Porto;Apartments
10468;T0;275 000,00 €;38;Porto;Apartments
10469;T0;210 000,00 €;40.80;Porto;Apartments
1047;T1;250 000,00 €;43;Lisboa;Apartments
10470;T3;900 000,00 €;112;Lisboa;Apartments
10471;T3;306 000,00 €;119;Porto;Apartments
10473;T2;635 000,00 €;74.25;Faro;Apartments
10474;T1;305 000,00 €;55;Porto;Apartments
10475;T1;235 000,00 €;59;Faro;Apartments
10477;T1;269 500,00 €;48;Faro;Apartments
10478;T0;249 000,00 €;40;Porto;Apartments
10479;T3;1 100 000,00 €;139;Faro;Apartments
1048;T2;198 000,00 €;65;Lisboa;Apartments
10480;T1;165 000,00 €;50;Castelo Branco;Apartments
10481;T2;220 000,00 €;83;Castelo Branco;Apartments
10482;T4;710 000,00 €;188.10;Porto;Apartments
10483;T1;595 000,00 €;81;Faro;Apartments
10484;T2;635 000,00 €;94;Faro;Apartments
10485;T3;300 000,00 €;90;Set??bal;Apartments
10486;T2;139 000,00 €;100;Set??bal;Apartments
10487;T2;850 000,00 €;103;Lisboa;Apartments
10488;T2;185 000,00 €;112.90;Aveiro;Apartments
10489;T3;220 000,00 €;132.90;Aveiro;Apartments
1049;T3;425 000,00 €;102;Lisboa;Apartments
10490;T3;279 800,00 €;120;Faro;Apartments
10491;T1;850 000,00 €;123.10;Lisboa;Apartments
10492;T3;210 000,00 €;102;Aveiro;Apartments
10493;T1;150 000,00 €;60.75;Aveiro;Apartments
10494;T2;190 000,00 €;100.75;Aveiro;Apartments
10495;T2;190 000,00 €;100.75;Aveiro;Apartments
10496;T1;179 900,00 €;43.75;Lisboa;Apartments
10497;T3;2 200 000,00 €;162;Lisboa;Apartments
10498;T3;2 100 000,00 €;162;Lisboa;Apartments
10499;T3;220 000,00 €;132.90;Aveiro;Apartments
105;T2;149 000,00 €;89;Porto;Apartments
1050;T2;417 000,00 €;84;Lisboa;Apartments
10500;T4;3 300 000,00 €;244.05;Lisboa;Apartments
10501;T2;245 000,00 €;86;Faro;Apartments
10502;T3;285 000,00 €;115;Faro;Apartments
10503;T3;220 000,00 €;132.90;Aveiro;Apartments
10504;T3;3 000 000,00 €;196;Lisboa;Apartments
10505;T3;567 500,00 €;139;Porto;Apartments
10506;T4;3 000 000,00 €;244.05;Lisboa;Apartments
10507;T2;198 000,00 €;78;Set??bal;Apartments
10508;T1;242 520,00 €;70;Faro;Apartments
10509;T1;235 920,00 €;70;Faro;Apartments
1051;T3;159 500,00 €;115;Leiria;Apartments
10510;T1;225 920,00 €;65;Faro;Apartments
10511;T4;3 400 000,00 €;244.05;Lisboa;Apartments
10512;T0;260 000,00 €;38;Porto;Apartments
10513;T0;280 000,00 €;54;Porto;Apartments
10514;T3;1 900 000,00 €;129;Lisboa;Apartments
10515;T2;293 240,00 €;92.50;Faro;Apartments
10516;T2;292 600,00 €;102;Faro;Apartments
10517;T2;286 640,00 €;103;Faro;Apartments
10518;T2;281 360,00 €;103;Faro;Apartments
10519;T2;278 720,00 €;103;Faro;Apartments
1052;T3;190 000,00 €;124;Leiria;Apartments
10520;T2;260 240,00 €;85;Faro;Apartments
10521;T3;220 000,00 €;150;Braga;Apartments
10522;T1;295 000,00 €;55;Porto;Apartments
10523;T2;475 000,00 €;141;Faro;Apartments
10524;T3;128 000,00 €;106;Beja;Apartments
10528;T3;163 000,00 €;90;Leiria;Apartments
10529;T2;270 000,00 €;80;Braga;Apartments
1053;T3;220 000,00 €;119.50;Faro;Apartments
10530;T2;435 000,00 €;101;Porto;Apartments
10531;T1;350 000,00 €;50;Lisboa;Apartments
10532;T2;189 000,00 €;69;Lisboa;Apartments
10533;T2;285 000,00 €;118;Faro;Apartments
10534;T2;393 000,00 €;113;Faro;Apartments
10536;T2;398 700,00 €;118;Faro;Apartments
10537;T1;190 000,00 €;55;Faro;Apartments
10538;T3;287 500,00 €;90.21;Faro;Apartments
10539;T3;299 000,00 €;102;Lisboa;Apartments
10540;T3;195 000,00 €;115;Santar?©m;Apartments
10541;T3;376 000,00 €;116;Porto;Apartments
10542;T3;749 000,00 €;150;Lisboa;Apartments
10543;T4;330 000,00 €;109;Porto;Apartments
10544;T2;220 000,00 €;100;Porto;Apartments
10546;T4;1 400 000,00 €;284;Lisboa;Apartments
10547;T3;1 500 000,00 €;149.30;Lisboa;Apartments
10548;T1;550 000,00 €;84;Lisboa;Apartments
10549;T5;1 690 000,00 €;306;Lisboa;Apartments
1055;T2;372 000,00 €;88;Porto;Apartments
10550;T2;187 500,00 €;50;Set??bal;Apartments
10551;T3;950 000,00 €;185.10;Aveiro;Apartments
10552;T2;1 195 000,00 €;120;Lisboa;Apartments
10553;T3;355 000,00 €;112;Braga;Apartments
10554;T3;340 000,00 €;112;Braga;Apartments
10555;T3;320 000,00 €;133;Porto;Apartments
10556;T2;430 000,00 €;141.90;Aveiro;Apartments
10557;T3;650 000,00 €;171.75;Aveiro;Apartments
10558;T4;950 000,00 €;245.20;Aveiro;Apartments
10559;T2;445 000,00 €;139.10;Aveiro;Apartments
1056;T3;580 000,00 €;110;Lisboa;Apartments
10560;T2;480 000,00 €;140.10;Aveiro;Apartments
10561;T2;450 000,00 €;147;Aveiro;Apartments
10562;T3;690 000,00 €;169.70;Aveiro;Apartments
10563;T3;325 000,00 €;112;Braga;Apartments
10564;T3;540 000,00 €;128.32;Porto;Apartments
10565;T3;640 000,00 €;147.64;Porto;Apartments
10566;T2;375 000,00 €;84.06;Porto;Apartments
10567;T2;335 000,00 €;84.03;Porto;Apartments
10568;T2;310 000,00 €;81.42;Porto;Apartments
10569;T2;355 000,00 €;84.03;Porto;Apartments
1057;T3;545 000,00 €;166.70;Lisboa;Apartments
10570;T2;425 000,00 €;83.62;Porto;Apartments
10571;T3;640 000,00 €;145.06;Porto;Apartments
10572;T3;620 000,00 €;145.06;Porto;Apartments
10573;T3;660 000,00 €;147.13;Porto;Apartments
10574;T4;715 000,00 €;168.41;Porto;Apartments
10575;T3;640 000,00 €;147.13;Porto;Apartments
10576;T3;480 000,00 €;125.87;Porto;Apartments
10577;T3;505 000,00 €;127.48;Porto;Apartments
10578;T3;590 000,00 €;140.44;Porto;Apartments
10579;T3;500 000,00 €;128.31;Porto;Apartments
1058;T1;262 000,00 €;57;Porto;Apartments
10580;T3;610 000,00 €;140.44;Porto;Apartments
10581;T3;760 000,00 €;130;Porto;Apartments
10582;T3;520 000,00 €;125.87;Porto;Apartments
10583;T3;520 000,00 €;128.31;Porto;Apartments
10584;T3;545 000,00 €;127.48;Porto;Apartments
10585;T3;500 000,00 €;125.87;Porto;Apartments
10586;T3;590 000,00 €;140.44;Porto;Apartments
10587;T3;735 000,00 €;130;Porto;Apartments
10588;T3;500 000,00 €;128.31;Porto;Apartments
10589;T3;610 000,00 €;140.44;Porto;Apartments
1059;T2;255 000,00 €;113;Porto;Apartments
10590;T3;525 000,00 €;127.48;Porto;Apartments
10591;T3;630 000,00 €;140.44;Porto;Apartments
10592;T3;520 000,00 €;128.31;Porto;Apartments
10593;T3;525 000,00 €;125.87;Porto;Apartments
10594;T3;545 000,00 €;127.48;Porto;Apartments
10595;T3;540 000,00 €;125.87;Porto;Apartments
10596;T3;630 000,00 €;140.47;Porto;Apartments
10597;T3;540 000,00 €;128.31;Porto;Apartments
10598;T3;560 000,00 €;125.86;Porto;Apartments
10599;T4;935 000,00 €;163.26;Porto;Apartments
106;T1;257 500,00 €;45.82;Aveiro;Apartments
1060;T3;595 000,00 €;108.29;Lisboa;Apartments
10600;T5;1 220 000,00 €;190.68;Porto;Apartments
10601;T3;560 000,00 €;128.32;Porto;Apartments
10602;T4;885 000,00 €;164.65;Porto;Apartments
10603;T4;970 000,00 €;158.99;Porto;Apartments
10604;T2;330 000,00 €;81.42;Porto;Apartments
10605;T2;335 000,00 €;85.31;Porto;Apartments
10606;T2;355 000,00 €;84.03;Porto;Apartments
10607;T2;375 000,00 €;84.03;Porto;Apartments
10608;T3;310 000,00 €;112;Braga;Apartments
10609;T4;695 000,00 €;168.41;Porto;Apartments
1061;T3;395 000,00 €;111;Porto;Apartments
10610;T3;505 000,00 €;127.48;Porto;Apartments
10611;T4;905 000,00 €;164.65;Porto;Apartments
10612;T4;950 000,00 €;158.99;Porto;Apartments
10613;T3;565 000,00 €;127.48;Porto;Apartments
10614;T2;340 000,00 €;86.70;Porto;Apartments
10615;T2;315 000,00 €;75.20;Porto;Apartments
10616;T2;395 000,00 €;84.06;Porto;Apartments
10617;T2;255 000,00 €;90;Braga;Apartments
10618;T2;300 000,00 €;102;Braga;Apartments
10619;T4;590 000,00 €;96;Lisboa;Apartments
1062;T2;288 000,00 €;75;Lisboa;Apartments
10620;T3;900 000,00 €;142.95;Porto;Apartments
10621;T3;1 000 000,00 €;165.80;Porto;Apartments
10622;T3;290 000,00 €;137;Braga;Apartments
10623;T1;199 900,00 €;45;Porto;Apartments
10624;T0;330 000,00 €;33;Lisboa;Apartments
10625;T1;380 000,00 €;76;Lisboa;Apartments
10626;T2;500 000,00 €;63;Lisboa;Apartments
10627;T3;260 000,00 €;127;Porto;Apartments
10628;T3;830 000,00 €;115.48;Faro;Apartments
10629;T3;205 000,00 €;85;Set??bal;Apartments
1063;T2;575 000,00 €;139.19;Faro;Apartments
10630;T1;325 000,00 €;41;Set??bal;Apartments
10631;T3;530 000,00 €;100;Lisboa;Apartments
10632;T2;169 000,00 €;56.20;Lisboa;Apartments
10633;T3;299 000,00 €;103;Set??bal;Apartments
10634;T1;299 000,00 €;59.60;Porto;Apartments
10635;T5;2 250 000,00 €;561;Porto;Apartments
10636;T4;2 350 000,00 €;213;Lisboa;Apartments
10637;T1;315 000,00 €;55;Porto;Apartments
10638;T3;323 000,00 €;140;Lisboa;Apartments
10639;T1;275 000,00 €;55;Porto;Apartments
1064;T3;350 000,00 €;107;Porto;Apartments
10640;T2;267 000,00 €;56.38;Set??bal;Apartments
10641;T4;1 900 000,00 €;241;Lisboa;Apartments
10642;T2;179 900,00 €;119;Porto;Apartments
10643;T2;235 000,00 €;90;Porto;Apartments
10644;T3;289 000,00 €;98;Faro;Apartments
10645;T2;445 000,00 €;70;Lisboa;Apartments
10646;T2;155 000,00 €;104;Porto;Apartments
10647;T2;252 500,00 €;100;Set??bal;Apartments
10648;T2;390 000,00 €;40;Lisboa;Apartments
1065;T4;387 500,00 €;135;Porto;Apartments
10650;T3;241 900,00 €;120;Porto;Apartments
10651;T2;288 000,00 €;178;Set??bal;Apartments
10653;T2;385 000,00 €;113.09;Porto;Apartments
10655;T0;335 000,00 €;67.31;Faro;Apartments
10656;T0;275 000,00 €;56.27;Faro;Apartments
10657;T2;285 000,00 €;99;Faro;Apartments
10658;T4;270 000,00 €;160;Set??bal;Apartments
10659;T3;700 000,00 €;159;Porto;Apartments
1066;T3;367 500,00 €;135;Porto;Apartments
10660;T4;1 100 000,00 €;225;Porto;Apartments
10661;T3;660 000,00 €;145;Porto;Apartments
10662;T2;371 500,00 €;75.90;Porto;Apartments
10664;T3;189 900,00 €;100;Braga;Apartments
10665;T3;192 000,00 €;80;Coimbra;Apartments
10666;T3;245 000,00 €;100;Aveiro;Apartments
10667;T3;249 000,00 €;168;Porto;Apartments
10668;T2;230 000,00 €;82;Porto;Apartments
10669;T3;295 000,00 €;120;Aveiro;Apartments
1067;T2;640 000,00 €;98;Faro;Apartments
10670;T2;227 500,00 €;72;Aveiro;Apartments
10671;T3;227 000,00 €;142;Viana do Castelo;Apartments
10672;T3;1 120 000,00 €;116.82;Lisboa;Apartments
10673;T3;595 000,00 €;120;Lisboa;Apartments
10674;T1;230 000,00 €;78;Porto;Apartments
10675;T2;155 000,00 €;91;Porto;Apartments
10676;T2;325 000,00 €;146;Leiria;Apartments
10677;T2;2 200 000,00 €;137;Lisboa;Apartments
10678;T3;2 300 000,00 €;161.50;Lisboa;Apartments
10679;T1;165 000,00 €;91;Santar?©m;Apartments
1068;T3;510 000,00 €;119;Set??bal;Apartments
10680;T2;340 000,00 €;55;Faro;Apartments
10681;T4;455 000,00 €;140;Lisboa;Apartments
10682;T3;435 000,00 €;117;Porto;Apartments
10683;T3;260 000,00 €;88;Aveiro;Apartments
10685;T2;187 500,00 €;61.90;Set??bal;Apartments
10686;T4;849 000,00 €;244.70;Porto;Apartments
10687;T4;299 000,00 €;110;Porto;Apartments
10688;T3;295 000,00 €;140;Porto;Apartments
10689;T2;195 000,00 €;87;Lisboa;Apartments
1069;T4;650 000,00 €;197.31;Set??bal;Apartments
10690;T3;320 000,00 €;179;Aveiro;Apartments
10692;T2;380 000,00 €;87.12;Porto;Apartments
10693;T3;399 999,00 €;108;Faro;Apartments
10694;T2;135 000,00 €;72;Viana do Castelo;Apartments
10695;T3;330 000,00 €;125;Porto;Apartments
10696;T2;495 000,00 €;81.56;Lisboa;Apartments
10697;T2;199 000,00 €;83;Aveiro;Apartments
10698;T3;239 000,00 €;94;Aveiro;Apartments
10699;T2;295 000,00 €;118;Faro;Apartments
107;T3;325 000,00 €;145;Set??bal;Apartments
1070;T2;199 900,00 €;89.10;Porto;Apartments
10700;T1;275 000,00 €;61.05;Faro;Apartments
10701;T2;325 000,00 €;79.15;Faro;Apartments
10702;T2;260 000,00 €;77;Porto;Apartments
10703;T2;899 000,00 €;115;Lisboa;Apartments
10704;T2;285 000,00 €;85;Porto;Apartments
10705;T2;175 000,00 €;70;Ilha Terceira;Apartments
10706;T3;380 000,00 €;108;Porto;Apartments
10707;T2;750 000,00 €;131;Lisboa;Apartments
10709;T2;135 000,00 €;52;Set??bal;Apartments
1071;T3;425 000,00 €;115.80;Set??bal;Apartments
10710;T2;255 000,00 €;163;Porto;Apartments
10711;T2;885 000,00 €;149.51;Lisboa;Apartments
10712;T2;329 000,00 €;98;Set??bal;Apartments
10714;T2;280 000,00 €;79.15;Faro;Apartments
10715;T2;412 600,00 €;88.67;Porto;Apartments
10716;T2;383 700,00 €;88.24;Porto;Apartments
10717;T2;388 700,00 €;89.54;Porto;Apartments
10718;T2;384 200,00 €;88.33;Porto;Apartments
10719;T2;391 500,00 €;88.24;Porto;Apartments
1072;T2;179 000,00 €;89;Porto;Apartments
10720;T2;396 700,00 €;89.54;Porto;Apartments
10721;T2;576 500,00 €;125.14;Porto;Apartments
10722;T2;404 700,00 €;89.54;Porto;Apartments
10723;T2;399 900,00 €;88.33;Porto;Apartments
10724;T2;384 500,00 €;88.67;Porto;Apartments
10725;T2;399 400,00 €;88.24;Porto;Apartments
10726;T2;392 100,00 €;88.33;Porto;Apartments
10727;T3;606 800,00 €;137.66;Porto;Apartments
10728;T3;623 500,00 €;132.26;Porto;Apartments
10729;T3;615 700,00 €;137.66;Porto;Apartments
1073;T2;232 500,00 €;47;Lisboa;Apartments
10730;T2;559 500,00 €;117.97;Porto;Apartments
10731;T3;624 700,00 €;137.66;Porto;Apartments
10732;T2;575 500,00 €;124.13;Porto;Apartments
10733;T3;597 900,00 €;137.66;Porto;Apartments
10734;T1;286 290,00 €;70.64;Porto;Apartments
10735;T1;270 620,00 €;61.39;Porto;Apartments
10736;T1;290 320,00 €;70.64;Porto;Apartments
10737;T1;274 185,00 €;61.39;Porto;Apartments
10738;T1;282 360,00 €;70.64;Porto;Apartments
10739;T1;265 375,00 €;62;Porto;Apartments
1074;T4;2 700 000,00 €;257;Lisboa;Apartments
10740;T1;280 660,00 €;63.72;Porto;Apartments
10741;T1;267 500,00 €;62;Porto;Apartments
10742;T1;275 990,00 €;70.64;Porto;Apartments
10743;T1;278 200,00 €;70.64;Porto;Apartments
10744;T2;337 800,00 €;96.06;Porto;Apartments
10745;T2;388 200,00 €;87.88;Porto;Apartments
10746;T2;400 600,00 €;95.31;Porto;Apartments
10747;T2;368 600,00 €;94.25;Porto;Apartments
10748;T2;362 100,00 €;89.54;Porto;Apartments
10749;T2;357 800,00 €;88.33;Porto;Apartments
1075;T3;320 000,00 €;117;Faro;Apartments
10750;T2;407 100,00 €;87.68;Porto;Apartments
10751;T1;700 000,00 €;99;Lisboa;Apartments
10753;T2;225 000,00 €;105.80;Porto;Apartments
10754;T1;670 000,00 €;149.70;Lisboa;Apartments
10755;T0;425 000,00 €;80.83;Lisboa;Apartments
10757;T2;285 000,00 €;113;Porto;Apartments
10758;T3;360 000,00 €;117;Porto;Apartments
10759;T3;240 000,00 €;85;Porto;Apartments
1076;T2;516 000,00 €;104;Porto;Apartments
10760;T2;345 000,00 €;106.44;Porto;Apartments
10761;T3;279 000,00 €;105;Set??bal;Apartments
10762;T2;700 000,00 €;119.72;Lisboa;Apartments
10763;T2;875 000,00 €;156.59;Lisboa;Apartments
10764;T2;815 000,00 €;147.87;Lisboa;Apartments
10765;T2;740 000,00 €;122.67;Lisboa;Apartments
10766;T3;820 000,00 €;144.54;Lisboa;Apartments
10767;T3;840 000,00 €;144.54;Lisboa;Apartments
10768;T2;695 000,00 €;125;Lisboa;Apartments
10769;T2;865 000,00 €;154.49;Lisboa;Apartments
1077;T3;836 000,00 €;153;Porto;Apartments
10770;T2;685 000,00 €;122.67;Lisboa;Apartments
10771;T3;895 000,00 €;141.37;Lisboa;Apartments
10772;T2;755 000,00 €;130.68;Lisboa;Apartments
10773;T2;770 000,00 €;123;Lisboa;Apartments
10774;T2;660 000,00 €;122.67;Lisboa;Apartments
10775;T2;690 000,00 €;122.67;Lisboa;Apartments
10776;T3;880 000,00 €;144.54;Lisboa;Apartments
10777;T3;995 000,00 €;165.55;Lisboa;Apartments
10778;T3;890 000,00 €;144.48;Lisboa;Apartments
10779;T3;890 000,00 €;144.48;Lisboa;Apartments
1078;T1;372 000,00 €;75;Porto;Apartments
10780;T5;1 750 000,00 €;265;Lisboa;Apartments
10781;T3;850 000,00 €;144.48;Lisboa;Apartments
10782;T3;860 000,00 €;144.54;Lisboa;Apartments
10783;T3;995 000,00 €;165.17;Lisboa;Apartments
10784;T4;1 650 000,00 €;256.97;Lisboa;Apartments
10785;T4;2 015 000,00 €;347.92;Lisboa;Apartments
10786;T1;525 000,00 €;95.56;Lisboa;Apartments
10787;T1;495 000,00 €;90.16;Lisboa;Apartments
10788;T1;465 000,00 €;84.61;Lisboa;Apartments
10789;T1;470 000,00 €;101.94;Lisboa;Apartments
1079;T3;480 000,00 €;158;Porto;Apartments
10790;T1;580 000,00 €;105.01;Lisboa;Apartments
10791;T1;185 000,00 €;73;Porto;Apartments
10792;T3;360 000,00 €;145;Porto;Apartments
10794;T2;175 000,00 €;75;Lisboa;Apartments
10795;T3;390 000,00 €;113;Aveiro;Apartments
10796;T3;340 000,00 €;107;Set??bal;Apartments
10797;T2;490 000,00 €;65;Leiria;Apartments
10798;T3;800 000,00 €;239;Lisboa;Apartments
10799;T4;399 000,00 €;120;Lisboa;Apartments
108;T2;225 000,00 €;80.40;Braga;Apartments
1080;T3;279 500,00 €;77;Porto;Apartments
10800;T2;264 500,00 €;85;Faro;Apartments
10801;T2;875 000,00 €;108;Lisboa;Apartments
10802;T4;450 000,00 €;175;Lisboa;Apartments
10803;T3;210 000,00 €;88;Set??bal;Apartments
10805;T2;285 000,00 €;76;Faro;Apartments
10806;T2;184 000,00 €;78;Braga;Apartments
10807;T1;190 000,00 €;76;Faro;Apartments
10808;T5;735 000,00 €;125;Lisboa;Apartments
10809;T2;413 400,00 €;100.48;Faro;Apartments
1081;T3;259 500,00 €;74;Porto;Apartments
10810;T1;543 500,00 €;54.57;Lisboa;Apartments
10811;T1;529 500,00 €;52.04;Lisboa;Apartments
10812;T1;533 500,00 €;54.57;Lisboa;Apartments
10813;T2;1 125 000,00 €;109.73;Lisboa;Apartments
10814;T3;300 000,00 €;117;Porto;Apartments
10815;T1;185 500,00 €;50.63;Braga;Apartments
10816;T1;186 000,00 €;52.33;Braga;Apartments
10817;T3; Pre?ßosobconsulta ;100;Lisboa;Apartments
10818;T3;259 000,00 €;122;Coimbra;Apartments
10819;T1;330 000,00 €;58;Porto;Apartments
1082;T2;172 500,00 €;80;Lisboa;Apartments
10820;T2;227 300,00 €;74;Porto;Apartments
10821;T3;1 150 000,00 €;147;Lisboa;Apartments
10822;T3;850 000,00 €;147.95;Lisboa;Apartments
10823;T2;1 180 000,00 €;108;Lisboa;Apartments
10824;T2;399 750,00 €;99.90;Faro;Apartments
10825;T6;350 000,00 €;210;Leiria;Apartments
10826;T0;140 000,00 €;36;Porto;Apartments
10827;T2;395 000,00 €;104.10;Faro;Apartments
10828;T0;135 000,00 €;31;Viana do Castelo;Apartments
10829;T5;1 500 000,00 €;242;Lisboa;Apartments
1083;T1;225 000,00 €;77;Porto;Apartments
10830;T2;370 000,00 €;98;Porto;Apartments
10831;T2;219 900,00 €;88;Porto;Apartments
10832;T1;565 000,00 €;78.81;Lisboa;Apartments
10833;T3;325 000,00 €;78;Porto;Apartments
10834;T3;340 000,00 €;128;Viana do Castelo;Apartments
10835;T3;185 000,00 €;90;Set??bal;Apartments
10836;T4;1 150 000,00 €;203;Lisboa;Apartments
10837;T2;305 000,00 €;109;Porto;Apartments
10838;T2;325 000,00 €;131;Porto;Apartments
10839;T2;320 000,00 €;108;Porto;Apartments
1084;T3;220 000,00 €;132;Aveiro;Apartments
10840;T3;400 000,00 €;130;Porto;Apartments
10841;T2;380 000,00 €;118.38;Porto;Apartments
10842;T2;365 000,00 €;112.48;Porto;Apartments
10843;T3;645 000,00 €;142.20;Porto;Apartments
10844;T4;310 000,00 €;175.81;Set??bal;Apartments
10845;T3;315 000,00 €;127;Set??bal;Apartments
10846;T2;1 180 000,00 €;111;Lisboa;Apartments
10847;T1;351 000,00 €;46.50;Lisboa;Apartments
10848;T3;239 900,00 €;110;Porto;Apartments
10849;T3;1 695 000,00 €;188.36;Lisboa;Apartments
1085;T1;265 000,00 €;69.57;Porto;Apartments
10850;T3;1 800 000,00 €;200.53;Lisboa;Apartments
10851;T4;2 100 000,00 €;207;Lisboa;Apartments
10852;T3;1 200 000,00 €;147;Lisboa;Apartments
10853;T4;430 000,00 €;115;Set??bal;Apartments
10854;T3;255 000,00 €;100;Porto;Apartments
10855;T3;250 000,00 €;100;Porto;Apartments
10856;T1;319 900,00 €;49;Lisboa;Apartments
10857;T3;375 000,00 €;180.15;Porto;Apartments
10858;T2;220 000,00 €;60;Porto;Apartments
1086;T3;135 000,00 €;147;Santar?©m;Apartments
10860;T2;1 180 000,00 €;118;Lisboa;Apartments
10861;T2;220 000,00 €;60;Porto;Apartments
10862;T3;255 000,00 €;82;Lisboa;Apartments
10863;T2;299 900,00 €;63;Lisboa;Apartments
10864;T3;287 500,00 €;138;Braga;Apartments
10865;T3;390 000,00 €;86.70;Lisboa;Apartments
10866;T1;700 000,00 €;81;Lisboa;Apartments
10867;T1;295 900,00 €;51.49;Lisboa;Apartments
10868;T2;349 500,00 €;192;Lisboa;Apartments
10869;T2;187 500,00 €;59;Set??bal;Apartments
1087;T1;795 000,00 €;85;Lisboa;Apartments
10870;T1;275 000,00 €;100;Lisboa;Apartments
10871;T2;385 000,00 €;79;Leiria;Apartments
10872;T3;410 000,00 €;84.47;Lisboa;Apartments
10873;T2;315 000,00 €;65;Lisboa;Apartments
10874;T3;225 000,00 €;125;Lisboa;Apartments
10875;T3;450 000,00 €;94.50;Lisboa;Apartments
10876;T3;178 500,00 €;146;Leiria;Apartments
10877;T2;250 000,00 €;71.95;Lisboa;Apartments
10878;T2;250 000,00 €;72.05;Lisboa;Apartments
10879;T3;420 000,00 €;120;Lisboa;Apartments
1088;T1;185 000,00 €;72;Lisboa;Apartments
10880;T1;209 500,00 €;39;Lisboa;Apartments
10881;T1;122 000,00 €;50;Leiria;Apartments
10882;T1;155 000,00 €;65;Leiria;Apartments
10883;T2;330 000,00 €;85.93;Lisboa;Apartments
10884;T2;670 000,00 €;104;Lisboa;Apartments
10885;T2;179 000,00 €;83;Leiria;Apartments
10886;T4;167 500,00 €;130;Leiria;Apartments
10887;T3;489 900,00 €;95;Lisboa;Apartments
10888;T3;480 000,00 €;140.10;Lisboa;Apartments
10889;T3;490 000,00 €;140.10;Lisboa;Apartments
1089;T2;850 000,00 €;150.75;Faro;Apartments
10890;T2;275 400,00 €;104;Porto;Apartments
10891;T2;187 500,00 €;62;Ilha das Flores;Apartments
10892;T2;285 600,00 €;104;Porto;Apartments
10893;T3;195 000,00 €;101.41;Aveiro;Apartments
10894;T2;198 000,00 €;88;Porto;Apartments
10895;T4;560 000,00 €;190;Braga;Apartments
10896;T1;550 000,00 €;53.20;Lisboa;Apartments
10897;T2;600 000,00 €;97;Faro;Apartments
10898;T2;615 000,00 €;94;Faro;Apartments
10899;T2;595 000,00 €;81;Faro;Apartments
109;T3;625 000,00 €;140;Lisboa;Apartments
1090;T4;310 000,00 €;125;Lisboa;Apartments
10900;T3;795 000,00 €;133.40;Lisboa;Apartments
10902;T2;150 000,00 €;80;Viana do Castelo;Apartments
10903;T2;585 000,00 €;98;Faro;Apartments
10904;T3;430 000,00 €;117;Porto;Apartments
10905;T5;250 000,00 €;149;Braga;Apartments
10906;T2;325 000,00 €;99.46;Porto;Apartments
10907;T2;299 500,00 €;83;Porto;Apartments
10908;T2;370 000,00 €;118.38;Porto;Apartments
10909;T2;174 900,00 €;75;Set??bal;Apartments
1091;T2;195 300,00 €;84.93;Coimbra;Apartments
10910;T3;485 000,00 €;140.10;Lisboa;Apartments
10914;T2;578 000,00 €;97.92;Lisboa;Apartments
10915;T2;565 000,00 €;90.60;Faro;Apartments
10916;T2;695 000,00 €;124.60;Faro;Apartments
10917;T1;600 000,00 €;97;Faro;Apartments
10918;T2;595 000,00 €;98.50;Faro;Apartments
10919;T2;615 000,00 €;93.90;Faro;Apartments
1092;T1;135 700,00 €;59.32;Coimbra;Apartments
10920;T2;620 000,00 €;94.30;Faro;Apartments
10921;T2;640 000,00 €;98.50;Faro;Apartments
10922;T1;595 000,00 €;80.80;Faro;Apartments
10923;T2;595 000,00 €;94.30;Faro;Apartments
10924;T2;585 000,00 €;94.30;Faro;Apartments
10925;T2;620 000,00 €;98.50;Faro;Apartments
10926;T1;615 000,00 €;80.80;Faro;Apartments
10927;T2;160 000,00 €;90;Porto;Apartments
10928;T2;777 000,00 €;95;Lisboa;Apartments
10929;T3;335 000,00 €;133;Porto;Apartments
1093;T2;155 000,00 €;90;Set??bal;Apartments
10930;T1;243 000,00 €;47.56;Porto;Apartments
10931;T3;299 000,00 €;128;Porto;Apartments
10932;T3;219 000,00 €;134.90;Braga;Apartments
10933;T3;395 000,00 €;118.50;Braga;Apartments
10934;T4;259 000,00 €;115;Porto;Apartments
10935;T3;740 000,00 €;119;Porto;Apartments
10936;T2;273 000,00 €;91;Set??bal;Apartments
10937;T4;555 000,00 €;117;Porto;Apartments
10938;T3;645 000,00 €;140;Lisboa;Apartments
10939;T1;508 250,00 €;67.22;Porto;Apartments
1094;T3;615 000,00 €;134;Porto;Apartments
10940;T2;600 000,00 €;92;Porto;Apartments
10941;T1;274 000,00 €;79;Faro;Apartments
10942;T3;210 000,00 €;84;Set??bal;Apartments
10943;T3;635 000,00 €;154.50;Porto;Apartments
10944;T2;195 000,00 €;73;Leiria;Apartments
10945;T3;660 000,00 €;150.50;Porto;Apartments
10946;T1;290 000,00 €;57.90;Porto;Apartments
10947;T3;692 500,00 €;134.30;Porto;Apartments
10948;T3;680 000,00 €;154.50;Porto;Apartments
10949;T3;700 000,00 €;154.50;Porto;Apartments
1095;T2;350 000,00 €;72;Coimbra;Apartments
10950;T3;730 000,00 €;142.20;Porto;Apartments
10951;T2;352 775,00 €;116;Porto;Apartments
10952;T2;284 000,00 €;100;Porto;Apartments
10953;T3;730 000,00 €;154.50;Porto;Apartments
10954;T3;750 000,00 €;142.20;Porto;Apartments
10955;T2;1 150 000,00 €;95;Lisboa;Apartments
10956;T4;1 100 000,00 €;183.75;Porto;Apartments
10957;T3;440 000,00 €;160;Braga;Apartments
10958;T3;370 000,00 €;145;Porto;Apartments
10959;T2;1 695 000,00 €;203;Lisboa;Apartments
1096;T1;179 500,00 €;42;Coimbra;Apartments
10960;T3;424 900,00 €;145.30;Porto;Apartments
10961;T4;550 000,00 €;163.36;Lisboa;Apartments
10962;T4;555 000,00 €;164.72;Lisboa;Apartments
10963;T4;1 100 000,00 €;244.20;Ilha da Madeira;Apartments
10964;T2;695 000,00 €;104.10;Ilha da Madeira;Apartments
10965;T2;625 000,00 €;103.60;Ilha da Madeira;Apartments
10966;T2;227 168,00 €;71;Porto;Apartments
10967;T3;380 000,00 €;117;Porto;Apartments
10968;T2;290 000,00 €;95;Porto;Apartments
10969;T2;297 000,00 €;95;Porto;Apartments
10970;T5;1 100 000,00 €;234;Lisboa;Apartments
10971;T4;2 200 000,00 €;203;Lisboa;Apartments
10972;T3;600 000,00 €;111;Porto;Apartments
10973;T2;299 500,00 €;83.70;Porto;Apartments
10974;T2;216 990,00 €;103.55;Aveiro;Apartments
10975;T2;307 500,00 €;100;Faro;Apartments
10976;T1;130 000,00 €;87;Braga;Apartments
10977;T2;150 000,00 €;100;Braga;Apartments
10978;T2;150 000,00 €;100;Braga;Apartments
10979;T3;415 000,00 €;120;Faro;Apartments
1098;T2;159 900,00 €;63;Braga;Apartments
10980;T4;490 000,00 €;170;Porto;Apartments
10981;T3;180 000,00 €;137;Braga;Apartments
10982;T3;180 000,00 €;134;Braga;Apartments
10983;T3;383 000,00 €;122.50;Faro;Apartments
10984;T3;588 300,00 €;148.81;Faro;Apartments
10985;T3;598 900,00 €;148.81;Faro;Apartments
10986;T2;445 200,00 €;86.48;Faro;Apartments
10987;T2;599 500,00 €;88;Lisboa;Apartments
10988;T2;295 000,00 €;77.70;Aveiro;Apartments
10989;T2;350 000,00 €;77.80;Porto;Apartments
1099;T3;285 000,00 €;142;Porto;Apartments
10990;T4;199 900,00 €;118;Porto;Apartments
10991;T3;198 000,00 €;179;Porto;Apartments
10992;T2;179 900,00 €;90;Aveiro;Apartments
10993;T2;750 000,00 €;87.48;Ilha da Madeira;Apartments
10994;T1;349 000,00 €;81.50;Ilha da Madeira;Apartments
10995;T1;335 000,00 €;81.50;Ilha da Madeira;Apartments
10996;T2;165 000,00 €;112;Porto;Apartments
10997;T2;165 000,00 €;83;Porto;Apartments
10998;T4;620 000,00 €;161;Lisboa;Apartments
10999;T2;160 000,00 €;80;Porto;Apartments
11;T2;380 000,00 €;77.45;Aveiro;Apartments
110;T2;430 000,00 €;92.97;Faro;Apartments
1100;T3;184 000,00 €;95;Porto;Apartments
11000;T3;190 000,00 €;143;Viana do Castelo;Apartments
11001;T3;640 000,00 €;135;Faro;Apartments
11002;T2;350 000,00 €;83;Leiria;Apartments
11003;T3;225 000,00 €;93;Set??bal;Apartments
11004;T3;449 000,00 €;120.25;Ilha da Madeira;Apartments
11005;T3;439 000,00 €;120.25;Ilha da Madeira;Apartments
11006;T2;425 000,00 €;114.30;Ilha da Madeira;Apartments
11007;T4;700 000,00 €;160;Porto;Apartments
11008;T1;508 800,00 €;109.73;Porto;Apartments
11009;T1;608 000,00 €;148.35;Porto;Apartments
1101;T1;225 000,00 €;77;Porto;Apartments
11010;T4;1 250 000,00 €;214.50;Lisboa;Apartments
11011;T4;795 000,00 €;177.40;Porto;Apartments
11012;T3;815 000,00 €;110;Lisboa;Apartments
11013;T3;239 000,00 €;163;Aveiro;Apartments
11014;T2;267 500,00 €;96;Aveiro;Apartments
11015;T1;275 000,00 €;72;Viana do Castelo;Apartments
11016;T2;184 000,00 €;99;Braga;Apartments
11017;T2;595 000,00 €;123;Lisboa;Apartments
11018;T2;275 000,00 €;57.50;Viana do Castelo;Apartments
11019;T0;165 000,00 €;41;Viana do Castelo;Apartments
1102;T2;120 000,00 €;115;Set??bal;Apartments
11020;T3;1 080 000,00 €;136;Lisboa;Apartments
11021;T3;115 000,00 €;104;Aveiro;Apartments
11022;T3;1 285 000,00 €;153.48;Lisboa;Apartments
11023;T3;730 000,00 €;118;Lisboa;Apartments
11024;T3;115 000,00 €;75.50;Santar?©m;Apartments
11025;T3;1 700 000,00 €;160;Lisboa;Apartments
11026;T1;165 000,00 €;56.56;Lisboa;Apartments
11027;T2;250 000,00 €;85.32;Lisboa;Apartments
11028;T4;390 000,00 €;189.30;Leiria;Apartments
11029;T3;749 000,00 €;186;Porto;Apartments
1103;T3;475 000,00 €;165;Set??bal;Apartments
11030;T3;275 000,00 €;105;Faro;Apartments
11031;T4;1 245 000,00 €;140.56;Lisboa;Apartments
11032;T3;1 010 000,00 €;128.37;Lisboa;Apartments
11033;T3;918 000,00 €;109.86;Lisboa;Apartments
11034;T2;792 000,00 €;103.02;Lisboa;Apartments
11035;T2;918 000,00 €;109.62;Lisboa;Apartments
11036;T3;1 002 000,00 €;122.86;Lisboa;Apartments
11037;T2;909 000,00 €;109.23;Lisboa;Apartments
11038;T3;270 000,00 €;115;Lisboa;Apartments
11039;T2;860 000,00 €;126.50;Lisboa;Apartments
1104;T3;330 000,00 €;106;Porto;Apartments
11040;T3;895 000,00 €;143;Lisboa;Apartments
11041;T3;340 000,00 €;146;Faro;Apartments
11042;T3;250 000,00 €;96;Braga;Apartments
11043;T3;545 000,00 €;152;Porto;Apartments
11044;T2;179 000,00 €;49;Faro;Apartments
11046;T3;575 000,00 €;174;Set??bal;Apartments
11047;T1;450 000,00 €;74;Faro;Apartments
11048;T1;268 000,00 €;50;Lisboa;Apartments
11049;T2;325 000,00 €;113;Lisboa;Apartments
1105;T3;495 000,00 €;119;Porto;Apartments
11052;T4;555 000,00 €;140;Porto;Apartments
11053;T2;650 000,00 €;160;Faro;Apartments
11054;T0;225 000,00 €;35.23;Lisboa;Apartments
11055;T2;470 000,00 €;80;Lisboa;Apartments
11056;T3;410 000,00 €;148.20;Porto;Apartments
11057;T1;349 000,00 €;48.30;Lisboa;Apartments
11058;T1;344 000,00 €;46.60;Lisboa;Apartments
11059;T2;498 000,00 €;69.50;Lisboa;Apartments
1106;T2;285 000,00 €;77.70;Porto;Apartments
11060;T1;351 000,00 €;46.50;Lisboa;Apartments
11061;T1;349 000,00 €;48.25;Lisboa;Apartments
11062;T1;348 000,00 €;48.25;Lisboa;Apartments
11064;T3;340 000,00 €;107;Braga;Apartments
11065;T3;730 000,00 €;118;Lisboa;Apartments
11066;T0;400 000,00 €;66;Porto;Apartments
11067;T2;665 500,00 €;115;Porto;Apartments
11068;T4;880 500,00 €;170;Porto;Apartments
11069;T3;440 000,00 €;163.80;Porto;Apartments
1107;T2;219 000,00 €;63;Lisboa;Apartments
11070;T2;637 000,00 €;115;Porto;Apartments
11071;T3;455 000,00 €;160.65;Aveiro;Apartments
11072;T0;450 000,00 €;61;Porto;Apartments
11073;T4;340 000,00 €;198;Set??bal;Apartments
11074;T0;430 000,00 €;73;Porto;Apartments
11075;T0;310 000,00 €;47;Porto;Apartments
11076;T2;140 000,00 €;110;Porto;Apartments
11077;T3;294 000,00 €;112;Braga;Apartments
11078;T3;367 500,00 €;112;Braga;Apartments
11079;T3;750 000,00 €;130;Lisboa;Apartments
11080;T2;315 000,00 €;90;Porto;Apartments
11081;T0;220 000,00 €;41.42;Porto;Apartments
11082;T0;205 000,00 €;35.15;Porto;Apartments
11083;T3;420 000,00 €;194;Lisboa;Apartments
11084;T3;420 000,00 €;194;Lisboa;Apartments
11085;T0;227 500,00 €;45.91;Porto;Apartments
11086;T2;700 000,00 €;76.58;Lisboa;Apartments
11087;T2;1 196 000,00 €;122.81;Lisboa;Apartments
11088;T2;885 000,00 €;97.24;Lisboa;Apartments
11089;T2;925 500,00 €;97.24;Lisboa;Apartments
1109;T2;185 000,00 €;81;Set??bal;Apartments
11090;T2;613 500,00 €;77.62;Lisboa;Apartments
11091;T2;630 000,00 €;77.62;Lisboa;Apartments
11092;T2;905 000,00 €;97.34;Lisboa;Apartments
11093;T1;192 000,00 €;70.99;Braga;Apartments
11094;T3;700 000,00 €;129;Porto;Apartments
11095;T3;800 000,00 €;143;Porto;Apartments
11096;T1;259 250,00 €;74;Faro;Apartments
11099;T2;189 000,00 €;81;Lisboa;Apartments
111;T2;830 000,00 €;160;Lisboa;Apartments
1110;T3;262 000,00 €;138;Santar?©m;Apartments
11100;T2;220 000,00 €;70.80;Faro;Apartments
11101;T2;167 500,00 €;72;Porto;Apartments
11102;T2;390 000,00 €;194;Lisboa;Apartments
11103;T2;390 000,00 €;194;Lisboa;Apartments
11104;T2;290 000,00 €;80;Porto;Apartments
11105;T1;195 000,00 €;78;Porto;Apartments
11106;T2;165 000,00 €;72;Viana do Castelo;Apartments
11107;T3;305 000,00 €;159;Porto;Apartments
11109;T3;462 000,00 €;113.80;Porto;Apartments
1111;T4;1 400 000,00 €;227;Porto;Apartments
11110;T3;635 000,00 €;153;Lisboa;Apartments
11111;T3;265 000,00 €;97;Lisboa;Apartments
11112;T5;1 500 000,00 €;289.40;Lisboa;Apartments
11113;T3;580 000,00 €;82;Leiria;Apartments
11114;T3;175 000,00 €;106;Santar?©m;Apartments
11115;T3;960 000,00 €;478;Aveiro;Apartments
11116;T2;550 000,00 €;124;Faro;Apartments
11117;T3;212 500,00 €;114;Braga;Apartments
11118;T3;255 000,00 €;123.30;Porto;Apartments
11119;T3;252 500,00 €;123.30;Porto;Apartments
11120;T2;105 000,00 €;46;Santar?©m;Apartments
11121;T3;435 000,00 €;176;Braga;Apartments
11122;T1;215 000,00 €;48;Porto;Apartments
11123;T2;530 000,00 €;129;Porto;Apartments
11124;T3;585 000,00 €;101.43;Set??bal;Apartments
11125;T3;595 000,00 €;106.61;Set??bal;Apartments
11126;T3;295 000,00 €;138;Porto;Apartments
11127;T2;365 000,00 €;93;Aveiro;Apartments
11128;T2;427 480,00 €;143;Porto;Apartments
11129;T2;180 000,00 €;94;Porto;Apartments
1113;T2;229 000,00 €;94;Porto;Apartments
11130;T4;1 665 000,00 €;208.53;Faro;Apartments
11131;T3;789 353,00 €;122.49;Lisboa;Apartments
11133;T1;250 000,00 €;58;Porto;Apartments
11134;T2;350 000,00 €;115;Leiria;Apartments
11135;T2;395 000,00 €;84;Lisboa;Apartments
11136;T3;1 146 000,00 €;146.07;Lisboa;Apartments
11137;T2;758 000,00 €;101.10;Lisboa;Apartments
11138;T2;380 000,00 €;84;Lisboa;Apartments
11139;T2;425 000,00 €;116;Porto;Apartments
1114;T3;185 000,00 €;100;Porto;Apartments
11140;T3;325 000,00 €;113;Porto;Apartments
11141;T1;280 000,00 €;57.85;Lisboa;Apartments
11142;T1;280 000,00 €;57.85;Lisboa;Apartments
11147;T2;200 000,00 €;102;Porto;Apartments
11148;T2;230 000,00 €;96.35;Braga;Apartments
11149;T3;310 000,00 €;158;Porto;Apartments
1115;T2;3 400 000,00 €;326;Lisboa;Apartments
11150;T2;300 000,00 €;122;Porto;Apartments
11151;T3;247 000,00 €;124;Braga;Apartments
11152;T2;690 000,00 €;122.40;Faro;Apartments
11153;T4;900 000,00 €;192;Porto;Apartments
11154;T4;900 000,00 €;192;Porto;Apartments
11155;T2;394 280,00 €;77;Aveiro;Apartments
11156;T3;189 500,00 €;85;Set??bal;Apartments
11157;T2;160 000,00 €;87.50;Porto;Apartments
11158;T4;1 695 000,00 €;205;Lisboa;Apartments
11159;T3;388 000,00 €;144.50;Porto;Apartments
1116;T2;200 000,00 €;100;Aveiro;Apartments
11160;T3;398 000,00 €;144.50;Porto;Apartments
11161;T3;393 000,00 €;144.50;Porto;Apartments
11162;T3;410 000,00 €;144.50;Porto;Apartments
11163;T2;294 000,00 €;100;Porto;Apartments
11164;T2;338 000,00 €;116;Porto;Apartments
11165;T2;350 000,00 €;116;Porto;Apartments
11166;T2;340 000,00 €;116;Porto;Apartments
11167;T2;340 000,00 €;117.50;Porto;Apartments
11168;T2;330 000,00 €;117.50;Porto;Apartments
11169;T2;345 000,00 €;117.50;Porto;Apartments
1117;T3;298 000,00 €;162;Porto;Apartments
11170;T2;355 000,00 €;117.50;Porto;Apartments
11171;T2;331 500,00 €;117.50;Porto;Apartments
11172;T2;251 790,00 €;85;Porto;Apartments
11173;T3;249 000,00 €;150;Porto;Apartments
11174;T3;185 000,00 €;97;Porto;Apartments
11175;T2;520 000,00 €;97.10;Lisboa;Apartments
11176;T3;670 000,00 €;134.70;Lisboa;Apartments
11177;T3;655 000,00 €;134.70;Lisboa;Apartments
11178;T3;655 000,00 €;126.20;Lisboa;Apartments
11179;T3;630 000,00 €;134.70;Lisboa;Apartments
1118;T3;760 000,00 €;194;Lisboa;Apartments
11180;T3;635 000,00 €;126.20;Lisboa;Apartments
11181;T3;710 000,00 €;134.70;Lisboa;Apartments
11182;T3;685 000,00 €;126.20;Lisboa;Apartments
11183;T3;685 000,00 €;134.70;Lisboa;Apartments
11184;T3;1 050 000,00 €;182.70;Lisboa;Apartments
11185;T2;600 000,00 €;97.20;Lisboa;Apartments
11186;T2;520 000,00 €;97.20;Lisboa;Apartments
11187;T2;630 000,00 €;97.30;Lisboa;Apartments
11188;T1;390 000,00 €;63;Porto;Apartments
11189;T2;200 000,00 €;110;Lisboa;Apartments
1119;T4;465 000,00 €;117.50;Porto;Apartments
11190;T1; Pre?ßosobconsulta ;52.51;Faro;Apartments
11191;T3;240 000,00 €;123;Porto;Apartments
11192;T4;1 950 000,00 €;247;Lisboa;Apartments
11193;T2;253 000,00 €;75;Porto;Apartments
11195;T5;1 175 000,00 €;192;Porto;Apartments
11196;T3;925 000,00 €;128;Porto;Apartments
11197;T3;365 000,00 €;137;Porto;Apartments
11198;T2;425 000,00 €;78.68;Porto;Apartments
11199;T3;329 000,00 €;128;Porto;Apartments
1120;T3;275 000,00 €;225;Aveiro;Apartments
11200;T3;327 000,00 €;132;Porto;Apartments
11201;T3;560 000,00 €;125;Lisboa;Apartments
11202;T3;365 000,00 €;140.42;Porto;Apartments
11203;T4;2 650 000,00 €;271.04;Porto;Apartments
11204;T1;270 000,00 €;55.78;Porto;Apartments
11205;T0;169 000,00 €;34.50;Porto;Apartments
11206;T1;615 000,00 €;66.45;Faro;Apartments
11207;T2;310 000,00 €;99.98;Faro;Apartments
11208;T2;330 000,00 €;99.28;Faro;Apartments
11209;T2;320 000,00 €;115.08;Faro;Apartments
1121;T2;325 300,00 €;81.92;Santar?©m;Apartments
11210;T2;320 000,00 €;95.04;Faro;Apartments
11211;T1;595 000,00 €;66.40;Faro;Apartments
11212;T2;230 000,00 €;74;Porto;Apartments
11213;T1;120 000,00 €;66;Coimbra;Apartments
11214;T0;400 000,00 €;50.99;Faro;Apartments
11215;T1;209 000,00 €;48.90;Faro;Apartments
11216;T0;250 000,00 €;38;Porto;Apartments
11217;T3;485 000,00 €;98.35;Porto;Apartments
11218;T3;1 050 000,00 €;128.44;Faro;Apartments
1122;T3;435 000,00 €;98;Ilha da Madeira;Apartments
11220;T4;269 000,00 €;148;Viana do Castelo;Apartments
11221;T2;310 000,00 €;89;Lisboa;Apartments
11222;T2;280 000,00 €;96;Lisboa;Apartments
11223;T2;300 000,00 €;94;Lisboa;Apartments
11224;T2;305 000,00 €;87;Lisboa;Apartments
11225;T2;300 000,00 €;87;Lisboa;Apartments
11226;T3;350 000,00 €;98;Lisboa;Apartments
11227;T3;370 000,00 €;160;Lisboa;Apartments
11228;T2;290 000,00 €;94;Lisboa;Apartments
11229;T4;475 000,00 €;189;Porto;Apartments
1123;T2;375 000,00 €;105;Faro;Apartments
11230;T3;175 500,00 €;120;Coimbra;Apartments
11231;T3;2 195 000,00 €;329;Lisboa;Apartments
11232;T2;475 000,00 €;123;Porto;Apartments
11233;T2;505 000,00 €;113.49;Ilha da Madeira;Apartments
11234;T1;330 000,00 €;77.81;Ilha da Madeira;Apartments
11235;T3;550 000,00 €;145.59;Ilha da Madeira;Apartments
11236;T2;520 000,00 €;94.25;Ilha da Madeira;Apartments
11237;T3;575 000,00 €;99.79;Ilha da Madeira;Apartments
11238;T1;390 000,00 €;73.99;Ilha da Madeira;Apartments
11239;T2;545 000,00 €;114.09;Ilha da Madeira;Apartments
1124;T6;625 000,00 €;209.20;Porto;Apartments
11240;T2;550 000,00 €;94.25;Ilha da Madeira;Apartments
11241;T2;890 000,00 €;111.43;Faro;Apartments
11242;T2;165 000,00 €;91;Porto;Apartments
11243;T2;355 000,00 €;120.25;Aveiro;Apartments
11244;T2;285 000,00 €;113.50;Faro;Apartments
11245;T1;525 000,00 €;66.73;Faro;Apartments
11246;T3;149 000,00 €;76;Braga;Apartments
11247;T1;580 000,00 €;71.70;Lisboa;Apartments
11248;T2;645 000,00 €;89.50;Lisboa;Apartments
11249;T2;595 000,00 €;94.40;Lisboa;Apartments
1125;T3;305 000,00 €;169;Santar?©m;Apartments
11250;T2;690 000,00 €;80.90;Lisboa;Apartments
11251;T1;655 000,00 €;88.10;Lisboa;Apartments
11252;T0;450 000,00 €;60.20;Lisboa;Apartments
11254;T2;360 000,00 €;74;Leiria;Apartments
11255;T2;490 000,00 €;135;Faro;Apartments
11256;T4;449 900,00 €;158;Set??bal;Apartments
11257;T3;1 050 000,00 €;146.76;Lisboa;Apartments
11258;T3;440 000,00 €;99.72;Leiria;Apartments
11259;T2;285 000,00 €;58;Lisboa;Apartments
1126;T3;148 000,00 €;127;Santar?©m;Apartments
11260;T1;214 000,00 €;46;Faro;Apartments
11261;T3;750 000,00 €;157.30;Porto;Apartments
11262;T2;299 900,00 €;51;Lisboa;Apartments
11263;T3;770 000,00 €;168;Lisboa;Apartments
11264;T3;373 000,00 €;134;Lisboa;Apartments
11265;T3;450 000,00 €;119;Set??bal;Apartments
11266;T2;159 500,00 €;102;Apartamento para comprar: Castelo Branco;Apartments
11267;T3;115 000,00 €;103;Castelo Branco;Apartments
11268;T2;650 000,00 €;97;Lisboa;Apartments
11269;T3;340 000,00 €;137;Porto;Apartments
1127;T3;149 000,00 €;91;Santar?©m;Apartments
11270;T2;220 000,00 €;114;Porto;Apartments
11271;T3;608 000,00 €;143;Porto;Apartments
11272;T2;205 000,00 €;109;Porto;Apartments
11273;T2;185 000,00 €;65;Lisboa;Apartments
11274;T1;595 000,00 €;80.80;Faro;Apartments
11275;T2;585 000,00 €;94.30;Faro;Apartments
11276;T2;620 000,00 €;94.30;Faro;Apartments
11278;T3;120 000,00 €;100;Leiria;Apartments
11279;T1;195 000,00 €;54;Porto;Apartments
1128;T0;129 500,00 €;39;Leiria;Apartments
11280;T2;465 000,00 €;108;Porto;Apartments
11281;T1;285 000,00 €;65;Porto;Apartments
11282;T1;165 000,00 €;68.50;Porto;Apartments
11283;T1;565 000,00 €;68.30;Faro;Apartments
11284;T1;580 000,00 €;68.30;Faro;Apartments
11285;T1;605 000,00 €;75.22;Faro;Apartments
11286;T2;955 000,00 €;119.47;Faro;Apartments
11287;T3;1 100 000,00 €;136.18;Faro;Apartments
11288;T1;620 000,00 €;75.22;Faro;Apartments
11289;T1;555 000,00 €;66.73;Faro;Apartments
1129;T3;305 000,00 €;164;Santar?©m;Apartments
11290;T1;620 000,00 €;75.22;Faro;Apartments
11291;T2;955 000,00 €;119.47;Faro;Apartments
11292;T1;605 000,00 €;75.22;Faro;Apartments
11293;T3;1 165 000,00 €;145.68;Faro;Apartments
11294;T2;955 000,00 €;127.08;Faro;Apartments
11295;T2;950 000,00 €;116.98;Faro;Apartments
11296;T1;540 000,00 €;66.73;Faro;Apartments
11297;T2;975 000,00 €;119.47;Faro;Apartments
11298;T2;975 000,00 €;127.08;Faro;Apartments
113;T3;190 000,00 €;95.70;Faro;Apartments
1130;T4;350 000,00 €;173;Santar?©m;Apartments
11300;T3;1 080 000,00 €;136.18;Faro;Apartments
11301;T1;550 000,00 €;68.30;Faro;Apartments
11302;T1;620 000,00 €;75.22;Faro;Apartments
11304;T2;975 000,00 €;122.48;Faro;Apartments
11305;T1;635 000,00 €;75.22;Faro;Apartments
11307;T1;525 000,00 €;66.73;Faro;Apartments
11308;T2;975 000,00 €;119.47;Faro;Apartments
11309;T3;1 235 000,00 €;153.09;Faro;Apartments
1131;T3;305 000,00 €;163;Santar?©m;Apartments
11310;T3;1 190 000,00 €;145.68;Faro;Apartments
11311;T3;1 320 000,00 €;157.08;Faro;Apartments
11312;T3;1 590 000,00 €;199.32;Faro;Apartments
11313;T2;955 000,00 €;122.48;Faro;Apartments
11314;T2;890 000,00 €;111.43;Faro;Apartments
11315;T2;930 000,00 €;111.43;Faro;Apartments
11316;T2;905 000,00 €;111.43;Faro;Apartments
11317;T4;1 665 000,00 €;208.53;Faro;Apartments
11318;T3;1 385 000,00 €;164.69;Faro;Apartments
11319;T4;1 685 000,00 €;208.53;Faro;Apartments
1132;T2;166 000,00 €;81;Set??bal;Apartments
11320;T3;1 140 000,00 €;136.18;Faro;Apartments
11321;T4;3 250 000,00 €;246.33;Faro;Apartments
11322;T4;1 750 000,00 €;208.53;Faro;Apartments
11323;T2;249 000,00 €;141.54;Porto;Apartments
11324;T3;800 000,00 €;239;Lisboa;Apartments
11325;T3;175 000,00 €;88;Porto;Apartments
11326;T2;520 000,00 €;138;Porto;Apartments
11327;T2;207 000,00 €;68.50;Coimbra;Apartments
11328;T3;2 500 000,00 €;157;Lisboa;Apartments
11329;T2;205 000,00 €;109.40;Porto;Apartments
1133;T2;166 000,00 €;79;Set??bal;Apartments
11330;T2;200 000,00 €;94;Porto;Apartments
11331;T3;258 000,00 €;124;Porto;Apartments
11332;T2;205 000,00 €;94.30;Porto;Apartments
11333;T2;224 000,00 €;91;Porto;Apartments
11335;T3;330 000,00 €;108;Viana do Castelo;Apartments
11336;T2;350 000,00 €;100.15;Faro;Apartments
11337;T4;1 245 000,00 €;137;Lisboa;Apartments
11338;T1;125 000,00 €;48;Faro;Apartments
11339;T2;321 000,00 €;125;Porto;Apartments
1134;T4;260 000,00 €;213;Braga;Apartments
11340;T1;445 000,00 €;61.35;Faro;Apartments
11341;T3;690 000,00 €;134.75;Set??bal;Apartments
11342;T2;175 000,00 €;89;Faro;Apartments
11343;T1;185 000,00 €;71;Porto;Apartments
11344;T2;190 000,00 €;95;Porto;Apartments
11345;T2;372 260,00 €;73.12;Faro;Apartments
11346;T3;499 900,00 €;159;Set??bal;Apartments
11347;T2;146 000,00 €;99;Viseu;Apartments
11348;T2;169 000,00 €;75;Faro;Apartments
1135;T2;285 000,00 €;82.50;Faro;Apartments
11350;T4;580 000,00 €;145;Lisboa;Apartments
11351;T3;3 195 000,00 €;230;Lisboa;Apartments
11352;T3;294 500,00 €;120;Aveiro;Apartments
11353;T0;169 000,00 €;35;Porto;Apartments
11354;T2;219 900,00 €;88;Porto;Apartments
11355;T3;265 900,00 €;100;Porto;Apartments
11356;T3;585 000,00 €;112;Lisboa;Apartments
11357;T4;720 000,00 €;186;Lisboa;Apartments
11358;T3;1 460 000,00 €;203;Lisboa;Apartments
11359;T3;498 000,00 €;119.20;Lisboa;Apartments
1136;T3;375 000,00 €;173;Porto;Apartments
11360;T2;387 000,00 €;84;Leiria;Apartments
11361;T3;455 000,00 €;87.10;Faro;Apartments
11362;T2;402 000,00 €;66.85;Faro;Apartments
11363;T2;249 000,00 €;120;Porto;Apartments
11364;T3;800 000,00 €;239;Lisboa;Apartments
11365;T2;320 000,00 €;67.90;Porto;Apartments
11366;T2;330 000,00 €;68.60;Porto;Apartments
11368;T2;239 500,00 €;72.89;Porto;Apartments
11369;T2;135 000,00 €;91;Aveiro;Apartments
1137;T3;755 000,00 €;140;Porto;Apartments
11370;T3;340 147,00 €;135.10;Porto;Apartments
11371;T2;150 000,00 €;95;Coimbra;Apartments
11372;T3;182 000,00 €;125;Viana do Castelo;Apartments
11373;T2;1 180 000,00 €;125.55;Porto;Apartments
11374;T3;1 200 000,00 €;155.50;Faro;Apartments
11375;T2;795 000,00 €;110.96;Faro;Apartments
11376;T2;408 000,00 €;87.80;Faro;Apartments
11377;T2;175 000,00 €;91;Lisboa;Apartments
11379;T2;190 000,00 €;95.90;Porto;Apartments
1138;T1;249 500,00 €;54.16;Porto;Apartments
11380;T3;213 000,00 €;118;Porto;Apartments
11381;T2;220 000,00 €;114.60;Porto;Apartments
11382;T1;190 000,00 €;42;Lisboa;Apartments
11383;T2;269 500,00 €;78;Porto;Apartments
11385;T2;290 000,00 €;118;Faro;Apartments
11386;T2;395 000,00 €;108;Porto;Apartments
11387;T1;340 000,00 €;61;Porto;Apartments
11388;T2;345 000,00 €;65;Lisboa;Apartments
1139;T3;339 000,00 €;95;Lisboa;Apartments
11390;T2;1 200 000,00 €;111.80;Lisboa;Apartments
11391;T2;463 680,00 €;91.30;Porto;Apartments
11392;T3;166 000,00 €;159;Aveiro;Apartments
11393;T2;380 000,00 €;66.85;Faro;Apartments
11394;T3;440 000,00 €;87.10;Faro;Apartments
11395;T3;550 000,00 €;124;Lisboa;Apartments
11396;T2;400 000,00 €;100;Ilha da Madeira;Apartments
11397;T2;260 000,00 €;200;Santar?©m;Apartments
11398;T2;378 200,00 €;88.66;Faro;Apartments
11399;T2;435 993,00 €;110.87;Faro;Apartments
114;T3;187 500,00 €;90;Coimbra;Apartments
1140;T2;236 000,00 €;50;Porto;Apartments
11400;T2;381 514,00 €;90.20;Faro;Apartments
11401;T2;389 965,00 €;97.87;Faro;Apartments
11402;T2;365 288,00 €;88.76;Faro;Apartments
11403;T2;361 174,00 €;87.94;Faro;Apartments
11404;T3;690 000,00 €;114;Porto;Apartments
11405;T3;300 000,00 €;135.75;Faro;Apartments
11406;T3;700 000,00 €;110;Lisboa;Apartments
11407;T3;1 900 000,00 €;160;Lisboa;Apartments
11409;T3;415 000,00 €;150;Porto;Apartments
1141;T3;285 000,00 €;161;Braga;Apartments
11410;T2;300 000,00 €;92.60;Aveiro;Apartments
11411;T3;545 000,00 €;88.62;Porto;Apartments
11412;T1;320 000,00 €;57;Porto;Apartments
11413;T3;225 000,00 €;140;Viana do Castelo;Apartments
11414;T5;650 000,00 €;269.30;Braga;Apartments
11415;T2;339 900,00 €;50;Lisboa;Apartments
11416;T3;196 000,00 €;79;Faro;Apartments
11417;T1;249 500,00 €;54.16;Porto;Apartments
11418;T4;950 000,00 €;145;Lisboa;Apartments
1142;T1;240 000,00 €;57.54;Faro;Apartments
11420;T2;249 000,00 €;75;Leiria;Apartments
11421;T2;249 000,00 €;71;Leiria;Apartments
11422;T2;287 000,00 €;83;Leiria;Apartments
11423;T2;249 000,00 €;76;Leiria;Apartments
11424;T1;171 000,00 €;46;Leiria;Apartments
11425;T2;287 000,00 €;82;Leiria;Apartments
11426;T2;269 500,00 €;77;Leiria;Apartments
11428;T1;620 000,00 €;65.21;Lisboa;Apartments
11429;T1;246 000,00 €;59;Faro;Apartments
1143;T2;177 500,00 €;70.73;Set??bal;Apartments
11430;T3;750 000,00 €;134;Porto;Apartments
11431;T3;245 000,00 €;112;Porto;Apartments
11432;T3;240 000,00 €;109;Porto;Apartments
11433;T3;425 000,00 €;87.10;Faro;Apartments
11434;T2;620 000,00 €;59.83;Faro;Apartments
11435;T2;405 000,00 €;220;Set??bal;Apartments
11436;T3;620 000,00 €;127.32;Porto;Apartments
11437;T2;365 000,00 €;86.29;Porto;Apartments
11438;T1;660 000,00 €;88.15;Porto;Apartments
11439;T1;495 000,00 €;71.12;Porto;Apartments
1144;T3;189 000,00 €;106.40;Porto;Apartments
11440;T1;430 000,00 €;53.79;Porto;Apartments
11441;T2;245 000,00 €;109.50;Porto;Apartments
11442;T1;149 000,00 €;35;Faro;Apartments
11443;T2;99 000,00 €;82;Aveiro;Apartments
11444;T2;275 000,00 €;99;Ilha da Madeira;Apartments
11445;T3;420 000,00 €;170;Lisboa;Apartments
11446;T1;430 000,00 €;74;Porto;Apartments
11447;T1;450 000,00 €;77;Porto;Apartments
11448;T2;270 000,00 €;95.73;Ilha da Madeira;Apartments
11449;T2;214 900,00 €;63;Lisboa;Apartments
1145;T2;85 000,00 €;94;Coimbra;Apartments
11450;T2;268 000,00 €;95.73;Ilha da Madeira;Apartments
11451;T2;268 000,00 €;88.40;Ilha da Madeira;Apartments
11452;T3;165 000,00 €;114.50;Aveiro;Apartments
11453;T2;270 000,00 €;88.71;Ilha da Madeira;Apartments
11454;T2;266 000,00 €;95.73;Ilha da Madeira;Apartments
11455;T3;1 345 050,00 €;166.29;Lisboa;Apartments
11456;T3;1 412 500,00 €;141.54;Lisboa;Apartments
11457;T3;1 522 300,00 €;166.40;Lisboa;Apartments
11458;T2;266 000,00 €;88.40;Ilha da Madeira;Apartments
11459;T2;268 000,00 €;88.71;Ilha da Madeira;Apartments
1146;T1;240 000,00 €;50;Set??bal;Apartments
11460;T2;268 000,00 €;88.55;Ilha da Madeira;Apartments
11461;T2;268 000,00 €;95.12;Ilha da Madeira;Apartments
11462;T2;268 000,00 €;87.20;Ilha da Madeira;Apartments
11463;T3;250 000,00 €;124;Porto;Apartments
11464;T2;268 000,00 €;91.72;Ilha da Madeira;Apartments
11465;T2;267 000,00 €;95.12;Ilha da Madeira;Apartments
11466;T2;267 000,00 €;87.20;Ilha da Madeira;Apartments
11467;T2;267 000,00 €;91.72;Ilha da Madeira;Apartments
11468;T4;480 000,00 €;160;Porto;Apartments
11469;T2;266 000,00 €;91.72;Ilha da Madeira;Apartments
1147;T3;350 000,00 €;100;Set??bal;Apartments
11470;T1;175 000,00 €;57.75;Faro;Apartments
11471;T3;815 000,00 €;130;Lisboa;Apartments
11472;T2;299 900,00 €;51;Lisboa;Apartments
11473;T1;250 000,00 €;56;Porto;Apartments
11474;T0;199 900,00 €;33;Porto;Apartments
11475;T4;472 164,00 €;158;Faro;Apartments
11476;T2;245 000,00 €;80;Faro;Apartments
11477;T3;1 950 000,00 €;186;Lisboa;Apartments
11478;T1;129 000,00 €;50;Set??bal;Apartments
11479;T2;1 100 000,00 €;106;Lisboa;Apartments
1148;T3;370 000,00 €;100;Set??bal;Apartments
11480;T3;495 000,00 €;122.98;Porto;Apartments
11481;T3;650 000,00 €;124.50;Porto;Apartments
11482;T2;280 000,00 €;75;Porto;Apartments
11483;T0;205 000,00 €;39;Porto;Apartments
11484;T1;265 200,00 €;66;Porto;Apartments
11485;T2;325 000,00 €;92.45;Faro;Apartments
11486;T2;362 200,00 €;100;Porto;Apartments
11487;T2;363 000,00 €;100;Porto;Apartments
11488;T3;413 000,00 €;114;Porto;Apartments
11489;T3;470 800,00 €;125;Porto;Apartments
1149;T3;395 000,00 €;136;Set??bal;Apartments
11490;T4;550 000,00 €;159;Porto;Apartments
11491;T1;278 700,00 €;77;Porto;Apartments
11492;T3;518 450,00 €;141;Porto;Apartments
11493;T3;524 000,00 €;144;Porto;Apartments
11494;T3;850 000,00 €;140;Lisboa;Apartments
11495;T3;545 000,00 €;128.70;Porto;Apartments
11496;T1;235 000,00 €;42;Faro;Apartments
11497;T3;237 500,00 €;116;Porto;Apartments
11498;T3;225 000,00 €;71;Lisboa;Apartments
11499;T3;150 000,00 €;89.83;Aveiro;Apartments
115;T3;102 500,00 €;140;Coimbra;Apartments
1150;T3;350 000,00 €;134;Braga;Apartments
11500;T3;285 000,00 €;96;Faro;Apartments
11501;T0;330 000,00 €;42;Porto;Apartments
11502;T3;490 000,00 €;87.46;Faro;Apartments
11503;T4;550 000,00 €;143.07;Porto;Apartments
11504;T2;235 000,00 €;134;Porto;Apartments
11505;T3;226 000,00 €;116.20;Braga;Apartments
11506;T2;195 000,00 €;70;Porto;Apartments
11507;T3;488 000,00 €;120;Porto;Apartments
11508;T3;265 000,00 €;117;Porto;Apartments
11509;T2;490 000,00 €;109;Porto;Apartments
1151;T3;199 950,00 €;150;Aveiro;Apartments
11510;T2;280 000,00 €;54.10;Porto;Apartments
11511;T1;259 000,00 €;51;Lisboa;Apartments
11512;T2;156 000,00 €;83;Porto;Apartments
11513;T1;350 000,00 €;63.39;Faro;Apartments
11514;T2;565 000,00 €;107;Faro;Apartments
11515;T2;585 000,00 €;75.36;Faro;Apartments
11516;T2;395 000,00 €;75.90;Faro;Apartments
11517;T3;275 000,00 €;92;Viana do Castelo;Apartments
11518;T1;350 000,00 €;74;Porto;Apartments
11519;T3;279 900,00 €;115;Braga;Apartments
1152;T1;185 000,00 €;64;Apartamento para comprar: Viseu;Apartments
11520;T1;269 000,00 €;60.71;Porto;Apartments
11521;T4;850 000,00 €;162;Lisboa;Apartments
11522;T2;165 000,00 €;95;Porto;Apartments
11523;T3;180 000,00 €;112.57;Santar?©m;Apartments
11524;T4;845 000,00 €;229.89;Set??bal;Apartments
11525;T2;405 000,00 €;88.70;Lisboa;Apartments
11526;T2;400 000,00 €;91.90;Lisboa;Apartments
11527;T2;380 000,00 €;88.70;Lisboa;Apartments
11528;T3;1 017 000,00 €;136;Porto;Apartments
11529;T3;600 000,00 €;139;Ilha da Madeira;Apartments
1153;T2;365 000,00 €;114;Apartamento para comprar: Viseu;Apartments
11530;T3;590 000,00 €;139;Ilha da Madeira;Apartments
11531;T2;179 000,00 €;98;Leiria;Apartments
11532;T1;122 000,00 €;55;Leiria;Apartments
11533;T1;135 000,00 €;72;Leiria;Apartments
11534;T1;155 000,00 €;71;Leiria;Apartments
11535;T1;170 000,00 €;80.70;Coimbra;Apartments
11536;T3;875 490,00 €;178.50;Porto;Apartments
11537;T2;400 680,00 €;95.40;Porto;Apartments
11538;T2;400 680,00 €;95.40;Porto;Apartments
11539;T2;463 800,00 €;110.40;Porto;Apartments
1154;T3;365 000,00 €;162;Viseu;Apartments
11540;T2;463 680,00 €;110.40;Porto;Apartments
11541;T2;400 680,00 €;95.40;Porto;Apartments
11542;T4;1 000 000,00 €;176.51;Porto;Apartments
11543;T1;150 000,00 €;96.30;Coimbra;Apartments
11544;T4;900 000,00 €;168.34;Porto;Apartments
11545;T2;425 000,00 €;76.68;Porto;Apartments
11546;T2;187 500,00 €;70;Lisboa;Apartments
11547;T3;237 500,00 €;102.90;Lisboa;Apartments
11548;T3;775 000,00 €;128;Porto;Apartments
11549;T4;1 030 000,00 €;158.80;Porto;Apartments
1155;T2;380 000,00 €;121;Apartamento para comprar: Viseu;Apartments
11550;T2;525 000,00 €;119.80;Porto;Apartments
11551;T3;940 000,00 €;136.80;Porto;Apartments
11552;T3;745 000,00 €;136.70;Porto;Apartments
11553;T4;910 000,00 €;158.80;Porto;Apartments
11554;T3;715 000,00 €;125.40;Porto;Apartments
11555;T3;805 000,00 €;136.80;Porto;Apartments
11556;T2;515 000,00 €;116;Porto;Apartments
11557;T3;715 000,00 €;136.80;Porto;Apartments
11558;T3;805 000,00 €;136.80;Porto;Apartments
11559;T3;695 000,00 €;136.80;Porto;Apartments
1156;T3;235 000,00 €;105;Coimbra;Apartments
11560;T2;990 000,00 €;128;Lisboa;Apartments
11561;T2;747 900,00 €;156.60;Lisboa;Apartments
11562;T3;975 000,00 €;128;Porto;Apartments
11563;T3;975 000,00 €;109.90;Porto;Apartments
11564;T3;825 000,00 €;128;Porto;Apartments
11565;T2;450 000,00 €;91.50;Porto;Apartments
11566;T3;750 000,00 €;128;Porto;Apartments
11567;T3;675 000,00 €;128;Porto;Apartments
11568;T2;425 000,00 €;78.68;Porto;Apartments
11569;T2;425 000,00 €;76.68;Porto;Apartments
1157;T2;250 000,00 €;87;Apartamento para comprar: Viseu;Apartments
11570;T4;900 000,00 €;168.34;Porto;Apartments
11571;T2;425 000,00 €;78.68;Porto;Apartments
11572;T3;1 950 000,00 €;300;Porto;Apartments
11573;T3;730 000,00 €;159;Porto;Apartments
11574;T3;155 000,00 €;105;Aveiro;Apartments
11575;T2;545 000,00 €;72;Lisboa;Apartments
11576;T3;252 500,00 €;141.08;Faro;Apartments
11577;T1;230 000,00 €;47.15;Faro;Apartments
11578;T3;370 000,00 €;91.15;Faro;Apartments
11579;T3;580 000,00 €;95.11;Faro;Apartments
1158;T1;230 000,00 €;74.70;Porto;Apartments
11580;T3;640 000,00 €;111.94;Faro;Apartments
11581;T3;390 000,00 €;91.15;Faro;Apartments
11582;T3;415 000,00 €;137;Porto;Apartments
11583;T1;279 500,00 €;57.37;Porto;Apartments
11584;T3;365 000,00 €;143;Porto;Apartments
11585;T3;415 000,00 €;143;Porto;Apartments
11586;T2;320 000,00 €;84.55;Aveiro;Apartments
11587;T2;350 000,00 €;84.55;Aveiro;Apartments
11588;T2;335 000,00 €;84.55;Aveiro;Apartments
11589;T2;345 000,00 €;84.55;Aveiro;Apartments
1159;T2;260 000,00 €;66;Faro;Apartments
11590;T1;197 500,00 €;40;Porto;Apartments
11591;T2;163 500,00 €;64.20;Lisboa;Apartments
11592;T2;82 000,00 €;59;Castelo Branco;Apartments
11593;T2;385 000,00 €;89.11;Aveiro;Apartments
11594;T2;375 000,00 €;89.11;Aveiro;Apartments
11595;T2;325 000,00 €;73.19;Aveiro;Apartments
11596;T2;295 000,00 €;73.19;Aveiro;Apartments
11597;T2;355 000,00 €;73.19;Aveiro;Apartments
11598;T2;290 000,00 €;73.19;Aveiro;Apartments
11599;T2;345 000,00 €;89.11;Aveiro;Apartments
116;T2;307 900,00 €;96;Porto;Apartments
1160;T5;365 000,00 €;150;Braga;Apartments
11600;T2;340 000,00 €;89.11;Aveiro;Apartments
11601;T2;335 000,00 €;77.32;Aveiro;Apartments
11602;T2;335 000,00 €;77.32;Aveiro;Apartments
11603;T2;295 000,00 €;77.32;Aveiro;Apartments
11604;T2;300 000,00 €;77.32;Aveiro;Apartments
11605;T3;520 000,00 €;127.40;Aveiro;Apartments
11606;T2;305 000,00 €;77.32;Aveiro;Apartments
11607;T3;500 000,00 €;127.40;Aveiro;Apartments
11608;T3;465 000,00 €;127.40;Aveiro;Apartments
11609;T3;495 000,00 €;127.40;Aveiro;Apartments
1161;T3;960 000,00 €;148;Lisboa;Apartments
11610;T3;475 000,00 €;127.40;Aveiro;Apartments
11611;T2;233 500,00 €;77.90;Faro;Apartments
11612;T2;249 000,00 €;110;Porto;Apartments
11613;T4;230 000,00 €;120;Lisboa;Apartments
11614;T2;329 000,00 €;92;Porto;Apartments
11615;T3;1 150 000,00 €;173.50;Lisboa;Apartments
11616;T1;205 000,00 €;66.87;Faro;Apartments
11617;T1;189 000,00 €;47;Porto;Apartments
11618;T3;450 000,00 €;101;Coimbra;Apartments
11619;T3;2 400 000,00 €;147;Faro;Apartments
1162;T4;725 000,00 €;189;Porto;Apartments
11620;T2;465 500,00 €;115;Porto;Apartments
11621;T4;840 000,00 €;132;Lisboa;Apartments
11622;T2;145 000,00 €;89;Set??bal;Apartments
11623;T3;350 000,00 €;120;Lisboa;Apartments
11624;T3;750 000,00 €;130;Lisboa;Apartments
11625;T0;199 000,00 €;41;Porto;Apartments
11626;T3;237 500,00 €;104;Faro;Apartments
11627;T4;360 000,00 €;153;Aveiro;Apartments
11628;T0;160 000,00 €;46;Aveiro;Apartments
11629;T3;339 990,00 €;148.64;Aveiro;Apartments
1163;T6;890 000,00 €;257;Lisboa;Apartments
11630;T3;385 000,00 €;159;Set??bal;Apartments
11631;T3;365 000,00 €;121;Set??bal;Apartments
11632;T5;1 700 000,00 €;300;Lisboa;Apartments
11633;T3;345 000,00 €;121;Set??bal;Apartments
11634;T3;340 000,00 €;121;Set??bal;Apartments
11635;T3;335 000,00 €;121;Set??bal;Apartments
11636;T2;912 320,00 €;89;Set??bal;Apartments
11637;T0;426 933,00 €;51;Set??bal;Apartments
11638;T3;450 000,00 €;125;Set??bal;Apartments
11639;T3;380 000,00 €;112.55;Set??bal;Apartments
1164;T3;1 189 000,00 €;218;Lisboa;Apartments
11640;T3;450 000,00 €;125.25;Set??bal;Apartments
11641;T3;460 000,00 €;125.25;Set??bal;Apartments
11642;T2;912 128,00 €;87;Set??bal;Apartments
11643;T2;911 744,00 €;88;Set??bal;Apartments
11644;T0;448 830,00 €;47;Set??bal;Apartments
11645;T2;859 650,00 €;88;Set??bal;Apartments
11646;T2;855 930,00 €;89;Set??bal;Apartments
11647;T2;290 000,00 €;98;Set??bal;Apartments
11648;T3;150 000,00 €;108;Aveiro;Apartments
11649;T2;195 000,00 €;85;Lisboa;Apartments
1165;T2;295 000,00 €;85;Set??bal;Apartments
11650;T1;198 900,00 €;47.30;Faro;Apartments
11651;T2;420 000,00 €;94.70;Faro;Apartments
11652;T3;450 000,00 €;132.60;Set??bal;Apartments
11653;T2;903 552,00 €;89;Set??bal;Apartments
11654;T2;180 000,00 €;101;Porto;Apartments
11655;T0;417 158,00 €;47;Set??bal;Apartments
11656;T2;235 000,00 €;134.14;Porto;Apartments
11657;T0;408 526,00 €;46;Set??bal;Apartments
11658;T0;448 292,00 €;45;Set??bal;Apartments
11659;T2;232 511,00 €;101.20;Porto;Apartments
1166;T3;390 000,00 €;136;Set??bal;Apartments
11660;T1;773 484,00 €;92;Set??bal;Apartments
11661;T0;408 858,00 €;46;Set??bal;Apartments
11662;T1;325 000,00 €;57;Ilha da Madeira;Apartments
11663;T1;320 000,00 €;57;Ilha da Madeira;Apartments
11664;T0;409 605,00 €;46;Set??bal;Apartments
11665;T1;219 745,00 €;69;Faro;Apartments
11666;T1;185 720,00 €;69;Faro;Apartments
11667;T0;410 269,00 €;46;Set??bal;Apartments
11668;T2;308 270,00 €;110;Faro;Apartments
11669;T2;568 900,00 €;249;Faro;Apartments
1167;T2;315 000,00 €;95.70;Porto;Apartments
11670;T2;465 500,00 €;115;Porto;Apartments
11671;T2;215 000,00 €;97;Braga;Apartments
11672;T1;752 352,00 €;96;Set??bal;Apartments
11673;T0;472 056,00 €;45;Set??bal;Apartments
11674;T2;375 000,00 €;81;Faro;Apartments
11675;T2;390 000,00 €;84;Faro;Apartments
11676;T3;450 000,00 €;132.60;Set??bal;Apartments
11677;T0;418 600,00 €;46;Set??bal;Apartments
11678;T0;420 800,00 €;46;Set??bal;Apartments
11679;T1;327 500,00 €;105;Faro;Apartments
1168;T1;199 500,00 €;54.67;Porto;Apartments
11680;T3;1 395 000,00 €;435;Ilha da Madeira;Apartments
11682;T4;770 000,00 €;195;Porto;Apartments
11683;T3;330 000,00 €;75;Porto;Apartments
11684;T0;199 000,00 €;41;Porto;Apartments
11685;T2;295 000,00 €;83;Porto;Apartments
11686;T3;1 550 000,00 €;245;Lisboa;Apartments
11687;T4;1 480 000,00 €;233;Lisboa;Apartments
11688;T3;1 200 000,00 €;185;Lisboa;Apartments
11689;T2;790 000,00 €;91.42;Lisboa;Apartments
1169;T2;260 000,00 €;92;Porto;Apartments
11690;T0;210 000,00 €;36;Porto;Apartments
11691;T3;675 000,00 €;139;Porto;Apartments
11692;T3;1 000 000,00 €;153.60;Lisboa;Apartments
11693;T2;470 000,00 €;85;Faro;Apartments
11694;T2;620 000,00 €;82.50;Faro;Apartments
11695;T2;550 000,00 €;82.50;Faro;Apartments
11696;T2;550 000,00 €;82.50;Faro;Apartments
11697;T2;194 000,00 €;67;Braga;Apartments
11698;T2;66 500,00 €;111;Bragan?ßa;Apartments
11699;T2;272 000,00 €;49;Leiria;Apartments
117;T2;310 900,00 €;96;Porto;Apartments
1170;T2;570 000,00 €;97;Lisboa;Apartments
11700;T2;735 000,00 €;121.75;Lisboa;Apartments
11701;T3;282 000,00 €;49;Leiria;Apartments
11702;T2;370 000,00 €;115;Lisboa;Apartments
11703;T2;155 000,00 €;74;Set??bal;Apartments
11704;T3;120 000,00 €;98;Leiria;Apartments
11705;T5;460 000,00 €;161;Set??bal;Apartments
11706;T3;399 000,00 €;140;Porto;Apartments
11707;T5;460 000,00 €;159;Set??bal;Apartments
11708;T3;355 000,00 €;127;Set??bal;Apartments
11709;T3;345 000,00 €;117;Set??bal;Apartments
1171;T1;595 000,00 €;71;Lisboa;Apartments
11710;T2;450 000,00 €;129;Porto;Apartments
11711;T0;299 900,00 €;63;Lisboa;Apartments
11713;T3;380 000,00 €;140;Porto;Apartments
11714;T3;235 000,00 €;217;Santar?©m;Apartments
11715;T2;292 000,00 €;99.50;Porto;Apartments
11716;T4;417 000,00 €;150.50;Porto;Apartments
11717;T2;165 000,00 €;65;Faro;Apartments
11718;T4;375 000,00 €;141.82;Lisboa;Apartments
11719;T2;200 000,00 €;102.30;Porto;Apartments
1172;T4;1 695 000,00 €;216;Lisboa;Apartments
11720;T2;235 000,00 €;134.14;Porto;Apartments
11721;T2;203 000,00 €;92;Porto;Apartments
11722;T2;203 000,00 €;101.20;Porto;Apartments
11723;T2;375 000,00 €;65;Leiria;Apartments
11724;T3;260 000,00 €;119;Lisboa;Apartments
11725;T2;155 000,00 €;71;Aveiro;Apartments
11726;T3;550 000,00 €;57;Lisboa;Apartments
11727;T0;200 000,00 €;47;Porto;Apartments
11728;T4;435 000,00 €;114;Lisboa;Apartments
11729;T2;188 000,00 €;90;Braga;Apartments
1173;T2;154 900,00 €;75;Set??bal;Apartments
11730;T1;580 000,00 €;79;Faro;Apartments
11731;T3;210 000,00 €;96;Aveiro;Apartments
11732;T2;375 000,00 €;135;Faro;Apartments
11733;T2;300 000,00 €;120;Lisboa;Apartments
11735;T1;268 900,00 €;56;Faro;Apartments
11736;T3;595 000,00 €;125;Lisboa;Apartments
11737;T1;336 000,00 €;63.25;Porto;Apartments
11738;T3;252 500,00 €;98.70;Faro;Apartments
11739;T3;595 000,00 €;129;Lisboa;Apartments
1174;T3;385 000,00 €;141;Porto;Apartments
11740;T2;260 000,00 €;104.85;Aveiro;Apartments
11741;T2;250 000,00 €;82;Aveiro;Apartments
11742;T4;200 000,00 €;150;Leiria;Apartments
11743;T3;435 000,00 €;136;Lisboa;Apartments
11744;T3;695 000,00 €;136;Porto;Apartments
11745;T4;940 000,00 €;158;Porto;Apartments
11746;T3;715 000,00 €;125;Porto;Apartments
11747;T4;900 000,00 €;158;Porto;Apartments
11748;T3;299 000,00 €;90;Vila Real;Apartments
11749;T2;269 000,00 €;80;Vila Real;Apartments
1175;T3;175 000,00 €;87.20;Lisboa;Apartments
11750;T3;299 000,00 €;95;Vila Real;Apartments
11751;T2;515 000,00 €;116;Porto;Apartments
11753;T1;315 000,00 €;65;Faro;Apartments
11754;T3;285 000,00 €;130;Lisboa;Apartments
11755;T2;350 000,00 €;65;Lisboa;Apartments
11756;T3;425 000,00 €;172;Leiria;Apartments
11757;T6;2 900 000,00 €;646;Lisboa;Apartments
11758;T2;790 000,00 €;103.24;Lisboa;Apartments
11759;T4;887 500,00 €;195;Lisboa;Apartments
1176;T2;297 000,00 €;90;Lisboa;Apartments
11760;T2;262 500,00 €;88;Braga;Apartments
11761;T3;145 000,00 €;111;Aveiro;Apartments
11762;T2;240 000,00 €;93;Porto;Apartments
11763;T2;199 000,00 €;94;Leiria;Apartments
11764;T4;2 200 000,00 €;191.56;Faro;Apartments
11765;T4;1 750 000,00 €;191.13;Faro;Apartments
11766;T3;209 500,00 €;104;Lisboa;Apartments
11767;T3;495 000,00 €;122;Porto;Apartments
11768;T2;460 000,00 €;87;Porto;Apartments
11769;T2;405 000,00 €;104;Porto;Apartments
1177;T3;220 000,00 €;100;Leiria;Apartments
11770;T2;235 000,00 €;61;Porto;Apartments
11771;T2;249 500,00 €;82.80;Set??bal;Apartments
11772;T2;470 000,00 €;116;Porto;Apartments
11773;T2;570 000,00 €;133;Porto;Apartments
11774;T2;750 000,00 €;145;Porto;Apartments
11775;T2;718 000,00 €;131.90;Lisboa;Apartments
11776;T2;728 000,00 €;132;Lisboa;Apartments
11777;T2;519 000,00 €;65.40;Lisboa;Apartments
11778;T2;529 000,00 €;68;Lisboa;Apartments
1178;T2;435 000,00 €;115.65;Faro;Apartments
11780;T3;640 000,00 €;135;Faro;Apartments
11781;T3;580 000,00 €;114;Faro;Apartments
11783;T1;147 500,00 €;49;Porto;Apartments
11784;T2;300 000,00 €;80;Faro;Apartments
11786;T2;235 000,00 €;94;Leiria;Apartments
11787;T4;102 000,00 €;103;Santar?©m;Apartments
11788;T1;165 000,00 €;55;Coimbra;Apartments
11789;T4;535 000,00 €;208;Porto;Apartments
1179;T0;167 500,00 €;40;Porto;Apartments
11795;T4;305 000,00 €;182;Porto;Apartments
11796;T2;325 000,00 €;103;Porto;Apartments
11797;T2;199 900,00 €;89.10;Porto;Apartments
11798;T3;259 900,00 €;111.40;Porto;Apartments
11799;T3;655 000,00 €;92;Leiria;Apartments
118;T2;308 900,00 €;96;Porto;Apartments
1180;T3;1 950 000,00 €;175;Porto;Apartments
11800;T1;265 500,00 €;49;Faro;Apartments
11801;T2;860 000,00 €;172.90;Faro;Apartments
11802;T3;635 000,00 €;148;Aveiro;Apartments
11803;T3;625 000,00 €;147;Aveiro;Apartments
11804;T4;1 500 000,00 €;287.50;Porto;Apartments
11805;T4;555 000,00 €;117.91;Porto;Apartments
11806;T2;382 500,00 €;131;Porto;Apartments
11807;T1;275 000,00 €;103;Porto;Apartments
11808;T1;175 000,00 €;55;Faro;Apartments
11809;T3;150 000,00 €;130;Santar?©m;Apartments
1181;T2;275 000,00 €;65;Lisboa;Apartments
11811;T3;675 000,00 €;119.20;Faro;Apartments
11812;T2;365 000,00 €;85;Porto;Apartments
11813;T2;475 000,00 €;121;Porto;Apartments
11816;T2;670 000,00 €;244.67;Porto;Apartments
11817;T3;300 000,00 €;289;Coimbra;Apartments
11818;T2;340 000,00 €;157;Aveiro;Apartments
11819;T2;325 000,00 €;101.10;Aveiro;Apartments
1182;T1;225 000,00 €;58.53;Porto;Apartments
11820;T3;270 000,00 €;112;Porto;Apartments
11821;T2;650 000,00 €;92;Porto;Apartments
11822;T2;590 000,00 €;104;Ilha da Madeira;Apartments
11823;T3;305 000,00 €;138;Porto;Apartments
11824;T1;246 000,00 €;64;Porto;Apartments
11825;T1;445 000,00 €;78.98;Lisboa;Apartments
11826;T3;739 900,00 €;143;Porto;Apartments
11827;T2;670 000,00 €;86;Porto;Apartments
11828;T4;911 000,00 €;138;Lisboa;Apartments
11829;T3;420 000,00 €;141.90;Porto;Apartments
1183;T2;435 000,00 €;82.80;Faro;Apartments
11830;T3;200 000,00 €;102.15;Faro;Apartments
11831;T3;585 000,00 €;127;Porto;Apartments
11832;T4;745 000,00 €;177;Porto;Apartments
11833;T2;185 000,00 €;96;Faro;Apartments
11834;T2;670 000,00 €;112.61;Lisboa;Apartments
11835;T3;189 900,00 €;95;Braga;Apartments
11836;T3;450 000,00 €;141;Porto;Apartments
11837;T2;475 000,00 €;93.86;Porto;Apartments
11838;T2;320 000,00 €;77.12;Porto;Apartments
1184;T2;460 000,00 €;90;Faro;Apartments
11840;T2;240 000,00 €;80;Aveiro;Apartments
11841;T1;135 000,00 €;49;Set??bal;Apartments
11842;T2;140 000,00 €;49;Set??bal;Apartments
11843;T1;130 000,00 €;42;Set??bal;Apartments
11844;T1;390 000,00 €;61;Faro;Apartments
11846;T3;455 000,00 €;106;Lisboa;Apartments
11847;T2;310 000,00 €;113;Faro;Apartments
11848;T3;299 750,00 €;110;Coimbra;Apartments
11849;T3;402 500,00 €;133.90;Porto;Apartments
1185;T3;325 000,00 €;132;Porto;Apartments
11850;T2;215 000,00 €;76;Faro;Apartments
11851;T3;350 000,00 €;149;Porto;Apartments
11852;T1;222 500,00 €;52;Braga;Apartments
11853;T1;130 000,00 €;55;Coimbra;Apartments
11854;T1;196 000,00 €;55.80;Braga;Apartments
11855;T1;203 000,00 €;57.87;Braga;Apartments
11856;T3;2 490 000,00 €;157.10;Lisboa;Apartments
11857;T2;140 000,00 €;49;Set??bal;Apartments
11858;T1;130 000,00 €;42;Set??bal;Apartments
11859;T1;390 000,00 €;61;Faro;Apartments
1186;T2;845 000,00 €;119.35;Porto;Apartments
11861;T3;455 000,00 €;106;Lisboa;Apartments
11862;T2;310 000,00 €;113;Faro;Apartments
11863;T3;299 750,00 €;110;Coimbra;Apartments
11864;T3;402 500,00 €;133.90;Porto;Apartments
11865;T2;215 000,00 €;76;Faro;Apartments
11866;T3;350 000,00 €;149;Porto;Apartments
11867;T1;222 500,00 €;52;Braga;Apartments
11868;T1;130 000,00 €;55;Coimbra;Apartments
11869;T1;196 000,00 €;55.80;Braga;Apartments
1187;T2;229 500,00 €;77.30;Lisboa;Apartments
11870;T1;203 000,00 €;57.87;Braga;Apartments
11871;T3;2 490 000,00 €;157.10;Lisboa;Apartments
11872;T1;200 000,00 €;57.67;Braga;Apartments
11873;T2;195 000,00 €;60;Porto;Apartments
11874;T2;252 500,00 €;93.60;Braga;Apartments
11875;T2;470 000,00 €;110;Lisboa;Apartments
11876;T2;1 200 000,00 €;191.75;Lisboa;Apartments
11877;T2;599 000,00 €;118.36;Lisboa;Apartments
11878;T5;650 000,00 €;252.50;Porto;Apartments
11879;T1;329 900,00 €;54;Lisboa;Apartments
1188;T3;960 000,00 €;127.20;Lisboa;Apartments
11880;T3;805 000,00 €;137;Porto;Apartments
11881;T2;357 000,00 €;81;Porto;Apartments
11882;T3;720 000,00 €;183;Porto;Apartments
11883;T1;385 000,00 €;51;Porto;Apartments
11884;T2;259 000,00 €;96;Porto;Apartments
11885;T2;315 000,00 €;73;Porto;Apartments
11886;T2;317 500,00 €;74.30;Porto;Apartments
11887;T2;210 000,00 €;60.82;Porto;Apartments
11888;T1;205 000,00 €;45.70;Porto;Apartments
11889;T2;215 000,00 €;97.05;Braga;Apartments
1189;T2;275 000,00 €;70;Lisboa;Apartments
11891;T2;376 000,00 €;79;Porto;Apartments
119;T2;219 900,00 €;85;Porto;Apartments
1190;T2;315 000,00 €;97;Braga;Apartments
11902;T3;545 000,00 €;110;Porto;Apartments
11903;T3;395 000,00 €;110;Porto;Apartments
11905;T3;740 000,00 €;120.03;Porto;Apartments
11906;T3;267 500,00 €;135.70;Porto;Apartments
11907;T2;180 000,00 €;62;Viana do Castelo;Apartments
11908;T2;285 000,00 €;90;Porto;Apartments
11909;T2;350 000,00 €;83;Leiria;Apartments
1191;T3;620 000,00 €;172;Porto;Apartments
11910;T3;315 000,00 €;180;Faro;Apartments
11911;T2;599 000,00 €;149;Lisboa;Apartments
11913;T2;375 000,00 €;74;Faro;Apartments
11914;T2;200 000,00 €;72;Faro;Apartments
11915;T2;2 200 000,00 €;136.55;Lisboa;Apartments
11916;T2;284 500,00 €;78;Porto;Apartments
11917;T1;299 900,00 €;44;Lisboa;Apartments
11918;T3;275 000,00 €;83;Porto;Apartments
11919;T4;385 000,00 €;172;Porto;Apartments
1192;T4;1 250 000,00 €;199;Porto;Apartments
11920;T4;845 000,00 €;267;Set??bal;Apartments
11921;T3;245 000,00 €;118;Leiria;Apartments
11922;T2;188 000,00 €;93;Braga;Apartments
11923;T3;399 000,00 €;328;Porto;Apartments
11924;T3;275 000,00 €;107;Lisboa;Apartments
11925;T3;445 000,00 €;120;Aveiro;Apartments
11926;T3;450 000,00 €;120;Aveiro;Apartments
11927;T3;450 000,00 €;119;Aveiro;Apartments
11928;T2;390 000,00 €;93;Aveiro;Apartments
11929;T3;440 000,00 €;120;Aveiro;Apartments
1193;T3;400 000,00 €;117;Porto;Apartments
11930;T3;435 000,00 €;120;Aveiro;Apartments
11931;T3;440 000,00 €;119;Aveiro;Apartments
11932;T3;435 000,00 €;119;Aveiro;Apartments
11933;T3;445 000,00 €;119;Aveiro;Apartments
11934;T3;645 000,00 €;93.92;Lisboa;Apartments
11935;T3;225 000,00 €;93;Set??bal;Apartments
11936;T3;2 500 000,00 €;170;Faro;Apartments
11937;T3;415 000,00 €;143.25;Lisboa;Apartments
11938;T2;180 000,00 €;90.59;Santar?©m;Apartments
11939;T0;169 000,00 €;39;Porto;Apartments
1194;T3;600 000,00 €;130.80;Porto;Apartments
11940;T5;690 000,00 €;135;Lisboa;Apartments
11941;T3;269 900,00 €;123;Porto;Apartments
11942;T2;780 000,00 €;64;Lisboa;Apartments
11943;T3;154 900,00 €;165;Beja;Apartments
11944;T3;700 000,00 €;131.25;Lisboa;Apartments
11945;T2;500 000,00 €;105.59;Lisboa;Apartments
11946;T4;900 000,00 €;188.69;Lisboa;Apartments
11947;T2;440 000,00 €;88.33;Lisboa;Apartments
11948;T3;650 000,00 €;118.25;Lisboa;Apartments
11949;T1;350 000,00 €;76.76;Lisboa;Apartments
1195;T1;150 000,00 €;53;Aveiro;Apartments
11950;T2;278 000,00 €;102;Faro;Apartments
11951;T2;445 000,00 €;122.33;Porto;Apartments
11952;T3;545 000,00 €;152.17;Porto;Apartments
11953;T3;545 000,00 €;152.17;Porto;Apartments
11954;T2;445 000,00 €;122.24;Porto;Apartments
11955;T3;545 000,00 €;152.17;Porto;Apartments
11956;T3;540 000,00 €;156.70;Porto;Apartments
11957;T2;325 000,00 €;80.15;Porto;Apartments
11958;T2;445 000,00 €;122.33;Porto;Apartments
11959;T2;470 000,00 €;114.84;Porto;Apartments
1196;T2;599 900,00 €;104;Faro;Apartments
11960;T3;545 000,00 €;152.19;Porto;Apartments
11961;T3;545 000,00 €;152.19;Porto;Apartments
11962;T2;470 000,00 €;114.84;Porto;Apartments
11963;T3;545 000,00 €;152.19;Porto;Apartments
11964;T2;470 000,00 €;114.84;Porto;Apartments
11965;T3;255 000,00 €;109;Braga;Apartments
11966;T3;215 000,00 €;73;Lisboa;Apartments
11967;T2;1 890 000,00 €;123;Faro;Apartments
11968;T2;190 000,00 €;107;Porto;Apartments
11969;T3;1 690 000,00 €;210;Lisboa;Apartments
1197;T2;315 000,00 €;87;Braga;Apartments
11970;T2;215 000,00 €;75;Faro;Apartments
11971;T3;437 000,00 €;110.44;Lisboa;Apartments
11973;T3;720 000,00 €;183;Porto;Apartments
11974;T2;350 000,00 €;74;Porto;Apartments
11975;T2;490 000,00 €;109;Porto;Apartments
11976;T1;340 000,00 €;74;Porto;Apartments
11977;T2;455 000,00 €;98;Porto;Apartments
11978;T2;465 000,00 €;102;Porto;Apartments
11979;T2;350 000,00 €;77.80;Porto;Apartments
1198;T2;765 000,00 €;196;Set??bal;Apartments
11980;T2;440 000,00 €;94.50;Porto;Apartments
11981;T4;3 400 000,00 €;272.98;Lisboa;Apartments
11982;T6;160 000,00 €;124;Santar?©m;Apartments
11983;T1;550 000,00 €;81.60;Lisboa;Apartments
11984;T3;275 000,00 €;167;Porto;Apartments
11985;T3;380 000,00 €;130;Braga;Apartments
11986;T2;270 000,00 €;98;Braga;Apartments
11987;T1;190 000,00 €;52;Braga;Apartments
11988;T3;350 000,00 €;130;Braga;Apartments
11989;T2;280 000,00 €;98;Braga;Apartments
1199;T3;1 100 000,00 €;173.50;Lisboa;Apartments
11990;T3;370 000,00 €;130;Braga;Apartments
11991;T1;200 000,00 €;52;Braga;Apartments
11992;T3;360 000,00 €;130;Braga;Apartments
11993;T2;302 500,00 €;63.75;Set??bal;Apartments
11994;T2;292 500,00 €;63.75;Set??bal;Apartments
11995;T2;290 000,00 €;63.75;Set??bal;Apartments
11996;T2;372 000,00 €;88;Porto;Apartments
11997;T1;247 000,00 €;51;Porto;Apartments
11998;T1;262 000,00 €;57;Porto;Apartments
11999;T2;357 000,00 €;81;Porto;Apartments
12;T2;395 000,00 €;88.97;Aveiro;Apartments
120;T2;169 900,00 €;83.50;Porto;Apartments
1200;T1;345 000,00 €;93.55;Set??bal;Apartments
12000;T3;275 000,00 €;83;Porto;Apartments
12001;T3;350 000,00 €;189;Ilha da Madeira;Apartments
12003;T1;289 900,00 €;42;Lisboa;Apartments
12004;T2;240 000,00 €;107;Porto;Apartments
12005;T3;315 000,00 €;117.60;Set??bal;Apartments
12007;T3;260 000,00 €;87;Aveiro;Apartments
12008;T1;200 000,00 €;65;Faro;Apartments
1201;T3;1 330 000,00 €;350.40;Set??bal;Apartments
12010;T1;289 900,00 €;50;Lisboa;Apartments
12011;T3;270 000,00 €;125;Lisboa;Apartments
12012;T2;779 000,00 €;100;Lisboa;Apartments
12013;T3;265 000,00 €;131;Braga;Apartments
12014;T1;330 000,00 €;53.50;Porto;Apartments
12015;T2;349 000,00 €;99;Porto;Apartments
12016;T3;430 000,00 €;116;Porto;Apartments
12017;T3;270 000,00 €;156;Lisboa;Apartments
12018;T3;260 000,00 €;114;Porto;Apartments
12019;T2;255 000,00 €;124.50;Porto;Apartments
1202;T2;495 000,00 €;216.65;Faro;Apartments
12020;T3;960 000,00 €;113;Lisboa;Apartments
12021;T4;882 000,00 €;170;Porto;Apartments
12022;T4;520 000,00 €;193;Lisboa;Apartments
12023;T2;335 000,00 €;94;Faro;Apartments
12024;T3;470 000,00 €;125;Porto;Apartments
12025;T3;425 000,00 €;129;Porto;Apartments
12026;T2;445 000,00 €;122.24;Porto;Apartments
12027;T2;390 000,00 €;94;Porto;Apartments
12028;T5;1 750 000,00 €;344;Ilha da Madeira;Apartments
12029;T2;203 000,00 €;123.50;Braga;Apartments
1203;T2;330 000,00 €;100.15;Faro;Apartments
12030;T3;680 000,00 €;157.08;Viana do Castelo;Apartments
12031;T3;650 000,00 €;138.65;Viana do Castelo;Apartments
12032;T2;345 000,00 €;83;Porto;Apartments
12033;T2;340 000,00 €;83;Porto;Apartments
12034;T3;620 000,00 €;145.60;Viana do Castelo;Apartments
12035;T1;260 000,00 €;64;Porto;Apartments
12036;T2;350 000,00 €;91.08;Viana do Castelo;Apartments
12037;T3;218 000,00 €;114.50;Braga;Apartments
12038;T5;1 850 000,00 €;221;Lisboa;Apartments
12039;T3;600 000,00 €;154.19;Viana do Castelo;Apartments
1204;T1;215 000,00 €;48;Porto;Apartments
12040;T2;380 000,00 €;104.45;Faro;Apartments
12041;T1;230 000,00 €;52.70;Porto;Apartments
12042;T5; Pre?ßosobconsulta ;399;Aveiro;Apartments
12043;T0;180 000,00 €;54.74;Porto;Apartments
12044;T3;169 900,00 €;108;Aveiro;Apartments
12045;T4;350 000,00 €;139;Porto;Apartments
12047;T1;235 000,00 €;66;Viana do Castelo;Apartments
12048;T3;1 400 000,00 €;204;Lisboa;Apartments
12049;T1;250 000,00 €;69.70;Faro;Apartments
1205;T3;295 000,00 €;102;Ilha da Madeira;Apartments
12050;T2;355 000,00 €;106;Viana do Castelo;Apartments
12051;T4;459 900,00 €;95;Lisboa;Apartments
12052;T2;338 000,00 €;95;Viana do Castelo;Apartments
12053;T2;245 000,00 €;98;Viana do Castelo;Apartments
12054;T4;750 000,00 €;220;Porto;Apartments
12055;T2;284 000,00 €;103;Porto;Apartments
12056;T3;205 000,00 €;84;Porto;Apartments
12057;T1;184 000,00 €;66;Viana do Castelo;Apartments
12058;T2;273 000,00 €;106;Viana do Castelo;Apartments
12059;T3;1 695 000,00 €;193;Lisboa;Apartments
1206;T3;225 000,00 €;83;Lisboa;Apartments
12060;T3;1 665 000,00 €;193;Lisboa;Apartments
12062;T3; Pre?ßosobconsulta ;100;Viseu;Apartments
12063;T2;320 000,00 €;67.56;Porto;Apartments
12064;T3;745 000,00 €;126;Lisboa;Apartments
12065;T1;193 000,00 €;68;Viana do Castelo;Apartments
12066;T3;275 000,00 €;96;Leiria;Apartments
12067;T1;205 000,00 €;66;Viana do Castelo;Apartments
12068;T2;325 000,00 €;77;Porto;Apartments
12069;T2;265 000,00 €;106;Viana do Castelo;Apartments
1207;T3;484 000,00 €;111;Lisboa;Apartments
12070;T3;1 399 000,00 €;136;Lisboa;Apartments
12071;T4;1 061 000,00 €;144;Lisboa;Apartments
12072;T3;895 000,00 €;122;Lisboa;Apartments
12073;T3;545 000,00 €;149.35;Faro;Apartments
12074;T3;995 000,00 €;137;Lisboa;Apartments
12075;T1;250 000,00 €;63;Porto;Apartments
12076;T4;407 000,00 €;165;Faro;Apartments
12077;T2;1 260 000,00 €;166;Lisboa;Apartments
12078;T1;475 000,00 €;48;Lisboa;Apartments
12079;T0;169 500,00 €;40;Porto;Apartments
1208;T2;309 000,00 €;117;Braga;Apartments
12080;T2;768 000,00 €;105;Lisboa;Apartments
12081;T3;1 116 000,00 €;128;Lisboa;Apartments
12082;T3;287 000,00 €;102;Set??bal;Apartments
12083;T2;517 500,00 €;106.55;Faro;Apartments
12084;T0;232 445,00 €;50;Porto;Apartments
12085;T3;589 000,00 €;85;Lisboa;Apartments
12086;T1;310 000,00 €;60;Porto;Apartments
12087;T3;470 000,00 €;127.02;Faro;Apartments
12088;T4;2 275 000,00 €;241.70;Lisboa;Apartments
12089;T3;279 500,00 €;136.91;Viana do Castelo;Apartments
1209;T2;369 000,00 €;78;Lisboa;Apartments
12090;T2;280 000,00 €;120;Porto;Apartments
12091;T2;330 000,00 €;90.43;Faro;Apartments
12092;T3;1 102 500,00 €;137;Lisboa;Apartments
12093;T1;184 000,00 €;65.97;Viana do Castelo;Apartments
12094;T2;860 000,00 €;108;Lisboa;Apartments
12095;T4;1 785 000,00 €;216;Lisboa;Apartments
12096;T3;1 000 000,00 €;136;Lisboa;Apartments
12097;T2;297 000,00 €;105.64;Viana do Castelo;Apartments
12098;T4;1 594 000,00 €;151;Lisboa;Apartments
12099;T2;280 000,00 €;106;Viana do Castelo;Apartments
121;T2;183 900,00 €;86.95;Porto;Apartments
1210;T3;149 900,00 €;156.82;Portalegre;Apartments
12100;T3;270 000,00 €;113;Porto;Apartments
12101;T1;340 000,00 €;62.39;Faro;Apartments
12102;T1;350 000,00 €;62.39;Faro;Apartments
12103;T4;1 450 000,00 €;193;Porto;Apartments
12104;T3;749 900,00 €;107;Lisboa;Apartments
12105;T2;440 000,00 €;85.37;Porto;Apartments
12106;T3;565 000,00 €;123.09;Porto;Apartments
12107;T3;570 000,00 €;123.09;Porto;Apartments
12108;T2;430 000,00 €;85.37;Porto;Apartments
12109;T2;445 000,00 €;89.56;Porto;Apartments
1211;T4;580 000,00 €;165.66;Porto;Apartments
12110;T3;580 000,00 €;123.09;Porto;Apartments
12111;T2;465 000,00 €;98.54;Porto;Apartments
12112;T2;455 000,00 €;89.56;Porto;Apartments
12113;T2;450 000,00 €;89.56;Porto;Apartments
12114;T2;475 000,00 €;94.77;Porto;Apartments
12115;T2;435 000,00 €;85.37;Porto;Apartments
12116;T2;405 000,00 €;89.47;Porto;Apartments
12117;T2;445 000,00 €;85.37;Porto;Apartments
12118;T2;450 000,00 €;85.37;Porto;Apartments
12119;T1;289 900,00 €;38;Lisboa;Apartments
1212;T1;295 000,00 €;57.80;Set??bal;Apartments
12120;T2;624 000,00 €;86.59;Lisboa;Apartments
12121;T3;1 008 960,00 €;142.37;Lisboa;Apartments
12122;T2;671 040,00 €;86.58;Lisboa;Apartments
12123;T3;1 008 960,00 €;143.18;Lisboa;Apartments
12124;T3;1 104 960,00 €;143.18;Lisboa;Apartments
12125;T3;1 080 000,00 €;143.18;Lisboa;Apartments
12126;T4;768 000,00 €;206.30;Porto;Apartments
12127;T3;287 000,00 €;106;Braga;Apartments
12128;T0;291 000,00 €;94.60;Porto;Apartments
12129;T3;237 500,00 €;112;Coimbra;Apartments
1213;T1;169 900,00 €;80;Porto;Apartments
12130;T4;565 000,00 €;144;Set??bal;Apartments
12131;T3;750 000,00 €;128;Porto;Apartments
12132;T1;660 000,00 €;63.70;Lisboa;Apartments
12133;T2;1 155 000,00 €;112.65;Lisboa;Apartments
12135;T3;112 500,00 €;136;Portalegre;Apartments
12136;T3;299 000,00 €;102;Faro;Apartments
12137;T3;252 000,00 €;98;Lisboa;Apartments
12138;T3;1 690 000,00 €;210;Lisboa;Apartments
12139;T2;285 000,00 €;125;Viana do Castelo;Apartments
1214;T2;226 000,00 €;103;Porto;Apartments
12140;T1;195 000,00 €;60;Viana do Castelo;Apartments
12141;T4;399 000,00 €;137;Porto;Apartments
12142;T1;235 000,00 €;52;Porto;Apartments
12143;T4;1 195 000,00 €;400.60;Lisboa;Apartments
12145;T2;242 000,00 €;80.40;Braga;Apartments
12146;T3;297 000,00 €;95;Braga;Apartments
12147;T3;299 000,00 €;95;Braga;Apartments
12148;T2;251 000,00 €;85;Braga;Apartments
12149;T3;298 000,00 €;95;Braga;Apartments
1215;T1;199 500,00 €;55;Porto;Apartments
12150;T3;255 000,00 €;138;Porto;Apartments
12151;T2;240 000,00 €;70;Braga;Apartments
12152;T2;399 000,00 €;100.20;Porto;Apartments
12153;T3;341 000,00 €;125;Ilha da Madeira;Apartments
12154;T3;249 000,00 €;112;Aveiro;Apartments
12155;T4;415 000,00 €;183;Lisboa;Apartments
12156;T1;215 000,00 €;64;Aveiro;Apartments
12157;T2;595 000,00 €;135;Lisboa;Apartments
12158;T1;195 000,00 €;56;Aveiro;Apartments
12159;T3;630 000,00 €;126;Aveiro;Apartments
1216;T5;645 000,00 €;179;Porto;Apartments
12160;T2;240 000,00 €;70;Set??bal;Apartments
12161;T2;230 000,00 €;71;Set??bal;Apartments
12162;T2;230 000,00 €;68;Set??bal;Apartments
12163;T2;240 000,00 €;68;Set??bal;Apartments
12164;T4;2 395 000,00 €;192;Lisboa;Apartments
12165;T2;403 427,00 €;119;Faro;Apartments
12166;T4;700 000,00 €;145;Lisboa;Apartments
12167;T2;365 000,00 €;139;Faro;Apartments
12169;T4;1 785 000,00 €;219;Lisboa;Apartments
1217;T1;270 000,00 €;73.45;Porto;Apartments
12170;T1;265 600,00 €;66;Porto;Apartments
12171;T3;300 000,00 €;102;Set??bal;Apartments
12172;T3;1 200 000,00 €;164;Lisboa;Apartments
12173;T4;2 125 000,00 €;241.70;Lisboa;Apartments
12174;T2;778 000,00 €;98;Lisboa;Apartments
12175;T2;1 325 000,00 €;167;Lisboa;Apartments
12176;T0;222 300,00 €;49;Porto;Apartments
12177;T3;572 000,00 €;137;Porto;Apartments
12178;T3;517 500,00 €;123.10;Faro;Apartments
12179;T3;318 000,00 €;137.40;Braga;Apartments
12180;T1;247 500,00 €;121;Porto;Apartments
12181;T2;350 000,00 €;105.76;Faro;Apartments
12182;T4;1 548 000,00 €;151;Lisboa;Apartments
12183;T2;615 825,00 €;98.36;Lisboa;Apartments
12184;T0;600 000,00 €;48;Set??bal;Apartments
12185;T2;517 500,00 €;106.55;Faro;Apartments
12187;T1;650 000,00 €;59;Set??bal;Apartments
12188;T2;288 000,00 €;106.18;Viana do Castelo;Apartments
12189;T3;1 160 000,00 €;175;Lisboa;Apartments
1219;T3;395 000,00 €;168;Ilha de S?£o Miguel;Apartments
12190;T0;299 900,00 €;63;Lisboa;Apartments
12191;T1;590 000,00 €;94;Lisboa;Apartments
12192;T4;515 000,00 €;132;Porto;Apartments
12193;T3;780 000,00 €;144;Lisboa;Apartments
12194;T3;1 160 000,00 €;175;Lisboa;Apartments
12195;T3;745 000,00 €;90;Lisboa;Apartments
12196;T3;970 000,00 €;144;Lisboa;Apartments
12197;T3;1 095 000,00 €;137;Lisboa;Apartments
12198;T2;650 000,00 €;125;Porto;Apartments
12199;T5;485 000,00 €;213;Porto;Apartments
122;T3;299 000,00 €;113.26;Faro;Apartments
12200;T3;800 000,00 €;149;Lisboa;Apartments
12201;T5;3 390 000,00 €;273;Lisboa;Apartments
12202;T4;250 000,00 €;140;Leiria;Apartments
12203;T2;595 000,00 €;104;Ilha da Madeira;Apartments
12204;T2;680 000,00 €;124;Ilha da Madeira;Apartments
12205;T2;780 000,00 €;110;Lisboa;Apartments
12206;T2;240 000,00 €;85;Braga;Apartments
12207;T2;850 000,00 €;158.37;Porto;Apartments
12208;T3;650 000,00 €;158.40;Porto;Apartments
12209;T4;740 000,00 €;165.40;Porto;Apartments
1221;T3;210 000,00 €;124.50;Apartamento para comprar: Viseu;Apartments
12210;T4;740 000,00 €;165.40;Porto;Apartments
12211;T3;610 000,00 €;142;Porto;Apartments
12212;T3;350 000,00 €;137.70;Porto;Apartments
12213;T3;540 000,00 €;139.97;Porto;Apartments
12214;T2;212 000,00 €;63.05;Porto;Apartments
12215;T2;359 500,00 €;80.54;Porto;Apartments
12216;T3;465 000,00 €;98.67;Porto;Apartments
12217;T4;555 000,00 €;153;Porto;Apartments
12218;T3;545 000,00 €;102;Porto;Apartments
12219;T2;265 000,00 €;92;Porto;Apartments
1222;T3;397 500,00 €;108.35;Porto;Apartments
12220;T2;355 000,00 €;93;Porto;Apartments
12221;T3;395 000,00 €;106;Porto;Apartments
12222;T1;825 000,00 €;86;Lisboa;Apartments
12223;T2;145 000,00 €;85;Aveiro;Apartments
12224;T3;1 300 000,00 €;257;Porto;Apartments
12225;T1;265 000,00 €;56.35;Ilha da Madeira;Apartments
12226;T1;275 000,00 €;61.16;Ilha da Madeira;Apartments
12227;T3;310 000,00 €;115.15;Set??bal;Apartments
12228;T3;252 000,00 €;181.95;Braga;Apartments
12229;T1;152 000,00 €;60;Porto;Apartments
1223;T2;352 000,00 €;81.36;Faro;Apartments
12230;T2;250 000,00 €;102;Leiria;Apartments
12231;T4;950 000,00 €;181;Porto;Apartments
12232;T3;809 000,00 €;154;Porto;Apartments
12233;T0;285 000,00 €;62;Faro;Apartments
12234;T1;322 560,00 €;76.80;Porto;Apartments
12235;T3;410 000,00 €;132;Ilha da Madeira;Apartments
12236;T2;425 100,00 €;107.80;Porto;Apartments
12237;T0;229 000,00 €;47;Porto;Apartments
12238;T2;255 000,00 €;78;Porto;Apartments
12239;T4;850 000,00 €;207.29;Porto;Apartments
1224;T1;152 500,00 €;61;Set??bal;Apartments
12240;T1;160 000,00 €;53;Leiria;Apartments
12241;T2;250 000,00 €;96;Leiria;Apartments
12242;T2;700 000,00 €;124;Ilha da Madeira;Apartments
12243;T4;555 000,00 €;153;Porto;Apartments
12244;T2;495 000,00 €;96;Lisboa;Apartments
12245;T2;595 000,00 €;118;Lisboa;Apartments
12246;T2;495 000,00 €;84;Lisboa;Apartments
12247;T2;595 000,00 €;117;Lisboa;Apartments
12248;T2;595 000,00 €;104;Lisboa;Apartments
12249;T2;495 000,00 €;77;Lisboa;Apartments
1225;T3;349 000,00 €;148;Porto;Apartments
12250;T2;495 000,00 €;114;Lisboa;Apartments
12251;T2;495 000,00 €;74;Lisboa;Apartments
12252;T2;280 000,00 €;105.99;Viana do Castelo;Apartments
12253;T3;1 900 000,00 €;246.60;Lisboa;Apartments
12254;T3;630 000,00 €;129.05;Faro;Apartments
12255;T1;385 000,00 €;94.74;Faro;Apartments
12256;T4;935 000,00 €;182.70;Porto;Apartments
12257;T2;509 100,00 €;110;Porto;Apartments
12258;T4;2 100 000,00 €;241.70;Lisboa;Apartments
12259;T3;770 000,00 €;157.30;Porto;Apartments
1226;T4;195 000,00 €;106;Set??bal;Apartments
12260;T3;440 000,00 €;140;Braga;Apartments
12261;T3;1 460 000,00 €;180;Lisboa;Apartments
12262;T4;1 408 000,00 €;151;Lisboa;Apartments
12263;T2;350 000,00 €;105.82;Faro;Apartments
12266;T2;796 000,00 €;100;Lisboa;Apartments
12267;T0;219 560,00 €;50;Porto;Apartments
12269;T1;193 000,00 €;67.59;Viana do Castelo;Apartments
1227;T2;199 000,00 €;95;Set??bal;Apartments
12270;T3;545 000,00 €;102;Porto;Apartments
12271;T1;210 000,00 €;67;Porto;Apartments
12272;T2;299 900,00 €;51;Lisboa;Apartments
12273;T2;120 000,00 €;79;Aveiro;Apartments
12274;T3;1 189 000,00 €;145;Lisboa;Apartments
12275;T3;249 000,00 €;130;Porto;Apartments
12276;T3;625 000,00 €;130;Porto;Apartments
12277;T3;495 000,00 €;130;Porto;Apartments
12278;T1;355 000,00 €;57;Leiria;Apartments
12279;T2;495 000,00 €;76;Leiria;Apartments
1228;T4;1 600 000,00 €;304.05;Porto;Apartments
12280;T0;189 000,00 €;42;Porto;Apartments
12281;T2;215 000,00 €;123;Braga;Apartments
12282;T2;268 000,00 €;108;Faro;Apartments
12283;T1;770 000,00 €;71;Lisboa;Apartments
12284;T2;1 100 000,00 €;112.65;Lisboa;Apartments
12285;T3;1 520 000,00 €;173;Lisboa;Apartments
12286;T2;186 500,00 €;79;Lisboa;Apartments
12287;T3;1 200 000,00 €;110;Lisboa;Apartments
12288;T3;265 000,00 €;140;Braga;Apartments
12289;T2;215 000,00 €;99;Braga;Apartments
1229;T1;180 000,00 €;44;Faro;Apartments
12290;T3;250 000,00 €;114;Braga;Apartments
12291;T3;355 000,00 €;141;Faro;Apartments
12292;T3;550 000,00 €;153.91;Porto;Apartments
12294;T1;216 300,00 €;67;Porto;Apartments
12295;T3;500 000,00 €;179.20;Faro;Apartments
12296;T0;170 000,00 €;37;Porto;Apartments
12297;T1;190 000,00 €;75;Ilha da Madeira;Apartments
12298;T1;208 000,00 €;65.97;Viana do Castelo;Apartments
12299;T0;400 000,00 €;82;Porto;Apartments
123;T3;1 695 000,00 €;205;Lisboa;Apartments
1230;T3;275 000,00 €;77;Lisboa;Apartments
12300;T0;250 000,00 €;45;Porto;Apartments
12301;T3;359 000,00 €;129;Porto;Apartments
12302;T2;335 000,00 €;83;Faro;Apartments
12303;T2;740 000,00 €;112.61;Lisboa;Apartments
12304;T2;770 000,00 €;120;Lisboa;Apartments
12305;T5;1 390 000,00 €;260.33;Lisboa;Apartments
12307;T2;525 000,00 €;82;Lisboa;Apartments
12308;T4;1 190 000,00 €;210;Lisboa;Apartments
12309;T2;900 000,00 €;86;Lisboa;Apartments
1231;T2;265 000,00 €;138.25;Porto;Apartments
12310;T3;298 000,00 €;135;Braga;Apartments
12311;T2;231 000,00 €;63;Porto;Apartments
12312;T3;312 000,00 €;100;Porto;Apartments
12313;T2;290 000,00 €;87;Porto;Apartments
12314;T2;240 000,00 €;102;Braga;Apartments
12315;T3;950 000,00 €;144;Faro;Apartments
12316;T4;650 000,00 €;241;Porto;Apartments
12317;T3;1 207 500,00 €;139.70;Lisboa;Apartments
12318;T4;911 000,00 €;138.50;Lisboa;Apartments
12319;T3;545 000,00 €;102;Porto;Apartments
1232;T1;160 000,00 €;42;Porto;Apartments
12320;T2;273 000,00 €;105.64;Viana do Castelo;Apartments
12321;T3;155 000,00 €;99;Set??bal;Apartments
12322;T4;1 060 000,00 €;176;Faro;Apartments
12323;T3;390 000,00 €;118.70;Lisboa;Apartments
12325;T4;2 695 000,00 €;182;Lisboa;Apartments
12326;T2;605 115,00 €;89.67;Lisboa;Apartments
12327;T4;1 975 000,00 €;241.70;Lisboa;Apartments
12328;T3;1 005 000,00 €;128;Lisboa;Apartments
12329;T4;1 975 000,00 €;241.70;Lisboa;Apartments
1233;T2;199 900,00 €;80;Porto;Apartments
12330;T3;585 000,00 €;129.05;Faro;Apartments
12332;T2;495 000,00 €;94.70;Faro;Apartments
12333;T3;475 000,00 €;130.25;Faro;Apartments
12334;T1;205 000,00 €;65.97;Viana do Castelo;Apartments
12335;T3;370 000,00 €;120;Faro;Apartments
12336;T1;228 000,00 €;42;Faro;Apartments
12338;T2;499 000,00 €;122;Porto;Apartments
12340;T2;214 990,00 €;84;Braga;Apartments
12341;T2;345 000,00 €;142.60;Porto;Apartments
12342;T3;425 000,00 €;169.10;Porto;Apartments
12343;T2;805 000,00 €;110;Lisboa;Apartments
12344;T4;589 000,00 €;198;Set??bal;Apartments
12345;T2;685 000,00 €;75.35;Faro;Apartments
12346;T4;1 190 000,00 €;210;Lisboa;Apartments
12347;T3;608 000,00 €;143;Porto;Apartments
12348;T3;245 000,00 €;171;Braga;Apartments
12349;T3;420 000,00 €;131.50;Ilha da Madeira;Apartments
1235;T2;165 000,00 €;95;Set??bal;Apartments
12350;T3;1 399 000,00 €;136;Lisboa;Apartments
12351;T2;208 000,00 €;100;Set??bal;Apartments
12353;T2;665 500,00 €;115;Porto;Apartments
12354;T3;1 150 000,00 €;176;Porto;Apartments
12355;T1;820 000,00 €;110;Lisboa;Apartments
12356;T3;265 000,00 €;81;Faro;Apartments
12357;T3;330 000,00 €;117;Leiria;Apartments
12358;T2;240 000,00 €;106;Porto;Apartments
1236;T2;207 000,00 €;73;Porto;Apartments
12361;T2;290 000,00 €;110;Set??bal;Apartments
12362;T2;300 000,00 €;120;Set??bal;Apartments
12364;T3;400 000,00 €;136;Porto;Apartments
12367;T1;210 000,00 €;52.10;Aveiro;Apartments
12368;T3;175 000,00 €;93.90;Leiria;Apartments
12369;T3;310 000,00 €;112;Leiria;Apartments
1237;T3;600 000,00 €;131;Aveiro;Apartments
12370;T2;205 000,00 €;88;Leiria;Apartments
12371;T2;210 000,00 €;87;Leiria;Apartments
12372;T2;210 000,00 €;88;Leiria;Apartments
12373;T3;287 500,00 €;115;Leiria;Apartments
12374;T3;282 500,00 €;112;Leiria;Apartments
12375;T3;562 500,00 €;129.05;Faro;Apartments
12376;T3;550 000,00 €;149.80;Faro;Apartments
12377;T2;441 000,00 €;94.70;Faro;Apartments
12378;T1;415 000,00 €;96.66;Faro;Apartments
12379;T4;2 975 000,00 €;209;Lisboa;Apartments
1238;T2;315 000,00 €;86.50;Faro;Apartments
12380;T3;621 000,00 €;87;Lisboa;Apartments
12382;T3;475 000,00 €;131.40;Faro;Apartments
12383;T4;1 725 000,00 €;241.70;Lisboa;Apartments
12384;T4;180 000,00 €;134;Santar?©m;Apartments
12385;T3;475 000,00 €;123.43;Set??bal;Apartments
12386;T4;695 000,00 €;154;Lisboa;Apartments
12387;T2;690 000,00 €;120;Lisboa;Apartments
12389;T2;545 397,00 €;100;Faro;Apartments
1239;T2;198 000,00 €;100;Porto;Apartments
12390;T2;367 864,00 €;116;Faro;Apartments
12391;T2;474 202,00 €;150;Faro;Apartments
12392;T2;371 629,00 €;122;Faro;Apartments
12393;T2;367 045,00 €;119;Faro;Apartments
12394;T2;408 011,00 €;122;Faro;Apartments
12395;T2;529 329,00 €;101.50;Faro;Apartments
12396;T2;627 277,00 €;122;Faro;Apartments
12397;T3;467 679,00 €;155;Faro;Apartments
12398;T2;572 090,00 €;116;Faro;Apartments
12399;T2;617 575,00 €;122;Faro;Apartments
124;T4;300 000,00 €;115;Set??bal;Apartments
1240;T4;890 000,00 €;232;Porto;Apartments
12400;T3;450 000,00 €;145.30;Set??bal;Apartments
12401;T3;460 000,00 €;145.30;Set??bal;Apartments
12402;T3;450 000,00 €;145.30;Set??bal;Apartments
12403;T3;287 500,00 €;128;Braga;Apartments
12404;T0;220 000,00 €;46;Faro;Apartments
12405;T3;385 000,00 €;107.25;Leiria;Apartments
12406;T2;260 000,00 €;84.80;Set??bal;Apartments
12407;T3;340 000,00 €;100.80;Set??bal;Apartments
12408;T2;270 000,00 €;84.80;Set??bal;Apartments
12409;T2;395 000,00 €;102.50;Set??bal;Apartments
1241;T2;365 000,00 €;125;Porto;Apartments
12410;T2;392 000,00 €;93.60;Set??bal;Apartments
12411;T2;405 000,00 €;105.17;Set??bal;Apartments
12412;T2;398 000,00 €;93.60;Set??bal;Apartments
12413;T2;385 000,00 €;93.60;Set??bal;Apartments
12414;T2;378 000,00 €;93.60;Set??bal;Apartments
12415;T2;369 000,00 €;93.60;Set??bal;Apartments
12416;T3;485 000,00 €;123.42;Set??bal;Apartments
12417;T3;491 000,00 €;125.45;Set??bal;Apartments
12418;T3;486 000,00 €;123.43;Set??bal;Apartments
12419;T3;515 000,00 €;123.42;Set??bal;Apartments
1242;T3;196 000,00 €;71;Set??bal;Apartments
12420;T3;445 000,00 €;136;Lisboa;Apartments
12421;T2;230 000,00 €;104;Leiria;Apartments
12422;T2;650 000,00 €;94;Ilha da Madeira;Apartments
12423;T3;255 000,00 €;115;Leiria;Apartments
12424;T4;167 500,00 €;131;Coimbra;Apartments
12425;T0;220 000,00 €;41;Faro;Apartments
12426;T2;1 111 000,00 €;112.65;Lisboa;Apartments
12427;T1;792 000,00 €;71.10;Lisboa;Apartments
12428;T2;355 000,00 €;83;Porto;Apartments
12429;T2;355 000,00 €;83;Porto;Apartments
1243;T2;319 000,00 €;89.80;Faro;Apartments
12430;T2;355 000,00 €;83;Porto;Apartments
12431;T2;355 000,00 €;83;Porto;Apartments
12432;T2;355 000,00 €;83;Porto;Apartments
12433;T2;440 000,00 €;94;Porto;Apartments
12434;T2;360 000,00 €;83;Porto;Apartments
12435;T2;445 000,00 €;122;Porto;Apartments
12436;T1;225 000,00 €;68;Porto;Apartments
12437;T3;440 000,00 €;163;Porto;Apartments
12438;T3;450 000,00 €;167;Porto;Apartments
12439;T4;710 000,00 €;188;Porto;Apartments
1244;T2;219 900,00 €;110;Porto;Apartments
12440;T3;545 000,00 €;129;Porto;Apartments
12441;T4;710 000,00 €;188;Porto;Apartments
12442;T2;410 000,00 €;110;Porto;Apartments
12443;T2;405 000,00 €;110;Porto;Apartments
12444;T4;1 600 000,00 €;322;Porto;Apartments
12445;T0;185 000,00 €;42;Porto;Apartments
12446;T3;565 600,00 €;138.75;Porto;Apartments
12447;T3;2 950 000,00 €;206;Lisboa;Apartments
12448;T2;165 000,00 €;61;Coimbra;Apartments
12449;T2;490 000,00 €;108;Lisboa;Apartments
1245;T3;259 000,00 €;111.70;Braga;Apartments
12450;T1;270 000,00 €;41;Lisboa;Apartments
12451;T3;590 000,00 €;142.52;Set??bal;Apartments
12452;T3;410 000,00 €;131.50;Ilha da Madeira;Apartments
12453;T2;299 900,00 €;98;Porto;Apartments
12454;T4;1 750 000,00 €;214;Faro;Apartments
12455;T2;209 750,00 €;66;Set??bal;Apartments
12456;T1;375 000,00 €;68.90;Faro;Apartments
12457;T3;1 399 000,00 €;136;Lisboa;Apartments
12458;T2;458 900,00 €;104.20;Porto;Apartments
12459;T3;635 500,00 €;147.10;Porto;Apartments
1246;T2;219 000,00 €;119;Porto;Apartments
12460;T3;530 100,00 €;127.60;Porto;Apartments
12461;T3;718 900,00 €;172.10;Porto;Apartments
12462;T3;783 900,00 €;193.50;Porto;Apartments
12463;T3;783 900,00 €;193.30;Porto;Apartments
12464;T1;197 000,00 €;52.40;Faro;Apartments
12465;T3;450 000,00 €;130;Coimbra;Apartments
12466;T2;420 000,00 €;116;Porto;Apartments
12467;T3;325 000,00 €;157;Set??bal;Apartments
12468;T4;795 000,00 €;184;Porto;Apartments
12469;T2;290 000,00 €;88;Porto;Apartments
1247;T0;169 000,00 €;57.48;Porto;Apartments
12470;T0;295 000,00 €;47;Porto;Apartments
12471;T1;290 000,00 €;73;Faro;Apartments
12472;T3;695 000,00 €;115;Lisboa;Apartments
12474;T2;600 000,00 €;131;Porto;Apartments
12475;T3;295 000,00 €;116;Set??bal;Apartments
12476;T4;1 625 000,00 €;241.70;Lisboa;Apartments
12477;T3;272 000,00 €;136.54;Viana do Castelo;Apartments
12478;T1;335 000,00 €;66.82;Faro;Apartments
12479;T3;1 000 000,00 €;169;Porto;Apartments
1248;T3;435 000,00 €;113.70;Faro;Apartments
12480;T3;589 000,00 €;88;Lisboa;Apartments
12481;T3;480 000,00 €;133.95;Faro;Apartments
12483;T3;789 353,00 €;123.33;Lisboa;Apartments
12484;T2;531 000,00 €;97.70;Faro;Apartments
12485;T3;1 100 000,00 €;268;Porto;Apartments
12486;T3;885 000,00 €;156;Lisboa;Apartments
12487;T2;790 000,00 €;110;Lisboa;Apartments
12488;T2;240 000,00 €;110;Braga;Apartments
1249;T3;335 000,00 €;142;Braga;Apartments
12490;T3;1 350 000,00 €;174.14;Lisboa;Apartments
12491;T2;720 000,00 €;124;Ilha da Madeira;Apartments
12492;T2;290 000,00 €;70;Faro;Apartments
12493;T1;280 000,00 €;72;Faro;Apartments
12494;T5;4 800 000,00 €;274.23;Lisboa;Apartments
12495;T3;2 050 000,00 €;161.50;Lisboa;Apartments
12496;T3;1 900 000,00 €;161.50;Lisboa;Apartments
12497;T4;3 300 000,00 €;195.94;Lisboa;Apartments
12498;T5;4 800 000,00 €;274.23;Lisboa;Apartments
12499;T5;4 500 000,00 €;279.69;Lisboa;Apartments
125;T1;179 000,00 €;70;Porto;Apartments
1250;T3;1 395 000,00 €;136;Lisboa;Apartments
12500;T5;4 300 000,00 €;261.20;Lisboa;Apartments
12501;T3;340 000,00 €;118;Lisboa;Apartments
12502;T3;320 000,00 €;118;Lisboa;Apartments
12503;T5;4 300 000,00 €;274.10;Lisboa;Apartments
12504;T4;3 000 000,00 €;195.94;Lisboa;Apartments
12505;T1;435 000,00 €;87;Lisboa;Apartments
12506;T3;749 000,00 €;97.20;Lisboa;Apartments
12507;T1;285 000,00 €;62;Lisboa;Apartments
12508;T1;285 000,00 €;62;Lisboa;Apartments
12509;T2;345 000,00 €;64.21;Lisboa;Apartments
1251;T1;250 440,00 €;70;Faro;Apartments
12510;T4;850 000,00 €;140;Lisboa;Apartments
12511;T4;1 375 000,00 €;241.70;Lisboa;Apartments
12512;T3;375 000,00 €;124;Viana do Castelo;Apartments
12513;T3;375 000,00 €;124;Viana do Castelo;Apartments
12514;T3;289 000,00 €;117;Viana do Castelo;Apartments
12515;T3;375 000,00 €;124;Viana do Castelo;Apartments
12516;T3;289 000,00 €;117;Viana do Castelo;Apartments
12517;T3;289 000,00 €;117;Viana do Castelo;Apartments
12518;T3;289 000,00 €;117;Viana do Castelo;Apartments
12519;T3;269 000,00 €;117;Viana do Castelo;Apartments
12520;T3;269 000,00 €;117;Viana do Castelo;Apartments
12521;T3;269 000,00 €;117;Viana do Castelo;Apartments
12522;T3;264 000,00 €;117;Viana do Castelo;Apartments
12523;T3;264 000,00 €;117;Viana do Castelo;Apartments
12524;T3;274 000,00 €;117;Viana do Castelo;Apartments
12525;T3;264 000,00 €;117;Viana do Castelo;Apartments
12526;T2;350 000,00 €;110;Viana do Castelo;Apartments
12527;T2;225 000,00 €;82;Viana do Castelo;Apartments
12528;T2;215 000,00 €;82;Viana do Castelo;Apartments
12529;T2;225 000,00 €;82;Viana do Castelo;Apartments
1253;T2;324 920,00 €;115;Faro;Apartments
12530;T2;210 000,00 €;82;Viana do Castelo;Apartments
12531;T2;210 000,00 €;82;Viana do Castelo;Apartments
12532;T2;210 000,00 €;82;Viana do Castelo;Apartments
12533;T2;210 000,00 €;82;Viana do Castelo;Apartments
12534;T2;225 000,00 €;86;Faro;Apartments
12535;T2;192 500,00 €;96;Porto;Apartments
12536;T3;245 000,00 €;167;Lisboa;Apartments
12538;T2;777 000,00 €;98;Lisboa;Apartments
12539;T3;922 000,00 €;121;Lisboa;Apartments
1254;T1;175 000,00 €;50;Lisboa;Apartments
12540;T2;495 000,00 €;97.70;Faro;Apartments
12541;T3;613 000,00 €;89;Lisboa;Apartments
12542;T2;300 972,00 €;103;Faro;Apartments
12543;T2;495 000,00 €;97.70;Faro;Apartments
12544;T3;269 500,00 €;136.54;Viana do Castelo;Apartments
12545;T2;475 000,00 €;135.30;Faro;Apartments
12547;T5;470 000,00 €;110;Lisboa;Apartments
12548;T2;187 500,00 €;62;Set??bal;Apartments
12549;T2;260 000,00 €;82;Faro;Apartments
1255;T2;188 277,00 €;78;Porto;Apartments
12550;T2;495 000,00 €;114.50;Faro;Apartments
12551;T2;250 000,00 €;74;Faro;Apartments
12552;T3;649 000,00 €;146;Ilha da Madeira;Apartments
12553;T3;1 290 000,00 €;167.52;Lisboa;Apartments
12554;T2;190 000,00 €;103.40;Castelo Branco;Apartments
12555;T2;155 000,00 €;72.10;Castelo Branco;Apartments
12556;T2;160 000,00 €;96.90;Castelo Branco;Apartments
12557;T2;190 000,00 €;103.40;Castelo Branco;Apartments
12558;T2;135 000,00 €;78.15;Castelo Branco;Apartments
12559;T2;160 000,00 €;95.75;Castelo Branco;Apartments
1256;T3;415 000,00 €;185;Braga;Apartments
12560;T2;340 000,00 €;83;Porto;Apartments
12561;T2;545 000,00 €;114;Guarda;Apartments
12562;T3;545 000,00 €;152;Porto;Apartments
12563;T2;430 000,00 €;94;Porto;Apartments
12564;T2;179 900,00 €;95;Porto;Apartments
12565;T3;189 900,00 €;105;Porto;Apartments
12566;T2;169 900,00 €;82;Porto;Apartments
12567;T2;179 900,00 €;95;Porto;Apartments
12568;T3;725 000,00 €;263;Lisboa;Apartments
12569;T2;425 000,00 €;119;Faro;Apartments
1257;T2;429 900,00 €;105;Lisboa;Apartments
12570;T3;540 000,00 €;126;Porto;Apartments
12571;T1;194 000,00 €;88;Braga;Apartments
12572;T1;750 000,00 €;110;Set??bal;Apartments
12575;T0;195 000,00 €;44.78;Porto;Apartments
12576;T2;179 900,00 €;82;Porto;Apartments
12577;T3;1 350 000,00 €;176.36;Lisboa;Apartments
12578;T3;875 490,00 €;178.50;Porto;Apartments
12579;T2;463 680,00 €;110.40;Porto;Apartments
1258;T1;240 000,00 €;73;Porto;Apartments
12580;T2;471 030,00 €;112.15;Porto;Apartments
12581;T2;463 680,00 €;110.40;Porto;Apartments
12582;T1;322 560,00 €;76.80;Porto;Apartments
12583;T3;435 000,00 €;134;Porto;Apartments
12584;T1;500 000,00 €;56.85;Lisboa;Apartments
12585;T3;699 000,00 €;129.48;Lisboa;Apartments
12586;T2;187 500,00 €;54;Set??bal;Apartments
12587;T2;441 000,00 €;97.70;Faro;Apartments
12589;T3;921 000,00 €;115;Lisboa;Apartments
1259;T2;270 000,00 €;90;Porto;Apartments
12590;T1;325 000,00 €;45.69;Set??bal;Apartments
12591;T1;330 000,00 €;55.88;Set??bal;Apartments
12592;T1;330 000,00 €;58.54;Set??bal;Apartments
12593;T1;325 000,00 €;43.91;Set??bal;Apartments
12594;T1;325 000,00 €;43.91;Set??bal;Apartments
12595;T1;325 000,00 €;40.13;Set??bal;Apartments
12596;T1;330 000,00 €;55.29;Set??bal;Apartments
12597;T1;320 000,00 €;38.28;Set??bal;Apartments
12598;T1;320 000,00 €;40.12;Set??bal;Apartments
12599;T1;325 000,00 €;43.95;Set??bal;Apartments
1260;T2;192 500,00 €;90;Set??bal;Apartments
12600;T1;325 000,00 €;40.10;Set??bal;Apartments
12601;T1;325 000,00 €;45.77;Set??bal;Apartments
12602;T2;773 000,00 €;100;Lisboa;Apartments
12603;T1;330 000,00 €;57.98;Set??bal;Apartments
12604;T1;325 000,00 €;45.65;Set??bal;Apartments
12605;T1;325 000,00 €;38.31;Set??bal;Apartments
12608;T2;235 300,00 €;87;Leiria;Apartments
1261;T2;369 900,00 €;60;Lisboa;Apartments
12610;T2;320 000,00 €;80;Lisboa;Apartments
12611;T3;197 500,00 €;86;Set??bal;Apartments
12613;T1;227 000,00 €;50;Faro;Apartments
12614;T3;765 000,00 €;169.41;Porto;Apartments
12615;T3;199 900,00 €;120;Porto;Apartments
12616;T4;2 450 000,00 €;208;Lisboa;Apartments
12617;T1;240 000,00 €;66;Porto;Apartments
12618;T2;810 000,00 €;98;Porto;Apartments
12619;T3;375 900,00 €;127;Lisboa;Apartments
1262;T2;315 000,00 €;87;Braga;Apartments
12620;T4;4 500 000,00 €;395;Lisboa;Apartments
12621;T3;215 000,00 €;112.45;Santar?©m;Apartments
12622;T1;410 000,00 €;74.73;Porto;Apartments
12623;T3;245 000,00 €;116.54;Apartamento para comprar: Castelo Branco;Apartments
12624;T3;225 000,00 €;133.98;Apartamento para comprar: Castelo Branco;Apartments
12625;T3;215 000,00 €;127.60;Apartamento para comprar: Castelo Branco;Apartments
12626;T3;220 000,00 €;146.20;Apartamento para comprar: Castelo Branco;Apartments
12627;T3;210 000,00 €;93.49;Apartamento para comprar: Castelo Branco;Apartments
12628;T3;475 000,00 €;107;Porto;Apartments
12629;T3;840 000,00 €;166.74;Porto;Apartments
1263;T2;249 000,00 €;65;Porto;Apartments
12630;T3;840 000,00 €;169.83;Porto;Apartments
12631;T3;790 000,00 €;169.84;Porto;Apartments
12632;T2;187 500,00 €;54;Set??bal;Apartments
12633;T3;349 000,00 €;141;Lisboa;Apartments
12635;T2;450 000,00 €;99.40;Faro;Apartments
12636;T4;1 275 000,00 €;258.20;Lisboa;Apartments
12638;T3;399 000,00 €;105;Lisboa;Apartments
1264;T3;402 500,00 €;133.90;Porto;Apartments
12640;T2;241 000,00 €;112;Porto;Apartments
12641;T3;1 200 000,00 €;130;Lisboa;Apartments
12642;T3;445 000,00 €;100;Lisboa;Apartments
12643;T3;480 000,00 €;120;Lisboa;Apartments
12644;T3;490 000,00 €;120;Lisboa;Apartments
12645;T3;485 000,00 €;120;Lisboa;Apartments
12646;T3;495 000,00 €;120;Lisboa;Apartments
12647;T3;430 000,00 €;122;Lisboa;Apartments
12648;T2;525 000,00 €;106.95;Faro;Apartments
1265;T3;159 990,00 €;96;Set??bal;Apartments
12650;T3;1 395 000,00 €;436;Ilha da Madeira;Apartments
12651;T3;990 000,00 €;395;Ilha da Madeira;Apartments
12652;T3;425 000,00 €;98.10;Lisboa;Apartments
12653;T2;400 000,00 €;86;Porto;Apartments
12654;T3;765 000,00 €;128;Lisboa;Apartments
12655;T1;500 000,00 €;57.21;Lisboa;Apartments
12656;T3;350 000,00 €;119.30;Porto;Apartments
12657;T4;4 500 000,00 €;302;Lisboa;Apartments
12658;T3;504 899,00 €;114;Set??bal;Apartments
12659;T3;850 000,00 €;131.74;Porto;Apartments
1266;T2;149 000,00 €;99.49;Santar?©m;Apartments
12662;T5;2 100 000,00 €;293;Porto;Apartments
12663;T0;400 000,00 €;82;Porto;Apartments
12664;T2;280 000,00 €;75;Porto;Apartments
12666;T2;187 500,00 €;62;Set??bal;Apartments
12667;T4;850 000,00 €;207;Porto;Apartments
12668;T1;175 500,00 €;71;Faro;Apartments
12669;T1;400 000,00 €;120;Lisboa;Apartments
12670;T3;1 200 000,00 €;341;Lisboa;Apartments
12671;T3;750 000,00 €;241;Lisboa;Apartments
12672;T2;260 000,00 €;80;Faro;Apartments
12673;T3;155 000,00 €;97;Porto;Apartments
12674;T2;225 000,00 €;82;Porto;Apartments
12675;T3;566 000,00 €;162.70;Porto;Apartments
12676;T2;495 000,00 €;94.70;Faro;Apartments
12677;T3;517 500,00 €;129.05;Faro;Apartments
12678;T2;450 000,00 €;99.40;Faro;Apartments
12679;T3;562 500,00 €;129.05;Faro;Apartments
1268;T3;145 000,00 €;78;Set??bal;Apartments
12680;T2;495 000,00 €;97.70;Faro;Apartments
12681;T3;585 000,00 €;129.05;Faro;Apartments
12682;T2;517 500,00 €;106.55;Faro;Apartments
12683;T2;495 000,00 €;97.70;Faro;Apartments
12684;T2;517 500,00 €;106.55;Faro;Apartments
12685;T2;531 000,00 €;97.70;Faro;Apartments
12686;T3;630 000,00 €;129.05;Faro;Apartments
12687;T3;495 000,00 €;122.98;Porto;Apartments
12688;T2;217 500,00 €;73;Porto;Apartments
12689;T3;213 500,00 €;93;Braga;Apartments
1269;T3;245 000,00 €;132;Porto;Apartments
12690;T3;650 000,00 €;140;Porto;Apartments
12694;T1;319 900,00 €;50;Lisboa;Apartments
12695;T1;295 900,00 €;51.49;Lisboa;Apartments
12696;T0;310 000,00 €;49;Porto;Apartments
12697;T0;325 000,00 €;52;Porto;Apartments
12698;T4;1 450 000,00 €;228;Porto;Apartments
12699;T3;410 000,00 €;148.02;Porto;Apartments
127;T3;290 000,00 €;118;Porto;Apartments
1270;T2;169 900,00 €;80;Porto;Apartments
12701;T1;295 000,00 €;48.10;Faro;Apartments
12702;T3;475 000,00 €;145;Porto;Apartments
12703;T3;265 000,00 €;91.80;Faro;Apartments
12704;T2;220 000,00 €;86.60;Faro;Apartments
12705;T3;215 000,00 €;92;Aveiro;Apartments
12706;T3;210 000,00 €;96;Aveiro;Apartments
12707;T3;200 000,00 €;96;Aveiro;Apartments
12708;T3;285 000,00 €;101;Set??bal;Apartments
12709;T4;714 000,00 €;278.80;Leiria;Apartments
1271;T2;172 000,00 €;65;Set??bal;Apartments
12710;T2;315 000,00 €;139.10;Leiria;Apartments
12711;T4;630 000,00 €;163.70;Porto;Apartments
12712;T4;685 000,00 €;188;Porto;Apartments
12713;T3;262 500,00 €;123;Porto;Apartments
12714;T2;450 000,00 €;94.90;Aveiro;Apartments
12715;T3;768 443,00 €;123.40;Lisboa;Apartments
12716;T1;140 000,00 €;100;Porto;Apartments
12717;T2;125 000,00 €;81;Santar?©m;Apartments
12718;T1;178 000,00 €;53;Aveiro;Apartments
12719;T3;495 000,00 €;107.80;Ilha da Madeira;Apartments
1272;T2;159 000,00 €;59;Set??bal;Apartments
12720;T1;485 000,00 €;57.21;Lisboa;Apartments
12721;T1;260 000,00 €;73;Porto;Apartments
12722;T2;355 000,00 €;103;Set??bal;Apartments
12723;T3;410 000,00 €;132;Set??bal;Apartments
12724;T2;350 000,00 €;103;Set??bal;Apartments
12725;T3;1 150 000,00 €;119.25;Lisboa;Apartments
12726;T2;415 000,00 €;82.45;Faro;Apartments
12727;T2;420 000,00 €;124.20;Faro;Apartments
12728;T2;625 000,00 €;122;Faro;Apartments
12729;T2;170 000,00 €;78;Aveiro;Apartments
1273;T2;170 000,00 €;160;Aveiro;Apartments
12730;T2;299 000,00 €;140.50;Porto;Apartments
12731;T1;245 000,00 €;63.36;Faro;Apartments
12732;T2;1 100 000,00 €;123;Faro;Apartments
12733;T1;279 500,00 €;63;Porto;Apartments
12734;T3;875 490,00 €;178.50;Porto;Apartments
12735;T2;185 000,00 €;102;Set??bal;Apartments
12736;T1;310 000,00 €;74;Porto;Apartments
12737;T3;730 000,00 €;138;Lisboa;Apartments
12738;T1;1 200 000,00 €;200;Faro;Apartments
12739;T3;350 000,00 €;88;Faro;Apartments
1274;T3;429 900,00 €;110;Lisboa;Apartments
12740;T1;1 200 000,00 €;183;Faro;Apartments
12741;T2;340 000,00 €;111;Faro;Apartments
12742;T1;1 200 000,00 €;215;Faro;Apartments
12743;T1;720 000,00 €;173;Faro;Apartments
12744;T1;720 000,00 €;174;Faro;Apartments
12745;T1;1 200 000,00 €;199;Faro;Apartments
12746;T3;730 000,00 €;150;Lisboa;Apartments
12747;T3;375 000,00 €;124;Viana do Castelo;Apartments
12748;T3;264 000,00 €;117;Viana do Castelo;Apartments
12749;T3;264 000,00 €;117;Viana do Castelo;Apartments
1275;T3;230 000,00 €;90;Lisboa;Apartments
12750;T3;397 000,00 €;140;Porto;Apartments
12751;T3;269 000,00 €;117;Viana do Castelo;Apartments
12752;T3;289 000,00 €;117;Viana do Castelo;Apartments
12753;T3;269 000,00 €;117;Viana do Castelo;Apartments
12754;T2;160 000,00 €;115.70;Aveiro;Apartments
12755;T2;200 000,00 €;68;Braga;Apartments
12756;T3;225 000,00 €;92;Ilha da Madeira;Apartments
12757;T1;320 000,00 €;94;Faro;Apartments
12758;T1;199 950,00 €;87;Faro;Apartments
12759;T3;397 500,00 €;117;Faro;Apartments
1276;T3;185 000,00 €;165;Coimbra;Apartments
12760;T2;350 000,00 €;122;Faro;Apartments
12761;T2;410 000,00 €;148;Faro;Apartments
12762;T2;350 000,00 €;114;Faro;Apartments
12763;T1;330 000,00 €;108;Faro;Apartments
12764;T1;480 000,00 €;201;Faro;Apartments
12765;T4;450 000,00 €;135;Faro;Apartments
12766;T3;590 000,00 €;132.85;Faro;Apartments
12767;T2;178 500,00 €;82;Porto;Apartments
12768;T2;169 000,00 €;75;Aveiro;Apartments
12769;T2;447 000,00 €;78.70;Faro;Apartments
1277;T2;300 000,00 €;71;Porto;Apartments
12770;T5;575 000,00 €;152;Coimbra;Apartments
12771;T3;635 000,00 €;150.80;Ilha da Madeira;Apartments
12772;T3;2 490 000,00 €;157.10;Lisboa;Apartments
12773;T3;485 000,00 €;98.35;Porto;Apartments
12774;T3;465 000,00 €;98.67;Porto;Apartments
12775;T3;199 000,00 €;85;Porto;Apartments
12776;T2;185 000,00 €;152;Set??bal;Apartments
12778;T2;385 000,00 €;94;Faro;Apartments
1278;T3;429 900,00 €;80;Lisboa;Apartments
12781;T3;370 000,00 €;130;Faro;Apartments
12782;T2;1 280 000,00 €;146;Lisboa;Apartments
12783;T2;650 000,00 €;72.20;Lisboa;Apartments
12784;T3;445 000,00 €;134;Porto;Apartments
12785;T3;465 000,00 €;98.67;Porto;Apartments
12786;T3;462 500,00 €;98.67;Porto;Apartments
12787;T2;435 000,00 €;92.43;Porto;Apartments
12788;T2;178 500,00 €;82;Porto;Apartments
12789;T2;270 000,00 €;110;Porto;Apartments
1279;T2;369 900,00 €;67;Lisboa;Apartments
12790;T1;155 000,00 €;41;Faro;Apartments
12791;T3;263 000,00 €;150;Porto;Apartments
12792;T2;405 000,00 €;101;Faro;Apartments
12793;T1;299 000,00 €;65;Faro;Apartments
12794;T3;175 000,00 €;132;Viana do Castelo;Apartments
12795;T2;399 000,00 €;88;Faro;Apartments
12796;T3;195 000,00 €;107;Faro;Apartments
12797;T2;409 280,00 €;109.48;Aveiro;Apartments
12798;T3;586 760,00 €;157.99;Aveiro;Apartments
12799;T3;506 280,00 €;135.36;Aveiro;Apartments
128;T2;178 000,00 €;90;Porto;Apartments
1280;T3;375 000,00 €;181;Braga;Apartments
12800;T2;413 800,00 €;109.35;Aveiro;Apartments
12801;T2;449 640,00 €;119.43;Aveiro;Apartments
12802;T3;501 280,00 €;135.36;Aveiro;Apartments
12803;T3;485 120,00 €;130.81;Aveiro;Apartments
12804;T3;480 120,00 €;130.81;Aveiro;Apartments
12805;T2;408 800,00 €;109.35;Aveiro;Apartments
12806;T2;404 280,00 €;109.48;Aveiro;Apartments
12807;T3;498 160,00 €;137.29;Aveiro;Apartments
12808;T3;475 120,00 €;130.81;Aveiro;Apartments
12809;T3;496 280,00 €;135.36;Aveiro;Apartments
1281;T4;395 000,00 €;198;Braga;Apartments
12810;T2;399 280,00 €;109.48;Aveiro;Apartments
12811;T2;403 800,00 €;109.35;Aveiro;Apartments
12812;T2;419 640,00 €;113.80;Aveiro;Apartments
12813;T2;398 800,00 €;109.35;Aveiro;Apartments
12814;T2;414 640,00 €;113.80;Aveiro;Apartments
12815;T3;491 280,00 €;135.36;Aveiro;Apartments
12816;T2;394 280,00 €;109.48;Aveiro;Apartments
12817;T3;475 400,00 €;132.30;Aveiro;Apartments
12818;T2;409 640,00 €;113.80;Aveiro;Apartments
12819;T3;470 120,00 €;130.81;Aveiro;Apartments
1282;T2;369 900,00 €;66;Lisboa;Apartments
12820;T3;486 280,00 €;135.36;Aveiro;Apartments
12821;T3;465 120,00 €;130.81;Aveiro;Apartments
12822;T2;404 640,00 €;113.80;Aveiro;Apartments
12823;T2;389 280,00 €;109.48;Aveiro;Apartments
12824;T2;351 360,00 €;98.82;Aveiro;Apartments
12825;T2;388 800,00 €;109.35;Aveiro;Apartments
12826;T3;500 640,00 €;140.80;Aveiro;Apartments
12827;T3;375 000,00 €;124;Viana do Castelo;Apartments
12829;T4;1 375 000,00 €;259.65;Lisboa;Apartments
1283;T5;690 000,00 €;230;Porto;Apartments
12831;T3;639 000,00 €;92;Lisboa;Apartments
12832;T3;1 038 000,00 €;115;Lisboa;Apartments
12833;T2;234 900,00 €;84;Aveiro;Apartments
12834;T3;350 000,00 €;112;Lisboa;Apartments
12835;T3;350 000,00 €;112;Lisboa;Apartments
12836;T3;350 000,00 €;100;Lisboa;Apartments
12837;T3;481 280,00 €;135.36;Aveiro;Apartments
12838;T2;895 000,00 €;89;Lisboa;Apartments
12839;T3;640 000,00 €;119;Aveiro;Apartments
1284;T2;170 000,00 €;81;Aveiro;Apartments
12840;T2;295 000,00 €;77.64;Lisboa;Apartments
12841;T2;295 000,00 €;77.64;Lisboa;Apartments
12842;T2;210 000,00 €;82;Viana do Castelo;Apartments
12843;T2;210 000,00 €;82;Viana do Castelo;Apartments
12844;T3;284 000,00 €;137;Braga;Apartments
12845;T2;413 400,00 €;100.48;Faro;Apartments
12846;T3;577 700,00 €;146;Faro;Apartments
12847;T2;365 000,00 €;109;Porto;Apartments
12848;T2;375 000,00 €;107;Porto;Apartments
12849;T2;365 000,00 €;112;Porto;Apartments
1285;T3;109 900,00 €;102;Aveiro;Apartments
12850;T2;360 000,00 €;118;Porto;Apartments
12851;T2;375 000,00 €;113;Porto;Apartments
12852;T2;365 000,00 €;113;Porto;Apartments
12853;T4;1 028 200,00 €;175.50;Faro;Apartments
12854;T4;694 300,00 €;171;Faro;Apartments
12855;T2;320 000,00 €;101;Porto;Apartments
12856;T2;330 000,00 €;101;Porto;Apartments
12857;T2;335 000,00 €;114;Porto;Apartments
12858;T3;609 500,00 €;146;Faro;Apartments
1286;T2;210 000,00 €;73;Set??bal;Apartments
12860;T3;215 000,00 €;103;Porto;Apartments
12861;T2;413 400,00 €;100.48;Faro;Apartments
12862;T1;450 000,00 €;97;Faro;Apartments
12863;T3;420 000,00 €;117;Set??bal;Apartments
12864;T1;495 000,00 €;116;Faro;Apartments
12865;T3;185 000,00 €;102;Braga;Apartments
12866;T3;995 000,00 €;125;Lisboa;Apartments
12867;T4;225 000,00 €;198;Aveiro;Apartments
12868;T3;580 000,00 €;105;Lisboa;Apartments
12869;T2;420 000,00 €;94;Porto;Apartments
1287;T1;145 000,00 €;53;Set??bal;Apartments
12870;T2;420 000,00 €;87;Porto;Apartments
12871;T2;278 000,00 €;93;Faro;Apartments
12873;T3;631 000,00 €;92;Lisboa;Apartments
12874;T3;770 000,00 €;157.30;Porto;Apartments
12875;T3;1 008 000,00 €;115;Lisboa;Apartments
12876;T4;1 790 000,00 €;175.45;Lisboa;Apartments
12877;T4;2 375 000,00 €;263.70;Lisboa;Apartments
12878;T2;724 000,00 €;78;Lisboa;Apartments
12879;T1;130 000,00 €;63;Porto;Apartments
1288;T2;214 000,00 €;116;Porto;Apartments
12880;T3;450 000,00 €;159;Faro;Apartments
12881;T0;79 800,00 €;54;Santar?©m;Apartments
12882;T3;145 000,00 €;111.83;Braga;Apartments
12883;T2;265 000,00 €;92;Porto;Apartments
12884;T4;435 000,00 €;213;Porto;Apartments
12885;T2;265 000,00 €;92;Porto;Apartments
12886;T4;435 000,00 €;213;Porto;Apartments
12887;T2;790 000,00 €;111;Lisboa;Apartments
12888;T2;765 000,00 €;111;Lisboa;Apartments
12889;T1;350 000,00 €;80;Faro;Apartments
1289;T2;720 000,00 €;93;Lisboa;Apartments
12890;T2;375 000,00 €;78;Faro;Apartments
12891;T3;375 000,00 €;129;Porto;Apartments
12892;T2;392 500,00 €;82;Faro;Apartments
12893;T3;740 000,00 €;120;Porto;Apartments
12895;T3;870 000,00 €;229.82;Porto;Apartments
12896;T4;211 900,00 €;102;Porto;Apartments
12897;T3;410 000,00 €;124.60;Porto;Apartments
12898;T3;314 000,00 €;143;Porto;Apartments
12899;T2;152 000,00 €;90;Santar?©m;Apartments
129;T3;126 000,00 €;100;Apartamento para comprar: Castelo Branco;Apartments
1290;T4;1 980 000,00 €;180;Lisboa;Apartments
12900;T3;740 000,00 €;149;Porto;Apartments
12901;T1;179 500,00 €;62;Lisboa;Apartments
12902;T2;315 000,00 €;125.28;Faro;Apartments
12903;T3;895 000,00 €;153;Lisboa;Apartments
12904;T1;175 000,00 €;47;Porto;Apartments
12905;T3;397 000,00 €;140;Porto;Apartments
12906;T3;299 000,00 €;103;Porto;Apartments
12907;T5;4 500 000,00 €;360;Lisboa;Apartments
12908;T4;674 000,00 €;150;Porto;Apartments
12909;T3;430 350,00 €;123;Porto;Apartments
1291;T3;599 000,00 €;161;Porto;Apartments
12910;T3;425 200,00 €;123;Porto;Apartments
12911;T3;414 800,00 €;123;Porto;Apartments
12912;T0;249 000,00 €;44.40;Coimbra;Apartments
12913;T1;249 000,00 €;45.60;Coimbra;Apartments
12914;T1;269 000,00 €;45.30;Coimbra;Apartments
12915;T0;219 000,00 €;44.40;Coimbra;Apartments
12916;T1;219 000,00 €;45.60;Coimbra;Apartments
12917;T3;340 000,00 €;120;Set??bal;Apartments
12918;T3;840 000,00 €;229.82;Porto;Apartments
12919;T1;435 000,00 €;86;Ilha da Madeira;Apartments
1292;T1;340 000,00 €;74;Porto;Apartments
12920;T3;335 000,00 €;193;Braga;Apartments
12921;T0;247 500,00 €;37;Porto;Apartments
12922;T1;177 000,00 €;90;Ilha da Madeira;Apartments
12923;T3;275 000,00 €;110;Porto;Apartments
12925;T2;197 500,00 €;103;Porto;Apartments
12927;T2;135 000,00 €;100;Braga;Apartments
12929;T1;289 900,00 €;34;Lisboa;Apartments
1293;T2;191 849,00 €;78;Porto;Apartments
12930;T3;340 000,00 €;124;Braga;Apartments
12931;T2;195 000,00 €;74;Lisboa;Apartments
12933;T3;433 500,00 €;144.50;Porto;Apartments
12934;T3;440 000,00 €;144.50;Porto;Apartments
12935;T3;420 000,00 €;144.50;Porto;Apartments
12936;T1;295 900,00 €;60;Lisboa;Apartments
12937;T2;448 000,00 €;105.20;Ilha da Madeira;Apartments
12938;T3;749 000,00 €;152.40;Lisboa;Apartments
12939;T4;1 680 000,00 €;221;Lisboa;Apartments
1294;T2;190 063,00 €;78;Porto;Apartments
12940;T4;410 000,00 €;150.50;Porto;Apartments
12942;T2;390 000,00 €;91;Set??bal;Apartments
12943;T3;540 000,00 €;126;Porto;Apartments
12944;T4;449 000,00 €;123.60;Lisboa;Apartments
12946;T2;580 000,00 €;100.18;Lisboa;Apartments
12947;T3;252 000,00 €;116;Faro;Apartments
12948;T3;1 310 000,00 €;173;Porto;Apartments
12949;T1;845 000,00 €;68;Lisboa;Apartments
1295;T2;190 154,00 €;78;Porto;Apartments
12950;T2;149 900,00 €;73.16;Set??bal;Apartments
12951;T2;189 000,00 €;62;Lisboa;Apartments
12957;T3;262 500,00 €;138;Coimbra;Apartments
12958;T3;424 480,00 €;132.65;Aveiro;Apartments
12959;T2;165 000,00 €;65;Set??bal;Apartments
1296;T3;95 000,00 €;93;Coimbra;Apartments
12960;T2;315 000,00 €;78;Faro;Apartments
12961;T3;395 000,00 €;138;Coimbra;Apartments
12962;T2;120 000,00 €;94;Porto;Apartments
12963;T1;214 900,00 €;125.60;Lisboa;Apartments
12964;T4;1 150 000,00 €;305.47;Porto;Apartments
12965;T1;299 000,00 €;68;Faro;Apartments
12966;T4;770 000,00 €;158.12;Lisboa;Apartments
12967;T2;360 000,00 €;117.50;Porto;Apartments
12968;T2;350 000,00 €;117.50;Porto;Apartments
12969;T2;340 000,00 €;117.50;Porto;Apartments
1297;T2;280 000,00 €;105.09;Set??bal;Apartments
12970;T2;290 000,00 €;100;Porto;Apartments
12971;T2;590 000,00 €;151;Porto;Apartments
12972;T2;335 000,00 €;113;Porto;Apartments
12973;T4;320 000,00 €;176;Lisboa;Apartments
12974;T1;289 900,00 €;33.68;Lisboa;Apartments
12975;T2;259 000,00 €;104;Porto;Apartments
12976;T3;265 000,00 €;142;Coimbra;Apartments
12977;T2;159 000,00 €;62;Lisboa;Apartments
12978;T1;285 000,00 €;52;Lisboa;Apartments
12979;T3;580 000,00 €;139;Porto;Apartments
1298;T2;330 000,00 €;81;Lisboa;Apartments
12980;T2;358 000,00 €;226;Porto;Apartments
12981;T1;300 000,00 €;74;Porto;Apartments
12982;T3;259 000,00 €;100;Porto;Apartments
12984;T3;515 000,00 €;115;Set??bal;Apartments
12985;T3;1 215 000,00 €;155;Porto;Apartments
12989;T2;440 000,00 €;125;Porto;Apartments
12990;T3;399 000,00 €;74;Lisboa;Apartments
12991;T4;576 000,00 €;166;Porto;Apartments
12992;T3;165 000,00 €;114;Aveiro;Apartments
12995;T3;262 000,00 €;116.39;Porto;Apartments
12996;T3;255 000,00 €;116.79;Porto;Apartments
12997;T2;220 000,00 €;73.44;Porto;Apartments
12998;T3;265 000,00 €;110.49;Porto;Apartments
12999;T2;220 000,00 €;73.44;Porto;Apartments
13;T1;199 000,00 €;87.28;Faro;Apartments
1300;T3;245 000,00 €;132;Porto;Apartments
13000;T3;255 000,00 €;110.49;Porto;Apartments
13001;T2;159 000,00 €;68;Faro;Apartments
13002;T3;450 000,00 €;159;Faro;Apartments
13003;T3;1 573 200,00 €;184.40;Lisboa;Apartments
13004;T4;970 000,00 €;138.50;Lisboa;Apartments
13005;T3;1 207 500,00 €;139.70;Lisboa;Apartments
13006;T3;1 350 000,00 €;198.20;Lisboa;Apartments
13007;T3;340 000,00 €;152;Braga;Apartments
13008;T4;911 000,00 €;138.50;Lisboa;Apartments
13009;T4;1 085 700,00 €;138.90;Lisboa;Apartments
1301;T4;560 000,00 €;177;Faro;Apartments
13010;T2;485 520,00 €;73.71;Lisboa;Apartments
13011;T3;180 000,00 €;117.80;Coimbra;Apartments
13012;T2;1 100 500,00 €;140.90;Faro;Apartments
13013;T1;337 500,00 €;99.25;Faro;Apartments
13014;T2;492 500,00 €;139.60;Faro;Apartments
13015;T2;585 000,00 €;78.53;Lisboa;Apartments
13016;T2;585 000,00 €;78.53;Lisboa;Apartments
13017;T2;575 000,00 €;78.53;Lisboa;Apartments
13018;T2;565 000,00 €;78.53;Lisboa;Apartments
13019;T2;565 000,00 €;78.53;Lisboa;Apartments
1302;T4;580 000,00 €;141;Porto;Apartments
13020;T2;630 000,00 €;79.26;Lisboa;Apartments
13021;T2;760 000,00 €;99.43;Lisboa;Apartments
13022;T2;620 000,00 €;79.26;Lisboa;Apartments
13023;T1;459 000,00 €;59.87;Lisboa;Apartments
13024;T1;469 000,00 €;62.93;Lisboa;Apartments
13025;T1;449 000,00 €;59.87;Lisboa;Apartments
13026;T1;459 000,00 €;62.93;Lisboa;Apartments
13027;T1;439 000,00 €;59.87;Lisboa;Apartments
13028;T1;449 000,00 €;62.89;Lisboa;Apartments
13029;T1;479 000,00 €;62.93;Lisboa;Apartments
1303;T4;890 000,00 €;232;Porto;Apartments
13030;T1;418 000,00 €;52.64;Lisboa;Apartments
13031;T1;490 000,00 €;62.93;Lisboa;Apartments
13032;T1;469 000,00 €;59.87;Lisboa;Apartments
13033;T1;393 000,00 €;51.64;Lisboa;Apartments
13034;T4;2 400 000,00 €;227.55;Lisboa;Apartments
13035;T4;1 390 000,00 €;183.51;Lisboa;Apartments
13036;T4;1 435 000,00 €;183.51;Lisboa;Apartments
13037;T4;1 420 000,00 €;183.51;Lisboa;Apartments
13038;T4;1 405 000,00 €;183.51;Lisboa;Apartments
13039;T2;595 000,00 €;78.53;Lisboa;Apartments
1304;T2;155 000,00 €;82;Braga;Apartments
13040;T2;595 000,00 €;78.53;Lisboa;Apartments
13041;T2;575 000,00 €;78.53;Lisboa;Apartments
13042;T2;610 000,00 €;79.26;Lisboa;Apartments
13043;T2;790 000,00 €;99.43;Lisboa;Apartments
13044;T2;650 000,00 €;79.26;Lisboa;Apartments
13045;T2;650 000,00 €;79.26;Lisboa;Apartments
13046;T2;780 000,00 €;99.43;Lisboa;Apartments
13047;T2;640 000,00 €;79.26;Lisboa;Apartments
13048;T2;640 000,00 €;79.26;Lisboa;Apartments
13049;T2;770 000,00 €;99.43;Lisboa;Apartments
13050;T2;630 000,00 €;79.26;Lisboa;Apartments
13051;T2;620 000,00 €;79.26;Lisboa;Apartments
13052;T2;750 000,00 €;99.43;Lisboa;Apartments
13053;T2;610 000,00 €;79.26;Lisboa;Apartments
13054;T2;530 000,00 €;74.79;Lisboa;Apartments
13055;T4;1 375 000,00 €;183.51;Lisboa;Apartments
13056;T0;403 000,00 €;50.70;Lisboa;Apartments
13057;T0;398 000,00 €;50.70;Lisboa;Apartments
13058;T0;388 000,00 €;50.70;Lisboa;Apartments
13059;T0;383 000,00 €;50.70;Lisboa;Apartments
1306;T3;625 000,00 €;123;Faro;Apartments
13060;T1;191 000,00 €;44;Leiria;Apartments
13061;T3;350 000,00 €;120;Lisboa;Apartments
13062;T3;350 000,00 €;120;Lisboa;Apartments
13063;T0;165 000,00 €;40;Porto;Apartments
13064;T4;598 500,00 €;138;Lisboa;Apartments
13065;T3;850 000,00 €;168.10;Porto;Apartments
13066;T2;703 000,00 €;78;Lisboa;Apartments
13067;T3;805 035,00 €;122.49;Lisboa;Apartments
13068;T3;545 000,00 €;139;Lisboa;Apartments
13069;T4;2 425 000,00 €;281.70;Lisboa;Apartments
1307;T3;600 000,00 €;123;Faro;Apartments
13070;T1;467 000,00 €;48;Lisboa;Apartments
13071;T4;319 500,00 €;140;Lisboa;Apartments
13072;T4;460 000,00 €;193;Porto;Apartments
13073;T2;350 000,00 €;120;Porto;Apartments
13074;T2;275 000,00 €;70;Lisboa;Apartments
13076;T2;220 000,00 €;73;Porto;Apartments
13077;T2;270 000,00 €;103;Set??bal;Apartments
13078;T4;460 000,00 €;160;Porto;Apartments
13079;T2;244 900,00 €;76;Faro;Apartments
1308;T3;305 000,00 €;174;Santar?©m;Apartments
13080;T3;1 300 000,00 €;257;Porto;Apartments
13084;T3;505 000,00 €;98.75;Faro;Apartments
13085;T2;480 000,00 €;133.95;Faro;Apartments
13086;T1;289 900,00 €;45;Lisboa;Apartments
13087;T4;215 000,00 €;100;Set??bal;Apartments
13088;T1;289 900,00 €;37.50;Lisboa;Apartments
13089;T2;286 500,00 €;99.50;Porto;Apartments
1309;T2;550 000,00 €;95;Faro;Apartments
13090;T2;220 000,00 €;81;Faro;Apartments
13091;T3;375 000,00 €;140;Porto;Apartments
13092;T2;282 000,00 €;99.50;Porto;Apartments
13093;T2;225 000,00 €;79;Set??bal;Apartments
13094;T2;400 680,00 €;95.40;Porto;Apartments
13095;T2;400 680,00 €;95.40;Porto;Apartments
13096;T2;463 680,00 €;110.40;Porto;Apartments
13097;T2;463 680,00 €;110.40;Porto;Apartments
13098;T2;471 030,00 €;110.40;Porto;Apartments
13099;T2;400 680,00 €;95.40;Porto;Apartments
131;T2;418 000,00 €;91.20;Porto;Apartments
13100;T1;322 560,00 €;76.80;Porto;Apartments
13102;T1;215 000,00 €;55;Porto;Apartments
13103;T3;195 000,00 €;131;Santar?©m;Apartments
13104;T1;182 500,00 €;48;Faro;Apartments
13105;T3;360 000,00 €;128;Porto;Apartments
13106;T3;357 000,00 €;125;Porto;Apartments
13107;T2;270 000,00 €;79;Porto;Apartments
13108;T3;195 000,00 €;107;Porto;Apartments
13109;T2;295 000,00 €;79;Porto;Apartments
1311;T3;220 000,00 €;145;Faro;Apartments
13110;T1;187 000,00 €;59;Porto;Apartments
13111;T2;185 000,00 €;99.60;Coimbra;Apartments
13112;T3;340 000,00 €;120;Lisboa;Apartments
13113;T3;320 000,00 €;154;Porto;Apartments
13114;T1;175 000,00 €;59;Porto;Apartments
13115;T3;470 000,00 €;2 000;Ilha da Madeira;Apartments
13116;T2;350 000,00 €;2 000;Ilha da Madeira;Apartments
13117;T3;460 000,00 €;2 000;Ilha da Madeira;Apartments
13118;T2;420 000,00 €;248;Ilha da Madeira;Apartments
13119;T2;175 000,00 €;62;Coimbra;Apartments
1312;T2;320 000,00 €;98;Faro;Apartments
13120;T3;360 000,00 €;115;Lisboa;Apartments
13121;T3;330 000,00 €;115;Lisboa;Apartments
13122;T3;350 000,00 €;120;Lisboa;Apartments
13123;T5;690 000,00 €;270;Set??bal;Apartments
13124;T3;1 023 000,00 €;141.70;Lisboa;Apartments
13125;T1;192 500,00 €;67.20;Leiria;Apartments
13126;T1;235 000,00 €;84;Porto;Apartments
13127;T3;210 000,00 €;91;Lisboa;Apartments
13129;T3;340 000,00 €;123;Set??bal;Apartments
13130;T1;249 500,00 €;58;Viana do Castelo;Apartments
13131;T2;215 000,00 €;71;Faro;Apartments
13132;T2;259 800,00 €;70;Lisboa;Apartments
13133;T2;215 000,00 €;108.20;Aveiro;Apartments
13134;T1;197 000,00 €;50;Porto;Apartments
13135;T3;450 000,00 €;110;Faro;Apartments
13136;T2;474 300,00 €;73.71;Lisboa;Apartments
13137;T3;300 000,00 €;133;Coimbra;Apartments
13138;T3;1 199 000,00 €;145;Lisboa;Apartments
13139;T2;169 200,00 €;93;Aveiro;Apartments
13140;T2;780 000,00 €;115.95;Lisboa;Apartments
13141;T2;215 000,00 €;69.90;Set??bal;Apartments
13142;T2;215 000,00 €;66.70;Set??bal;Apartments
13143;T1;160 000,00 €;50;Faro;Apartments
13144;T4;250 000,00 €;97;Porto;Apartments
13145;T3;460 000,00 €;159;Faro;Apartments
13146;T3;176 000,00 €;127;Leiria;Apartments
13147;T3;470 000,00 €;159;Faro;Apartments
13148;T2;370 000,00 €;122;Lisboa;Apartments
13149;T3;695 000,00 €;141;Lisboa;Apartments
1315;T3;575 000,00 €;123;Faro;Apartments
13150;T2;975 000,00 €;160;Porto;Apartments
13151;T3;895 000,00 €;154;Lisboa;Apartments
13152;T1;454 000,00 €;48;Lisboa;Apartments
13153;T2;750 000,00 €;93;Lisboa;Apartments
13154;T1;8 000,00 €;70;Faro;Apartments
13155;T4;749 900,00 €;120;Lisboa;Apartments
13156;T3;435 000,00 €;136;Lisboa;Apartments
13157;T3;229 500,00 €;73;Lisboa;Apartments
1316;T4;350 000,00 €;161;Santar?©m;Apartments
13161;T2;200 000,00 €;99.80;Aveiro;Apartments
13162;T2;680 000,00 €;103.20;Faro;Apartments
13163;T2;650 000,00 €;103.20;Faro;Apartments
13164;T2;655 000,00 €;91.30;Faro;Apartments
1317;T4;340 000,00 €;152;Santar?©m;Apartments
13170;T3;237 500,00 €;123;Coimbra;Apartments
13171;T3;350 000,00 €;115;Lisboa;Apartments
13172;T3;340 000,00 €;115;Lisboa;Apartments
13173;T2;850 000,00 €;109;Lisboa;Apartments
13174;T3;1 950 000,00 €;397;Porto;Apartments
13175;T2;825 000,00 €;86;Lisboa;Apartments
13176;T3;510 000,00 €;227;Faro;Apartments
13177;T3;265 000,00 €;127.97;Faro;Apartments
13178;T3;510 000,00 €;159;Faro;Apartments
13179;T2;290 000,00 €;83;Faro;Apartments
1318;T4;350 000,00 €;183;Santar?©m;Apartments
13180;T2;430 000,00 €;98.04;Aveiro;Apartments
13181;T3;360 000,00 €;115;Lisboa;Apartments
13182;T3;1 280 000,00 €;121;Lisboa;Apartments
13183;T3;970 000,00 €;133;Lisboa;Apartments
13184;T3;985 000,00 €;133;Lisboa;Apartments
13185;T3;350 000,00 €;107.50;Lisboa;Apartments
13186;T3;350 000,00 €;111.30;Lisboa;Apartments
13187;T2;475 000,00 €;87.40;Faro;Apartments
13188;T3;199 500,00 €;140;Aveiro;Apartments
13189;T3;325 000,00 €;125;Braga;Apartments
1319;T4;739 990,00 €;180;Lisboa;Apartments
13190;T4;259 000,00 €;137.46;Aveiro;Apartments
13191;T4;1 060 000,00 €;175;Faro;Apartments
13192;T4;1 028 000,00 €;175;Faro;Apartments
13193;T2;455 000,00 €;149;Faro;Apartments
13194;T2;455 000,00 €;134;Faro;Apartments
13195;T3;651 000,00 €;148;Faro;Apartments
13196;T2;445 000,00 €;129;Faro;Apartments
13197;T3;641 000,00 €;148;Faro;Apartments
13198;T3;598 000,00 €;148;Faro;Apartments
13199;T2;434 000,00 €;84;Faro;Apartments
132;T2;892 500,00 €;113;Lisboa;Apartments
1320;T2;209 000,00 €;86;Lisboa;Apartments
13200;T2;434 000,00 €;100;Faro;Apartments
13201;T3;588 000,00 €;148;Faro;Apartments
13202;T2;424 000,00 €;100;Faro;Apartments
13203;T2;418 000,00 €;100;Faro;Apartments
13204;T3;614 000,00 €;146;Faro;Apartments
13205;T3;577 000,00 €;146;Faro;Apartments
13206;T4;694 000,00 €;160;Faro;Apartments
13207;T2;413 000,00 €;100.48;Faro;Apartments
13208;T3;330 000,00 €;128.50;Braga;Apartments
13209;T0;80 152,95 €;15;Braga;Apartments
1321;T5;2 500 000,00 €;251.73;Lisboa;Apartments
13210;T2;159 900,00 €;72;Leiria;Apartments
13211;T2;285 000,00 €;80.64;Porto;Apartments
13212;T2;728 000,00 €;93;Lisboa;Apartments
13213;T3;1 038 000,00 €;121;Lisboa;Apartments
13214;T2;339 900,00 €;84.23;Set??bal;Apartments
13215;T3;450 000,00 €;128;Porto;Apartments
13216;T0;250 000,00 €;38.40;Porto;Apartments
13217;T3;1 500 000,00 €;164;Porto;Apartments
13218;T3;695 000,00 €;169.95;Porto;Apartments
13219;T2;517 140,00 €;74.21;Lisboa;Apartments
1322;T1;195 000,00 €;127;Santar?©m;Apartments
13220;T2;507 960,00 €;74.21;Lisboa;Apartments
13221;T2;489 600,00 €;75.27;Lisboa;Apartments
13222;T2;502 860,00 €;73.71;Lisboa;Apartments
13223;T2;464 100,00 €;73.71;Lisboa;Apartments
13224;T2;474 300,00 €;73.71;Lisboa;Apartments
13225;T2;449 820,00 €;69.63;Lisboa;Apartments
13226;T2;462 060,00 €;70.61;Lisboa;Apartments
13227;T2;467 160,00 €;71.24;Lisboa;Apartments
13228;T2;503 880,00 €;70.77;Lisboa;Apartments
13229;T2;471 240,00 €;78.69;Lisboa;Apartments
1323;T2;280 900,00 €;73.50;Porto;Apartments
13230;T2;440 640,00 €;72.54;Lisboa;Apartments
13231;T2;476 340,00 €;75.27;Lisboa;Apartments
13232;T2;453 900,00 €;75.89;Lisboa;Apartments
13233;T2;484 500,00 €;75.27;Lisboa;Apartments
13234;T3;1 100 000,00 €;190;Porto;Apartments
13235;T4;2 120 000,00 €;219.40;Lisboa;Apartments
13236;T1;350 000,00 €;61;Lisboa;Apartments
13237;T3;936 000,00 €;156;Lisboa;Apartments
13238;T2;630 000,00 €;89.50;Lisboa;Apartments
13239;T2;772 000,00 €;98;Lisboa;Apartments
1324;T3;289 500,00 €;138;Porto;Apartments
13240;T3;1 237 000,00 €;125;Lisboa;Apartments
13241;T3;764 900,00 €;158;Porto;Apartments
13242;T3;695 000,00 €;141.20;Lisboa;Apartments
13243;T2;285 000,00 €;104;Faro;Apartments
13246;T3;350 000,00 €;122;Aveiro;Apartments
13247;T4;1 990 000,00 €;285;Lisboa;Apartments
1325;T1;185 000,00 €;60;Porto;Apartments
13250;T2;315 000,00 €;140;Faro;Apartments
13251;T3;400 000,00 €;145;Porto;Apartments
13254;T3;379 000,00 €;110;Lisboa;Apartments
13255;T1;192 000,00 €;67.11;Braga;Apartments
13256;T1;197 500,00 €;64.08;Braga;Apartments
13257;T1;197 500,00 €;63.80;Braga;Apartments
13258;T1;200 000,00 €;64.08;Braga;Apartments
13259;T1;202 240,00 €;64.08;Braga;Apartments
1326;T2;199 950,00 €;74;Lisboa;Apartments
13260;T1;194 000,00 €;62;Braga;Apartments
13261;T1;210 000,00 €;67.11;Braga;Apartments
13262;T1;200 000,00 €;63.80;Braga;Apartments
13263;T1;200 000,00 €;64.08;Braga;Apartments
13264;T1;195 000,00 €;62;Braga;Apartments
13265;T1;202 000,00 €;64.30;Braga;Apartments
13266;T1;203 000,00 €;64.08;Braga;Apartments
13267;T1;210 000,00 €;67.11;Braga;Apartments
13268;T1;203 000,00 €;64.08;Braga;Apartments
13269;T1;201 400,00 €;63.80;Braga;Apartments
1327;T5;1 398 000,00 €;296;Porto;Apartments
13270;T1;203 000,00 €;64.30;Braga;Apartments
13271;T1;205 000,00 €;64.08;Braga;Apartments
13272;T1;205 000,00 €;64.08;Braga;Apartments
13273;T3;309 500,00 €;95;Set??bal;Apartments
13274;T3;129 500,00 €;109;Santar?©m;Apartments
13275;T3;641 900,00 €;131;Lisboa;Apartments
13276;T5;1 100 000,00 €;261;Lisboa;Apartments
13277;T4;2 500 000,00 €;550.94;Ilha da Madeira;Apartments
13279;T1;180 000,00 €;50;Coimbra;Apartments
1328;T3;356 000,00 €;115.80;Porto;Apartments
13280;T3;320 000,00 €;148;Porto;Apartments
13281;T2;195 000,00 €;91;Porto;Apartments
13282;T4;350 000,00 €;151.30;Porto;Apartments
13283;T4;675 000,00 €;175;Lisboa;Apartments
13284;T0;149 900,00 €;34;Faro;Apartments
13285;T1;310 000,00 €;60.60;Lisboa;Apartments
13286;T2;290 000,00 €;78.60;Faro;Apartments
13287;T3;485 000,00 €;187;Set??bal;Apartments
13288;T3;465 000,00 €;169;Set??bal;Apartments
13289;T3;370 000,00 €;125;Set??bal;Apartments
13290;T3;365 000,00 €;125;Set??bal;Apartments
13291;T3;360 000,00 €;125;Set??bal;Apartments
13292;T3;189 000,00 €;105;Porto;Apartments
13293;T2;249 417,00 €;79;Porto;Apartments
13294;T3;775 000,00 €;100;Lisboa;Apartments
13295;T3;270 000,00 €;99.20;Leiria;Apartments
13296;T1;349 500,00 €;63.40;Faro;Apartments
13297;T2;230 000,00 €;53;Porto;Apartments
13298;T2;290 000,00 €;85;Set??bal;Apartments
13299;T3;340 000,00 €;100;Set??bal;Apartments
133;T2;300 000,00 €;75;Faro;Apartments
1330;T3;490 000,00 €;108;Lisboa;Apartments
13300;T3;335 000,00 €;100;Set??bal;Apartments
13301;T3;365 000,00 €;100;Set??bal;Apartments
13302;T3;385 000,00 €;136;Set??bal;Apartments
13303;T3;345 000,00 €;100;Set??bal;Apartments
13304;T2;225 000,00 €;87;Porto;Apartments
13305;T3;275 000,00 €;72.75;Lisboa;Apartments
13306;T3;370 000,00 €;109.80;Aveiro;Apartments
13307;T3;795 000,00 €;130;Lisboa;Apartments
13308;T3;255 000,00 €;96;Lisboa;Apartments
13309;T3;304 500,00 €;136.70;Faro;Apartments
1331;T2;199 000,00 €;45;Lisboa;Apartments
13310;T3;300 000,00 €;135.75;Faro;Apartments
13312;T3;217 500,00 €;156;Set??bal;Apartments
13313;T3;179 900,00 €;125;Braga;Apartments
13314;T3;445 000,00 €;113;Lisboa;Apartments
13315;T3;135 000,00 €;104;Santar?©m;Apartments
13317;T3;509 000,00 €;91;Lisboa;Apartments
13318;T2;325 000,00 €;92;Porto;Apartments
13319;T1;255 000,00 €;63.75;Porto;Apartments
1332;T2;410 000,00 €;103.94;Porto;Apartments
13320;T2;295 000,00 €;81;Porto;Apartments
13321;T4;2 100 000,00 €;251.01;Porto;Apartments
13322;T2;227 500,00 €;48;Porto;Apartments
13323;T4;2 250 000,00 €;400;Porto;Apartments
13324;T2;165 000,00 €;65.02;Set??bal;Apartments
13325;T3;169 000,00 €;110;Coimbra;Apartments
13326;T4;555 000,00 €;159;Porto;Apartments
13327;T5;349 900,00 €;145;Set??bal;Apartments
13328;T2;130 000,00 €;78.80;Set??bal;Apartments
13329;T4;550 000,00 €;223;Set??bal;Apartments
1333;T3;480 000,00 €;158;Porto;Apartments
13330;T3;252 500,00 €;124;Porto;Apartments
13331;T3;400 000,00 €;145;Porto;Apartments
13332;T4;780 000,00 €;209;Porto;Apartments
13333;T3;370 000,00 €;109.80;Aveiro;Apartments
13334;T0;175 000,00 €;28;Porto;Apartments
13335;T3;585 000,00 €;147.50;Aveiro;Apartments
13336;T1;125 500,00 €;40;Porto;Apartments
13337;T2;170 000,00 €;55;Lisboa;Apartments
13338;T4;2 100 000,00 €;311;Lisboa;Apartments
13339;T0;205 000,00 €;39;Faro;Apartments
1334;T4;260 000,00 €;104;Faro;Apartments
13340;T2;289 900,00 €;86;Porto;Apartments
13341;T4;357 500,00 €;124;Set??bal;Apartments
13342;T3;315 000,00 €;125;Set??bal;Apartments
13343;T2;237 000,00 €;86;Set??bal;Apartments
13344;T1;212 000,00 €;77;Set??bal;Apartments
13345;T1;255 000,00 €;79;Coimbra;Apartments
13346;T1;205 000,00 €;50;Coimbra;Apartments
13347;T4;950 000,00 €;175;Aveiro;Apartments
13348;T3;1 395 000,00 €;162;Lisboa;Apartments
13349;T2;115 000,00 €;69.75;Set??bal;Apartments
1335;T1;180 000,00 €;45;Porto;Apartments
13350;T0;299 900,00 €;63;Lisboa;Apartments
13351;T4;339 500,00 €;192;Lisboa;Apartments
13352;T2;250 000,00 €;76.20;Porto;Apartments
13353;T2;179 900,00 €;88.30;Aveiro;Apartments
13354;T3;119 500,00 €;110;Santar?©m;Apartments
13355;T3;490 000,00 €;151;Porto;Apartments
13356;T3;330 000,00 €;137;Porto;Apartments
13357;T2;310 000,00 €;78.30;Porto;Apartments
13358;T2;480 000,00 €;105;Porto;Apartments
13359;T2;205 000,00 €;84;Porto;Apartments
1336;T3;249 000,00 €;100;Faro;Apartments
13360;T1;149 500,00 €;39;Leiria;Apartments
13361;T2;499 000,00 €;122;Porto;Apartments
13362;T3;299 900,00 €;160;Braga;Apartments
13363;T2;260 000,00 €;114.90;Porto;Apartments
13364;T2;388 000,00 €;107.87;Set??bal;Apartments
13365;T2;245 000,00 €;76;Porto;Apartments
13366;T3;162 000,00 €;90;Porto;Apartments
13367;T2;545 000,00 €;97.58;Porto;Apartments
13368;T2;245 000,00 €;76;Porto;Apartments
13369;T4;674 000,00 €;150;Porto;Apartments
1337;T0;310 000,00 €;40;Lisboa;Apartments
13370;T1;240 000,00 €;90;Porto;Apartments
13371;T3;1 250 000,00 €;182;Porto;Apartments
13372;T3;650 000,00 €;128;Porto;Apartments
13374;T3;400 000,00 €;123.27;Porto;Apartments
13375;T2;175 000,00 €;74;Porto;Apartments
13376;T2;139 000,00 €;78;Porto;Apartments
13377;T4;540 000,00 €;129.50;Lisboa;Apartments
13379;T4;350 000,00 €;223;Apartamento para comprar: Viseu;Apartments
1338;T1;575 000,00 €;78;Lisboa;Apartments
13380;T2;212 000,00 €;104;Braga;Apartments
13381;T6;498 000,00 €;184;Lisboa;Apartments
13383;T2;265 000,00 €;99;Porto;Apartments
13384;T3;619 000,00 €;147;Porto;Apartments
13385;T1;185 000,00 €;55;Faro;Apartments
13386;T2;490 000,00 €;137.50;Set??bal;Apartments
13387;T3;750 000,00 €;154;Set??bal;Apartments
13388;T2;450 000,00 €;99.40;Faro;Apartments
13389;T3;456 000,00 €;128.05;Porto;Apartments
13390;T3;515 000,00 €;114;Set??bal;Apartments
13391;T2;350 000,00 €;91;Aveiro;Apartments
13392;T1;315 000,00 €;77.10;Set??bal;Apartments
13393;T3;2 500 000,00 €;186.18;Lisboa;Apartments
13395;T2;405 000,00 €;107.80;Lisboa;Apartments
13396;T2;358 000,00 €;88;Set??bal;Apartments
13397;T2;320 000,00 €;99.59;Lisboa;Apartments
13398;T2;341 000,00 €;94.11;Porto;Apartments
13399;T3;1 690 000,00 €;287.80;Lisboa;Apartments
134;T2;365 000,00 €;99.22;Faro;Apartments
1340;T1;248 000,00 €;45.07;Porto;Apartments
13400;T3;575 000,00 €;129.05;Faro;Apartments
13401;T3;230 000,00 €;118;Viseu;Apartments
13402;T3;595 000,00 €;132;Porto;Apartments
13403;T2;269 000,00 €;71;Lisboa;Apartments
13404;T2;340 000,00 €;144;Leiria;Apartments
13405;T2;362 500,00 €;98.92;Set??bal;Apartments
13406;T2;225 000,00 €;66.10;Lisboa;Apartments
13407;T2;220 000,00 €;75;Aveiro;Apartments
13408;T3;630 000,00 €;148.40;Aveiro;Apartments
13409;T3;590 000,00 €;128;Lisboa;Apartments
1341;T1;175 500,00 €;54;Leiria;Apartments
13410;T3;249 000,00 €;118;Porto;Apartments
13411;T3;650 000,00 €;123.82;Lisboa;Apartments
13412;T2;318 000,00 €;92.01;Porto;Apartments
13413;T3;535 000,00 €;132.70;Lisboa;Apartments
13414;T2;400 000,00 €;107.80;Lisboa;Apartments
13415;T3;395 000,00 €;105.28;Lisboa;Apartments
13416;T4;442 000,00 €;162.05;Faro;Apartments
13417;T2;295 000,00 €;84.09;Lisboa;Apartments
13418;T3;447 000,00 €;128.05;Porto;Apartments
13419;T4;780 000,00 €;253.69;Lisboa;Apartments
1342;T2;195 000,00 €;70;Lisboa;Apartments
13420;T4;270 000,00 €;114.10;Porto;Apartments
13421;T3;289 000,00 €;180;Porto;Apartments
13422;T3;245 000,00 €;126;Set??bal;Apartments
13423;T1;270 000,00 €;63;Faro;Apartments
13424;T4;480 000,00 €;183;Aveiro;Apartments
13425;T3;336 000,00 €;150;Aveiro;Apartments
13426;T4;445 000,00 €;220;Lisboa;Apartments
13428;T3;148 000,00 €;186;Coimbra;Apartments
13429;T4;229 000,00 €;102;Porto;Apartments
1343;T1;248 000,00 €;54.70;Porto;Apartments
13430;T3;750 000,00 €;166.55;Faro;Apartments
13431;T3;380 000,00 €;116;Set??bal;Apartments
13432;T3;185 000,00 €;87;Lisboa;Apartments
13433;T1;185 000,00 €;49;Porto;Apartments
13435;T3;878 000,00 €;187.47;Lisboa;Apartments
13436;T4;890 000,00 €;163.40;Porto;Apartments
13437;T3;175 000,00 €;120;Bragan?ßa;Apartments
13438;T2;299 000,00 €;45;Lisboa;Apartments
13439;T3;590 000,00 €;120;Lisboa;Apartments
1344;T2;263 000,00 €;85;Porto;Apartments
13440;T3;370 000,00 €;112.89;Set??bal;Apartments
13441;T2;575 000,00 €;102;Lisboa;Apartments
13442;T3;190 000,00 €;89.82;Set??bal;Apartments
13443;T3;530 000,00 €;115.90;Porto;Apartments
13444;T3;445 000,00 €;130;Lisboa;Apartments
13445;T2;900 000,00 €;141;Lisboa;Apartments
13446;T2;213 000,00 €;84;Lisboa;Apartments
13447;T2;480 000,00 €;113;Ilha da Madeira;Apartments
13448;T2;465 000,00 €;117;Ilha da Madeira;Apartments
13449;T2;505 000,00 €;113;Ilha da Madeira;Apartments
1345;T1;119 900,00 €;56;Set??bal;Apartments
13450;T2;440 000,00 €;117;Ilha da Madeira;Apartments
13451;T2;199 900,00 €;106;Porto;Apartments
13452;T2;455 000,00 €;117;Ilha da Madeira;Apartments
13453;T2;205 000,00 €;65.10;Porto;Apartments
13455;T2;235 000,00 €;102;Lisboa;Apartments
13456;T2; Pre?ßosobconsulta ;90;Porto;Apartments
13457;T2;780 000,00 €;93.93;Lisboa;Apartments
13458;T1;399 000,00 €;44.24;Lisboa;Apartments
13459;T3;399 900,00 €;67;Lisboa;Apartments
1346;T1;235 000,00 €;52;Porto;Apartments
13460;T2;495 000,00 €;108;Ilha da Madeira;Apartments
13461;T2;250 000,00 €;70;Porto;Apartments
13462;T3;185 000,00 €;100;Porto;Apartments
13463;T3;215 000,00 €;134.40;Porto;Apartments
13464;T3;199 900,00 €;105;Braga;Apartments
13465;T3;235 000,00 €;83;Faro;Apartments
13466;T3;285 000,00 €;113;Porto;Apartments
13467;T1;273 252,00 €;81;Faro;Apartments
13468;T1;411 180,00 €;137;Faro;Apartments
13469;T1;409 206,00 €;132;Faro;Apartments
1347;T1;259 000,00 €;60.71;Porto;Apartments
13470;T1;394 632,00 €;128;Faro;Apartments
13471;T1;398 706,00 €;132;Faro;Apartments
13472;T1;386 232,00 €;128;Faro;Apartments
13473;T1;394 548,00 €;132;Faro;Apartments
13474;T1;383 460,00 €;128;Faro;Apartments
13475;T3;195 000,00 €;85;Porto;Apartments
13476;T3;310 000,00 €;119;Set??bal;Apartments
13477;T3;299 900,00 €;111;Porto;Apartments
13478;T2;425 041,00 €;85;Porto;Apartments
13479;T3;662 356,00 €;130;Porto;Apartments
1348;T1;236 000,00 €;43.75;Porto;Apartments
13480;T2;408 512,00 €;90;Porto;Apartments
13481;T2;410 000,00 €;83;Lisboa;Apartments
13482;T4;899 000,00 €;167;Lisboa;Apartments
13483;T2;315 000,00 €;107;Ilha da Madeira;Apartments
13484;T2;750 000,00 €;108;Porto;Apartments
13485;T2;275 000,00 €;100;Porto;Apartments
13486;T3;230 000,00 €;63;Lisboa;Apartments
13487;T2;440 000,00 €;109;Porto;Apartments
13488;T3;539 000,00 €;127;Lisboa;Apartments
13489;T3;340 000,00 €;106.80;Porto;Apartments
1349;T4;780 000,00 €;183.45;Porto;Apartments
13490;T3;220 000,00 €;113.06;Braga;Apartments
13491;T0;260 000,00 €;105;Braga;Apartments
13492;T2;240 000,00 €;135;Braga;Apartments
13493;T3;235 000,00 €;125.13;Braga;Apartments
13494;T1;205 000,00 €;66;Porto;Apartments
13495;T2;228 000,00 €;101;Porto;Apartments
13496;T2;198 000,00 €;84;Porto;Apartments
13497;T3;159 000,00 €;87;Lisboa;Apartments
13498;T1;495 000,00 €;47;Lisboa;Apartments
13499;T5;425 000,00 €;171;Set??bal;Apartments
135;T1;260 000,00 €;61;Faro;Apartments
1350;T3;445 000,00 €;134;Lisboa;Apartments
13500;T3;390 000,00 €;85;Set??bal;Apartments
13501;T4;850 000,00 €;117;Lisboa;Apartments
13502;T3;350 000,00 €;101;Porto;Apartments
13503;T3;389 000,00 €;101;Porto;Apartments
13504;T2;305 000,00 €;82;Porto;Apartments
13505;T3;475 125,00 €;127;Porto;Apartments
13506;T3;382 000,00 €;101;Porto;Apartments
13507;T2;285 000,00 €;81;Porto;Apartments
13508;T3;355 000,00 €;101;Porto;Apartments
13509;T3;376 000,00 €;101;Porto;Apartments
1351;T2;160 000,00 €;65;Lisboa;Apartments
13510;T3;464 625,00 €;127;Porto;Apartments
13511;T3;467 250,00 €;127;Porto;Apartments
13512;T3;456 750,00 €;127;Porto;Apartments
13513;T3;456 750,00 €;127;Porto;Apartments
13514;T2;318 000,00 €;83;Porto;Apartments
13515;T2;320 000,00 €;82;Porto;Apartments
13516;T2;299 000,00 €;82;Porto;Apartments
13517;T2;313 000,00 €;83;Porto;Apartments
13518;T2;295 000,00 €;80;Porto;Apartments
13519;T2;305 000,00 €;80;Porto;Apartments
1352;T3;195 000,00 €;95;Set??bal;Apartments
13520;T2;297 000,00 €;82;Porto;Apartments
13521;T2;325 000,00 €;83;Porto;Apartments
13522;T2;305 000,00 €;83;Porto;Apartments
13523;T2;310 000,00 €;82;Porto;Apartments
13524;T2;298 000,00 €;83;Porto;Apartments
13525;T2;315 000,00 €;83;Porto;Apartments
13526;T3;703 000,00 €;136;Ilha da Madeira;Apartments
13527;T3;650 000,00 €;173;Ilha da Madeira;Apartments
13528;T3;655 000,00 €;173;Ilha da Madeira;Apartments
13529;T4;1 100 000,00 €;181;Ilha da Madeira;Apartments
1353;T3;298 000,00 €;80;Lisboa;Apartments
13530;T3;635 000,00 €;151;Ilha da Madeira;Apartments
13531;T3;640 000,00 €;133;Ilha da Madeira;Apartments
13532;T4;1 400 000,00 €;343;Ilha da Madeira;Apartments
13533;T2;260 000,00 €;89;Ilha da Madeira;Apartments
13534;T2;485 000,00 €;141;Ilha da Madeira;Apartments
13535;T2;980 000,00 €;213;Ilha da Madeira;Apartments
13536;T2;256 000,00 €;96;Ilha da Madeira;Apartments
13537;T2;258 000,00 €;88;Ilha da Madeira;Apartments
13538;T2;260 000,00 €;96;Ilha da Madeira;Apartments
13539;T2;258 000,00 €;96;Ilha da Madeira;Apartments
1354;T3;245 000,00 €;103;Set??bal;Apartments
13540;T2;256 000,00 €;88;Ilha da Madeira;Apartments
13541;T2;256 000,00 €;92;Ilha da Madeira;Apartments
13542;T2;257 000,00 €;95;Ilha da Madeira;Apartments
13543;T2;258 000,00 €;92;Ilha da Madeira;Apartments
13544;T2;258 000,00 €;95;Ilha da Madeira;Apartments
13545;T2;257 000,00 €;87;Ilha da Madeira;Apartments
13546;T2;257 000,00 €;92;Ilha da Madeira;Apartments
13547;T4;815 000,00 €;128.83;Lisboa;Apartments
13548;T2;290 000,00 €;109;Porto;Apartments
13549;T2;297 500,00 €;64.23;Lisboa;Apartments
1355;T1;399 000,00 €;52;Lisboa;Apartments
13550;T2; Pre?ßosobconsulta ;63;Set??bal;Apartments
13552;T1;210 000,00 €;66;Leiria;Apartments
13553;T2;377 000,00 €;67;Lisboa;Apartments
13554;T3;420 000,00 €;173;Porto;Apartments
13555;T2;320 000,00 €;75;Porto;Apartments
13556;T1;415 000,00 €;66.15;Lisboa;Apartments
13557;T1;445 000,00 €;68.25;Lisboa;Apartments
13558;T1;120 000,00 €;53;Coimbra;Apartments
13559;T1;195 000,00 €;44;Porto;Apartments
1356;T3;450 000,00 €;133;Aveiro;Apartments
13560;T1;690 000,00 €;92;Lisboa;Apartments
13561;T2;460 000,00 €;101;Ilha da Madeira;Apartments
13562;T1;390 000,00 €;63;Ilha da Madeira;Apartments
13563;T1;205 000,00 €;44;Porto;Apartments
13564;T3;240 000,00 €;85;Lisboa;Apartments
13565;T2;147 000,00 €;105;Lisboa;Apartments
13566;T2;360 000,00 €;110;Ilha da Madeira;Apartments
13567;T3;698 000,00 €;117;Lisboa;Apartments
13568;T2;150 000,00 €;65;Set??bal;Apartments
13569;T3;395 000,00 €;96;Porto;Apartments
1357;T2;169 900,00 €;74;Set??bal;Apartments
13570;T2;310 000,00 €;87;Aveiro;Apartments
13571;T3;470 000,00 €;138;Aveiro;Apartments
13572;T3;338 000,00 €;75;Lisboa;Apartments
13573;T3;989 000,00 €;132;Lisboa;Apartments
13574;T6;675 000,00 €;260;Porto;Apartments
13575;T3;330 000,00 €;167;Viana do Castelo;Apartments
13576;T2;123 000,00 €;76;Braga;Apartments
13577;T3;448 000,00 €;132;Porto;Apartments
13578;T0;247 500,00 €;51;Porto;Apartments
13579;T0;230 000,00 €;49;Porto;Apartments
1358;T2;600 000,00 €;92;Lisboa;Apartments
13580;T1;149 000,00 €;35;Braga;Apartments
13581;T5;570 000,00 €;182;Porto;Apartments
13582;T0;175 000,00 €;330;Porto;Apartments
13583;T3;279 900,00 €;99;Set??bal;Apartments
13584;T2;225 000,00 €;100;Porto;Apartments
13585;T3;299 000,00 €;90;Porto;Apartments
13586;T3;269 000,00 €;75;Porto;Apartments
13587;T2;217 000,00 €;64;Porto;Apartments
13588;T2;895 000,00 €;145;Faro;Apartments
13589;T2;197 500,00 €;73.60;Set??bal;Apartments
1359;T2;250 000,00 €;73;Set??bal;Apartments
13590;T2;230 000,00 €;74.11;Castelo Branco;Apartments
13591;T2;300 000,00 €;83;Aveiro;Apartments
13592;T2;230 000,00 €;74.11;Castelo Branco;Apartments
13593;T2;300 000,00 €;83;Aveiro;Apartments
13594;T2;305 000,00 €;83;Aveiro;Apartments
13595;T2;365 000,00 €;93;Aveiro;Apartments
13596;T2;315 000,00 €;83;Aveiro;Apartments
13597;T3;365 000,00 €;103;Aveiro;Apartments
13598;T3;380 000,00 €;103;Aveiro;Apartments
13599;T2;320 000,00 €;87;Aveiro;Apartments
136;T4;1 415 000,00 €;218;Faro;Apartments
1360;T2;225 000,00 €;75;Porto;Apartments
13600;T3;375 000,00 €;103;Aveiro;Apartments
13601;T3;315 000,00 €;140;Set??bal;Apartments
13602;T2;425 000,00 €;79;Porto;Apartments
13603;T2;375 000,00 €;82.80;Lisboa;Apartments
13605;T4;1 095 000,00 €;215;Porto;Apartments
13607;T4;525 000,00 €;255;Castelo Branco;Apartments
13608;T2;285 000,00 €;57;Lisboa;Apartments
13609;T2;340 000,00 €;110;Ilha da Madeira;Apartments
1361;T3;270 000,00 €;126;Porto;Apartments
13610;T3;410 000,00 €;140;Ilha da Madeira;Apartments
13611;T2;155 000,00 €;95;Braga;Apartments
13612;T4;259 000,00 €;115;Porto;Apartments
13613;T2;85 000,00 €;67;Bragan?ßa;Apartments
13614;T3;85 000,00 €;94;Bragan?ßa;Apartments
13615;T2;440 000,00 €;128;Ilha da Madeira;Apartments
13616;T2;290 000,00 €;128;Porto;Apartments
13617;T4;4 300 000,00 €;274.10;Lisboa;Apartments
13619;T4;550 000,00 €;115;Lisboa;Apartments
1362;T2;157 500,00 €;57;Lisboa;Apartments
13620;T0;150 000,00 €;35.40;Porto;Apartments
13621;T1;270 000,00 €;65;Lisboa;Apartments
13622;T0;230 000,00 €;48;Porto;Apartments
13623;T3;595 000,00 €;40;Lisboa;Apartments
13624;T1;130 000,00 €;40;Set??bal;Apartments
13625;T2;179 000,00 €;67;Set??bal;Apartments
13626;T2;340 000,00 €;112;Set??bal;Apartments
13628;T2;240 000,00 €;39;Lisboa;Apartments
13629;T1;165 000,00 €;70;Porto;Apartments
1363;T4;980 000,00 €;236;Lisboa;Apartments
13630;T2;140 000,00 €;83;Santar?©m;Apartments
13631;T0;175 000,00 €;26.60;Ilha da Madeira;Apartments
13632;T1;360 000,00 €;64.90;Ilha da Madeira;Apartments
13633;T3;1 200 000,00 €;162;Lisboa;Apartments
13634;T3;230 000,00 €;59;Lisboa;Apartments
13635;T1;670 000,00 €;149.70;Lisboa;Apartments
13636;T0;425 000,00 €;80.83;Lisboa;Apartments
13637;T3;640 000,00 €;155;Porto;Apartments
13638;T2;372 000,00 €;74;Porto;Apartments
13639;T1;287 000,00 €;50;Porto;Apartments
1364;T3;229 800,00 €;109;Lisboa;Apartments
13640;T2;372 000,00 €;74;Porto;Apartments
13641;T1;287 000,00 €;50;Porto;Apartments
13643;T4;735 000,00 €;125;Lisboa;Apartments
13644;T2;290 000,00 €;97;Porto;Apartments
13645;T1;185 500,00 €;50.63;Braga;Apartments
13646;T1;185 500,00 €;50.63;Braga;Apartments
13647;T2;189 800,00 €;65;Lisboa;Apartments
13648;T2;265 000,00 €;81;Set??bal;Apartments
13649;T2;130 000,00 €;85;Aveiro;Apartments
1365;T2;799 000,00 €;158;Lisboa;Apartments
13650;T1;430 000,00 €;66.15;Lisboa;Apartments
13651;T1;398 000,00 €;66.15;Lisboa;Apartments
13652;T2;590 000,00 €;128.10;Lisboa;Apartments
13653;T2;170 000,00 €;61;Lisboa;Apartments
13654;T3;170 000,00 €;81.14;Set??bal;Apartments
13655;T2;415 000,00 €;108;Ilha da Madeira;Apartments
13656;T3;335 000,00 €;133;Porto;Apartments
13657;T3;189 000,00 €;110;Set??bal;Apartments
13658;T2;325 000,00 €;99;Lisboa;Apartments
13659;T1;290 000,00 €;68;Porto;Apartments
1366;T3;430 000,00 €;121;Set??bal;Apartments
13660;T0;230 000,00 €;41;Porto;Apartments
13661;T2;175 000,00 €;106;Porto;Apartments
13662;T3;160 000,00 €;90;Braga;Apartments
13663;T2;375 000,00 €;112;Lisboa;Apartments
13664;T2;230 000,00 €;114;Santar?©m;Apartments
13665;T2;299 500,00 €;107.70;Porto;Apartments
13666;T3;190 000,00 €;126;Viana do Castelo;Apartments
13667;T2;215 000,00 €;107;Santar?©m;Apartments
13668;T2;225 000,00 €;114;Santar?©m;Apartments
13669;T1;299 000,00 €;100;Porto;Apartments
1367;T2;279 800,00 €;132;Lisboa;Apartments
13670;T2;215 000,00 €;108;Santar?©m;Apartments
13671;T2;230 000,00 €;106;Santar?©m;Apartments
13672;T3;280 000,00 €;142;Santar?©m;Apartments
13673;T2;200 000,00 €;94;Santar?©m;Apartments
13674;T2;695 000,00 €;101.69;Ilha da Madeira;Apartments
13675;T2;190 000,00 €;72;Viana do Castelo;Apartments
13676;T3;299 000,00 €;72;Lisboa;Apartments
13677;T1;325 000,00 €;61.32;Ilha da Madeira;Apartments
13678;T3;485 000,00 €;108;Lisboa;Apartments
13679;T1;206 000,00 €;55.48;Braga;Apartments
1368;T3;190 000,00 €;86;Set??bal;Apartments
13680;T4;220 000,00 €;100.85;Set??bal;Apartments
13681;T2;219 000,00 €;68;Lisboa;Apartments
13682;T2;230 000,00 €;10;Porto;Apartments
13683;T1;739 000,00 €;88.82;Lisboa;Apartments
13684;T2;875 000,00 €;102.90;Lisboa;Apartments
13685;T1;575 000,00 €;66.04;Lisboa;Apartments
13686;T2;663 000,00 €;98.74;Lisboa;Apartments
13687;T1;573 500,00 €;78.46;Lisboa;Apartments
13688;T1;670 000,00 €;68.21;Lisboa;Apartments
13689;T1;561 000,00 €;66.04;Lisboa;Apartments
1369;T2;159 300,00 €;81.40;Set??bal;Apartments
13690;T1;721 000,00 €;88.52;Lisboa;Apartments
13691;T1;608 000,00 €;66.87;Lisboa;Apartments
13692;T1;626 500,00 €;67.32;Lisboa;Apartments
13693;T1;589 500,00 €;66.04;Lisboa;Apartments
13694;T1;654 000,00 €;68.21;Lisboa;Apartments
13695;T1;757 000,00 €;88.52;Lisboa;Apartments
13696;T2;918 000,00 €;102.90;Lisboa;Apartments
13697;T2;896 500,00 €;102.90;Lisboa;Apartments
13698;T1;330 000,00 €;46;Lisboa;Apartments
13699;T1;158 000,00 €;94;Lisboa;Apartments
137;T2;325 000,00 €;105.64;Viana do Castelo;Apartments
1370;T2;248 000,00 €;73;Coimbra;Apartments
13701;T1;195 000,00 €;52.60;Set??bal;Apartments
13702;T2;217 000,00 €;102;Porto;Apartments
13703;T3;429 000,00 €;134;Lisboa;Apartments
13704;T3;124 000,00 €;102;Santar?©m;Apartments
13705;T3;435 000,00 €;194.10;Braga;Apartments
13707;T3;194 000,00 €;121.50;Braga;Apartments
13708;T3;149 900,00 €;129;Leiria;Apartments
13709;T3;175 000,00 €;90;Faro;Apartments
1371;T3;357 000,00 €;114.80;Porto;Apartments
13710;T2;360 000,00 €;118;Faro;Apartments
13711;T2;225 000,00 €;94;Ilha da Madeira;Apartments
13712;T2;215 000,00 €;52;Lisboa;Apartments
13713;T2;285 000,00 €;104.42;Porto;Apartments
13714;T2;450 000,00 €;85;Lisboa;Apartments
13715;T0;299 900,00 €;63;Lisboa;Apartments
13716;T3;350 000,00 €;146;Porto;Apartments
13717;T2;175 000,00 €;91;Lisboa;Apartments
13718;T3;149 000,00 €;47.80;Lisboa;Apartments
13719;T1;295 900,00 €;55;Lisboa;Apartments
1372;T3;625 000,00 €;146.70;Aveiro;Apartments
13720;T2;187 500,00 €;61;Set??bal;Apartments
13721;T2;280 000,00 €;81;Leiria;Apartments
13722;T2;319 000,00 €;90;Faro;Apartments
13723;T3;209 000,00 €;91;Set??bal;Apartments
13724;T3;299 000,00 €;158;Faro;Apartments
13725;T2;265 000,00 €;105;Set??bal;Apartments
13726;T3;265 000,00 €;114;Faro;Apartments
1373;T2;285 900,00 €;82.80;Porto;Apartments
13734;T3;310 000,00 €;123;Lisboa;Apartments
13735;T3;799 000,00 €;275;Lisboa;Apartments
13736;T2;190 000,00 €;60;Lisboa;Apartments
13737;T3;459 000,00 €;136;Porto;Apartments
13738;T2;135 000,00 €;84;Aveiro;Apartments
13739;T2;865 000,00 €;140;Lisboa;Apartments
1374;T3;260 000,00 €;127;Porto;Apartments
13740;T3;179 000,00 €;150;Aveiro;Apartments
13741;T2;595 000,00 €;86;Porto;Apartments
13742;T3;215 000,00 €;107;Porto;Apartments
13743;T3;205 000,00 €;113;Coimbra;Apartments
13744;T3;159 000,00 €;111;Aveiro;Apartments
13745;T1;988 200,00 €;204.66;Lisboa;Apartments
13746;T1;776 050,00 €;97.58;Lisboa;Apartments
13747;T1;765 070,00 €;98.58;Lisboa;Apartments
13748;T1;737 620,00 €;105.51;Lisboa;Apartments
13749;T2;1 043 100,00 €;144.20;Lisboa;Apartments
1375;T2;315 000,00 €;95.50;Porto;Apartments
13750;T2;1 152 900,00 €;144.41;Lisboa;Apartments
13751;T3;300 000,00 €;68;Porto;Apartments
13752;T3;550 000,00 €;130;Lisboa;Apartments
13753;T2;375 500,00 €;120;Porto;Apartments
13754;T0;142 000,00 €;39;Porto;Apartments
13755;T2;224 000,00 €;94;Braga;Apartments
13756;T2;219 000,00 €;125;Braga;Apartments
13757;T1;209 000,00 €;78;Braga;Apartments
13759;T2;695 000,00 €;110;Lisboa;Apartments
1376;T0;210 000,00 €;41;Porto;Apartments
13760;T2;85 000,00 €;69;?âvora;Apartments
13761;T3;2 500 000,00 €;162;Lisboa;Apartments
13762;T2;334 000,00 €;112;Faro;Apartments
13763;T2;267 000,00 €;166;Lisboa;Apartments
13764;T1;230 000,00 €;57;Faro;Apartments
13766;T3;198 000,00 €;103;Set??bal;Apartments
13767;T3;170 000,00 €;115;Braga;Apartments
1377;T2;362 500,00 €;92.60;Aveiro;Apartments
13770;T1;410 000,00 €;70;Lisboa;Apartments
13771;T4;820 000,00 €;245;Porto;Apartments
13773;T3;2 400 000,00 €;143;Faro;Apartments
13774;T2;187 500,00 €;49;Set??bal;Apartments
13775;T3;425 000,00 €;115;Set??bal;Apartments
13776;T3;290 000,00 €;93;Lisboa;Apartments
13777;T1;245 000,00 €;47.80;Faro;Apartments
13778;T3;550 000,00 €;99;Lisboa;Apartments
1378;T1;325 000,00 €;55;Porto;Apartments
13780;T3;190 000,00 €;126;Viana do Castelo;Apartments
13781;T2;190 000,00 €;72;Viana do Castelo;Apartments
13782;T1;173 000,00 €;60.92;Faro;Apartments
13783;T1;230 000,00 €;65;Porto;Apartments
13784;T1;235 000,00 €;65;Porto;Apartments
13785;T4;535 000,00 €;208;Porto;Apartments
13786;T2;197 500,00 €;93.96;Lisboa;Apartments
13787;T2;540 000,00 €;73.99;Lisboa;Apartments
13788;T2;215 000,00 €;73;Lisboa;Apartments
13789;T1;155 000,00 €;41;Faro;Apartments
1379;T2;200 000,00 €;86;Set??bal;Apartments
13790;T1;135 000,00 €;47;Lisboa;Apartments
13791;T2;670 000,00 €;86;Porto;Apartments
13792;T3;555 000,00 €;105;Lisboa;Apartments
13793;T2;299 000,00 €;100;Faro;Apartments
13794;T3;535 000,00 €;180;Lisboa;Apartments
13795;T2;265 375,00 €;93;Faro;Apartments
13796;T1;225 000,00 €;52;Faro;Apartments
13797;T2;136 000,00 €;69;Santar?©m;Apartments
13798;T2;120 000,00 €;78;Santar?©m;Apartments
13799;T3;335 000,00 €;115;Set??bal;Apartments
138;T2;362 500,00 €;99.22;Faro;Apartments
1380;T3;325 000,00 €;108;Lisboa;Apartments
13800;T2;320 000,00 €;96;Set??bal;Apartments
13801;T3;350 000,00 €;80;Porto;Apartments
13802;T2;149 000,00 €;77;Set??bal;Apartments
13803;T2;188 500,00 €;67.90;Faro;Apartments
13804;T2;335 000,00 €;109;Porto;Apartments
13805;T2;300 000,00 €;109;Porto;Apartments
13807;T2;370 000,00 €;70.18;Lisboa;Apartments
13808;T4;650 000,00 €;224;Porto;Apartments
13809;T1;510 000,00 €;110;Lisboa;Apartments
1381;T1;215 000,00 €;63;Faro;Apartments
13810;T2;215 000,00 €;70;Lisboa;Apartments
13811;T2;180 000,00 €;85;Aveiro;Apartments
13812;T2;19 900,00 €;48;Castelo Branco;Apartments
13813;T3;349 000,00 €;95;Lisboa;Apartments
13814;T4;555 000,00 €;96.50;Porto;Apartments
13815;T3;215 000,00 €;73;Lisboa;Apartments
13817;T2;374 500,00 €;150;Porto;Apartments
13818;T3;175 000,00 €;96;Santar?©m;Apartments
13819;T3;325 000,00 €;110;Braga;Apartments
1382;T2;330 000,00 €;105;Ilha da Madeira;Apartments
13820;T3;1 900 000,00 €;136.88;Lisboa;Apartments
13821;T3;2 050 000,00 €;161.50;Lisboa;Apartments
13822;T4;3 400 000,00 €;244.05;Lisboa;Apartments
13823;T3;2 100 000,00 €;161.50;Lisboa;Apartments
13824;T3;320 000,00 €;117.60;Set??bal;Apartments
13825;T3;330 000,00 €;117.60;Set??bal;Apartments
13826;T4;310 000,00 €;156;Faro;Apartments
13827;T1;385 000,00 €;51;Porto;Apartments
13829;T1;390 000,00 €;51;Porto;Apartments
1383;T3;400 000,00 €;133;Ilha da Madeira;Apartments
13831;T1;395 000,00 €;51;Porto;Apartments
13832;T2;900 000,00 €;98;Porto;Apartments
13833;T4;394 000,00 €;94.50;Lisboa;Apartments
13834;T3;310 000,00 €;107;Faro;Apartments
13835;T3;128 000,00 €;103;Santar?©m;Apartments
13836;T3;650 000,00 €;298;Ilha da Madeira;Apartments
13837;T1;244 000,00 €;36;Lisboa;Apartments
13838;T1;259 000,00 €;52;Lisboa;Apartments
13839;T2;260 000,00 €;91;Set??bal;Apartments
1384;T0;99 500,00 €;62;Coimbra;Apartments
13840;T3;740 000,00 €;149;Porto;Apartments
13841;T2;410 000,00 €;90.52;Lisboa;Apartments
13842;T2;273 252,00 €;81;Faro;Apartments
13843;T1;198 000,00 €;55;Lisboa;Apartments
13844;T2;128 000,00 €;58;Faro;Apartments
13845;T1;315 000,00 €;53.37;Lisboa;Apartments
13846;T3;125 000,00 €;125;Viana do Castelo;Apartments
13847;T3;430 000,00 €;132;Set??bal;Apartments
13848;T3;480 000,00 €;133;Set??bal;Apartments
13849;T3;360 000,00 €;101;Porto;Apartments
1385;T2;550 000,00 €;132;Lisboa;Apartments
13850;T3;365 000,00 €;101;Porto;Apartments
13851;T4;142 500,00 €;87;Lisboa;Apartments
13852;T3;370 000,00 €;101;Porto;Apartments
13853;T2;300 000,00 €;81;Porto;Apartments
13854;T2;256 000,00 €;80;Porto;Apartments
13855;T2;260 000,00 €;81;Porto;Apartments
13856;T2;278 000,00 €;80;Porto;Apartments
13857;T2;325 000,00 €;83;Porto;Apartments
13858;T2;277 000,00 €;81;Porto;Apartments
13859;T3;325 000,00 €;130;Lisboa;Apartments
1386;T3;225 000,00 €;119;Set??bal;Apartments
13860;T1;300 000,00 €;60;Porto;Apartments
13861;T2;225 000,00 €;100;Porto;Apartments
13862;T3;545 000,00 €;125;Faro;Apartments
13863;T2;290 000,00 €;146;Faro;Apartments
13864;T2;340 000,00 €;65;Lisboa;Apartments
13866;T3;268 000,00 €;96;Lisboa;Apartments
13867;T2;187 500,00 €;62;Set??bal;Apartments
13868;T2;268 000,00 €;143;Lisboa;Apartments
13869;T3;599 000,00 €;135;Porto;Apartments
1387;T3;1 490 000,00 €;266;Porto;Apartments
13870;T3;430 000,00 €;110;Faro;Apartments
13871;T2;307 230,00 €;102;Faro;Apartments
13872;T3;350 000,00 €;118;Lisboa;Apartments
13873;T1;265 000,00 €;50;Lisboa;Apartments
13874;T2;325 000,00 €;70;Lisboa;Apartments
13875;T1;235 000,00 €;45;Lisboa;Apartments
13876;T1;237 500,00 €;45;Lisboa;Apartments
13878;T2;590 000,00 €;120;Porto;Apartments
13879;T3;300 000,00 €;97;Leiria;Apartments
1388;T3;1 950 000,00 €;150;Lisboa;Apartments
13881;T1;272 800,00 €;38;Lisboa;Apartments
13882;T3;186 000,00 €;107;Porto;Apartments
13883;T2;278 000,00 €;103;Faro;Apartments
13884;T1;233 500,00 €;53;Porto;Apartments
13885;T3;289 000,00 €;72;Lisboa;Apartments
13886;T1;470 000,00 €;63;Aveiro;Apartments
13887;T1;345 000,00 €;91;Faro;Apartments
13888;T2;280 000,00 €;72;Leiria;Apartments
13889;T1;385 000,00 €;51;Porto;Apartments
1389;T2;585 000,00 €;106;Lisboa;Apartments
13890;T2;395 000,00 €;85;Lisboa;Apartments
13891;T4;517 125,00 €;147;Porto;Apartments
13892;T3;456 750,00 €;127;Porto;Apartments
13893;T3;467 250,00 €;127;Porto;Apartments
13894;T3;160 000,00 €;90;Santar?©m;Apartments
13895;T2;429 900,00 €;113.15;Set??bal;Apartments
13896;T1;229 000,00 €;60;Porto;Apartments
13897;T1;147 500,00 €;66.60;Coimbra;Apartments
13898;T2;295 428,00 €;103;Faro;Apartments
13899;T2;190 000,00 €;62;Viana do Castelo;Apartments
139;T3;792 000,00 €;157.30;Porto;Apartments
1390;T3;480 000,00 €;147;Lisboa;Apartments
13900;T2;187 500,00 €;62;Set??bal;Apartments
13901;T5;990 000,00 €;269;Porto;Apartments
13902;T2;240 000,00 €;72;Faro;Apartments
13905;T2;199 000,00 €;70;Porto;Apartments
13906;T2;169 900,00 €;121;Viana do Castelo;Apartments
13907;T4;335 000,00 €;222;Leiria;Apartments
13908;T2;275 000,00 €;110;Ilha da Madeira;Apartments
13909;T1;299 000,00 €;38;Porto;Apartments
1391;T3;195 000,00 €;83;Set??bal;Apartments
13910;T1;360 000,00 €;66;Porto;Apartments
13912;T2;330 000,00 €;74;Faro;Apartments
13914;T3;394 548,00 €;132;Faro;Apartments
13915;T4;450 000,00 €;140.58;Faro;Apartments
13916;T2;139 900,00 €;74;Set??bal;Apartments
13917;T2;120 000,00 €;100.80;Santar?©m;Apartments
13918;T1;225 000,00 €;53;Porto;Apartments
13919;T3;386 232,00 €;132;Faro;Apartments
1392;T4;975 000,00 €;187;Faro;Apartments
13920;T1;225 000,00 €;64;Porto;Apartments
13921;T2;300 000,00 €;68;Porto;Apartments
13922;T2;305 000,00 €;68;Porto;Apartments
13923;T2;130 000,00 €;77.70;Faro;Apartments
13924;T2;395 000,00 €;73.20;Leiria;Apartments
13925;T2;195 000,00 €;63;Lisboa;Apartments
13926;T3;165 000,00 €;89;Set??bal;Apartments
13927;T2;215 000,00 €;63;Lisboa;Apartments
13928;T3;199 000,00 €;94;Set??bal;Apartments
13929;T1;299 000,00 €;45.57;Lisboa;Apartments
1393;T3;229 000,00 €;110.50;Faro;Apartments
13930;T4;1 260 000,00 €;179.09;Lisboa;Apartments
1394;T1;185 000,00 €;49;Faro;Apartments
13940;T3;580 000,00 €;120;Porto;Apartments
13941;T2;440 000,00 €;105;Porto;Apartments
13942;T1;115 000,00 €;152;Lisboa;Apartments
13943;T3;175 000,00 €;130;Porto;Apartments
13944;T3;180 000,00 €;105;Viana do Castelo;Apartments
13945;T3;360 000,00 €;105;Porto;Apartments
13946;T3;192 000,00 €;148;Santar?©m;Apartments
13947;T3;399 000,00 €;121;Porto;Apartments
13948;T3;740 000,00 €;120;Porto;Apartments
13949;T3;740 000,00 €;119;Porto;Apartments
1395;T3;269 500,00 €;105;Braga;Apartments
13950;T3;375 144,00 €;128;Faro;Apartments
13951;T2;250 000,00 €;83;Faro;Apartments
13952;T3;225 000,00 €;123.60;Coimbra;Apartments
13953;T1;320 000,00 €;86;Porto;Apartments
13954;T2;110 000,00 €;82.62;Porto;Apartments
13955;T3;465 000,00 €;98;Porto;Apartments
13956;T2;259 800,00 €;70;Lisboa;Apartments
13957;T5;800 000,00 €;127;Lisboa;Apartments
13958;T2; Pre?ßosobconsulta ;63;Lisboa;Apartments
13959;T3;115 000,00 €;90;Porto;Apartments
1396;T2;355 000,00 €;88;Faro;Apartments
13960;T3;285 000,00 €;142;Porto;Apartments
13961;T1;150 000,00 €;48;Lisboa;Apartments
13962;T3;155 000,00 €;107.15;Faro;Apartments
13963;T5;800 000,00 €;127;Lisboa;Apartments
13964;T2;390 000,00 €;37;Lisboa;Apartments
13965;T1;250 000,00 €;94.87;Braga;Apartments
13966;T1;208 000,00 €;67.11;Braga;Apartments
13967;T2;195 000,00 €;67;Lisboa;Apartments
13968;T2;980 000,00 €;213.05;Ilha da Madeira;Apartments
13969;T3;230 000,00 €;73;Lisboa;Apartments
1397;T1;990 000,00 €;167.21;Lisboa;Apartments
13970;T2;259 800,00 €;70;Lisboa;Apartments
13971;T1;375 000,00 €;48;Lisboa;Apartments
13972;T3;389 000,00 €;96;Lisboa;Apartments
13973;T2;165 900,00 €;86;Porto;Apartments
13974;T2;220 000,00 €;108;Santar?©m;Apartments
13975;T3;264 400,00 €;137;Viana do Castelo;Apartments
13976;T1;245 582,00 €;79.22;Porto;Apartments
13977;T2;292 500,00 €;95.65;Porto;Apartments
13978;T2;295 000,00 €;99.01;Porto;Apartments
13979;T3;139 000,00 €;89;Coimbra;Apartments
1398;T4;580 000,00 €;165.66;Porto;Apartments
13980;T2;330 000,00 €;85;Faro;Apartments
13981;T3;135 000,00 €;100;Viana do Castelo;Apartments
13982;T2;349 900,00 €;65;Lisboa;Apartments
13983;T3;394 000,00 €;101.70;Lisboa;Apartments
13984;T1;185 000,00 €;128;Santar?©m;Apartments
13985;T2;190 000,00 €;88;Ilha de S?£o Miguel;Apartments
13986;T3;595 000,00 €;135;Viana do Castelo;Apartments
13987;T2;240 000,00 €;115.25;Porto;Apartments
13988;T3;360 000,00 €;112;Porto;Apartments
13989;T2;200 000,00 €;80;Lisboa;Apartments
1399;T3;630 000,00 €;156;Porto;Apartments
13990;T1;125 000,00 €;55;Porto;Apartments
13991;T3;199 900,00 €;103;Leiria;Apartments
13992;T3;310 000,00 €;112;Set??bal;Apartments
13993;T2;180 500,00 €;98.42;Santar?©m;Apartments
13994;T6;1 590 000,00 €;250;Lisboa;Apartments
13995;T1;260 000,00 €;64;Porto;Apartments
13996;T1;270 000,00 €;64;Porto;Apartments
13997;T1;250 000,00 €;64;Porto;Apartments
13998;T1;175 000,00 €;55.47;Faro;Apartments
13999;T3;210 000,00 €;102;Braga;Apartments
14;T2;535 000,00 €;97.82;Porto;Apartments
140;T3;1 470 000,00 €;179;Lisboa;Apartments
1400;T2;370 000,00 €;103;Porto;Apartments
14000;T2;120 000,00 €;86;Aveiro;Apartments
14001;T2;399 000,00 €;60;Lisboa;Apartments
14002;T3;159 000,00 €;106;Braga;Apartments
14003;T2;215 000,00 €;90.20;Lisboa;Apartments
14005;T1;197 500,00 €;63;Aveiro;Apartments
14006;T1;220 000,00 €;59;Porto;Apartments
14007;T1;185 000,00 €;57;Aveiro;Apartments
14008;T2;400 000,00 €;154;Ilha da Madeira;Apartments
14009;T2;460 000,00 €;126;Ilha da Madeira;Apartments
1401;T2;139 900,00 €;67;Porto;Apartments
14010;T3;299 000,00 €;90;Porto;Apartments
14011;T2;199 000,00 €;119;Set??bal;Apartments
14012;T1;299 900,00 €;63;Lisboa;Apartments
14013;T1;225 000,00 €;86;Porto;Apartments
14014;T4;220 000,00 €;97;Set??bal;Apartments
14015;T2;160 000,00 €;82;Lisboa;Apartments
14016;T3;370 000,00 €;67;Lisboa;Apartments
14017;T2;198 000,00 €;97.50;Porto;Apartments
14019;T3;180 000,00 €;120;Porto;Apartments
1402;T3;445 000,00 €;135.84;Lisboa;Apartments
14020;T1;185 000,00 €;51;Porto;Apartments
14021;T2;185 000,00 €;46;Lisboa;Apartments
14022;T1;395 000,00 €;57;Lisboa;Apartments
14023;T2;726 000,00 €;117;Lisboa;Apartments
14025;T1;229 000,00 €;40.16;Faro;Apartments
14026;T3;1 200 000,00 €;155.62;Faro;Apartments
14027;T3;165 000,00 €;87;Set??bal;Apartments
14028;T2;255 000,00 €;88;Set??bal;Apartments
14029;T3;450 000,00 €;80;Lisboa;Apartments
1403;T3;180 000,00 €;89;Set??bal;Apartments
14030;T2;650 000,00 €;131;Porto;Apartments
14031;T3;395 000,00 €;123;Porto;Apartments
14032;T3;299 000,00 €;91.21;Lisboa;Apartments
14033;T2;175 000,00 €;68.60;Lisboa;Apartments
14036;T2;320 000,00 €;68.60;Porto;Apartments
14037;T1;315 000,00 €;40;Lisboa;Apartments
14038;T4;275 000,00 €;170;Viana do Castelo;Apartments
14039;T3;530 450,00 €;136;Porto;Apartments
1404;T2;815 000,00 €;123;Lisboa;Apartments
14040;T1;329 600,00 €;88;Porto;Apartments
14041;T3;399 000,00 €;153;Porto;Apartments
14042;T4;395 000,00 €;166;Porto;Apartments
14043;T2;295 000,00 €;83;Set??bal;Apartments
14044;T3;225 000,00 €;80;Lisboa;Apartments
14045;T2;145 000,00 €;99;Aveiro;Apartments
14046;T2;170 000,00 €;91.12;Braga;Apartments
14047;T3;138 500,00 €;80;Viana do Castelo;Apartments
14048;T0;291 000,00 €;94;Porto;Apartments
1405;T1;235 000,00 €;47;Lisboa;Apartments
14050;T3;299 000,00 €;90.30;Porto;Apartments
14051;T2;299 900,00 €;54;Lisboa;Apartments
14052;T2;510 000,00 €;78;Faro;Apartments
14053;T5;371 525,00 €;105;Aveiro;Apartments
14054;T2;153 000,00 €;64;Lisboa;Apartments
14055;T3;189 900,00 €;132;Braga;Apartments
14056;T2;299 900,00 €;54;Lisboa;Apartments
14057;T2;299 900,00 €;51;Lisboa;Apartments
14058;T2;350 000,00 €;81.60;Faro;Apartments
14059;T1;185 000,00 €;55;Aveiro;Apartments
1406;T3;249 900,00 €;101;Porto;Apartments
14060;T5;1 500 000,00 €;220;Lisboa;Apartments
14061;T3;176 000,00 €;87.68;Set??bal;Apartments
14062;T1;360 000,00 €;49.96;Lisboa;Apartments
14064;T2;200 000,00 €;68;Lisboa;Apartments
14065;T0;428 000,00 €;63.10;Lisboa;Apartments
14066;T0;321 000,00 €;38.70;Lisboa;Apartments
14067;T1;460 100,00 €;52;Lisboa;Apartments
14068;T1;260 000,00 €;41.25;Lisboa;Apartments
14069;T2;360 000,00 €;61.43;Lisboa;Apartments
1407;T3;615 000,00 €;167.55;Lisboa;Apartments
14070;T1;130 000,00 €;56;Porto;Apartments
14071;T5;2 250 000,00 €;347.30;Porto;Apartments
14072;T3;460 000,00 €;172.50;Viana do Castelo;Apartments
14073;T2;1 100 000,00 €;109.10;Lisboa;Apartments
14075;T3;590 000,00 €;125;Lisboa;Apartments
14076;T3;590 000,00 €;101;Lisboa;Apartments
14077;T3;590 000,00 €;129;Lisboa;Apartments
14078;T2;495 000,00 €;84;Lisboa;Apartments
14079;T2;495 000,00 €;81;Lisboa;Apartments
1408;T2;500 000,00 €;97;Ilha da Madeira;Apartments
14080;T2;495 000,00 €;97;Lisboa;Apartments
14081;T2;330 000,00 €;90;Lisboa;Apartments
14082;T3;650 000,00 €;252;Lisboa;Apartments
14083;T3;650 000,00 €;231;Lisboa;Apartments
14084;T1;425 705,00 €;78;Lisboa;Apartments
14085;T3;230 000,00 €;110;Set??bal;Apartments
14086;T2;495 000,00 €;101;Lisboa;Apartments
14087;T3;299 000,00 €;90;Porto;Apartments
14088;T2;400 000,00 €;101.75;?âvora;Apartments
14089;T3;485 000,00 €;98;Porto;Apartments
1409;T2;750 000,00 €;93;Faro;Apartments
14090;T3;465 000,00 €;98;Porto;Apartments
14091;T2;200 000,00 €;82;Lisboa;Apartments
14092;T2;490 000,00 €;74;Leiria;Apartments
14093;T3;380 000,00 €;100;Porto;Apartments
14094;T3;636 500,00 €;148;Lisboa;Apartments
14095;T3;606 500,00 €;131;Lisboa;Apartments
14096;T3;636 500,00 €;148;Lisboa;Apartments
14097;T3;606 500,00 €;131;Lisboa;Apartments
14098;T2;591 000,00 €;101;Lisboa;Apartments
14099;T3;570 000,00 €;104;Lisboa;Apartments
141;T2;315 000,00 €;100;Faro;Apartments
1410;T4;780 000,00 €;164;Lisboa;Apartments
14100;T3;570 000,00 €;103;Lisboa;Apartments
14101;T2;1 100 000,00 €;99.43;Lisboa;Apartments
14102;T2;272 500,00 €;65;Set??bal;Apartments
14103;T2;429 900,00 €;63;Lisboa;Apartments
14104;T3;210 000,00 €;95;Coimbra;Apartments
14105;T2;1 100 000,00 €;107.85;Lisboa;Apartments
14106;T2;1 100 000,00 €;108.22;Lisboa;Apartments
14107;T2;1 100 000,00 €;103.62;Lisboa;Apartments
14108;T2;1 100 000,00 €;105.03;Lisboa;Apartments
14109;T2;27 000,00 €;123;Beja;Apartments
1411;T2;800 000,00 €;114;Faro;Apartments
14110;T0;428 000,00 €;75.20;Lisboa;Apartments
14111;T2;299 000,00 €;79;Faro;Apartments
14112;T2;429 900,00 €;51;Lisboa;Apartments
14113;T4;345 000,00 €;78;Set??bal;Apartments
14114;T2;285 000,00 €;55;Lisboa;Apartments
14115;T4;297 000,00 €;133;Viana do Castelo;Apartments
14116;T1;350 000,00 €;66;Porto;Apartments
14117;T2;350 000,00 €;112;Leiria;Apartments
14118;T2;880 000,00 €;128.76;Lisboa;Apartments
14119;T3;130 000,00 €;140;Viana do Castelo;Apartments
1412;T3;450 000,00 €;119;Lisboa;Apartments
14120;T2;307 000,00 €;133;Viana do Castelo;Apartments
14121;T3;215 000,00 €;122;Set??bal;Apartments
14122;T1;300 000,00 €;60;Porto;Apartments
14123;T1;325 000,00 €;55;Porto;Apartments
14125;T3;350 000,00 €;142;Porto;Apartments
14126;T3;404 500,00 €;317;Porto;Apartments
14127;T2;167 000,00 €;66;Set??bal;Apartments
14128;T2;380 000,00 €;57;Lisboa;Apartments
14129;T3;350 000,00 €;128;Braga;Apartments
1413;T2;418 700,00 €;100.48;Faro;Apartments
14130;T3;260 000,00 €;117;Viana do Castelo;Apartments
14131;T2;350 000,00 €;144;Viana do Castelo;Apartments
14132;T1;157 500,00 €;61;Viana do Castelo;Apartments
14133;T2;280 000,00 €;155;Lisboa;Apartments
14134;T1;125 000,00 €;40;Set??bal;Apartments
14135;T2;235 000,00 €;68;Lisboa;Apartments
14136;T2;450 000,00 €;71.22;Lisboa;Apartments
14137;T0;280 000,00 €;34;Faro;Apartments
14138;T1;280 000,00 €;60;Porto;Apartments
14139;T2;200 000,00 €;82;Lisboa;Apartments
1414;T2;297 500,00 €;105.80;Faro;Apartments
14140;T2;265 000,00 €;65;Porto;Apartments
14141;T3;200 000,00 €;82;Lisboa;Apartments
14142;T2;200 000,00 €;82;Lisboa;Apartments
14143;T0;480 000,00 €;135;Lisboa;Apartments
14144;T1;316 000,00 €;86;Porto;Apartments
14145;T1;385 000,00 €;62;Lisboa;Apartments
14146;T4;140 000,00 €;98;Porto;Apartments
14148;T2;217 000,00 €;64;Porto;Apartments
14149;T3;210 000,00 €;117;Braga;Apartments
1415;T3;444 000,00 €;120;Lisboa;Apartments
14150;T3;200 000,00 €;135.75;Lisboa;Apartments
14152;T2;449 000,00 €;86;Lisboa;Apartments
14153;T3;200 000,00 €;98;Lisboa;Apartments
14154;T3;199 000,00 €;77.10;Porto;Apartments
14155;T3;210 000,00 €;90;Lisboa;Apartments
14156;T3;1 573 200,00 €;184.40;Lisboa;Apartments
14157;T2;280 000,00 €;83;Leiria;Apartments
14158;T3;1 207 500,00 €;139.70;Lisboa;Apartments
14159;T4;1 085 700,00 €;138.90;Lisboa;Apartments
1416;T5;695 000,00 €;117;Lisboa;Apartments
14160;T3;730 000,00 €;123;Lisboa;Apartments
14161;T3;1 350 000,00 €;198.20;Lisboa;Apartments
14162;T4;970 000,00 €;138.50;Lisboa;Apartments
14163;T4;911 000,00 €;138.50;Lisboa;Apartments
14164;T2;195 000,00 €;87;Leiria;Apartments
14165;T3;199 500,00 €;181;Aveiro;Apartments
14166;T3;235 000,00 €;130;Porto;Apartments
14167;T2;109 000,00 €;77;Porto;Apartments
14168;T1;190 000,00 €;40;Viana do Castelo;Apartments
14169;T3;445 000,00 €;168;Lisboa;Apartments
1417;T3;1 017 000,00 €;136;Porto;Apartments
14170;T2;385 000,00 €;103;Lisboa;Apartments
14171;T2;999 500,00 €;140;Lisboa;Apartments
14172;T2;460 000,00 €;105;Porto;Apartments
14173;T2;280 000,00 €;72;Leiria;Apartments
14174;T2;685 000,00 €;85.10;Lisboa;Apartments
14177;T1;524 000,00 €;79.54;Porto;Apartments
14178;T2;491 000,00 €;79.77;Porto;Apartments
14179;T2;600 000,00 €;94.08;Porto;Apartments
14180;T2;558 000,00 €;81.54;Porto;Apartments
14181;T2;518 000,00 €;76.29;Porto;Apartments
14182;T2;492 000,00 €;80.02;Porto;Apartments
14183;T2;494 000,00 €;83.58;Porto;Apartments
14184;T2;504 000,00 €;84.72;Porto;Apartments
14185;T2;668 000,00 €;109.15;Porto;Apartments
14186;T1;520 000,00 €;82.99;Porto;Apartments
14187;T1;389 000,00 €;70.85;Porto;Apartments
14188;T1;412 000,00 €;74.91;Porto;Apartments
14189;T2;658 000,00 €;107.90;Porto;Apartments
1419;T4;470 000,00 €;211;Porto;Apartments
14190;T1;514 000,00 €;84.27;Porto;Apartments
14191;T2;568 000,00 €;108.85;Porto;Apartments
14192;T1;389 000,00 €;70.85;Porto;Apartments
14193;T1;412 000,00 €;74.91;Porto;Apartments
14194;T2;658 000,00 €;107.90;Porto;Apartments
14195;T1;514 000,00 €;84.27;Porto;Apartments
14196;T2;568 000,00 €;108.85;Porto;Apartments
14197;T2;588 000,00 €;74.45;Porto;Apartments
14198;T3;798 000,00 €;183.19;Lisboa;Apartments
14199;T0;608 000,00 €;134.13;Porto;Apartments
142;T1;671 000,00 €;63.70;Lisboa;Apartments
1420;T2;315 000,00 €;87;Braga;Apartments
14200;T3;495 000,00 €;119.08;Lisboa;Apartments
14201;T3;490 000,00 €;119.08;Lisboa;Apartments
14202;T3;485 000,00 €;119.08;Lisboa;Apartments
14203;T3;350 000,00 €;125;Braga;Apartments
14204;T2;140 000,00 €;55;Lisboa;Apartments
14205;T1;240 000,00 €;67;Porto;Apartments
14206;T3;855 000,00 €;209;Porto;Apartments
14207;T3;545 000,00 €;102;Porto;Apartments
14208;T3;967 500,00 €;180;Porto;Apartments
14209;T3;820 000,00 €;125;Lisboa;Apartments
1421;T3;870 000,00 €;164.95;Porto;Apartments
14210;T3;345 000,00 €;136;Braga;Apartments
14211;T3;345 000,00 €;130;Braga;Apartments
14212;T3;340 000,00 €;124;Braga;Apartments
14213;T3;455 000,00 €;176;Braga;Apartments
14214;T3;360 000,00 €;136;Braga;Apartments
14215;T3;187 500,00 €;86;Set??bal;Apartments
14216;T4;515 000,00 €;125.16;Lisboa;Apartments
14217;T1;170 000,00 €;63;Viana do Castelo;Apartments
14218;T4;440 000,00 €;240;Porto;Apartments
14219;T3;440 000,00 €;111.64;Lisboa;Apartments
1422;T3;225 000,00 €;90;Lisboa;Apartments
14220;T2;387 300,00 €;81;Porto;Apartments
14221;T3;2 250 000,00 €;280;Lisboa;Apartments
14223;T2;645 000,00 €;155;Viana do Castelo;Apartments
14224;T3;497 000,00 €;203;Viana do Castelo;Apartments
14225;T1;770 000,00 €;127;Lisboa;Apartments
14226;T2;430 000,00 €;135;Porto;Apartments
14228;T2;250 000,00 €;68.30;Faro;Apartments
14229;T1;585 000,00 €;53;Lisboa;Apartments
1423;T2;150 000,00 €;91;Aveiro;Apartments
14230;T2;885 000,00 €;149.50;Lisboa;Apartments
14231;T3;795 000,00 €;133.53;Lisboa;Apartments
14232;T2;220 000,00 €;76.70;Porto;Apartments
14233;T2;345 000,00 €;144.20;Braga;Apartments
14235;T0;320 000,00 €;36;Lisboa;Apartments
14236;T4;330 000,00 €;128;Faro;Apartments
14237;T3;890 000,00 €;170;Porto;Apartments
14238;T2;780 000,00 €;144;Porto;Apartments
14239;T3;860 000,00 €;207;Porto;Apartments
1424;T2;390 000,00 €;70;Lisboa;Apartments
14240;T4;1 450 000,00 €;288;Porto;Apartments
14241;T0;245 000,00 €;43;Porto;Apartments
14242;T3;180 000,00 €;124.50;Santar?©m;Apartments
14243;T4;425 000,00 €;250;Porto;Apartments
14245;T3;395 000,00 €;113;Porto;Apartments
14246;T3;565 000,00 €;145;Viana do Castelo;Apartments
14247;T3;520 000,00 €;155;Viana do Castelo;Apartments
14248;T2;320 000,00 €;91;Viana do Castelo;Apartments
14249;T3;595 000,00 €;139;Viana do Castelo;Apartments
1425;T2;193 000,00 €;98;Porto;Apartments
14252;T6;899 000,00 €;137;Lisboa;Apartments
14253;T3;1 500 000,00 €;170;Faro;Apartments
14254;T3;327 500,00 €;120;Set??bal;Apartments
14255;T3;1 195 000,00 €;155;Lisboa;Apartments
14256;T2;375 000,00 €;86;Ilha da Madeira;Apartments
14257;T2;375 000,00 €;89;Ilha da Madeira;Apartments
14258;T2;375 000,00 €;90;Ilha da Madeira;Apartments
14259;T0;300 000,00 €;33.34;Lisboa;Apartments
1426;T3;204 000,00 €;98;Set??bal;Apartments
14261;T3;1 900 000,00 €;129.23;Lisboa;Apartments
14262;T4;2 525 000,00 €;281.50;Lisboa;Apartments
14263;T4;1 975 000,00 €;278.60;Lisboa;Apartments
14264;T4;2 425 000,00 €;286.95;Lisboa;Apartments
14265;T4;1 950 000,00 €;281.50;Lisboa;Apartments
14266;T4;2 125 000,00 €;281.50;Lisboa;Apartments
14267;T4;2 225 000,00 €;286.95;Lisboa;Apartments
14268;T4;2 125 000,00 €;286.95;Lisboa;Apartments
14269;T3;395 000,00 €;113;Porto;Apartments
1427;T3;515 000,00 €;140;Lisboa;Apartments
14270;T1;199 000,00 €;51.10;Faro;Apartments
14271;T2;550 000,00 €;139;Lisboa;Apartments
14273;T3;470 000,00 €;139;Porto;Apartments
14274;T4;650 000,00 €;240;Set??bal;Apartments
14275;T3;385 000,00 €;150;Lisboa;Apartments
14276;T3;410 000,00 €;160;Lisboa;Apartments
14277;T2;239 000,00 €;124;Porto;Apartments
14278;T3;760 000,00 €;130;Lisboa;Apartments
14279;T3;360 000,00 €;137;Set??bal;Apartments
14280;T3;240 000,00 €;95;Porto;Apartments
14281;T2;200 000,00 €;91;Set??bal;Apartments
14282;T1;185 000,00 €;62.10;Set??bal;Apartments
14283;T1;229 000,00 €;59.75;Set??bal;Apartments
14285;T2;170 000,00 €;72;Set??bal;Apartments
14286;T2;270 000,00 €;104;Porto;Apartments
14287;T3;360 000,00 €;125;Set??bal;Apartments
14288;T3;150 000,00 €;85;Faro;Apartments
14289;T2;266 500,00 €;30;Porto;Apartments
14290;T2;399 000,00 €;92;Faro;Apartments
14291;T4;580 000,00 €;184;Lisboa;Apartments
14292;T2;1 350 000,00 €;128;Lisboa;Apartments
14294;T2;350 000,00 €;91;Lisboa;Apartments
14295;T1;250 000,00 €;52.78;Porto;Apartments
14296;T4;102 500,00 €;126;Coimbra;Apartments
14297;T3;199 000,00 €;148;Porto;Apartments
14298;T1;499 225,00 €;70;Faro;Apartments
14299;T2;225 000,00 €;46.13;Lisboa;Apartments
143;T2;162 500,00 €;80;Porto;Apartments
1430;T1;379 000,00 €;72;Lisboa;Apartments
14300;T3;430 000,00 €;125;Lisboa;Apartments
14301;T2;104 000,00 €;67.99;Set??bal;Apartments
14302;T2;239 000,00 €;130;Porto;Apartments
14303;T3;267 500,00 €;96;Set??bal;Apartments
14304;T5;360 000,00 €;173;Porto;Apartments
14305;T3;478 200,00 €;141.20;Porto;Apartments
14306;T3;524 000,00 €;144.40;Porto;Apartments
14307;T3;550 000,00 €;184;Porto;Apartments
14308;T3;180 000,00 €;132;Apartamento para comprar: Castelo Branco;Apartments
14309;T3;380 100,00 €;120;Porto;Apartments
1431;T2;1 540 000,00 €;175;Lisboa;Apartments
14310;T2;374 100,00 €;92;Porto;Apartments
14311;T3;463 800,00 €;120;Porto;Apartments
14312;T3;525 000,00 €;125;Porto;Apartments
14313;T3;293 400,00 €;161.63;Braga;Apartments
14314;T1;255 000,00 €;40;Lisboa;Apartments
14315;T2;162 500,00 €;88;Porto;Apartments
14316;T2;215 000,00 €;70;Set??bal;Apartments
14317;T3;330 000,00 €;152;Porto;Apartments
14318;T3;2 500 000,00 €;233.20;Lisboa;Apartments
14319;T1;545 000,00 €;42;Lisboa;Apartments
1432;T2;599 000,00 €;150;Lisboa;Apartments
14320;T5;4 500 000,00 €;341.55;Lisboa;Apartments
14321;T0;350 000,00 €;28;Lisboa;Apartments
14322;T3;1 325 000,00 €;84;Lisboa;Apartments
14323;T2;1 250 000,00 €;91;Lisboa;Apartments
14324;T3;1 450 000,00 €;103;Lisboa;Apartments
14325;T1;525 000,00 €;42;Lisboa;Apartments
14326;T1;625 000,00 €;52;Lisboa;Apartments
14327;T1;515 000,00 €;41.11;Lisboa;Apartments
14328;T1;590 000,00 €;42;Lisboa;Apartments
14329;T6;2 700 000,00 €;451.65;Lisboa;Apartments
1433;T3;890 000,00 €;158;Faro;Apartments
14330;T1;156 000,00 €;58.80;Lisboa;Apartments
14331;T2;210 000,00 €;96;Braga;Apartments
14332;T1;122 000,00 €;49;Leiria;Apartments
14333;T2;162 500,00 €;66.78;Porto;Apartments
14334;T2;179 000,00 €;89;Leiria;Apartments
14335;T1;140 000,00 €;65;Leiria;Apartments
14336;T1;310 000,00 €;82;Faro;Apartments
14337;T3;255 000,00 €;95;Porto;Apartments
14338;T2;215 000,00 €;85;Viana do Castelo;Apartments
14339;T3;208 000,00 €;100;Set??bal;Apartments
1434;T3;405 000,00 €;140;Lisboa;Apartments
14340;T1;180 000,00 €;72;Aveiro;Apartments
14341;T1;159 900,00 €;58;Porto;Apartments
14342;T2;189 000,00 €;90;Aveiro;Apartments
14343;T2;162 500,00 €;67;Porto;Apartments
14344;T2;179 500,00 €;80;Porto;Apartments
14345;T4;460 000,00 €;150;Lisboa;Apartments
14346;T3;115 000,00 €;88;Santar?©m;Apartments
14347;T1;206 637,00 €;58;Porto;Apartments
14348;T3;650 000,00 €;129;Faro;Apartments
14349;T2;255 900,00 €;88;Porto;Apartments
1435;T3;219 000,00 €;96;Set??bal;Apartments
14350;T2;404 640,00 €;108;Aveiro;Apartments
14351;T2;160 000,00 €;70;Set??bal;Apartments
14352;T3;265 000,00 €;140;Braga;Apartments
14353;T2;373 000,00 €;103;Aveiro;Apartments
14354;T2;172 000,00 €;85;Lisboa;Apartments
14355;T2;150 000,00 €;85;Braga;Apartments
14356;T3;385 000,00 €;155;Lisboa;Apartments
14358;T3;274 900,00 €;101;Set??bal;Apartments
14359;T1;530 000,00 €;53;Lisboa;Apartments
1436;T3;340 000,00 €;111;Faro;Apartments
14361;T2;351 360,00 €;102;Aveiro;Apartments
14362;T3;195 000,00 €;136.67;Santar?©m;Apartments
14364;T6;495 000,00 €;310;Leiria;Apartments
14365;T3;198 000,00 €;114.77;Set??bal;Apartments
14366;T2;170 000,00 €;91;Set??bal;Apartments
14368;T4;500 000,00 €;100.80;Lisboa;Apartments
14369;T1;290 000,00 €;66;Faro;Apartments
1437;T5;990 000,00 €;228;Porto;Apartments
14370;T2;205 000,00 €;78.81;Set??bal;Apartments
14371;T3;360 000,00 €;72.90;Lisboa;Apartments
14372;T2;189 000,00 €;93.70;Aveiro;Apartments
14373;T4;220 000,00 €;128.50;Braga;Apartments
14374;T2;325 000,00 €;61;Lisboa;Apartments
14375;T2;225 000,00 €;88;Set??bal;Apartments
14376;T2;165 000,00 €;56.22;?âvora;Apartments
14377;T2;685 000,00 €;105;Lisboa;Apartments
14378;T2;359 000,00 €;62.80;Lisboa;Apartments
14379;T3;496 280,00 €;136;Aveiro;Apartments
1438;T3;214 900,00 €;88;Braga;Apartments
14380;T3;347 500,00 €;128.90;Porto;Apartments
14381;T2;340 000,00 €;118;Porto;Apartments
14382;T1;134 900,00 €;129.50;Coimbra;Apartments
14383;T2;175 000,00 €;61;Lisboa;Apartments
14384;T3;285 000,00 €;92;Lisboa;Apartments
14385;T3;275 000,00 €;126;Leiria;Apartments
14386;T6;299 970,00 €;77.20;Lisboa;Apartments
14387;T2;189 000,00 €;266;Aveiro;Apartments
14388;T3;240 000,00 €;130;Lisboa;Apartments
14389;T2;142 500,00 €;99;Lisboa;Apartments
1439;T3;1 300 000,00 €;120;Lisboa;Apartments
14390;T2;260 000,00 €;70;Lisboa;Apartments
14391;T3;475 000,00 €;177;Aveiro;Apartments
14392;T2;225 000,00 €;87.15;Lisboa;Apartments
14393;T2;500 000,00 €;74;Lisboa;Apartments
14394;T3;173 000,00 €;123;Aveiro;Apartments
14395;T2;135 000,00 €;59.40;Set??bal;Apartments
14396;T3;117 000,00 €;73.44;Santar?©m;Apartments
14397;T3;295 000,00 €;113;Faro;Apartments
14398;T3;160 000,00 €;135;Leiria;Apartments
14399;T2;160 000,00 €;94.35;Viana do Castelo;Apartments
144;T3;660 000,00 €;125;Aveiro;Apartments
1440;T3;229 900,00 €;74;Lisboa;Apartments
14400;T2;485 000,00 €;89.10;Lisboa;Apartments
14401;T2;162 500,00 €;113;Braga;Apartments
14402;T2;249 900,00 €;56;Braga;Apartments
14403;T3;1 300 000,00 €;160;Lisboa;Apartments
14404;T4;2 190 000,00 €;240;Lisboa;Apartments
14405;T1;179 000,00 €;83.70;Porto;Apartments
14406;T1;150 000,00 €;55;Braga;Apartments
14407;T2;265 000,00 €;102.70;Porto;Apartments
14408;T4;800 000,00 €;165;Lisboa;Apartments
14409;T4;770 000,00 €;170;Lisboa;Apartments
1441;T4;210 000,00 €;127;Leiria;Apartments
14410;T2;325 000,00 €;75;Lisboa;Apartments
14411;T3;249 500,00 €;135;Set??bal;Apartments
14412;T2;205 000,00 €;78;Set??bal;Apartments
14413;T3;264 000,00 €;135.59;Lisboa;Apartments
14414;T2;145 000,00 €;81;Lisboa;Apartments
14415;T3;179 000,00 €;87;Coimbra;Apartments
14416;T2;154 900,00 €;66.63;Set??bal;Apartments
14417;T1;162 000,00 €;74;Braga;Apartments
14418;T2;282 500,00 €;107.70;Porto;Apartments
14419;T2;210 000,00 €;63.10;Porto;Apartments
1442;T3;850 000,00 €;158;Porto;Apartments
14420;T4;370 000,00 €;118;Set??bal;Apartments
14421;T4;750 000,00 €;292;Porto;Apartments
14422;T3;695 000,00 €;130;Lisboa;Apartments
14423;T3;255 000,00 €;109;Set??bal;Apartments
14424;T3;180 000,00 €;94;Porto;Apartments
14425;T1;249 900,00 €;50;Lisboa;Apartments
14427;T3;120 000,00 €;108;Santar?©m;Apartments
14428;T3;125 000,00 €;105.80;Santar?©m;Apartments
14429;T4;385 000,00 €;159.20;Porto;Apartments
1443;T3;890 000,00 €;135;Lisboa;Apartments
14430;T2;235 000,00 €;94;Ilha da Madeira;Apartments
14431;T3;405 000,00 €;130;Ilha da Madeira;Apartments
14432;T2;225 000,00 €;86;Porto;Apartments
14433;T2;135 000,00 €;59;Set??bal;Apartments
14434;T2;169 000,00 €;123;Aveiro;Apartments
14435;T2;282 500,00 €;88;Porto;Apartments
14436;T3;290 000,00 €;72.27;Lisboa;Apartments
14437;T2;345 000,00 €;93.65;Aveiro;Apartments
14438;T3;295 000,00 €;100;Lisboa;Apartments
14439;T2;650 000,00 €;125;Lisboa;Apartments
1444;T2;269 500,00 €;108;Leiria;Apartments
14440;T3;365 000,00 €;158.30;Porto;Apartments
14441;T3;475 400,00 €;132;Aveiro;Apartments
14442;T3;525 000,00 €;100;Lisboa;Apartments
14443;T4;370 000,00 €;118;Set??bal;Apartments
14444;T2;270 000,00 €;84.60;Viana do Castelo;Apartments
14445;T2;200 000,00 €;101.70;Porto;Apartments
14446;T3;347 500,00 €;128.90;Porto;Apartments
14447;T3;350 000,00 €;109;Porto;Apartments
14448;T4;387 500,00 €;135;Porto;Apartments
14449;T0;211 000,00 €;40;Porto;Apartments
1445;T3;287 000,00 €;116;Porto;Apartments
14450;T2;225 000,00 €;86;Porto;Apartments
14451;T2;290 000,00 €;130;Porto;Apartments
14452;T2;280 000,00 €;96;Set??bal;Apartments
14453;T3;525 000,00 €;125;Porto;Apartments
14454;T3;369 000,00 €;167;Faro;Apartments
14455;T3;415 000,00 €;138;Porto;Apartments
14456;T4;385 000,00 €;159.20;Porto;Apartments
14457;T4;173 000,00 €;114.70;Santar?©m;Apartments
14458;T1;193 000,00 €;45.15;Set??bal;Apartments
14459;T3;298 000,00 €;145;Faro;Apartments
1446;T3;459 000,00 €;145;Porto;Apartments
14460;T3;315 000,00 €;120;Set??bal;Apartments
14461;T4;185 000,00 €;104;Porto;Apartments
14462;T4;385 000,00 €;135;Porto;Apartments
14463;T3;180 000,00 €;144;Santar?©m;Apartments
14464;T3;240 000,00 €;165;Porto;Apartments
14465;T2;352 775,00 €;116;Porto;Apartments
14466;T1;290 000,00 €;54;Faro;Apartments
14468;T2;460 000,00 €;61.19;Lisboa;Apartments
14469;T3;310 000,00 €;124;Coimbra;Apartments
1447;T2;235 000,00 €;90;Porto;Apartments
14470;T1;164 900,00 €;55;Lisboa;Apartments
14471;T3;240 000,00 €;94;Set??bal;Apartments
14472;T3;135 000,00 €;124.15;Porto;Apartments
14473;T2;225 000,00 €;70;Lisboa;Apartments
14474;T1;630 000,00 €;82;Lisboa;Apartments
14475;T2;250 000,00 €;119;Porto;Apartments
14476;T1;171 000,00 €;65;Bragan?ßa;Apartments
14477;T2;450 000,00 €;114;Ilha da Madeira;Apartments
14478;T2;395 000,00 €;128.50;Porto;Apartments
14479;T3;340 000,00 €;94;Porto;Apartments
1448;T3;435 000,00 €;180;Lisboa;Apartments
14480;T2;450 000,00 €;114;Ilha da Madeira;Apartments
14481;T2;395 000,00 €;128.50;Porto;Apartments
14482;T3;340 000,00 €;94;Porto;Apartments
14484;T3;241 000,00 €;100;Braga;Apartments
14485;T1;269 000,00 €;66;Ilha da Madeira;Apartments
14486;T3;1 141 000,00 €;139;Lisboa;Apartments
14487;T1;150 000,00 €;60.75;Aveiro;Apartments
14488;T3;220 000,00 €;132.90;Aveiro;Apartments
14489;T1;430 000,00 €;74;Lisboa;Apartments
1449;T3;390 000,00 €;135;Lisboa;Apartments
14490;T1;80 000,00 €;60;Coimbra;Apartments
14491;T2;155 000,00 €;19.20;Aveiro;Apartments
14492;T4;795 000,00 €;152;Lisboa;Apartments
14493;T2;750 000,00 €;90;Lisboa;Apartments
14494;T2;183 500,00 €;96;Set??bal;Apartments
14495;T2;189 000,00 €;56;Lisboa;Apartments
14496;T1;279 900,00 €;34;Lisboa;Apartments
14497;T2;239 000,00 €;90;Porto;Apartments
14498;T1;230 000,00 €;50;Set??bal;Apartments
14499;T1;139 900,00 €;55;Lisboa;Apartments
145;T2;335 000,00 €;104;Aveiro;Apartments
1450;T3;370 000,00 €;130;Lisboa;Apartments
14500;T3;265 000,00 €;126.50;Porto;Apartments
14501;T3;230 000,00 €;125;Set??bal;Apartments
14502;T2;310 000,00 €;82;Lisboa;Apartments
14506;T1;160 000,00 €;55;Lisboa;Apartments
14507;T2;217 000,00 €;100;Porto;Apartments
14508;T2;250 000,00 €;65;Porto;Apartments
14509;T3;165 000,00 €;115;Braga;Apartments
1451;T2;535 000,00 €;106;Lisboa;Apartments
14510;T4;790 000,00 €;168;Lisboa;Apartments
14511;T3;255 000,00 €;113.17;Braga;Apartments
14512;T2;250 000,00 €;151;Lisboa;Apartments
14514;T2;345 000,00 €;106;Porto;Apartments
14515;T2;385 000,00 €;17;Porto;Apartments
14516;T2;370 000,00 €;118;Porto;Apartments
14517;T2;325 000,00 €;99;Porto;Apartments
14518;T2;365 000,00 €;112;Porto;Apartments
14519;T2;380 000,00 €;118;Porto;Apartments
1452;T2;665 500,00 €;115;Porto;Apartments
14520;T4;535 000,00 €;210;Porto;Apartments
14521;T3;370 000,00 €;127;Coimbra;Apartments
14522;T3; Pre?ßosobconsulta ;128;Braga;Apartments
14523;T4;395 000,00 €;120;Set??bal;Apartments
14524;T2;260 000,00 €;74;Lisboa;Apartments
14525;T3; Pre?ßosobconsulta ;147;Viseu;Apartments
14526;T3;380 000,00 €;247.50;Lisboa;Apartments
14527;T2;235 000,00 €;84;Faro;Apartments
14528;T2;309 900,00 €;82.43;Porto;Apartments
14529;T1;230 000,00 €;44;Faro;Apartments
1453;T2;127 500,00 €;79;Apartamento para comprar: Castelo Branco;Apartments
14530;T1;165 000,00 €;57;Faro;Apartments
14531;T4;705 000,00 €;170.40;Porto;Apartments
14532;T2;144 000,00 €;44;Lisboa;Apartments
14533;T2;260 000,00 €;119;Porto;Apartments
14534;T3;450 000,00 €;250;Set??bal;Apartments
14535;T3;295 000,00 €;112.30;Lisboa;Apartments
14536;T3;358 500,00 €;140;Braga;Apartments
14537;T3;229 000,00 €;105.23;Braga;Apartments
14538;T2;625 000,00 €;115.02;Viseu;Apartments
14539;T4;600 000,00 €;150;Porto;Apartments
1454;T2;550 000,00 €;106;Porto;Apartments
14540;T3;265 000,00 €;62;Lisboa;Apartments
14541;T3;430 000,00 €;141;Lisboa;Apartments
14545;T2;580 000,00 €;95.03;Faro;Apartments
1455;T2;297 000,00 €;95.64;Porto;Apartments
14551;T4;350 000,00 €;210;Lisboa;Apartments
14552;T2;190 000,00 €;100.75;Aveiro;Apartments
14553;T3;220 000,00 €;132.90;Aveiro;Apartments
14554;T3;220 000,00 €;132.90;Aveiro;Apartments
14555;T2;165 000,00 €;100.75;Aveiro;Apartments
14556;T3;280 000,00 €;114;Porto;Apartments
14557;T2;210 000,00 €;82;Viana do Castelo;Apartments
14558;T3;360 000,00 €;100;Lisboa;Apartments
14559;T2;672 000,00 €;102;Faro;Apartments
1456;T3;177 000,00 €;98.90;Set??bal;Apartments
14560;T1;415 000,00 €;60;Faro;Apartments
14561;T3;898 000,00 €;136;Faro;Apartments
14562;T2;255 000,00 €;96;Leiria;Apartments
14563;T2;255 000,00 €;100;Leiria;Apartments
14564;T2;255 000,00 €;96;Leiria;Apartments
14565;T2;255 000,00 €;96;Leiria;Apartments
14566;T3;305 000,00 €;154;Leiria;Apartments
14567;T2;255 000,00 €;100;Leiria;Apartments
14568;T2;255 000,00 €;96;Leiria;Apartments
14569;T3;155 000,00 €;107;Faro;Apartments
1457;T2;287 000,00 €;93.50;Faro;Apartments
14570;T2;255 000,00 €;97;Faro;Apartments
14571;T1;240 000,00 €;60;Lisboa;Apartments
14572;T3;335 000,00 €;150;Set??bal;Apartments
14573;T2;925 500,00 €;82.65;Lisboa;Apartments
14574;T2;550 000,00 €;110;Lisboa;Apartments
14575;T3;397 500,00 €;108.35;Porto;Apartments
14576;T3;397 500,00 €;108.35;Porto;Apartments
14577;T2;214 900,00 €;85.70;Porto;Apartments
14578;T2;225 900,00 €;87;Porto;Apartments
14579;T2;249 000,00 €;95;Porto;Apartments
1458;T2;172 000,00 €;94;Coimbra;Apartments
14580;T3;610 000,00 €;118.84;Lisboa;Apartments
14581;T2;255 000,00 €;119;Porto;Apartments
14582;T1;135 000,00 €;67.96;Porto;Apartments
14583;T3;339 500,00 €;91.13;Lisboa;Apartments
14585;T1;286 000,00 €;60;Lisboa;Apartments
14586;T3;980 000,00 €;175.23;Lisboa;Apartments
14587;T3;785 000,00 €;138;Lisboa;Apartments
14588;T3;350 000,00 €;191.60;Porto;Apartments
14589;T2;375 000,00 €;113;Porto;Apartments
1459;T2;343 000,00 €;92;Porto;Apartments
14590;T2;345 000,00 €;114;Porto;Apartments
14591;T2;385 000,00 €;113;Porto;Apartments
14592;T2;305 000,00 €;90;Porto;Apartments
14593;T2;350 000,00 €;92;Porto;Apartments
14594;T1;230 000,00 €;52.70;Porto;Apartments
14595;T2;600 000,00 €;119;Porto;Apartments
14596;T2;300 000,00 €;119;Porto;Apartments
14597;T2;265 000,00 €;119;Porto;Apartments
14598;T3;179 000,00 €;156;Porto;Apartments
14599;T1;400 000,00 €;80;Porto;Apartments
146;T2;310 000,00 €;95;Aveiro;Apartments
1460;T3;170 000,00 €;103;Lisboa;Apartments
14600;T2;300 000,00 €;79;Set??bal;Apartments
14601;T3;465 000,00 €;99;Porto;Apartments
14602;T1;290 000,00 €;72;Porto;Apartments
14603;T1;250 000,00 €;61;Porto;Apartments
14604;T2;512 000,00 €;111;Coimbra;Apartments
14605;T2;390 000,00 €;111;Coimbra;Apartments
14606;T2;430 000,00 €;94.50;Porto;Apartments
14607;T0;137 500,00 €;37;Porto;Apartments
14608;T3;635 000,00 €;150;Ilha da Madeira;Apartments
14609;T4;1 800 000,00 €;243.55;Lisboa;Apartments
1461;T3;235 000,00 €;108;Set??bal;Apartments
14610;T3;780 000,00 €;151;Faro;Apartments
14611;T2;780 000,00 €;126;Faro;Apartments
14612;T3;500 000,00 €;129;Porto;Apartments
14613;T4;650 000,00 €;188;Porto;Apartments
14614;T3;755 000,00 €;107.80;Lisboa;Apartments
14615;T3;775 000,00 €;155.55;Lisboa;Apartments
14616;T3;885 000,00 €;146.60;Lisboa;Apartments
14617;T1;480 000,00 €;128.07;?âvora;Apartments
14618;T1;320 000,00 €;75.07;?âvora;Apartments
14619;T3;550 000,00 €;207;Set??bal;Apartments
1462;T2;365 000,00 €;105.90;Viana do Castelo;Apartments
14620;T3;379 500,00 €;118;Porto;Apartments
14621;T3;750 000,00 €;208;Porto;Apartments
14622;T4;950 000,00 €;277;Porto;Apartments
14623;T4;1 650 000,00 €;418;Porto;Apartments
14624;T2;460 000,00 €;87;Ilha da Madeira;Apartments
14625;T1;175 000,00 €;38.27;Lisboa;Apartments
14626;T2;173 000,00 €;85;Faro;Apartments
14627;T2;229 900,00 €;85;Set??bal;Apartments
14629;T1;600 600,00 €;53;Lisboa;Apartments
1463;T1;242 000,00 €;64.95;Viana do Castelo;Apartments
14630;T5;780 000,00 €;106;Lisboa;Apartments
14631;T1;219 000,00 €;70;Faro;Apartments
14632;T3;600 000,00 €;121;Porto;Apartments
14633;T1;187 500,00 €;95;Braga;Apartments
14634;T1;500 000,00 €;87;Ilha da Madeira;Apartments
14635;T1;465 000,00 €;76;Ilha da Madeira;Apartments
14636;T4;1 700 000,00 €;202;Lisboa;Apartments
14637;T3;159 000,00 €;142;Coimbra;Apartments
14638;T3;670 000,00 €;159;Ilha da Madeira;Apartments
14639;T3;670 000,00 €;174;Ilha da Madeira;Apartments
1464;T1;227 000,00 €;71.30;Viana do Castelo;Apartments
14640;T1;350 000,00 €;66;Porto;Apartments
14641;T3;210 000,00 €;135;Leiria;Apartments
14642;T3;520 000,00 €;136.29;Set??bal;Apartments
14643;T2;210 000,00 €;79;Lisboa;Apartments
14644;T3;170 000,00 €;92;Porto;Apartments
1465;T2;365 000,00 €;105.90;Viana do Castelo;Apartments
14650;T0;285 000,00 €;49.20;Porto;Apartments
14651;T0;285 000,00 €;48.40;Porto;Apartments
14652;T0;250 000,00 €;38.80;Porto;Apartments
14653;T2;350 000,00 €;50;Lisboa;Apartments
14654;T2;310 000,00 €;54.30;Lisboa;Apartments
14655;T2;220 000,00 €;54.30;Lisboa;Apartments
14656;T2;280 000,00 €;54.30;Lisboa;Apartments
14657;T2;205 000,00 €;54.30;Lisboa;Apartments
14658;T2;295 000,00 €;54.30;Lisboa;Apartments
14659;T2;162 000,00 €;93;Lisboa;Apartments
1466;T1;252 500,00 €;64.95;Viana do Castelo;Apartments
14660;T2;290 000,00 €;51;Lisboa;Apartments
14661;T4;269 000,00 €;216;Aveiro;Apartments
14662;T2;195 000,00 €;95;Aveiro;Apartments
14663;T2;195 000,00 €;140;Aveiro;Apartments
14664;T2;175 000,00 €;95;Aveiro;Apartments
14668;T3;315 000,00 €;160;Faro;Apartments
14669;T3;295 000,00 €;72;Lisboa;Apartments
1467;T1;242 000,00 €;64.95;Viana do Castelo;Apartments
14670;T3;425 000,00 €;134;Porto;Apartments
14671;T1;210 000,00 €;65;Faro;Apartments
14672;T3;295 000,00 €;160;Set??bal;Apartments
14673;T3;520 000,00 €;136.29;Set??bal;Apartments
14674;T2;180 000,00 €;64;Lisboa;Apartments
14677;T2;260 000,00 €;67;Lisboa;Apartments
14678;T2;279 000,00 €;91.60;Aveiro;Apartments
14679;T3;340 000,00 €;94.50;Faro;Apartments
1468;T1;262 500,00 €;64.95;Viana do Castelo;Apartments
14680;T2;419 000,00 €;78.48;Braga;Apartments
14681;T3;347 500,00 €;109.60;Porto;Apartments
14682;T2;299 900,00 €;85.50;Porto;Apartments
14683;T3;365 000,00 €;158.30;Porto;Apartments
14684;T1;257 000,00 €;52;Porto;Apartments
14686;T2;285 900,00 €;86;Porto;Apartments
14687;T1;260 000,00 €;60;Set??bal;Apartments
14688;T3;347 500,00 €;128.90;Porto;Apartments
14689;T3;165 000,00 €;112;Viana do Castelo;Apartments
1469;T2;350 000,00 €;105.90;Viana do Castelo;Apartments
14690;T3;225 000,00 €;185;Viseu;Apartments
14691;T3;450 000,00 €;110;Lisboa;Apartments
14692;T3;825 000,00 €;276;Faro;Apartments
14693;T2;249 500,00 €;79;Faro;Apartments
14694;T2;225 000,00 €;99;Santar?©m;Apartments
14695;T2;135 000,00 €;59;Set??bal;Apartments
14696;T3;210 000,00 €;149;Lisboa;Apartments
14697;T2;162 500,00 €;80;Porto;Apartments
14698;T4;185 000,00 €;127 000;Porto;Apartments
147;T2;310 000,00 €;96;Aveiro;Apartments
1470;T2;335 000,00 €;105.90;Viana do Castelo;Apartments
14700;T2;260 000,00 €;96;Faro;Apartments
14701;T2;179 900,00 €;90;Porto;Apartments
14702;T1;147 500,00 €;51;Leiria;Apartments
14703;T2;335 000,00 €;106;Set??bal;Apartments
14704;T4;320 000,00 €;170;Viana do Castelo;Apartments
14705;T2;246 000,00 €;105;Porto;Apartments
14706;T2;285 000,00 €;101;Porto;Apartments
14707;T4;1 300 000,00 €;212;Lisboa;Apartments
14708;T3;152 000,00 €;93;Lisboa;Apartments
14709;T2;375 000,00 €;85;Lisboa;Apartments
1471;T2;240 000,00 €;80;Porto;Apartments
14710;T1;195 000,00 €;63;Faro;Apartments
14712;T2;190 000,00 €;82;Aveiro;Apartments
14713;T2;265 000,00 €;89;Aveiro;Apartments
14714;T3;280 000,00 €;114;Aveiro;Apartments
14715;T2;295 000,00 €;86;Porto;Apartments
14716;T2;290 000,00 €;111.60;Porto;Apartments
14717;T2;680 000,00 €;125.20;Lisboa;Apartments
14718;T2;308 900,00 €;96;Porto;Apartments
14719;T2;218 900,00 €;83;Porto;Apartments
1472;T2;174 900,00 €;79;Porto;Apartments
14720;T2;308 900,00 €;96;Porto;Apartments
14721;T2;218 900,00 €;83;Porto;Apartments
14722;T5;450 000,00 €;121;Lisboa;Apartments
14723;T2;225 000,00 €;71.70;Porto;Apartments
14724;T2;249 900,00 €;80;Porto;Apartments
14725;T2;225 000,00 €;86;Porto;Apartments
14726;T4;660 000,00 €;150;Set??bal;Apartments
14727;T3;380 100,00 €;120;Porto;Apartments
14728;T2;184 900,00 €;87;Porto;Apartments
14729;T2;192 900,00 €;88;Porto;Apartments
1473;T1;179 500,00 €;52.73;Coimbra;Apartments
14730;T3;335 000,00 €;142.45;Aveiro;Apartments
14731;T2;225 000,00 €;77;Porto;Apartments
14732;T1;265 000,00 €;56.38;Ilha da Madeira;Apartments
14733;T3;335 000,00 €;125;Set??bal;Apartments
14734;T3;463 800,00 €;120;Porto;Apartments
14735;T3;235 000,00 €;105.40;Aveiro;Apartments
14736;T2;374 100,00 €;92;Porto;Apartments
14738;T3;155 000,00 €;93.85;Apartamento para comprar: Viseu;Apartments
14739;T2;315 000,00 €;109;Porto;Apartments
1474;T3;576 030,00 €;120.54;Porto;Apartments
14740;T3;529 000,00 €;193;Leiria;Apartments
14741;T3;385 000,00 €;110;Leiria;Apartments
14743;T3;375 000,00 €;173;Aveiro;Apartments
14744;T1;149 500,00 €;80;Braga;Apartments
14745;T2;245 000,00 €;76.70;Porto;Apartments
14746;T2;275 000,00 €;129;Aveiro;Apartments
14747;T2;275 000,00 €;106.52;Braga;Apartments
14748;T2;285 000,00 €;70;Ilha da Madeira;Apartments
14749;T1;139 000,00 €;54;Set??bal;Apartments
1475;T3;621 420,00 €;131.40;Porto;Apartments
14750;T2;162 500,00 €;110;Porto;Apartments
14751;T1;395 000,00 €;105;Lisboa;Apartments
14752;T1;220 000,00 €;52;Porto;Apartments
14754;T3;365 000,00 €;135;Porto;Apartments
14755;T3;350 000,00 €;118.50;Aveiro;Apartments
14756;T2;282 500,00 €;91;Porto;Apartments
14757;T4;850 000,00 €;217.70;Aveiro;Apartments
14758;T2;325 000,00 €;96.78;Aveiro;Apartments
14759;T2;305 000,00 €;82;Aveiro;Apartments
1476;T2;411 645,00 €;84.45;Porto;Apartments
14760;T3;1 240 000,00 €;148;Lisboa;Apartments
14761;T2;175 000,00 €;80;Set??bal;Apartments
14762;T3;315 000,00 €;120;Porto;Apartments
14763;T2;260 000,00 €;80;Lisboa;Apartments
14764;T2;305 000,00 €;75;Porto;Apartments
14765;T2;159 500,00 €;64;Set??bal;Apartments
14766;T3;225 000,00 €;147.50;Aveiro;Apartments
14767;T2;305 000,00 €;75;Porto;Apartments
14768;T2;850 000,00 €;83;Faro;Apartments
1477;T3;591 300,00 €;131.40;Porto;Apartments
14770;T3;429 900,00 €;121;Lisboa;Apartments
14771;T3;884 000,00 €;154;Porto;Apartments
14772;T1;378 000,00 €;69;Porto;Apartments
14773;T3;170 000,00 €;150;Braga;Apartments
14774;T2;290 000,00 €;91.20;Porto;Apartments
14775;T3;299 300,00 €;122.20;Braga;Apartments
14776;T2;186 900,00 €;88.10;Porto;Apartments
14777;T2;192 900,00 €;88.30;Porto;Apartments
14778;T2;185 900,00 €;86.95;Porto;Apartments
14779;T2;184 900,00 €;86.95;Porto;Apartments
1478;T3;743 655,00 €;135.66;Porto;Apartments
14780;T2;255 000,00 €;92;Porto;Apartments
14781;T2; Pre?ßosobconsulta ;101;Porto;Apartments
14782;T2;199 500,00 €;84;Aveiro;Apartments
14783;T2;189 000,00 €;67;Coimbra;Apartments
14784;T4;189 000,00 €;73.55;Set??bal;Apartments
14785;T4;249 900,00 €;154;Braga;Apartments
14786;T2;199 000,00 €;85.75;Set??bal;Apartments
14787;T2;690 000,00 €;103;Faro;Apartments
14788;T4;668 000,00 €;134;Lisboa;Apartments
14789;T3;632 000,00 €;144;Ilha da Madeira;Apartments
1479;T1;252 500,00 €;64.95;Viana do Castelo;Apartments
14790;T2;561 000,00 €;127;Ilha da Madeira;Apartments
14791;T2;550 000,00 €;116;Ilha da Madeira;Apartments
14792;T2;550 000,00 €;116;Ilha da Madeira;Apartments
14793;T2;187 500,00 €;59;Set??bal;Apartments
14794;T2;616 000,00 €;128;Ilha da Madeira;Apartments
14795;T1;153 990,00 €;59;Aveiro;Apartments
14796;T2;210 000,00 €;68.20;Lisboa;Apartments
14797;T3;229 000,00 €;106;Set??bal;Apartments
14798;T1;220 000,00 €;52;Porto;Apartments
14799;T2;273 400,00 €;132;Ilha de S?£o Miguel;Apartments
148;T2;315 000,00 €;99;Aveiro;Apartments
1480;T1;227 000,00 €;71.30;Viana do Castelo;Apartments
14800;T3;234 000,00 €;92.47;Set??bal;Apartments
14801;T3;246 900,00 €;112.10;Faro;Apartments
14802;T3;595 000,00 €;204;Porto;Apartments
14803;T3;250 000,00 €;110;Porto;Apartments
14804;T3;550 000,00 €;180;Porto;Apartments
14805;T3;365 000,00 €;120;Porto;Apartments
14806;T2;210 000,00 €;73;Faro;Apartments
14807;T1;268 000,00 €;46;Set??bal;Apartments
14808;T1;265 000,00 €;53;Lisboa;Apartments
14809;T2;175 000,00 €;72;Lisboa;Apartments
1481;T2;402 000,00 €;98;Viana do Castelo;Apartments
14810;T2;875 000,00 €;102;Lisboa;Apartments
14811;T3;1 090 000,00 €;186;Lisboa;Apartments
14812;T3;1 695 000,00 €;192;Lisboa;Apartments
14813;T2;885 000,00 €;97;Lisboa;Apartments
14814;T3;2 400 000,00 €;200;Lisboa;Apartments
14815;T3;710 000,00 €;137;Lisboa;Apartments
14816;T2;525 000,00 €;94;Lisboa;Apartments
14817;T1;460 000,00 €;64;Beja;Apartments
14818;T3;1 351 000,00 €;197;Lisboa;Apartments
14819;T3;1 085 000,00 €;186;Lisboa;Apartments
1482;T3;320 000,00 €;131;Porto;Apartments
14820;T2;613 500,00 €;77;Lisboa;Apartments
14821;T3;2 500 000,00 €;200;Lisboa;Apartments
14822;T3;715 000,00 €;143;Lisboa;Apartments
14823;T4;2 700 000,00 €;232;Lisboa;Apartments
14824;T1;560 000,00 €;61;Lisboa;Apartments
14825;T1;416 000,00 €;64;Beja;Apartments
14826;T3;1 190 000,00 €;186;Lisboa;Apartments
14827;T3;860 000,00 €;113;Lisboa;Apartments
14828;T2;779 000,00 €;99;Lisboa;Apartments
14829;T3;2 500 000,00 €;170;Lisboa;Apartments
1483;T2;330 000,00 €;91.05;Viana do Castelo;Apartments
14830;T3;1 200 000,00 €;185;Lisboa;Apartments
14831;T3;1 550 000,00 €;245;Lisboa;Apartments
14832;T2;594 000,00 €;140;Lisboa;Apartments
14833;T2;179 000,00 €;70;Set??bal;Apartments
14834;T2;400 000,00 €;90.07;Set??bal;Apartments
14835;T2;561 000,00 €;124;Ilha da Madeira;Apartments
14836;T2;770 000,00 €;127;Ilha da Madeira;Apartments
14837;T2;715 000,00 €;128;Ilha da Madeira;Apartments
14838;T2;660 000,00 €;116;Ilha da Madeira;Apartments
14839;T3;803 000,00 €;143;Ilha da Madeira;Apartments
1484;T1;262 500,00 €;64.95;Viana do Castelo;Apartments
14840;T3;803 000,00 €;143;Ilha da Madeira;Apartments
14841;T3;825 000,00 €;160;Ilha da Madeira;Apartments
14842;T2;590 000,00 €;69;Lisboa;Apartments
14843;T2;155 000,00 €;53.60;Lisboa;Apartments
14844;T1;289 000,00 €;49;Porto;Apartments
14845;T0;230 000,00 €;33;Set??bal;Apartments
14846;T1;279 900,00 €;40.87;Lisboa;Apartments
14847;T2;249 000,00 €;76;Porto;Apartments
14848;T2;205 000,00 €;86;Porto;Apartments
14849;T4;1 300 000,00 €;208;Lisboa;Apartments
1485;T1;232 000,00 €;71.30;Viana do Castelo;Apartments
14850;T3;725 000,00 €;132;Lisboa;Apartments
14851;T5;3 950 000,00 €;295.72;Lisboa;Apartments
14852;T3;285 000,00 €;145.30;Porto;Apartments
14853;T3;169 000,00 €;106;Santar?©m;Apartments
14854;T1;270 000,00 €;61;Porto;Apartments
14855;T1;85 000,00 €;37;Set??bal;Apartments
14856;T2;215 000,00 €;81.90;Viana do Castelo;Apartments
14857;T3;124 800,00 €;93.13;Santar?©m;Apartments
14858;T2; Pre?ßosobconsulta ;90.33;Lisboa;Apartments
14859;T2; Pre?ßosobconsulta ;109.43;Lisboa;Apartments
1486;T3;472 500,00 €;133.85;Viana do Castelo;Apartments
14860;T2;166 000,00 €;80;Lisboa;Apartments
14861;T1;399 900,00 €;46.50;Lisboa;Apartments
14862;T1;349 900,00 €;44;Lisboa;Apartments
14863;T3;215 000,00 €;105;Porto;Apartments
14864;T2;225 000,00 €;83;Porto;Apartments
14866;T2;200 000,00 €;90;Porto;Apartments
14867;T2;250 000,00 €;96;Lisboa;Apartments
14868;T2;297 500,00 €;82;Faro;Apartments
14869;T3;380 500,00 €;106.35;Faro;Apartments
1487;T1;306 225,00 €;68.05;Porto;Apartments
14870;T3;239 000,00 €;96;Set??bal;Apartments
14871;T3;429 900,00 €;70;Lisboa;Apartments
14872;T2;369 900,00 €;63;Lisboa;Apartments
14873;T2;185 000,00 €;70;Lisboa;Apartments
14874;T3;255 000,00 €;105.98;Set??bal;Apartments
14875;T4;450 000,00 €;180;?âvora;Apartments
14876;T3;139 000,00 €;95;Porto;Apartments
14877;T4;550 000,00 €;163.36;Lisboa;Apartments
14878;T3;645 000,00 €;142.20;Porto;Apartments
14879;T2;275 000,00 €;62;Lisboa;Apartments
1488;T2;368 835,00 €;78.23;Porto;Apartments
14880;T3;270 000,00 €;135;Aveiro;Apartments
14881;T3;450 000,00 €;145.30;Set??bal;Apartments
14882;T1;220 000,00 €;60;Porto;Apartments
14883;T1;119 000,00 €;49;Coimbra;Apartments
14884;T3;224 000,00 €;115;Set??bal;Apartments
14885;T2;195 000,00 €;72;Coimbra;Apartments
14886;T3;180 000,00 €;107.22;Apartamento para comprar: Castelo Branco;Apartments
14887;T1;275 000,00 €;53;Porto;Apartments
14888;T3;155 000,00 €;153;Viseu;Apartments
14889;T3;260 000,00 €;127;Aveiro;Apartments
1489;T2;378 000,00 €;91.36;Viana do Castelo;Apartments
14890;T4;2 300 000,00 €;218;Lisboa;Apartments
14892;T3;210 000,00 €;149;Leiria;Apartments
14893;T2;250 000,00 €;112;Lisboa;Apartments
14894;T3;450 000,00 €;145.30;Set??bal;Apartments
14895;T5;450 000,00 €;123.40;Lisboa;Apartments
14896;T3;235 000,00 €;116.20;Porto;Apartments
14897;T2;360 000,00 €;83;Lisboa;Apartments
14898;T2;369 900,00 €;66.90;Lisboa;Apartments
14899;T3;259 000,00 €;91;Lisboa;Apartments
149;T3;780 000,00 €;125;Aveiro;Apartments
1490;T4;295 000,00 €;249;Coimbra;Apartments
14900;T2;250 000,00 €;87.62;Set??bal;Apartments
14901;T3;350 000,00 €;97.22;Porto;Apartments
14902;T2;385 000,00 €;91.52;Porto;Apartments
14903;T2;350 000,00 €;86.77;Porto;Apartments
14904;T3;145 000,00 €;101;Santar?©m;Apartments
14905;T2;95 000,00 €;91.04;Beja;Apartments
14906;T2;380 000,00 €;85.70;Faro;Apartments
14907;T2;144 900,00 €;105;Porto;Apartments
14908;T3;185 000,00 €;116;Braga;Apartments
1491;T3;350 000,00 €;137;Lisboa;Apartments
14911;T2;750 000,00 €;87.50;Lisboa;Apartments
14912;T4;387 500,00 €;135;Porto;Apartments
14913;T3;350 000,00 €;109.60;Porto;Apartments
14914;T2;290 000,00 €;94.80;Porto;Apartments
14915;T4;385 000,00 €;135;Porto;Apartments
14916;T3;347 500,00 €;109.60;Porto;Apartments
14917;T3;195 000,00 €;116;Aveiro;Apartments
14918;T3;585 000,00 €;160;Porto;Apartments
14919;T2;155 000,00 €;78;Lisboa;Apartments
1492;T4;265 000,00 €;121.30;Coimbra;Apartments
14920;T4;650 000,00 €;225;Porto;Apartments
14921;T2;586 000,00 €;109;Porto;Apartments
14922;T2;369 900,00 €;47;Lisboa;Apartments
14923;T1;125 000,00 €;56.70;Braga;Apartments
14924;T3;1 550 000,00 €;185;Lisboa;Apartments
14925;T2;345 000,00 €;77;Porto;Apartments
14926;T2;345 000,00 €;77;Porto;Apartments
14927;T3;362 000,00 €;96;Porto;Apartments
14928;T2;960 000,00 €;123;Lisboa;Apartments
14929;T2;581 000,00 €;109;Porto;Apartments
1493;T3;255 000,00 €;120;Coimbra;Apartments
14930;T2;115 000,00 €;72.15;Set??bal;Apartments
14931;T2;365 000,00 €;77;Porto;Apartments
14932;T2;315 900,00 €;88;Porto;Apartments
14934;T2;243 000,00 €;74;Porto;Apartments
14935;T2;295 000,00 €;84.96;Faro;Apartments
14936;T3;570 000,00 €;124;Porto;Apartments
14937;T2;275 000,00 €;111;Porto;Apartments
14938;T2;470 000,00 €;80;Lisboa;Apartments
14939;T3;460 000,00 €;145.30;Set??bal;Apartments
1494;T2;356 850,00 €;79.30;Porto;Apartments
14940;T1;149 000,00 €;60;Porto;Apartments
14941;T2;142 500,00 €;88;Coimbra;Apartments
14942;T2;420 000,00 €;80;Lisboa;Apartments
14943;T2;160 000,00 €;98;Porto;Apartments
14945;T4;660 000,00 €;212.95;Faro;Apartments
14946;T4;690 000,00 €;212.95;Faro;Apartments
14947;T4;580 000,00 €;212.95;Faro;Apartments
14948;T4;560 000,00 €;212.95;Faro;Apartments
14949;T3;249 000,00 €;109;Faro;Apartments
1495;T3;542 430,00 €;120.54;Porto;Apartments
14950;T4;620 000,00 €;212.95;Faro;Apartments
14951;T4;640 000,00 €;212.95;Faro;Apartments
14952;T4;265 000,00 €;136;Porto;Apartments
14953;T1;198 750,00 €;49.50;Porto;Apartments
14955;T3;245 000,00 €;120;Braga;Apartments
14956;T4;540 000,00 €;178.85;Faro;Apartments
14957;T4;600 000,00 €;212.95;Faro;Apartments
14958;T2;282 500,00 €;91;Porto;Apartments
14959;T0;6 000,00 €;30;Faro;Apartments
1496;T2;352 035,00 €;78.23;Porto;Apartments
14960;T1;149 000,00 €;60;Porto;Apartments
14961;T2;142 500,00 €;88;Coimbra;Apartments
14962;T2;420 000,00 €;80;Lisboa;Apartments
14963;T2;160 000,00 €;98;Porto;Apartments
14965;T4;660 000,00 €;212.95;Faro;Apartments
14966;T4;690 000,00 €;212.95;Faro;Apartments
14967;T4;580 000,00 €;212.95;Faro;Apartments
14968;T4;560 000,00 €;212.95;Faro;Apartments
14969;T3;249 000,00 €;109;Faro;Apartments
1497;T2;379 980,00 €;84.44;Porto;Apartments
14970;T4;620 000,00 €;212.95;Faro;Apartments
14971;T4;640 000,00 €;212.95;Faro;Apartments
14972;T4;265 000,00 €;136;Porto;Apartments
14973;T1;198 750,00 €;49.50;Porto;Apartments
14975;T3;245 000,00 €;120;Braga;Apartments
14976;T4;540 000,00 €;178.85;Faro;Apartments
14977;T4;600 000,00 €;212.95;Faro;Apartments
14978;T2;282 500,00 €;91;Porto;Apartments
14979;T0;6 000,00 €;30;Faro;Apartments
1498;T2;374 730,00 €;79.30;Porto;Apartments
14980;T3;347 500,00 €;109.60;Porto;Apartments
14981;T3;365 000,00 €;135;Porto;Apartments
14982;T4;387 500,00 €;135;Porto;Apartments
14983;T3;395 000,00 €;134;Lisboa;Apartments
14984;T2;165 000,00 €;69;Braga;Apartments
14985;T2;188 000,00 €;56;Lisboa;Apartments
14986;T2;279 500,00 €;86;Lisboa;Apartments
14987;T2;170 000,00 €;87.87;Faro;Apartments
14988;T4;620 000,00 €;213.60;Faro;Apartments
14989;T4;580 000,00 €;213.60;Faro;Apartments
1499;T2;368 835,00 €;78.23;Porto;Apartments
14990;T4;640 000,00 €;213.60;Faro;Apartments
14991;T4;600 000,00 €;213.60;Faro;Apartments
14992;T4;670 000,00 €;213.60;Faro;Apartments
14993;T4;560 000,00 €;213.60;Faro;Apartments
14994;T4;540 000,00 €;213.60;Faro;Apartments
14995;T3;1 460 000,00 €;153.60;Lisboa;Apartments
14996;T3;1 000 000,00 €;153.60;Lisboa;Apartments
14997;T3;1 200 000,00 €;185;Lisboa;Apartments
14998;T4;520 000,00 €;189.70;Faro;Apartments
14999;T2;279 000,00 €;88;Porto;Apartments
15;T4;350 000,00 €;151;Porto;Apartments
150;T2;280 000,00 €;83;Aveiro;Apartments
1500;T1;232 000,00 €;71.30;Viana do Castelo;Apartments
15000;T1;270 000,00 €;42;Lisboa;Apartments
15001;T3;350 000,00 €;106.60;Porto;Apartments
15002;T3;367 500,00 €;135;Porto;Apartments
15003;T2;225 000,00 €;71.70;Porto;Apartments
15004;T2;199 500,00 €;55;Lisboa;Apartments
15005;T2;245 000,00 €;102.70;Porto;Apartments
15006;T3;520 000,00 €;145.15;Set??bal;Apartments
15007;T1;185 000,00 €;66;Aveiro;Apartments
15008;T2;189 000,00 €;73;Set??bal;Apartments
15009;T2;199 500,00 €;116;Porto;Apartments
1501;T3;630 000,00 €;154.19;Viana do Castelo;Apartments
15010;T3;430 000,00 €;100;Lisboa;Apartments
15011;T2;168 500,00 €;98.50;Porto;Apartments
15012;T3;649 500,00 €;122;Lisboa;Apartments
15013;T4;2 200 000,00 €;225;Lisboa;Apartments
15014;T1;435 000,00 €;73;Ilha da Madeira;Apartments
15015;T3;748 000,00 €;160;Ilha da Madeira;Apartments
15016;T1;395 000,00 €;63;Ilha da Madeira;Apartments
15017;T1;460 000,00 €;73;Ilha da Madeira;Apartments
15018;T3;770 000,00 €;143;Ilha da Madeira;Apartments
15019;T2;654 000,00 €;127;Ilha da Madeira;Apartments
1502;T3;650 000,00 €;145.60;Viana do Castelo;Apartments
15020;T2;588 000,00 €;128;Ilha da Madeira;Apartments
15021;T2;528 000,00 €;116;Ilha da Madeira;Apartments
15022;T0;270 000,00 €;40;Lisboa;Apartments
15023;T3;775 000,00 €;134;Lisboa;Apartments
15024;T2;252 500,00 €;76;Porto;Apartments
15025;T2;325 000,00 €;77;Porto;Apartments
15026;T3;240 000,00 €;142;Braga;Apartments
15027;T2;182 200,00 €;62.82;Lisboa;Apartments
15028;T3;192 000,00 €;108;Leiria;Apartments
15029;T2;360 000,00 €;75;Lisboa;Apartments
1503;T2;340 000,00 €;91.98;Viana do Castelo;Apartments
15031;T5; Pre?ßosobconsulta ;300;Porto;Apartments
15032;T2; Pre?ßosobconsulta ;133;Porto;Apartments
15034;T1;159 000,00 €;63.50;Aveiro;Apartments
15035;T3;350 000,00 €;110;Lisboa;Apartments
15036;T1;310 000,00 €;62;Ilha da Madeira;Apartments
15037;T2;345 000,00 €;102.70;Coimbra;Apartments
15038;T3;432 000,00 €;144.50;Porto;Apartments
15039;T2;285 000,00 €;79.50;Coimbra;Apartments
1504;T3;580 000,00 €;135;Aveiro;Apartments
15040;T1;220 000,00 €;54;Porto;Apartments
15041;T3;265 000,00 €;68;Lisboa;Apartments
15042;T2;275 000,00 €;110;Braga;Apartments
15043;T3;299 300,00 €;129;Braga;Apartments
15044;T3;325 000,00 €;105;Aveiro;Apartments
15045;T2;275 000,00 €;107;Braga;Apartments
15046;T2;200 000,00 €;101.70;Porto;Apartments
15047;T3;407 000,00 €;96;Porto;Apartments
15048;T2;317 000,00 €;84;Porto;Apartments
15049;T3;407 000,00 €;96;Porto;Apartments
1505;T3;310 000,00 €;94.39;Leiria;Apartments
15050;T1;145 000,00 €;55;Set??bal;Apartments
15051;T3;267 300,00 €;161.63;Braga;Apartments
15052;T2;317 000,00 €;84;Porto;Apartments
15053;T3;305 000,00 €;169;Santar?©m;Apartments
15054;T4;350 000,00 €;173;Santar?©m;Apartments
15055;T4;350 000,00 €;161;Santar?©m;Apartments
15056;T3;1 399 000,00 €;125;Lisboa;Apartments
15057;T2;298 000,00 €;112;Faro;Apartments
15058;T1;255 000,00 €;46;Lisboa;Apartments
15059;T2;630 000,00 €;70;Porto;Apartments
1506;T4;1 075 000,00 €;179;Lisboa;Apartments
15060;T2;362 500,00 €;92.60;Aveiro;Apartments
15061;T1;160 000,00 €;64;Faro;Apartments
15063;T3;299 300,00 €;121;Braga;Apartments
15064;T3;304 500,00 €;121;Braga;Apartments
15065;T2;275 000,00 €;107;Braga;Apartments
15066;T3;430 000,00 €;125;Braga;Apartments
15067;T2;370 000,00 €;92.60;Aveiro;Apartments
15068;T3;249 500,00 €;90;Lisboa;Apartments
15069;T2;293 000,00 €;100;Porto;Apartments
1507;T3;225 000,00 €;123;Coimbra;Apartments
15070;T2;189 000,00 €;73;Set??bal;Apartments
15071;T3;177 500,00 €;95;Set??bal;Apartments
15072;T1;195 000,00 €;127;Santar?©m;Apartments
15073;T3;435 000,00 €;119;Lisboa;Apartments
15074;T3;415 000,00 €;160;Lisboa;Apartments
15075;T3;370 000,00 €;119;Leiria;Apartments
15076;T3;222 000,00 €;90;Lisboa;Apartments
15077;T2;225 000,00 €;86;Porto;Apartments
15078;T2;268 000,00 €;72.80;Coimbra;Apartments
15079;T2;179 000,00 €;68.98;Set??bal;Apartments
1508;T1;447 210,00 €;99.38;Porto;Apartments
15080;T4;325 000,00 €;184;Braga;Apartments
15081;T2;305 000,00 €;86.30;Coimbra;Apartments
15082;T3;460 000,00 €;120;Lisboa;Apartments
15083;T2;310 000,00 €;91.10;Coimbra;Apartments
15084;T2;355 000,00 €;85;Lisboa;Apartments
15085;T2;315 000,00 €;91.10;Coimbra;Apartments
15086;T2;745 000,00 €;110;Lisboa;Apartments
15087;T2;290 000,00 €;84.80;Coimbra;Apartments
15088;T1;280 000,00 €;70;Lisboa;Apartments
15089;T2;370 000,00 €;85;Lisboa;Apartments
1509;T2;585 000,00 €;122;Lisboa;Apartments
15090;T3;228 500,00 €;120;Set??bal;Apartments
15091;T2;270 000,00 €;77.60;Coimbra;Apartments
15092;T3;362 500,00 €;113.85;Porto;Apartments
15093;T2;230 000,00 €;105.60;Porto;Apartments
15095;T3;387 000,00 €;116;Porto;Apartments
15096;T5;230 000,00 €;220;?âvora;Apartments
15097;T1;130 000,00 €;52;Lisboa;Apartments
15099;T2;270 000,00 €;114;Faro;Apartments
151;T1;240 000,00 €;61;Aveiro;Apartments
1510;T2;300 900,00 €;59.88;Porto;Apartments
15100;T3;260 000,00 €;121;Porto;Apartments
15101;T3;300 000,00 €;85;Leiria;Apartments
15102;T2;560 000,00 €;108;Set??bal;Apartments
15103;T6;849 900,00 €;118;Lisboa;Apartments
15104;T3;392 500,00 €;118;Lisboa;Apartments
15105;T3;520 000,00 €;145;Lisboa;Apartments
15107;T2;315 000,00 €;93.80;Coimbra;Apartments
15108;T1;179 500,00 €;58;Braga;Apartments
1511;T1;289 000,00 €;76;Lisboa;Apartments
15110;T4;549 000,00 €;140;Aveiro;Apartments
15111;T3;339 000,00 €;139;Lisboa;Apartments
15112;T2;325 000,00 €;73;Faro;Apartments
15114;T4;950 000,00 €;257;Leiria;Apartments
15116;T3;480 000,00 €;125;Lisboa;Apartments
15117;T3;405 000,00 €;156.90;Lisboa;Apartments
15119;T1;265 000,00 €;68;Lisboa;Apartments
1512;T1;268 335,00 €;59.63;Porto;Apartments
15120;T3;840 000,00 €;102;Faro;Apartments
15121;T3;180 000,00 €;126;Santar?©m;Apartments
15122;T4;948 000,00 €;186;Lisboa;Apartments
15123;T1;279 900,00 €;35;Lisboa;Apartments
15124;T2;250 000,00 €;132;Set??bal;Apartments
15125;T3;490 000,00 €;135;Lisboa;Apartments
15126;T3;485 000,00 €;135;Lisboa;Apartments
15127;T3;836 000,00 €;154;Porto;Apartments
15128;T2;516 000,00 €;109;Porto;Apartments
15129;T3;415 000,00 €;80;Set??bal;Apartments
1513;T3;380 000,00 €;137.70;Porto;Apartments
15130;T2;335 000,00 €;76.70;Faro;Apartments
15131;T1;446 000,00 €;91;Porto;Apartments
15132;T2;350 000,00 €;85;Lisboa;Apartments
15135;T2;190 000,00 €;89;Lisboa;Apartments
15136;T3;650 000,00 €;177;Lisboa;Apartments
15137;T2;180 000,00 €;91;Set??bal;Apartments
15138;T1;329 000,00 €;41;Leiria;Apartments
15139;T2;440 000,00 €;96;Porto;Apartments
1514;T5;419 000,00 €;140;Lisboa;Apartments
15140;T3;335 000,00 €;139;Lisboa;Apartments
15142;T3;149 000,00 €;105;Santar?©m;Apartments
15143;T3;339 000,00 €;134;Lisboa;Apartments
15144;T1;289 380,00 €;65;Porto;Apartments
15145;T3;445 000,00 €;120;Lisboa;Apartments
15146;T4;485 000,00 €;184;Set??bal;Apartments
15147;T2;347 256,00 €;80;Porto;Apartments
15148;T3;450 000,00 €;120;Lisboa;Apartments
15149;T3;524 223,00 €;109;Porto;Apartments
1515;T2;368 835,00 €;78.23;Porto;Apartments
15150;T3;255 000,00 €;121;Leiria;Apartments
15151;T2;165 000,00 €;61;Set??bal;Apartments
15152;T3;498 000,00 €;120;Lisboa;Apartments
15153;T2;295 000,00 €;96;Set??bal;Apartments
15154;T3;375 000,00 €;178;Porto;Apartments
15155;T3;369 000,00 €;148;Lisboa;Apartments
15158;T3;230 000,00 €;148;Porto;Apartments
1516;T2;575 000,00 €;125;Lisboa;Apartments
15160;T2;339 500,00 €;126;Lisboa;Apartments
15162;T2;200 000,00 €;61;Lisboa;Apartments
15163;T3;319 000,00 €;139;Lisboa;Apartments
15164;T3;410 000,00 €;131;Ilha da Madeira;Apartments
15165;T3;252 000,00 €;120;Set??bal;Apartments
15166;T2;315 000,00 €;108;Set??bal;Apartments
15167;T3;259 500,00 €;58;Porto;Apartments
15168;T2;297 500,00 €;125;Set??bal;Apartments
15169;T3;295 000,00 €;117;Braga;Apartments
1517;T5;480 000,00 €;200;Faro;Apartments
15170;T1;199 000,00 €;58;Braga;Apartments
15171;T2;178 000,00 €;89;Lisboa;Apartments
15172;T3;180 000,00 €;100.89;Set??bal;Apartments
15173;T4;299 000,00 €;176;Set??bal;Apartments
15174;T2;320 000,00 €;95;Lisboa;Apartments
15175;T2;137 500,00 €;78;Lisboa;Apartments
15176;T2;315 000,00 €;90;Lisboa;Apartments
15177;T1;275 000,00 €;198;Porto;Apartments
15178;T1;185 000,00 €;41.50;Aveiro;Apartments
15179;T3;250 000,00 €;149;Leiria;Apartments
1518;T1;225 000,00 €;59;Set??bal;Apartments
15180;T3;165 000,00 €;120;Set??bal;Apartments
15181;T2;441 000,00 €;94;Faro;Apartments
15182;T3;517 500,00 €;123;Faro;Apartments
15183;T1;265 000,00 €;62;Lisboa;Apartments
15184;T2;235 000,00 €;91;Lisboa;Apartments
15185;T3;398 500,00 €;145;Lisboa;Apartments
15186;T4;550 000,00 €;221;Porto;Apartments
15187;T3;365 000,00 €;157.90;Coimbra;Apartments
15188;T2;269 500,00 €;190;Coimbra;Apartments
15189;T1;299 900,00 €;47;Lisboa;Apartments
1519;T2;153 000,00 €;93;Aveiro;Apartments
15190;T1;240 000,00 €;70;Coimbra;Apartments
15191;T1;255 000,00 €;45;Faro;Apartments
15192;T2;662 000,00 €;141;Lisboa;Apartments
15193;T1;620 000,00 €;98;Lisboa;Apartments
15194;T4;555 000,00 €;117;Porto;Apartments
15195;T3;960 000,00 €;478;Aveiro;Apartments
15196;T3;279 500,00 €;63;Porto;Apartments
15197;T2;244 700,00 €;106;Porto;Apartments
15198;T3;289 300,00 €;124;Porto;Apartments
15199;T3;271 500,00 €;130;Porto;Apartments
152;T1;220 000,00 €;61;Aveiro;Apartments
1520;T3;375 000,00 €;115;Braga;Apartments
15202;T2;200 000,00 €;89;Aveiro;Apartments
15203;T2;222 000,00 €;86;Porto;Apartments
15204;T6;1 150 000,00 €;312;Lisboa;Apartments
15205;T1;249 000,00 €;70.22;Faro;Apartments
15206;T3;270 000,00 €;90.24;Faro;Apartments
15207;T3;349 000,00 €;100;Porto;Apartments
15208;T3;375 000,00 €;173;Leiria;Apartments
15209;T2;199 900,00 €;100;Braga;Apartments
1521;T4;2 270 000,00 €;347;Lisboa;Apartments
15210;T3;600 000,00 €;123;Faro;Apartments
15211;T3;545 000,00 €;88;Porto;Apartments
15212;T2;495 000,00 €;94;Faro;Apartments
15213;T4;277 500,00 €;110;Lisboa;Apartments
15214;T1;145 000,00 €;49;Lisboa;Apartments
15215;T2;375 000,00 €;61;Leiria;Apartments
15216;T3;550 000,00 €;154;Porto;Apartments
15217;T2;850 000,00 €;84;Faro;Apartments
15218;T1;372 000,00 €;75;Porto;Apartments
15219;T2;295 900,00 €;86;Porto;Apartments
1522;T2;250 000,00 €;100;Lisboa;Apartments
15220;T0;230 000,00 €;57;Porto;Apartments
15221;T2;215 000,00 €;46;Aveiro;Apartments
15222;T1;415 000,00 €;74.76;Lisboa;Apartments
15223;T3;249 000,00 €;130;Leiria;Apartments
15224;T1;145 000,00 €;49;Lisboa;Apartments
15225;T2;375 000,00 €;61;Leiria;Apartments
15226;T3;550 000,00 €;154;Porto;Apartments
15227;T2;850 000,00 €;84;Faro;Apartments
15228;T1;372 000,00 €;75;Porto;Apartments
15229;T2;295 900,00 €;86;Porto;Apartments
1523;T2;260 000,00 €;86;Porto;Apartments
15230;T0;230 000,00 €;57;Porto;Apartments
15231;T2;215 000,00 €;46;Aveiro;Apartments
15232;T1;415 000,00 €;74.76;Lisboa;Apartments
15233;T3;249 000,00 €;130;Leiria;Apartments
15234;T3;349 000,00 €;126;Porto;Apartments
15235;T3;196 768,00 €;112;Porto;Apartments
15236;T1;289 900,00 €;1;Lisboa;Apartments
15237;T3;212 500,00 €;142.45;Porto;Apartments
15238;T1;279 900,00 €;35;Lisboa;Apartments
15239;T0;126 000,00 €;34.50;Braga;Apartments
1524;T3;325 000,00 €;138;Porto;Apartments
15240;T2;135 000,00 €;103;Viseu;Apartments
15241;T3;405 000,00 €;118;Set??bal;Apartments
15242;T1;257 000,00 €;52;Porto;Apartments
15243;T3;235 000,00 €;111;Leiria;Apartments
15244;T1;289 900,00 €;43;Lisboa;Apartments
15245;T3;269 500,00 €;105;Braga;Apartments
15246;T2;385 000,00 €;93;Lisboa;Apartments
15247;T1;145 000,00 €;59;Porto;Apartments
15248;T3;525 000,00 €;157;Braga;Apartments
15249;T2;360 000,00 €;132.50;Leiria;Apartments
1525;T3;730 000,00 €;130;Lisboa;Apartments
15250;T2;235 000,00 €;115;Braga;Apartments
15251;T2;200 000,00 €;78.30;Porto;Apartments
15252;T3;385 000,00 €;141;Porto;Apartments
15254;T3;380 000,00 €;120;Porto;Apartments
15255;T3;545 000,00 €;105;Porto;Apartments
15256;T1;650 000,00 €;81;Lisboa;Apartments
15257;T3;1 335 000,00 €;148;Lisboa;Apartments
15258;T2;940 000,00 €;109;Lisboa;Apartments
15259;T3;365 000,00 €;120;Porto;Apartments
1526;T3;710 000,00 €;149;Lisboa;Apartments
15260;T3;415 000,00 €;120;Lisboa;Apartments
15261;T2;370 000,00 €;95.15;Faro;Apartments
15262;T3;425 000,00 €;117.86;Faro;Apartments
15263;T0;120 000,00 €;45;Set??bal;Apartments
15264;T3;393 000,00 €;144.50;Porto;Apartments
15265;T2;260 000,00 €;90;Porto;Apartments
15266;T0;305 000,00 €;37;Lisboa;Apartments
15267;T0;300 000,00 €;38;Lisboa;Apartments
15268;T0;400 000,00 €;78;Lisboa;Apartments
15269;T0;295 000,00 €;38;Lisboa;Apartments
1527;T2;550 000,00 €;122;Lisboa;Apartments
15270;T1;550 000,00 €;65;Lisboa;Apartments
15271;T2;173 000,00 €;81.60;Porto;Apartments
15272;T2;150 000,00 €;90.01;Porto;Apartments
15273;T3;299 000,00 €;282.30;Porto;Apartments
15274;T3;299 000,00 €;194.30;Porto;Apartments
15275;T1;235 000,00 €;36;Lisboa;Apartments
15276;T1;225 000,00 €;67;Porto;Apartments
15277;T2;300 000,00 €;63;Lisboa;Apartments
15278;T6;340 000,00 €;150;Coimbra;Apartments
15279;T2;159 000,00 €;76;Set??bal;Apartments
1528;T2;411 645,00 €;84.45;Porto;Apartments
15280;T4;495 000,00 €;139;Set??bal;Apartments
15281;T3;770 000,00 €;124;Lisboa;Apartments
15282;T5;787 000,00 €;173;Lisboa;Apartments
15283;T2;280 000,00 €;52;Lisboa;Apartments
15284;T3;780 000,00 €;120;Lisboa;Apartments
15285;T3;760 000,00 €;124;Lisboa;Apartments
15286;T3;750 000,00 €;124;Lisboa;Apartments
15287;T3;760 000,00 €;120;Lisboa;Apartments
15288;T3;580 000,00 €;136.33;Coimbra;Apartments
15289;T2;260 000,00 €;177;Coimbra;Apartments
1529;T2;615 000,00 €;120;Lisboa;Apartments
15290;T2;490 000,00 €;75;Porto;Apartments
15291;T2;175 000,00 €;91;Lisboa;Apartments
15292;T2;595 000,00 €;102;Porto;Apartments
15293;T1;399 900,00 €;46;Lisboa;Apartments
15294;T3;895 000,00 €;153;Lisboa;Apartments
15295;T2;315 000,00 €;65;Lisboa;Apartments
15296;T2;284 000,00 €;100;Porto;Apartments
15297;T2;199 900,00 €;82;Porto;Apartments
15298;T2;200 000,00 €;123.42;Porto;Apartments
15299;T3;165 000,00 €;80.50;Porto;Apartments
153;T3;478 000,00 €;164;Aveiro;Apartments
1530;T2;575 000,00 €;122;Lisboa;Apartments
15300;T1;188 500,00 €;61.50;Set??bal;Apartments
15302;T2;211 000,00 €;63.75;Porto;Apartments
15303;T2;1 100 000,00 €;107.22;Lisboa;Apartments
15304;T3;749 900,00 €;149;Lisboa;Apartments
15305;T4;2 200 000,00 €;225;Lisboa;Apartments
15306;T2;499 000,00 €;102;Lisboa;Apartments
15307;T2;159 500,00 €;70;Set??bal;Apartments
15308;T3;160 000,00 €;122;Lisboa;Apartments
15309;T3;120 000,00 €;109.30;Santar?©m;Apartments
1531;T3;690 000,00 €;149;Lisboa;Apartments
15310;T2;330 000,00 €;134;Porto;Apartments
15312;T2;310 900,00 €;96;Porto;Apartments
15313;T5;850 000,00 €;190;Lisboa;Apartments
15314;T3;159 500,00 €;116;Braga;Apartments
15315;T2;265 000,00 €;93;Porto;Apartments
15316;T2;185 000,00 €;64;Lisboa;Apartments
15317;T3;625 000,00 €;128;Set??bal;Apartments
15318;T6;2 400 000,00 €;520;Lisboa;Apartments
15319;T3;790 000,00 €;128;Lisboa;Apartments
1532;T3;295 000,00 €;110;Lisboa;Apartments
15320;T3;780 000,00 €;163;Lisboa;Apartments
15321;T2;355 000,00 €;107;Set??bal;Apartments
15322;T1;750 000,00 €;125;Lisboa;Apartments
15323;T0;370 000,00 €;40;Lisboa;Apartments
15324;T1;243 000,00 €;57;Set??bal;Apartments
15325;T2;860 000,00 €;102;Lisboa;Apartments
15326;T0;388 000,00 €;34;Lisboa;Apartments
15327;T2;350 000,00 €;80;Set??bal;Apartments
15328;T1;900 000,00 €;79;Lisboa;Apartments
15329;T1;480 000,00 €;50;Lisboa;Apartments
1533;T3;715 000,00 €;157.08;Viana do Castelo;Apartments
15330;T3;230 000,00 €;148;Leiria;Apartments
15331;T1;110 000,00 €;63;Braga;Apartments
15332;T3;580 000,00 €;138;Porto;Apartments
15333;T2;178 500,00 €;103;Braga;Apartments
15334;T2;646 467,00 €;93;Lisboa;Apartments
15335;T2;580 475,00 €;93;Lisboa;Apartments
15336;T2;606 267,00 €;93;Lisboa;Apartments
15337;T3;996 255,00 €;144;Lisboa;Apartments
15338;T2;780 390,00 €;113;Lisboa;Apartments
15339;T2;810 464,00 €;113;Lisboa;Apartments
1534;T3;505 000,00 €;169.15;Viana do Castelo;Apartments
15340;T3;1 138 637,00 €;140;Lisboa;Apartments
15341;T3;1 072 890,00 €;144;Lisboa;Apartments
15342;T2;853 120,00 €;113;Lisboa;Apartments
15343;T1;410 077,00 €;65;Lisboa;Apartments
15344;T3;1 096 447,00 €;123;Lisboa;Apartments
15345;T3;1 193 362,00 €;123;Lisboa;Apartments
15346;T4;1 297 010,00 €;154;Lisboa;Apartments
15347;T3;1 313 812,00 €;140;Lisboa;Apartments
15348;T3;1 207 115,00 €;140;Lisboa;Apartments
15349;T2;405 000,00 €;107.20;Porto;Apartments
1535;T3;505 000,00 €;169.15;Viana do Castelo;Apartments
15350;T3;210 000,00 €;149;Lisboa;Apartments
15351;T2;169 000,00 €;71;Porto;Apartments
15352;T2;585 000,00 €;106;Lisboa;Apartments
15354;T2;315 000,00 €;97;Braga;Apartments
15355;T2;268 000,00 €;108.67;Faro;Apartments
15356;T3;528 000,00 €;129.40;Set??bal;Apartments
15357;T1;299 000,00 €;61.99;Faro;Apartments
15358;T2;362 200,00 €;99.80;Porto;Apartments
15359;T2;290 000,00 €;109.33;Set??bal;Apartments
1536;T3;484 000,00 €;169.15;Viana do Castelo;Apartments
15360;T2;329 000,00 €;59;Faro;Apartments
15361;T2;345 000,00 €;100;Faro;Apartments
15362;T3;499 000,00 €;129.40;Set??bal;Apartments
15363;T3;750 000,00 €;120;Lisboa;Apartments
15364;T3;730 000,00 €;124;Lisboa;Apartments
15365;T3;740 000,00 €;120;Lisboa;Apartments
15366;T1;485 000,00 €;69;Lisboa;Apartments
15367;T2;290 000,00 €;109.15;Set??bal;Apartments
1537;T3;220 000,00 €;135;Braga;Apartments
15370;T2;218 500,00 €;60;Lisboa;Apartments
15371;T4;385 000,00 €;74;Lisboa;Apartments
15372;T2;239 000,00 €;90;Porto;Apartments
15373;T2;293 000,00 €;100;Porto;Apartments
15374;T3;389 000,00 €;120;Porto;Apartments
15375;T2;670 000,00 €;114;Lisboa;Apartments
15376;T2;359 000,00 €;60;Lisboa;Apartments
15377;T3;319 000,00 €;101;Set??bal;Apartments
15378;T2;350 000,00 €;93;Lisboa;Apartments
15379;T1;240 000,00 €;51;Lisboa;Apartments
1538;T2;229 900,00 €;107.80;Porto;Apartments
15380;T2;200 000,00 €;61;Lisboa;Apartments
15381;T2;195 000,00 €;60;Lisboa;Apartments
15382;T1;235 000,00 €;49;Lisboa;Apartments
15383;T2;429 900,00 €;1;Lisboa;Apartments
15384;T2;369 900,00 €;1;Lisboa;Apartments
15385;T3;388 000,00 €;126.19;Lisboa;Apartments
15387;T4;2 200 000,00 €;220;Lisboa;Apartments
15388;T0;165 000,00 €;32;Porto;Apartments
15389;T2;370 000,00 €;92;Porto;Apartments
1539;T4;350 000,00 €;120;Santar?©m;Apartments
15390;T5;585 000,00 €;374;Lisboa;Apartments
15391;T2;319 900,00 €;95;Set??bal;Apartments
15392;T3;185 000,00 €;90.42;Set??bal;Apartments
15393;T3;305 000,00 €;174;Santar?©m;Apartments
15394;T2;369 900,00 €;60;Lisboa;Apartments
15395;T2;233 000,00 €;83;Porto;Apartments
15396;T2;239 000,00 €;87;Set??bal;Apartments
15397;T1;279 900,00 €;34;Lisboa;Apartments
15398;T1;499 000,00 €;63;Faro;Apartments
15399;T1;185 000,00 €;57;Faro;Apartments
154;T2;355 000,00 €;99;Aveiro;Apartments
1540;T4;340 000,00 €;125;Santar?©m;Apartments
15400;T2;345 000,00 €;107;Ilha da Madeira;Apartments
15401;T2;335 000,00 €;107;Ilha da Madeira;Apartments
15402;T1;305 000,00 €;49;Porto;Apartments
15403;T1;299 900,00 €;56;Porto;Apartments
15404;T2;429 900,00 €;118;Lisboa;Apartments
15405;T2;179 900,00 €;90;Porto;Apartments
15406;T1;118 500,00 €;35;Set??bal;Apartments
15407;T2;315 000,00 €;108.01;Set??bal;Apartments
15408;T2;185 000,00 €;67;Set??bal;Apartments
15409;T2;310 000,00 €;101.15;Set??bal;Apartments
1541;T4;350 000,00 €;124;Santar?©m;Apartments
15410;T3;308 000,00 €;160;Braga;Apartments
15411;T2;479 000,00 €;112.20;Faro;Apartments
15412;T2;260 000,00 €;93;Porto;Apartments
15413;T0;217 500,00 €;41;Porto;Apartments
15415;T3;415 000,00 €;120;Lisboa;Apartments
15416;T3;215 000,00 €;106.10;Coimbra;Apartments
15418;T1;275 000,00 €;47;Porto;Apartments
15419;T3;620 000,00 €;155;Viana do Castelo;Apartments
1542;T3;305 000,00 €;125;Santar?©m;Apartments
15420;T3;305 000,00 €;127;Santar?©m;Apartments
15421;T2;575 000,00 €;95;Lisboa;Apartments
15422;T2;995 000,00 €;140;Lisboa;Apartments
15423;T2;1 025 000,00 €;147;Lisboa;Apartments
15424;T3;252 500,00 €;96.15;Porto;Apartments
15425;T3;239 900,00 €;112.70;Porto;Apartments
15426;T2;307 900,00 €;96;Porto;Apartments
15427;T3;510 000,00 €;115;Faro;Apartments
1543;T3;305 000,00 €;126;Santar?©m;Apartments
15430;T3;480 000,00 €;125.87;Porto;Apartments
15431;T2;330 000,00 €;81.42;Porto;Apartments
15432;T3;155 000,00 €;125;Santar?©m;Apartments
15433;T3;549 000,00 €;122;Lisboa;Apartments
15435;T3;310 000,00 €;90;Lisboa;Apartments
15436;T1;195 000,00 €;115;Santar?©m;Apartments
15437;T3;305 000,00 €;131;Santar?©m;Apartments
15438;T3;1 850 000,00 €;228;Porto;Apartments
15439;T4;350 000,00 €;129;Santar?©m;Apartments
1544;T3;520 000,00 €;157.60;Viana do Castelo;Apartments
15440;T3;480 000,00 €;125.87;Porto;Apartments
15441;T2;330 000,00 €;81.42;Porto;Apartments
15442;T3;155 000,00 €;125;Santar?©m;Apartments
15443;T3;549 000,00 €;122;Lisboa;Apartments
15445;T3;310 000,00 €;90;Lisboa;Apartments
15446;T1;195 000,00 €;115;Santar?©m;Apartments
15447;T3;305 000,00 €;131;Santar?©m;Apartments
15448;T3;1 850 000,00 €;228;Porto;Apartments
15449;T4;350 000,00 €;129;Santar?©m;Apartments
1545;T3;775 000,00 €;164.50;Viana do Castelo;Apartments
15450;T3;290 000,00 €;116.49;Porto;Apartments
15451;T3;330 000,00 €;114.43;Porto;Apartments
15452;T2;400 000,00 €;107;Porto;Apartments
15453;T3;280 000,00 €;120;Coimbra;Apartments
15454;T4;460 000,00 €;155;Coimbra;Apartments
15455;T1;235 000,00 €;62.50;Braga;Apartments
15456;T3;220 000,00 €;70.90;Lisboa;Apartments
15457;T2;295 000,00 €;75;Lisboa;Apartments
15458;T3;156 500,00 €;87;Set??bal;Apartments
15460;T3;530 000,00 €;135;Aveiro;Apartments
15462;T3;435 000,00 €;117;Porto;Apartments
15463;T2;260 000,00 €;82;Aveiro;Apartments
15464;T4;415 000,00 €;140;Lisboa;Apartments
15465;T3;1 550 000,00 €;162;Lisboa;Apartments
15466;T3;1 000 000,00 €;134;Lisboa;Apartments
15467;T3;1 200 000,00 €;162;Lisboa;Apartments
15468;T3;1 460 000,00 €;134;Lisboa;Apartments
15469;T3;395 000,00 €;140.52;Braga;Apartments
1547;T0;400 000,00 €;51;Faro;Apartments
15470;T4;250 000,00 €;110.74;Set??bal;Apartments
15471;T3;367 500,00 €;140;Braga;Apartments
15472;T3;351 750,00 €;128;Braga;Apartments
15473;T3;315 000,00 €;140;Braga;Apartments
15474;T3;299 250,00 €;140;Braga;Apartments
15476;T3;385 000,00 €;169.39;Leiria;Apartments
15477;T3;400 000,00 €;197.83;Leiria;Apartments
15478;T3;529 000,00 €;253.14;Leiria;Apartments
15479;T3;315 000,00 €;140;Braga;Apartments
1548;T4;770 000,00 €;191.73;Porto;Apartments
15480;T3;304 500,00 €;128;Braga;Apartments
15481;T2;305 000,00 €;96;Porto;Apartments
15482;T3;309 750,00 €;140;Braga;Apartments
15483;T3;299 250,00 €;128;Braga;Apartments
15484;T3;294 000,00 €;140;Braga;Apartments
15485;T3;507 688,00 €;109;Porto;Apartments
15486;T1;205 000,00 €;57;Porto;Apartments
15487;T2;265 000,00 €;94;Aveiro;Apartments
15488;T1;230 000,00 €;53.50;Aveiro;Apartments
15489;T3;455 000,00 €;124;Aveiro;Apartments
15490;T2;297 000,00 €;127.38;Aveiro;Apartments
15491;T2;345 000,00 €;93.65;Aveiro;Apartments
15492;T2;355 000,00 €;100.90;Aveiro;Apartments
15493;T3;390 000,00 €;98.60;Aveiro;Apartments
15494;T3;390 000,00 €;100.60;Aveiro;Apartments
15495;T2;310 000,00 €;81.80;Aveiro;Apartments
15496;T3;402 000,00 €;100.60;Aveiro;Apartments
15497;T0;190 000,00 €;36;Aveiro;Apartments
15498;T2;297 500,00 €;91;Aveiro;Apartments
15499;T0;315 000,00 €;86;Porto;Apartments
155;T2;310 000,00 €;89;Aveiro;Apartments
1550;T2;278 000,00 €;69;Leiria;Apartments
15501;T3;398 000,00 €;98.60;Aveiro;Apartments
15502;T3;460 000,00 €;104.80;Aveiro;Apartments
15503;T3;460 000,00 €;104.80;Aveiro;Apartments
15504;T4;550 000,00 €;117.10;Aveiro;Apartments
15508;T2;219 000,00 €;90;Porto;Apartments
15509;T3;229 900,00 €;123;Porto;Apartments
1551;T4;450 000,00 €;150;Lisboa;Apartments
15510;T2;365 000,00 €;131.60;Faro;Apartments
15511;T2;699 500,00 €;83;Faro;Apartments
15512;T3;460 000,00 €;104.80;Aveiro;Apartments
15513;T3;460 000,00 €;104.80;Aveiro;Apartments
15514;T4;550 000,00 €;117.10;Aveiro;Apartments
15518;T2;219 000,00 €;90;Porto;Apartments
15519;T3;229 900,00 €;123;Porto;Apartments
1552;T2;219 900,00 €;110.70;Porto;Apartments
15520;T2;365 000,00 €;131.60;Faro;Apartments
15521;T2;699 500,00 €;83;Faro;Apartments
15522;T3;305 000,00 €;99;Faro;Apartments
15523;T2;260 000,00 €;79.17;Faro;Apartments
15525;T3;350 000,00 €;120;Lisboa;Apartments
15526;T3;475 000,00 €;150;Porto;Apartments
15527;T2;460 000,00 €;89;Porto;Apartments
15528;T2;260 000,00 €;100;Porto;Apartments
15529;T3;330 000,00 €;123;Porto;Apartments
1553;T3;198 000,00 €;113;Braga;Apartments
15530;T2;150 000,00 €;66.60;Viana do Castelo;Apartments
15531;T3;1 090 000,00 €;110;Lisboa;Apartments
15532;T3;215 000,00 €;127.60;Apartamento para comprar: Castelo Branco;Apartments
15533;T2;684 000,00 €;130;Lisboa;Apartments
15534;T3;197 000,00 €;115;Porto;Apartments
15535;T4;780 000,00 €;159;Set??bal;Apartments
15536;T3;215 000,00 €;127.60;Apartamento para comprar: Castelo Branco;Apartments
15537;T2;684 000,00 €;130;Lisboa;Apartments
15538;T3;197 000,00 €;115;Porto;Apartments
15539;T4;780 000,00 €;159;Set??bal;Apartments
1554;T1;579 800,00 €;82;Porto;Apartments
15540;T3;835 000,00 €;155;Lisboa;Apartments
15541;T3;760 000,00 €;258;Set??bal;Apartments
15542;T3;225 000,00 €;147;Aveiro;Apartments
15543;T2;225 000,00 €;103.50;Porto;Apartments
15544;T1;399 000,00 €;49;Lisboa;Apartments
15545;T2;365 000,00 €;140.94;Viseu;Apartments
15546;T3;590 535,00 €;120;Porto;Apartments
15547;T3;223 000,00 €;106;Set??bal;Apartments
15548;T3;635 000,00 €;111;Lisboa;Apartments
15549;T3;200 000,00 €;133;Porto;Apartments
1555;T0;548 000,00 €;77;Porto;Apartments
15550;T2;355 000,00 €;101.13;Faro;Apartments
15551;T3;1 600 000,00 €;240;Lisboa;Apartments
15552;T2;275 000,00 €;94;Set??bal;Apartments
15553;T3;640 000,00 €;121;Lisboa;Apartments
15554;T3;230 000,00 €;127.10;Faro;Apartments
15555;T3;340 147,00 €;135;Porto;Apartments
15556;T3;342 298,00 €;138;Porto;Apartments
15557;T3;357 593,00 €;138;Porto;Apartments
15558;T3;420 676,00 €;164;Porto;Apartments
15559;T1;348 000,00 €;41;Lisboa;Apartments
15560;T3;660 000,00 €;150.35;Lisboa;Apartments
15561;T2;169 500,00 €;95;Porto;Apartments
15562;T2;148 000,00 €;76;Porto;Apartments
15564;T3;415 000,00 €;124.45;Faro;Apartments
15565;T2;160 000,00 €;75;Set??bal;Apartments
15566;T1;240 000,00 €;43.70;Porto;Apartments
15567;T2;521 856,00 €;109;Porto;Apartments
15568;T1;225 000,00 €;75;Porto;Apartments
15569;T2;230 000,00 €;88;Faro;Apartments
1557;T2;217 000,00 €;86;Braga;Apartments
15570;T1;152 500,00 €;61.67;Set??bal;Apartments
15571;T2;260 000,00 €;100;Porto;Apartments
15572;T3;470 000,00 €;180;Faro;Apartments
15573;T1;245 000,00 €;57;Porto;Apartments
15574;T1;189 000,00 €;55;Porto;Apartments
15575;T3;117 500,00 €;120;Porto;Apartments
15576;T2;165 500,00 €;67;Set??bal;Apartments
15577;T5;1 349 000,00 €;196;Lisboa;Apartments
15578;T3;120 600,00 €;134;Porto;Apartments
15579;T3;126 000,00 €;136;Porto;Apartments
1558;T2;269 900,00 €;78;Porto;Apartments
15580;T3;229 900,00 €;123;Porto;Apartments
15581;T3;520 000,00 €;127.80;Porto;Apartments
15583;T3;570 000,00 €;153;Porto;Apartments
15584;T3;126 000,00 €;136;Porto;Apartments
15585;T3;229 900,00 €;123;Porto;Apartments
15586;T3;520 000,00 €;127.80;Porto;Apartments
15588;T3;570 000,00 €;153;Porto;Apartments
15589;T2;266 000,00 €;80;Leiria;Apartments
1559;T4;899 000,00 €;165;Lisboa;Apartments
15590;T3;210 000,00 €;149;Lisboa;Apartments
15591;T2;235 000,00 €;97;Porto;Apartments
15592;T0;210 000,00 €;33.56;Porto;Apartments
15593;T3;385 000,00 €;169.39;Leiria;Apartments
15594;T3;385 000,00 €;169.39;Leiria;Apartments
15595;T3;385 000,00 €;169.39;Leiria;Apartments
15596;T2;169 500,00 €;78;Porto;Apartments
15597;T2;470 000,00 €;124;Porto;Apartments
15598;T2; Pre?ßosobconsulta ;88;Faro;Apartments
15599;T3;149 500,00 €;64.50;Set??bal;Apartments
156;T1;220 000,00 €;56;Aveiro;Apartments
1560;T2;360 000,00 €;100;Lisboa;Apartments
15600;T2;460 000,00 €;114;Porto;Apartments
15601;T3;420 000,00 €;200;Set??bal;Apartments
15602;T1;399 000,00 €;48;Lisboa;Apartments
15603;T3;995 000,00 €;131;Lisboa;Apartments
15604;T1;415 000,00 €;54;Lisboa;Apartments
15605;T2;350 000,00 €;120;Set??bal;Apartments
15606;T2;350 000,00 €;120;Set??bal;Apartments
15607;T2;330 000,00 €;89;Ilha da Madeira;Apartments
15608;T2;189 000,00 €;71;Set??bal;Apartments
15609;T2;299 000,00 €;102;Porto;Apartments
1561;T2;870 000,00 €;95.41;Lisboa;Apartments
15610;T1;590 000,00 €;56;Lisboa;Apartments
15611;T2;250 000,00 €;675;Lisboa;Apartments
15612;T2; Pre?ßosobconsulta ;99;Faro;Apartments
15613;T2;305 000,00 €;80;Lisboa;Apartments
15614;T4;850 000,00 €;143;Lisboa;Apartments
15615;T2;330 000,00 €;81;Set??bal;Apartments
15616;T3;126 500,00 €;93;Apartamento para comprar: Castelo Branco;Apartments
15617;T1;315 000,00 €;74.56;Faro;Apartments
15618;T2;375 000,00 €;93.20;Faro;Apartments
15619;T2;280 000,00 €;115;Leiria;Apartments
1562;T1;195 000,00 €;40.80;Porto;Apartments
15620;T2;295 000,00 €;90;Porto;Apartments
15621;T2;217 000,00 €;100;Porto;Apartments
15622;T3;275 000,00 €;77;Lisboa;Apartments
15623;T3;445 000,00 €;137;Porto;Apartments
15624;T3;1 290 000,00 €;195;Lisboa;Apartments
15625;T1;219 000,00 €;60;Porto;Apartments
15626;T2;317 000,00 €;80;Set??bal;Apartments
15627;T0;170 000,00 €;36.95;Porto;Apartments
15628;T3;595 000,00 €;156;Porto;Apartments
15629;T3;595 000,00 €;156;Porto;Apartments
1563;T3;590 000,00 €;120;Lisboa;Apartments
15630;T2;925 000,00 €;136;Lisboa;Apartments
15631;T2;950 000,00 €;109;Lisboa;Apartments
15632;T0;170 000,00 €;36.95;Porto;Apartments
15633;T3;595 000,00 €;156;Porto;Apartments
15634;T3;595 000,00 €;156;Porto;Apartments
15635;T2;925 000,00 €;136;Lisboa;Apartments
15636;T2;950 000,00 €;109;Lisboa;Apartments
15637;T2;890 000,00 €;109;Lisboa;Apartments
15638;T2;815 000,00 €;100;Lisboa;Apartments
15639;T5;4 250 000,00 €;279;Lisboa;Apartments
1564;T2;200 000,00 €;116;Porto;Apartments
15640;T2;865 000,00 €;109;Lisboa;Apartments
15641;T2;875 000,00 €;100;Lisboa;Apartments
15642;T2;895 000,00 €;100;Lisboa;Apartments
15643;T2;805 000,00 €;111;Lisboa;Apartments
15644;T2;930 000,00 €;109;Lisboa;Apartments
15645;T3;595 000,00 €;156;Porto;Apartments
15646;T3;632 839,00 €;152;Porto;Apartments
15647;T3;662 356,00 €;152;Porto;Apartments
15648;T3;690 692,00 €;167;Porto;Apartments
15649;T2;408 512,00 €;106;Porto;Apartments
1565;T3;255 000,00 €;108;Lisboa;Apartments
15650;T3;689 512,00 €;167;Porto;Apartments
15651;T4;870 000,00 €;140.35;Lisboa;Apartments
15652;T3;919 000,00 €;123;Lisboa;Apartments
15654;T2;190 000,00 €;156;Santar?©m;Apartments
15655;T2;165 000,00 €;66;Set??bal;Apartments
15656;T1;360 000,00 €;95;Viseu;Apartments
15657;T1;240 000,00 €;62;Viseu;Apartments
15658;T1;230 000,00 €;62;Viseu;Apartments
15659;T5;485 000,00 €;185;Set??bal;Apartments
1566;T3;1 190 000,00 €;123.21;Lisboa;Apartments
15660;T1;235 000,00 €;61;Viseu;Apartments
15661;T1;220 000,00 €;61;Viseu;Apartments
15662;T1;215 000,00 €;61;Viseu;Apartments
15663;T1;210 000,00 €;61;Apartamento para comprar: Viseu;Apartments
15664;T1;230 000,00 €;61;Viseu;Apartments
15665;T3;840 000,00 €;126;Lisboa;Apartments
15666;T4;890 000,00 €;126;Lisboa;Apartments
15667;T2;200 000,00 €;78.30;Porto;Apartments
15668;T1;295 000,00 €;70;Porto;Apartments
15669;T4;695 000,00 €;148.50;Porto;Apartments
1567;T3;290 000,00 €;140;Porto;Apartments
15670;T1;853 000,00 €;130;Lisboa;Apartments
15671;T1;950 000,00 €;145;Lisboa;Apartments
15672;T2;1 222 000,00 €;188;Lisboa;Apartments
15675;T2;850 000,00 €;83.50;Faro;Apartments
15676;T1;225 000,00 €;62;Viseu;Apartments
15677;T1;225 000,00 €;61;Viseu;Apartments
15678;T1;220 000,00 €;62;Viseu;Apartments
15679;T3;260 000,00 €;105.80;Porto;Apartments
1568;T2;369 285,00 €;78.55;Porto;Apartments
15680;T2;750 000,00 €;64.95;Lisboa;Apartments
15681;T1;220 000,00 €;49;Aveiro;Apartments
15682;T4;800 000,00 €;172.65;Porto;Apartments
15683;T1;235 000,00 €;62;Viseu;Apartments
15684;T2;335 988,00 €;89;Porto;Apartments
15685;T1;210 000,00 €;61;Viseu;Apartments
15686;T1;435 000,00 €;108;Viseu;Apartments
15687;T3;184 000,00 €;88;Lisboa;Apartments
15688;T2;359 988,00 €;63;Porto;Apartments
15689;T2;230 000,00 €;95;Porto;Apartments
1569;T2;374 730,00 €;79.30;Porto;Apartments
15690;T2;189 000,00 €;83;Porto;Apartments
15691;T2;165 000,00 €;90;Porto;Apartments
15692;T2;290 000,00 €;109.33;Set??bal;Apartments
15693;T2;290 000,00 €;109.15;Set??bal;Apartments
15694;T2;295 000,00 €;95.75;Set??bal;Apartments
15695;T2;315 000,00 €;108.01;Set??bal;Apartments
15696;T3;575 000,00 €;114.20;Lisboa;Apartments
15697;T2;540 000,00 €;92;Porto;Apartments
15698;T3;900 000,00 €;217.50;Porto;Apartments
15699;T1;285 000,00 €;48;Porto;Apartments
157;T1;195 000,00 €;56;Aveiro;Apartments
1570;T3;576 030,00 €;120.54;Porto;Apartments
15701;T4;555 000,00 €;139.05;Lisboa;Apartments
15702;T3;445 000,00 €;105;Lisboa;Apartments
15703;T2;259 000,00 €;112;Lisboa;Apartments
15704;T2;340 000,00 €;109;Apartamento para comprar: Viseu;Apartments
15705;T2;500 000,00 €;181;Viseu;Apartments
15706;T2;310 000,00 €;109;Viseu;Apartments
15707;T2;550 000,00 €;182;Viseu;Apartments
15708;T2;330 000,00 €;109;Viseu;Apartments
15709;T2;320 000,00 €;108;Viseu;Apartments
1571;T3;350 000,00 €;110.32;Faro;Apartments
15710;T2;629 900,00 €;97;Porto;Apartments
15711;T2;216 990,00 €;103;Aveiro;Apartments
15714;T2;172 500,00 €;116.70;Coimbra;Apartments
15715;T1;299 900,00 €;33.60;Lisboa;Apartments
15716;T1;351 000,00 €;46.50;Lisboa;Apartments
15717;T6;760 000,00 €;100;Porto;Apartments
15718;T2;140 000,00 €;72;Santar?©m;Apartments
15719;T3;650 000,00 €;177;Lisboa;Apartments
1572;T1;444 735,00 €;98.83;Porto;Apartments
15720;T2;208 000,00 €;90;Leiria;Apartments
15721;T2;780 000,00 €;127;Lisboa;Apartments
15722;T2;325 000,00 €;97;Lisboa;Apartments
15723;T1;299 900,00 €;47;Lisboa;Apartments
15724;T3;410 000,00 €;114;Lisboa;Apartments
15725;T3;960 000,00 €;433;Aveiro;Apartments
15727;T3;690 000,00 €;120;Lisboa;Apartments
15728;T3;325 000,00 €;128;Set??bal;Apartments
15729;T3;650 000,00 €;203;Lisboa;Apartments
1573;T2;369 285,00 €;78.55;Porto;Apartments
15730;T2;260 000,00 €;111;Ilha da Madeira;Apartments
15731;T3;145 000,00 €;109.57;Apartamento para comprar: Castelo Branco;Apartments
15732;T3;410 000,00 €;120;Lisboa;Apartments
15733;T3;485 000,00 €;98.35;Porto;Apartments
15734;T3;340 000,00 €;129;Porto;Apartments
15736;T3;450 000,00 €;70;Porto;Apartments
15738;T4;225 000,00 €;105;Lisboa;Apartments
15739;T2;449 900,00 €;68;Faro;Apartments
1574;T2;370 185,00 €;78.29;Porto;Apartments
15740;T2;119 900,00 €;68;Leiria;Apartments
15742;T3;338 000,00 €;117;Aveiro;Apartments
15743;T3;438 000,00 €;117.10;Aveiro;Apartments
15744;T3;320 000,00 €;105;Aveiro;Apartments
15745;T4;420 000,00 €;150;Lisboa;Apartments
15746;T3;165 000,00 €;120;Santar?©m;Apartments
15747;T3;215 000,00 €;168.60;Santar?©m;Apartments
15748;T3;3 000 000,00 €;196;Lisboa;Apartments
15749;T1;155 990,00 €;59;Aveiro;Apartments
1575;T2;411 645,00 €;84.45;Porto;Apartments
15750;T4;449 000,00 €;186;Aveiro;Apartments
15751;T4;875 000,00 €;174;Ilha da Madeira;Apartments
15753;T2;279 500,00 €;79;Lisboa;Apartments
15754;T2;172 000,00 €;85;Coimbra;Apartments
15755;T2;165 000,00 €;87;Porto;Apartments
15756;T2;210 000,00 €;105;Porto;Apartments
15757;T1;595 000,00 €;68;Faro;Apartments
15758;T3;320 000,00 €;131;Porto;Apartments
15759;T3;420 000,00 €;132.50;Porto;Apartments
1576;T2;374 730,00 €;79.30;Porto;Apartments
15760;T2;202 000,00 €;77;Lisboa;Apartments
15761;T3;259 900,00 €;111;Porto;Apartments
15762;T3;269 900,00 €;118;Porto;Apartments
15763;T2;215 000,00 €;98;Porto;Apartments
15764;T2;172 000,00 €;94.45;Coimbra;Apartments
15765;T3;915 000,00 €;158.91;Porto;Apartments
15766;T2;222 500,00 €;127.28;Viseu;Apartments
15767;T4;435 000,00 €;155;Aveiro;Apartments
15768;T3;290 000,00 €;126;Set??bal;Apartments
15769;T1;189 000,00 €;60.90;Porto;Apartments
1577;T2;352 305,00 €;78.29;Porto;Apartments
15770;T1;173 250,00 €;60.90;Porto;Apartments
15771;T1;173 250,00 €;61.95;Porto;Apartments
15772;T2;308 900,00 €;96;Porto;Apartments
15773;T1;173 250,00 €;60.90;Porto;Apartments
15774;T2;307 900,00 €;96;Porto;Apartments
15775;T2;310 900,00 €;96;Porto;Apartments
15776;T2;310 900,00 €;96;Porto;Apartments
15777;T2;240 000,00 €;63;Porto;Apartments
15778;T3;435 000,00 €;136;Lisboa;Apartments
1578;T3;542 430,00 €;120.54;Porto;Apartments
15780;T5;485 000,00 €;184;Set??bal;Apartments
15781;T5;645 000,00 €;278;Faro;Apartments
15782;T3;548 000,00 €;135;Lisboa;Apartments
15783;T0;280 000,00 €;53;Porto;Apartments
15784;T0;370 000,00 €;75;Porto;Apartments
15785;T1;300 000,00 €;57;Porto;Apartments
15786;T0;360 000,00 €;74;Porto;Apartments
15787;T0;480 000,00 €;108;Porto;Apartments
15788;T0;465 000,00 €;94;Porto;Apartments
15789;T1;125 000,00 €;47;Aveiro;Apartments
1579;T2;369 780,00 €;78.20;Porto;Apartments
15790;T3;370 000,00 €;91;Faro;Apartments
15791;T3;245 000,00 €;110;Porto;Apartments
15793;T3;446 500,00 €;130;Porto;Apartments
15794;T3;185 000,00 €;125;Braga;Apartments
15795;T2;186 000,00 €;77.26;Set??bal;Apartments
15796;T3;350 000,00 €;128;Set??bal;Apartments
15797;T3;340 000,00 €;118;Set??bal;Apartments
15798;T3;330 000,00 €;118;Set??bal;Apartments
15799;T3;225 000,00 €;187;Porto;Apartments
158;T1;240 000,00 €;67;Aveiro;Apartments
1580;T2;411 645,00 €;84.45;Porto;Apartments
15800;T2;137 000,00 €;90;Apartamento para comprar: Castelo Branco;Apartments
15801;T4; Pre?ßosobconsulta ;230;Porto;Apartments
15802;T2;260 000,00 €;95;Porto;Apartments
15803;T2;260 000,00 €;147;Leiria;Apartments
15804;T2;380 000,00 €;90;Porto;Apartments
15805;T3;315 000,00 €;150;Aveiro;Apartments
15806;T4;1 495 000,00 €;258.86;Lisboa;Apartments
15807;T2;249 000,00 €;111;Braga;Apartments
1581;T2;230 000,00 €;107;Set??bal;Apartments
15810;T2;229 500,00 €;67.21;Lisboa;Apartments
15811;T2;239 000,00 €;90;Porto;Apartments
15812;T2;239 000,00 €;90;Porto;Apartments
15814;T2;395 000,00 €;95;Lisboa;Apartments
15815;T3;310 000,00 €;117;Braga;Apartments
15816;T0;150 000,00 €;39;Braga;Apartments
15817;T1;172 500,00 €;50;Braga;Apartments
15818;T1;170 000,00 €;50;Braga;Apartments
15819;T3;300 000,00 €;117;Braga;Apartments
1582;T3;400 000,00 €;136;Porto;Apartments
15820;T1;165 000,00 €;50;Braga;Apartments
15821;T4;320 000,00 €;181.80;Porto;Apartments
15822;T2;119 900,00 €;67.60;Leiria;Apartments
15823;T5;875 000,00 €;200;Coimbra;Apartments
15824;T1;210 000,00 €;50;Coimbra;Apartments
15825;T5;645 000,00 €;277;Faro;Apartments
15826;T3;340 000,00 €;135;Set??bal;Apartments
15827;T3;335 000,00 €;144;Set??bal;Apartments
15828;T3;350 000,00 €;144;Set??bal;Apartments
15829;T2;749 000,00 €;129;Porto;Apartments
1583;T2;353 475,00 €;78.55;Porto;Apartments
15830;T2;280 000,00 €;105;Braga;Apartments
15831;T2;237 500,00 €;109.53;Lisboa;Apartments
15832;T3;670 000,00 €;134;Lisboa;Apartments
15833;T3;262 500,00 €;128;Porto;Apartments
15834;T4;1 650 000,00 €;265.11;Porto;Apartments
15835;T3;775 000,00 €;133;Lisboa;Apartments
15836;T3;880 000,00 €;130;Lisboa;Apartments
15837;T2;375 000,00 €;129;Aveiro;Apartments
15838;T7;3 000 000,00 €;387;Lisboa;Apartments
1584;T2;370 185,00 €;78.29;Porto;Apartments
15840;T2;299 000,00 €;93;Porto;Apartments
15841;T3;355 000,00 €;117;Porto;Apartments
15842;T3;985 000,00 €;147;Lisboa;Apartments
15843;T2;895 000,00 €;140;Lisboa;Apartments
15845;T2;275 000,00 €;95;Porto;Apartments
15846;T2;355 000,00 €;115;Porto;Apartments
15847;T3;690 000,00 €;112.55;Ilha da Madeira;Apartments
15848;T1;150 000,00 €;58;Coimbra;Apartments
15849;T3;720 000,00 €;112.55;Ilha da Madeira;Apartments
1585;T3;370 000,00 €;119;Faro;Apartments
15850;T3;670 000,00 €;112.55;Ilha da Madeira;Apartments
15851;T2;322 500,00 €;94;Set??bal;Apartments
15852;T1;253 900,00 €;53;Porto;Apartments
15853;T2;130 000,00 €;73;Aveiro;Apartments
15854;T1;265 000,00 €;53;Aveiro;Apartments
15856;T2;220 000,00 €;85;Braga;Apartments
15857;T3;280 500,00 €;128;Braga;Apartments
15858;T2;247 500,00 €;104;Braga;Apartments
15859;T3;302 500,00 €;135;Braga;Apartments
1586;T2;368 835,00 €;78.23;Porto;Apartments
15860;T2;273 000,00 €;90;Viseu;Apartments
15861;T3;410 000,00 €;158.30;Lisboa;Apartments
15862;T3;250 000,00 €;90;Lisboa;Apartments
15863;T3;247 000,00 €;134;Coimbra;Apartments
15864;T1;298 500,00 €;45.99;Porto;Apartments
15865;T1;280 000,00 €;51.80;Porto;Apartments
15866;T3;300 000,00 €;112;Lisboa;Apartments
15867;T2;190 000,00 €;72.02;Aveiro;Apartments
15868;T1;190 000,00 €;41.50;Aveiro;Apartments
15869;T1;180 000,00 €;43.50;Aveiro;Apartments
1587;T3;622 920,00 €;131.40;Porto;Apartments
15870;T3;351 000,00 €;112.60;Aveiro;Apartments
15871;T3;1 080 000,00 €;165;Porto;Apartments
15872;T2;295 000,00 €;130;Porto;Apartments
15873;T2;137 500,00 €;71;Coimbra;Apartments
15874;T1;558 000,00 €;92;Porto;Apartments
15875;T2;365 000,00 €;91.08;Ilha da Madeira;Apartments
15876;T3;620 000,00 €;127.32;Porto;Apartments
15877;T2;395 000,00 €;148;Faro;Apartments
15878;T1;279 900,00 €;40.87;Lisboa;Apartments
15879;T3;255 000,00 €;127;Braga;Apartments
1588;T2;380 025,00 €;84.45;Porto;Apartments
15881;T2;150 000,00 €;58.50;Aveiro;Apartments
15882;T3;249 000,00 €;111.97;Aveiro;Apartments
15883;T2;187 500,00 €;90;Porto;Apartments
15884;T3;205 000,00 €;96;Aveiro;Apartments
15885;T3;1 695 000,00 €;164;Lisboa;Apartments
15886;T2;190 000,00 €;89;Lisboa;Apartments
15887;T2;390 000,00 €;62;Lisboa;Apartments
15888;T2;229 500,00 €;70;Lisboa;Apartments
15889;T1;165 000,00 €;66;Aveiro;Apartments
1589;T2;356 850,00 €;79.30;Porto;Apartments
15890;T1;315 000,00 €;70;Porto;Apartments
15891;T3;285 000,00 €;100;Lisboa;Apartments
15892;T3;267 500,00 €;105.70;Apartamento para comprar: Castelo Branco;Apartments
15893;T2;205 000,00 €;75.90;Apartamento para comprar: Castelo Branco;Apartments
15894;T3;265 000,00 €;100.35;Apartamento para comprar: Castelo Branco;Apartments
15895;T1;125 000,00 €;48.24;Aveiro;Apartments
15896;T1;125 000,00 €;48.24;Aveiro;Apartments
15897;T2;905 000,00 €;97.34;Lisboa;Apartments
15898;T1;575 000,00 €;66.04;Lisboa;Apartments
15899;T1;739 000,00 €;88.82;Lisboa;Apartments
159;T2;290 000,00 €;83;Aveiro;Apartments
1590;T2;411 645,00 €;84.45;Porto;Apartments
15900;T2;885 000,00 €;95.98;Lisboa;Apartments
15901;T1;573 000,00 €;73.85;Lisboa;Apartments
15902;T1;836 000,00 €;80.17;Lisboa;Apartments
15903;T2;918 000,00 €;102;Lisboa;Apartments
15904;T2;925 000,00 €;97.24;Lisboa;Apartments
15905;T1;608 000,00 €;66.87;Lisboa;Apartments
15906;T3;409 000,00 €;185;Coimbra;Apartments
15907;T3;179 500,00 €;150;Leiria;Apartments
15908;T5;230 000,00 €;199;Leiria;Apartments
15909;T2;255 000,00 €;122.74;Braga;Apartments
1591;T2;840 000,00 €;107;Faro;Apartments
15910;T2;395 000,00 €;97;Ilha da Madeira;Apartments
15911;T3;740 000,00 €;112;Lisboa;Apartments
15912;T2;595 000,00 €;93;Lisboa;Apartments
15913;T2;352 500,00 €;108.35;Faro;Apartments
15914;T1;265 000,00 €;62;Porto;Apartments
15915;T2;135 000,00 €;103;Coimbra;Apartments
15916;T3;128 000,00 €;161;Santar?©m;Apartments
15917;T4;435 000,00 €;156;Aveiro;Apartments
15918;T2;468 800,00 €;65;Lisboa;Apartments
15919;T4;325 000,00 €;220;Santar?©m;Apartments
1592;T3;591 300,00 €;131.40;Porto;Apartments
15920;T3;219 950,00 €;120;Braga;Apartments
15921;T2;170 000,00 €;81;Aveiro;Apartments
15922;T2;275 000,00 €;95.10;Porto;Apartments
15923;T3;185 000,00 €;99;Leiria;Apartments
15924;T3;598 000,00 €;111;Porto;Apartments
15925;T3;435 000,00 €;116;Lisboa;Apartments
15926;T3;245 000,00 €;94.80;Apartamento para comprar: Castelo Branco;Apartments
15927;T3;255 000,00 €;100.35;Apartamento para comprar: Castelo Branco;Apartments
15928;T1;349 000,00 €;48.25;Lisboa;Apartments
15929;T2;239 500,00 €;90;Leiria;Apartments
1593;T2;352 305,00 €;78.29;Porto;Apartments
15930;T3;335 000,00 €;121;Set??bal;Apartments
15931;T3;475 000,00 €;90;Faro;Apartments
15932;T2;330 000,00 €;98;Aveiro;Apartments
15933;T4;550 000,00 €;150;Porto;Apartments
15934;T4;587 000,00 €;175;Porto;Apartments
15935;T4;555 000,00 €;153;Porto;Apartments
15936;T1;250 000,00 €;55;Set??bal;Apartments
15937;T4;350 000,00 €;145;Porto;Apartments
15938;T2;389 000,00 €;88;Lisboa;Apartments
15939;T2;180 000,00 €;72.60;Set??bal;Apartments
1594;T2;353 790,00 €;78.62;Porto;Apartments
15940;T2;125 900,00 €;69;Apartamento para comprar: Castelo Branco;Apartments
15942;T2;290 000,00 €;53.90;Set??bal;Apartments
15943;T3;345 000,00 €;197;Leiria;Apartments
15944;T3;1 390 000,00 €;237;Lisboa;Apartments
15946;T4;87 500,00 €;73;Apartamento para comprar: Castelo Branco;Apartments
15947;T5;500 000,00 €;184;Set??bal;Apartments
15948;T3;320 000,00 €;135;Set??bal;Apartments
15949;T3;650 000,00 €;154;Porto;Apartments
1595;T2;411 645,00 €;84.45;Porto;Apartments
15950;T3;340 000,00 €;144;Set??bal;Apartments
15951;T3;300 000,00 €;136;Coimbra;Apartments
15952;T3;305 000,00 €;135;Coimbra;Apartments
15953;T3;305 000,00 €;129;Coimbra;Apartments
15954;T3;300 000,00 €;135;Coimbra;Apartments
15955;T3;189 000,00 €;72;Porto;Apartments
15956;T4;299 900,00 €;140.55;Santar?©m;Apartments
15957;T3;525 000,00 €;179;Aveiro;Apartments
15958;T3;305 000,00 €;169;Santar?©m;Apartments
15959;T6;2 400 000,00 €;519;Lisboa;Apartments
1596;T2;369 600,00 €;78.62;Porto;Apartments
15960;T2;159 900,00 €;77;Leiria;Apartments
15962;T3;700 000,00 €;160;Porto;Apartments
15964;T1;215 000,00 €;60;Faro;Apartments
15966;T4;345 000,00 €;250;Santar?©m;Apartments
15967;T3;300 000,00 €;193;Santar?©m;Apartments
15968;T3;300 000,00 €;193;Santar?©m;Apartments
15969;T3;225 000,00 €;101;Viana do Castelo;Apartments
1597;T2;380 025,00 €;84.45;Porto;Apartments
15970;T3;480 000,00 €;124;Lisboa;Apartments
15971;T1;297 500,00 €;45;Faro;Apartments
15972;T1;247 500,00 €;120;Porto;Apartments
15973;T3;269 000,00 €;120;Braga;Apartments
15974;T3;193 000,00 €;129;Aveiro;Apartments
15975;T2;157 000,00 €;53.50;Porto;Apartments
15976;T2;257 890,00 €;132;Ilha de S?£o Miguel;Apartments
15977;T0;167 500,00 €;40;Porto;Apartments
15978;T2;375 475,00 €;87;Porto;Apartments
15979;T3;141 000,00 €;103;Braga;Apartments
1598;T3;576 030,00 €;120.54;Porto;Apartments
15980;T2;225 000,00 €;88;Porto;Apartments
15981;T3;190 000,00 €;90;Set??bal;Apartments
15982;T5;1 300 000,00 €;219;Lisboa;Apartments
15983;T2;316 000,00 €;110;Lisboa;Apartments
15984;T3;395 000,00 €;104.36;Lisboa;Apartments
15986;T3;265 000,00 €;66;Porto;Apartments
15987;T2;179 900,00 €;90;Porto;Apartments
15988;T3;412 500,00 €;146;Porto;Apartments
15989;T0;227 000,00 €;31;Lisboa;Apartments
1599;T2;378 855,00 €;84.19;Porto;Apartments
15990;T1;178 000,00 €;41.20;Aveiro;Apartments
15991;T1;170 000,00 €;42.50;Aveiro;Apartments
15992;T2;168 000,00 €;102.90;Porto;Apartments
15993;T2;235 000,00 €;97;Porto;Apartments
16;T3;239 000,00 €;108;Porto;Apartments
160;T3;525 000,00 €;180;Aveiro;Apartments
1600;T2;370 185,00 €;78.29;Porto;Apartments
1601;T1;326 850,00 €;68.66;Porto;Apartments
16012;T1;450 000,00 €;56;Lisboa;Apartments
16013;T1;430 000,00 €;56;Lisboa;Apartments
16014;T2;840 000,00 €;116;Lisboa;Apartments
16015;T1;530 000,00 €;56;Lisboa;Apartments
16016;T2;745 000,00 €;121;Lisboa;Apartments
16017;T2;845 000,00 €;116;Lisboa;Apartments
16018;T1;470 000,00 €;56;Lisboa;Apartments
16019;T2;810 000,00 €;116;Lisboa;Apartments
1602;T2;425 000,00 €;90;Faro;Apartments
16020;T2;780 000,00 €;116;Lisboa;Apartments
16022;T3;368 500,00 €;217.10;Coimbra;Apartments
16023;T3;240 000,00 €;202;Leiria;Apartments
16024;T1;155 000,00 €;61;Aveiro;Apartments
16025;T5;650 000,00 €;190;Aveiro;Apartments
16026;T2;189 500,00 €;180;Aveiro;Apartments
16027;T3;259 000,00 €;167;Leiria;Apartments
16028;T2;798 000,00 €;135;Set??bal;Apartments
16029;T1;160 000,00 €;43;Porto;Apartments
1603;T3;267 000,00 €;114;Porto;Apartments
16030;T4;740 000,00 €;208;Coimbra;Apartments
16031;T3;222 500,00 €;108.06;Porto;Apartments
16032;T1;560 000,00 €;58;Lisboa;Apartments
16033;T1;560 000,00 €;60;Lisboa;Apartments
16034;T2;985 000,00 €;116;Lisboa;Apartments
16035;T1;550 000,00 €;56;Lisboa;Apartments
16036;T2;950 000,00 €;116;Lisboa;Apartments
16037;T1;540 000,00 €;60;Lisboa;Apartments
16038;T1;510 000,00 €;56;Lisboa;Apartments
16039;T2;915 000,00 €;116;Lisboa;Apartments
1604;T2;190 000,00 €;86;Porto;Apartments
16040;T1;510 000,00 €;56;Lisboa;Apartments
16041;T2;915 000,00 €;116;Lisboa;Apartments
16042;T1;490 000,00 €;56;Lisboa;Apartments
16043;T2;880 000,00 €;116;Lisboa;Apartments
16044;T1;480 000,00 €;60;Lisboa;Apartments
16045;T3;173 000,00 €;122.30;Apartamento para comprar: Castelo Branco;Apartments
16046;T3;339 990,00 €;148.64;Aveiro;Apartments
16047;T2;216 990,00 €;103.53;Aveiro;Apartments
16048;T3;294 000,00 €;128;Braga;Apartments
16049;T2;330 000,00 €;93;Lisboa;Apartments
1605;T2;274 000,00 €;74;Porto;Apartments
16050;T4;775 000,00 €;176.90;Lisboa;Apartments
16051;T3;507 688,00 €;109;Porto;Apartments
16052;T3;339 990,00 €;148.73;Aveiro;Apartments
16053;T2;368 369,00 €;80;Porto;Apartments
16054;T3;307 990,00 €;143.83;Aveiro;Apartments
16055;T1;155 990,00 €;59;Aveiro;Apartments
16056;T3;1 300 000,00 €;150;Lisboa;Apartments
16057;T2;790 000,00 €;99.10;Lisboa;Apartments
16058;T3;209 000,00 €;117;Viseu;Apartments
16059;T2;398 000,00 €;144;Porto;Apartments
1606;T2;344 500,00 €;94.75;Lisboa;Apartments
16060;T2;175 000,00 €;120;Santar?©m;Apartments
16061;T2;349 000,00 €;137;Braga;Apartments
16062;T2;245 000,00 €;92;Faro;Apartments
16063;T3;350 000,00 €;120;Coimbra;Apartments
16064;T3;330 000,00 €;120;Coimbra;Apartments
16066;T3;650 000,00 €;122.80;Porto;Apartments
16067;T1;159 900,00 €;95;Porto;Apartments
16068;T2;280 000,00 €;90;Coimbra;Apartments
16069;T2;270 000,00 €;90;Coimbra;Apartments
1607;T2;187 500,00 €;67;Lisboa;Apartments
1608;T2;159 000,00 €;74.30;Set??bal;Apartments
16081;T2;260 000,00 €;90;Coimbra;Apartments
16082;T1;395 000,00 €;55;Porto;Apartments
16083;T2;265 000,00 €;93.50;Aveiro;Apartments
16084;T1;290 000,00 €;57.90;Porto;Apartments
16085;T2;235 000,00 €;100;Porto;Apartments
16086;T2;455 000,00 €;122.86;Ilha da Madeira;Apartments
16087;T2;190 000,00 €;90;Coimbra;Apartments
16088;T2;550 000,00 €;120;Ilha da Madeira;Apartments
1609;T1;210 000,00 €;97.80;Porto;Apartments
16091;T2;223 000,00 €;95;Porto;Apartments
16092;T1;153 990,00 €;59;Aveiro;Apartments
16093;T1;176 990,00 €;59;Aveiro;Apartments
16095;T2;290 900,00 €;82.80;Porto;Apartments
16096;T2;275 000,00 €;100;Braga;Apartments
16097;T2;269 900,00 €;100;Braga;Apartments
16098;T2;296 000,00 €;99.36;Aveiro;Apartments
161;T2;300 000,00 €;89;Aveiro;Apartments
1610;T0;135 000,00 €;26.70;Porto;Apartments
16100;T1;420 000,00 €;67;Lisboa;Apartments
16101;T1;300 000,00 €;55;Lisboa;Apartments
16102;T3;450 000,00 €;176;Braga;Apartments
16103;T2;285 000,00 €;100;Braga;Apartments
16104;T3;460 000,00 €;190;Braga;Apartments
16105;T3;130 000,00 €;105;Santar?©m;Apartments
16106;T1;215 000,00 €;46;Set??bal;Apartments
16107;T2;269 000,00 €;73;Faro;Apartments
16108;T3;127 500,00 €;79.20;Apartamento para comprar: Castelo Branco;Apartments
16109;T3;440 000,00 €;146;Porto;Apartments
1611;T1;259 950,00 €;65;Porto;Apartments
16110;T2;155 000,00 €;86;Set??bal;Apartments
16111;T3;370 000,00 €;125;Set??bal;Apartments
16112;T3;360 000,00 €;125;Set??bal;Apartments
16113;T2;150 000,00 €;88.50;Santar?©m;Apartments
16114;T0;92 000,00 €;29;Castelo Branco;Apartments
16115;T2;260 000,00 €;73.10;Aveiro;Apartments
16116;T3;290 000,00 €;105.10;Aveiro;Apartments
16117;T1;360 000,00 €;65;Lisboa;Apartments
16118;T3;255 000,00 €;112;Viana do Castelo;Apartments
1612;T3;243 000,00 €;112;Porto;Apartments
16120;T1;269 000,00 €;60;Lisboa;Apartments
16121;T2;240 000,00 €;121;Coimbra;Apartments
16122;T3;460 000,00 €;137;Porto;Apartments
16123;T3;435 000,00 €;137;Porto;Apartments
16124;T3;465 000,00 €;134;Porto;Apartments
16125;T3;440 000,00 €;122;Porto;Apartments
16126;T3;480 000,00 €;139;Porto;Apartments
16127;T3;470 000,00 €;139;Porto;Apartments
16128;T2;249 000,00 €;85;Set??bal;Apartments
16129;T2;495 550,00 €;131.34;Braga;Apartments
1613;T4;3 225 000,00 €;346;Lisboa;Apartments
16130;T4;470 000,00 €;154;Set??bal;Apartments
16131;T2;1 196 000,00 €;122;Lisboa;Apartments
16132;T2;630 000,00 €;77;Lisboa;Apartments
16133;T2;1 350 000,00 €;118;Lisboa;Apartments
16134;T1;424 000,00 €;64;Lisboa;Apartments
16135;T3;826 000,00 €;142;Lisboa;Apartments
16136;T2;546 000,00 €;94;Lisboa;Apartments
16137;T1;654 000,00 €;68;Lisboa;Apartments
16138;T2;632 500,00 €;110;Lisboa;Apartments
16139;T2;646 500,00 €;77;Lisboa;Apartments
1614;T2;159 000,00 €;113;Porto;Apartments
16140;T4;2 000 000,00 €;177;Lisboa;Apartments
16141;T2;684 000,00 €;115;Lisboa;Apartments
16142;T3;1 190 000,00 €;149;Lisboa;Apartments
16143;T3;835 500,00 €;138;Lisboa;Apartments
16144;T3;822 000,00 €;138;Lisboa;Apartments
16145;T3;450 000,00 €;120;Set??bal;Apartments
16146;T1;561 000,00 €;66;Lisboa;Apartments
16147;T1;890 000,00 €;122;Lisboa;Apartments
16148;T2;835 000,00 €;112;Lisboa;Apartments
16149;T2;925 000,00 €;97;Lisboa;Apartments
1615;T3;350 000,00 €;110.32;Faro;Apartments
16150;T3;690 000,00 €;184;Set??bal;Apartments
16151;T1;495 000,00 €;61;Lisboa;Apartments
16152;T2;918 000,00 €;102;Lisboa;Apartments
16153;T3;813 000,00 €;138;Lisboa;Apartments
16154;T3;855 500,00 €;138;Lisboa;Apartments
16155;T2;905 000,00 €;97;Lisboa;Apartments
16156;T3;805 000,00 €;138;Lisboa;Apartments
16157;T1;640 000,00 €;67;Lisboa;Apartments
16158;T1;575 000,00 €;66;Lisboa;Apartments
16159;T4;1 213 000,00 €;174;Lisboa;Apartments
1616;T2;270 000,00 €;100;Faro;Apartments
16160;T1;475 000,00 €;59;Lisboa;Apartments
16161;T2;600 000,00 €;97;Lisboa;Apartments
16162;T2;1 400 000,00 €;139;Lisboa;Apartments
16163;T3;795 000,00 €;134;Lisboa;Apartments
16164;T2;860 000,00 €;118;Lisboa;Apartments
16165;T2;611 000,00 €;99;Lisboa;Apartments
16166;T2;715 500,00 €;117;Lisboa;Apartments
16167;T2;682 000,00 €;117;Lisboa;Apartments
16168;T2;520 000,00 €;97;Lisboa;Apartments
16169;T2;677 000,00 €;110;Lisboa;Apartments
1617;T3;165 000,00 €;141;Santar?©m;Apartments
16170;T3;259 000,00 €;131;Set??bal;Apartments
16171;T3;445 000,00 €;97;Lisboa;Apartments
16172;T3;294 000,00 €;122.20;Braga;Apartments
16173;T2;896 500,00 €;102;Lisboa;Apartments
16174;T4;350 000,00 €;218;Porto;Apartments
16175;T3;831 000,00 €;142;Lisboa;Apartments
16176;T2;149 000,00 €;87;Set??bal;Apartments
16177;T3;205 000,00 €;67;Lisboa;Apartments
16178;T4;550 000,00 €;135;Lisboa;Apartments
16179;T3;190 000,00 €;107;Porto;Apartments
1618;T2;185 000,00 €;121;Apartamento para comprar: Castelo Branco;Apartments
16180;T2;510 000,00 €;79;Ilha da Madeira;Apartments
16181;T2;500 000,00 €;81;Ilha da Madeira;Apartments
16182;T3;325 000,00 €;124;Faro;Apartments
16183;T2;329 000,00 €;77;Set??bal;Apartments
16184;T1;206 000,00 €;61;Braga;Apartments
16185;T4;1 058 000,00 €;223;Porto;Apartments
16186;T3;920 000,00 €;208.39;Lisboa;Apartments
16187;T2;171 500,00 €;84;Porto;Apartments
16188;T2;318 000,00 €;72.34;Porto;Apartments
16189;T2;318 000,00 €;72.34;Porto;Apartments
1619;T3;550 000,00 €;167;Porto;Apartments
16190;T1;178 000,00 €;63;Faro;Apartments
16191;T3;220 000,00 €;118;Braga;Apartments
16192;T2;500 000,00 €;91;Ilha da Madeira;Apartments
16193;T1;320 000,00 €;41;Ilha da Madeira;Apartments
16194;T2;450 000,00 €;94;Ilha da Madeira;Apartments
16195;T2;450 000,00 €;96;Ilha da Madeira;Apartments
16196;T2;425 560,00 €;96.39;Braga;Apartments
16197;T3;1 500 000,00 €;113;Lisboa;Apartments
16198;T2;425 000,00 €;96;Ilha da Madeira;Apartments
16199;T2;400 000,00 €;100;Ilha da Madeira;Apartments
162;T3;445 000,00 €;154;Aveiro;Apartments
1620;T3;255 000,00 €;85;Lisboa;Apartments
16200;T2;390 000,00 €;96;Ilha da Madeira;Apartments
16201;T1;295 000,00 €;65;Aveiro;Apartments
16202;T2;550 000,00 €;119;Aveiro;Apartments
16203;T3;650 000,00 €;162.50;Aveiro;Apartments
16204;T2;698 000,00 €;95;Lisboa;Apartments
16205;T3;355 000,00 €;145;Set??bal;Apartments
16206;T2;395 000,00 €;111.10;Porto;Apartments
16207;T2;249 900,00 €;91;Porto;Apartments
16208;T3;189 000,00 €;79;Porto;Apartments
16209;T3;270 000,00 €;140.15;Leiria;Apartments
1621;T2;309 990,00 €;115.85;Lisboa;Apartments
16210;T1;198 700,00 €;51;Porto;Apartments
16211;T3;575 000,00 €;85.06;Lisboa;Apartments
16212;T0;249 000,00 €;45;Faro;Apartments
16213;T2;219 000,00 €;67.90;Porto;Apartments
16214;T2;150 000,00 €;82;Braga;Apartments
16215;T2;498 000,00 €;88;Lisboa;Apartments
16216;T3;199 000,00 €;96.60;Set??bal;Apartments
16217;T2;265 000,00 €;94;Lisboa;Apartments
16218;T2;330 000,00 €;80;Lisboa;Apartments
16219;T3;267 500,00 €;124;Porto;Apartments
1622;T3;720 000,00 €;183;Porto;Apartments
16220;T2;200 000,00 €;100;Porto;Apartments
16221;T4;2 350 000,00 €;213;Lisboa;Apartments
16222;T4;535 000,00 €;139;Lisboa;Apartments
16223;T2;298 000,00 €;200;Viseu;Apartments
16224;T3;255 000,00 €;97.22;Faro;Apartments
16225;T2;368 369,00 €;109;Porto;Apartments
16226;T3;262 500,00 €;96.15;Porto;Apartments
16227;T5;1 100 000,00 €;169;Porto;Apartments
16228;T2;195 900,00 €;85;Porto;Apartments
16229;T2;185 000,00 €;91;Vila Real;Apartments
1623;T3;330 000,00 €;125;Ilha de S?£o Miguel;Apartments
16230;T2;305 000,00 €;117.96;Porto;Apartments
16231;T3;512 202,00 €;109;Porto;Apartments
16232;T3;227 700,00 €;132;Braga;Apartments
16233;T3;414 800,00 €;123;Porto;Apartments
16234;T3;430 350,00 €;123;Porto;Apartments
16235;T3;674 000,00 €;150;Porto;Apartments
16237;T3;425 200,00 €;123;Porto;Apartments
16238;T3;225 600,00 €;132;Braga;Apartments
16239;T2;129 500,00 €;105;Santar?©m;Apartments
1624;T2;189 900,00 €;64.15;Faro;Apartments
16240;T4;322 150,00 €;190;Braga;Apartments
16241;T3;224 600,00 €;132;Braga;Apartments
16242;T3;321 100,00 €;190;Braga;Apartments
16243;T2;182 600,00 €;108;Braga;Apartments
16244;T3;530 100,00 €;130;Porto;Apartments
16245;T3;379 000,00 €;94.28;Porto;Apartments
16246;T2;458 900,00 €;104;Porto;Apartments
16247;T3;225 000,00 €;145;Braga;Apartments
16248;T3;497 000,00 €;132.45;Coimbra;Apartments
16249;T2;262 000,00 €;69.70;Aveiro;Apartments
1625;T4;795 000,00 €;161.07;Faro;Apartments
16250;T3;255 000,00 €;130.30;Porto;Apartments
16251;T3;450 000,00 €;143;Porto;Apartments
16252;T2;235 000,00 €;105;Porto;Apartments
16253;T5;550 000,00 €;269.40;Coimbra;Apartments
16255;T2;280 000,00 €;57.20;Porto;Apartments
16256;T1;299 900,00 €;33.60;Lisboa;Apartments
16257;T2;780 000,00 €;115.95;Lisboa;Apartments
16258;T3;200 000,00 €;128.20;Porto;Apartments
16259;T2;395 000,00 €;68;Lisboa;Apartments
1626;T3;550 000,00 €;130.81;Faro;Apartments
16260;T3;235 000,00 €;103;Coimbra;Apartments
16261;T4;900 000,00 €;168.33;Porto;Apartments
16262;T1;472 000,00 €;71.10;Faro;Apartments
16264;T2;448 000,00 €;105;Ilha da Madeira;Apartments
16265;T2;175 000,00 €;85;Porto;Apartments
16266;T1;240 000,00 €;53;Porto;Apartments
16267;T2;635 000,00 €;135.70;Lisboa;Apartments
16268;T1;350 000,00 €;75;Lisboa;Apartments
16269;T3;660 000,00 €;150.20;Lisboa;Apartments
1627;T2;585 000,00 €;123;Porto;Apartments
16270;T4;840 000,00 €;176;Lisboa;Apartments
16271;T2;640 000,00 €;124.70;Lisboa;Apartments
16272;T5;160 000,00 €;135;Apartamento para comprar: Castelo Branco;Apartments
16273;T0;185 000,00 €;32;Aveiro;Apartments
16274;T3;199 665,00 €;114;Santar?©m;Apartments
16276;T3;325 000,00 €;93;Ilha da Madeira;Apartments
16277;T2;378 000,00 €;113;Porto;Apartments
16278;T2;310 000,00 €;81.80;Aveiro;Apartments
16279;T2;200 000,00 €;75;Porto;Apartments
1628;T2;362 500,00 €;99.90;Faro;Apartments
16280;T3;1 500 000,00 €;349;Lisboa;Apartments
16281;T2;190 000,00 €;100;Porto;Apartments
16282;T3;565 000,00 €;152.80;Porto;Apartments
16283;T3;450 000,00 €;159.30;Faro;Apartments
16284;T3;450 000,00 €;159.30;Faro;Apartments
16286;T3;425 000,00 €;196;Porto;Apartments
16287;T3;319 000,00 €;137;Aveiro;Apartments
16288;T3;360 000,00 €;115;Faro;Apartments
16289;T2;425 000,00 €;78.68;Porto;Apartments
1629;T2;385 000,00 €;109.82;Faro;Apartments
16290;T3;632 839,00 €;130;Porto;Apartments
16291;T4;170 000,00 €;190;Portalegre;Apartments
16292;T4;450 000,00 €;120;Coimbra;Apartments
16293;T2;295 000,00 €;98;Set??bal;Apartments
16294;T1;95 000,00 €;62.50;Portalegre;Apartments
16295;T3;545 000,00 €;128;Porto;Apartments
16296;T3;690 692,00 €;144;Porto;Apartments
16297;T3;550 000,00 €;94;Porto;Apartments
16298;T1;187 500,00 €;64;Porto;Apartments
16299;T3;790 000,00 €;122;Lisboa;Apartments
163;T2;388 600,00 €;134;Aveiro;Apartments
1630;T3;238 000,00 €;93;Set??bal;Apartments
16300;T3;168 000,00 €;98;Porto;Apartments
16301;T2;150 000,00 €;75;Set??bal;Apartments
16302;T3;662 356,00 €;130;Porto;Apartments
16303;T1;270 000,00 €;67;Faro;Apartments
16304;T2;395 000,00 €;117;Lisboa;Apartments
16305;T2;392 000,00 €;130.35;Porto;Apartments
16306;T4;230 000,00 €;99;Leiria;Apartments
16307;T2;650 000,00 €;110.70;Lisboa;Apartments
16308;T3;515 000,00 €;143.65;Set??bal;Apartments
16309;T1;221 500,00 €;61.01;Braga;Apartments
1631;T3;367 500,00 €;119.78;Porto;Apartments
16310;T4;420 000,00 €;210;Porto;Apartments
16311;T1;137 500,00 €;49;Lisboa;Apartments
16312;T3;460 000,00 €;144;Porto;Apartments
16313;T3;275 000,00 €;117;Leiria;Apartments
16314;T2;375 000,00 €;95;Porto;Apartments
16315;T2;204 000,00 €;83;Porto;Apartments
16316;T1;195 000,00 €;55.60;Aveiro;Apartments
16317;T3;225 000,00 €;115;Leiria;Apartments
16318;T1;207 000,00 €;70;Porto;Apartments
16319;T2;580 000,00 €;94;Ilha da Madeira;Apartments
1632;T0;180 000,00 €;35.15;Porto;Apartments
16320;T3;189 000,00 €;80;Porto;Apartments
16321;T1;197 500,00 €;60;Porto;Apartments
16322;T1;179 000,00 €;50;Porto;Apartments
16323;T2;145 000,00 €;97;Set??bal;Apartments
16324;T3;465 000,00 €;131;Faro;Apartments
16325;T1;190 000,00 €;60;Porto;Apartments
16326;T3;769 000,00 €;117;Lisboa;Apartments
16327;T2;350 000,00 €;108;Porto;Apartments
16328;T3;280 000,00 €;96.90;Aveiro;Apartments
16329;T2;375 000,00 €;82.45;Faro;Apartments
1633;T2;750 000,00 €;112;Porto;Apartments
16330;T3;349 500,00 €;138;Lisboa;Apartments
16332;T3;540 000,00 €;128.32;Porto;Apartments
16333;T2;375 000,00 €;82.45;Faro;Apartments
16334;T2;375 000,00 €;82.45;Faro;Apartments
16335;T3;1 400 000,00 €;171;Lisboa;Apartments
16336;T5;250 000,00 €;123;Lisboa;Apartments
16338;T3;613 949,00 €;136;Porto;Apartments
16339;T3;590 335,00 €;136;Porto;Apartments
1634;T1;203 000,00 €;62;Porto;Apartments
16340;T3;520 450,00 €;123;Porto;Apartments
16341;T3;690 692,00 €;167;Porto;Apartments
16342;T3;522 447,00 €;124;Porto;Apartments
16343;T3;662 356,00 €;152;Porto;Apartments
16344;T3;556 096,00 €;124;Porto;Apartments
16345;T3;618 671,00 €;137;Porto;Apartments
16346;T3;507 688,00 €;124;Porto;Apartments
16347;T3;570 264,00 €;134;Porto;Apartments
16348;T2; Pre?ßosobconsulta ;80;Set??bal;Apartments
16349;T4;1 080 000,00 €;185;Lisboa;Apartments
1635;T2;178 000,00 €;87;Porto;Apartments
16350;T3;595 058,00 €;137;Porto;Apartments
16351;T3;275 000,00 €;111;Porto;Apartments
16352;T4;1 080 000,00 €;185;Lisboa;Apartments
16353;T3;595 058,00 €;137;Porto;Apartments
16354;T3;275 000,00 €;111;Porto;Apartments
16355;T1;175 000,00 €;70;Porto;Apartments
16356;T4;355 000,00 €;156.60;Set??bal;Apartments
16357;T1;260 000,00 €;76.73;Faro;Apartments
16358;T1;212 500,00 €;61.01;Braga;Apartments
16359;T3;1 150 000,00 €;128;Lisboa;Apartments
1636;T3;495 000,00 €;132.04;Porto;Apartments
16360;T2;235 000,00 €;77;Aveiro;Apartments
16361;T2;325 000,00 €;74.80;Faro;Apartments
16362;T2;275 000,00 €;122;Faro;Apartments
16363;T3;290 000,00 €;111;Porto;Apartments
16364;T2;325 000,00 €;74.80;Faro;Apartments
16365;T2;595 000,00 €;110.17;Lisboa;Apartments
16366;T3;595 058,00 €;121;Porto;Apartments
16367;T2;325 000,00 €;74.80;Faro;Apartments
16368;T2;265 000,00 €;59.95;Faro;Apartments
16369;T2;255 000,00 €;55.45;Faro;Apartments
1637;T3;467 500,00 €;132.04;Porto;Apartments
16370;T2;265 000,00 €;58.65;Faro;Apartments
16371;T2;270 000,00 €;52.75;Faro;Apartments
16372;T2;315 000,00 €;107;Set??bal;Apartments
16373;T3;535 000,00 €;184.50;Set??bal;Apartments
16375;T2;535 000,00 €;184.53;Set??bal;Apartments
16376;T2;380 000,00 €;87;Ilha da Madeira;Apartments
16377;T3;385 000,00 €;124.80;Set??bal;Apartments
16378;T3;395 000,00 €;124.80;Set??bal;Apartments
16379;T3;295 000,00 €;175;Coimbra;Apartments
1638;T0;159 000,00 €;48;Porto;Apartments
16380;T3;450 000,00 €;125.08;Set??bal;Apartments
16381;T3;380 000,00 €;112.47;Set??bal;Apartments
16382;T2;310 000,00 €;110;Set??bal;Apartments
16383;T1;325 000,00 €;70.90;Faro;Apartments
16384;T3;689 512,00 €;167;Porto;Apartments
16385;T2;295 000,00 €;97;Set??bal;Apartments
16386;T2;290 000,00 €;109;Set??bal;Apartments
16387;T3;1 170 000,00 €;112;Lisboa;Apartments
16388;T3;850 000,00 €;124;Lisboa;Apartments
16389;T2;650 000,00 €;92;Lisboa;Apartments
1639;T1;377 000,00 €;82;Faro;Apartments
16390;T3;810 000,00 €;128;Lisboa;Apartments
16391;T2;435 000,00 €;78.61;Set??bal;Apartments
16392;T2;435 000,00 €;78.61;Set??bal;Apartments
16393;T2;390 000,00 €;78.61;Set??bal;Apartments
16394;T2;390 000,00 €;78.61;Set??bal;Apartments
16395;T2;365 000,00 €;78.70;Set??bal;Apartments
16396;T2;368 369,00 €;95;Porto;Apartments
16397;T3;632 839,00 €;152;Porto;Apartments
16398;T2;408 512,00 €;106;Porto;Apartments
16399;T2;521 856,00 €;109;Porto;Apartments
164;T2;150 000,00 €;94.50;Coimbra;Apartments
1640;T4;600 000,00 €;140;Lisboa;Apartments
16400;T3;330 000,00 €;100;Coimbra;Apartments
16401;T4;240 000,00 €;122;Ilha da Madeira;Apartments
16402;T2;145 000,00 €;57.52;Apartamento para comprar: Viseu;Apartments
16403;T0;300 000,00 €;38;Lisboa;Apartments
16405;T1;337 500,00 €;50;Lisboa;Apartments
16406;T2;140 000,00 €;79;Santar?©m;Apartments
16407;T3;380 000,00 €;110;Set??bal;Apartments
16408;T3;390 000,00 €;114;Set??bal;Apartments
16409;T0;180 000,00 €;41;Faro;Apartments
1641;T4;747 000,00 €;220;Braga;Apartments
16410;T1;329 900,00 €;48;Lisboa;Apartments
16411;T3;415 000,00 €;140;Porto;Apartments
16412;T1;510 000,00 €;87;Lisboa;Apartments
16413;T2;250 000,00 €;112.30;Braga;Apartments
16414;T2;485 000,00 €;75;Lisboa;Apartments
16415;T5;1 050 000,00 €;253;Lisboa;Apartments
16416;T3;189 000,00 €;90;Set??bal;Apartments
16417;T2;350 000,00 €;109;Porto;Apartments
16418;T1;199 665,00 €;90.55;Santar?©m;Apartments
16419;T2;199 665,00 €;100.10;Santar?©m;Apartments
1642;T3;695 000,00 €;152;Lisboa;Apartments
16420;T4;420 000,00 €;153;Porto;Apartments
16421;T3;309 500,00 €;84;Set??bal;Apartments
16422;T4;930 000,00 €;166;Lisboa;Apartments
16423;T3;320 000,00 €;120;Faro;Apartments
16424;T3;388 000,00 €;144.50;Porto;Apartments
16425;T4;300 000,00 €;131;Set??bal;Apartments
16426;T2;275 000,00 €;111.70;Braga;Apartments
16427;T0;234 000,00 €;58;Porto;Apartments
16428;T3;550 000,00 €;154;Porto;Apartments
16429;T3;260 000,00 €;146.20;Apartamento para comprar: Castelo Branco;Apartments
1643;T3;550 000,00 €;130;Faro;Apartments
16430;T1;279 900,00 €;41;Lisboa;Apartments
16431;T1;206 000,00 €;55.48;Braga;Apartments
16432;T2;350 000,00 €;82;Porto;Apartments
16433;T3;360 000,00 €;113.40;Porto;Apartments
16434;T3;245 000,00 €;97;Lisboa;Apartments
16435;T2;395 000,00 €;128;Porto;Apartments
16436;T3;200 000,00 €;80;Lisboa;Apartments
16437;T2;215 000,00 €;69.50;Porto;Apartments
16438;T3;242 500,00 €;95.35;Porto;Apartments
16439;T1;505 080,00 €;54.02;Porto;Apartments
1644;T2;138 500,00 €;70;Set??bal;Apartments
16440;T2;158 000,00 €;124.75;Santar?©m;Apartments
16441;T2;470 000,00 €;87.50;Faro;Apartments
16442;T2;420 000,00 €;79.60;Faro;Apartments
16443;T2;440 000,00 €;83.30;Faro;Apartments
16444;T2;440 000,00 €;87.50;Faro;Apartments
16445;T2;440 000,00 €;83.30;Faro;Apartments
16446;T2;420 000,00 €;79.60;Faro;Apartments
16447;T2;390 000,00 €;79.60;Faro;Apartments
16448;T2;220 000,00 €;105;Ilha da Madeira;Apartments
16449;T3;265 000,00 €;66;Porto;Apartments
1645;T4;795 000,00 €;161;Faro;Apartments
16450;T4;255 000,00 €;175;Santar?©m;Apartments
16451;T1;200 000,00 €;78.26;Lisboa;Apartments
16452;T2;410 000,00 €;83.30;Faro;Apartments
16453;T2;410 000,00 €;87.50;Faro;Apartments
16454;T2;410 000,00 €;83.30;Faro;Apartments
16455;T2;390 000,00 €;79.60;Faro;Apartments
16456;T2;927 000,00 €;140;Lisboa;Apartments
16457;T2;370 000,00 €;69.95;Faro;Apartments
16458;T1;239 000,00 €;44;Porto;Apartments
16459;T2;179 900,00 €;90;Porto;Apartments
1646;T4;495 000,00 €;138;Coimbra;Apartments
16460;T3;195 000,00 €;125;Braga;Apartments
16461;T3;284 000,00 €;131;Braga;Apartments
16462;T1;285 000,00 €;53.90;Porto;Apartments
16463;T2;260 000,00 €;76.70;Aveiro;Apartments
16464;T1;157 000,00 €;47.94;Aveiro;Apartments
16465;T1;140 000,00 €;47.94;Aveiro;Apartments
16466;T3;175 000,00 €;112;Braga;Apartments
16468;T2;285 000,00 €;60;Lisboa;Apartments
16469;T1;125 000,00 €;56.75;Aveiro;Apartments
16470;T4;425 000,00 €;126;Set??bal;Apartments
16471;T2;164 000,00 €;89;Porto;Apartments
16473;T2;195 000,00 €;85;Lisboa;Apartments
16474;T3;460 000,00 €;137;Porto;Apartments
16475;T2;275 000,00 €;83.20;Porto;Apartments
16476;T3;790 000,00 €;222;Porto;Apartments
16477;T4;295 000,00 €;151;Lisboa;Apartments
16478;T1;188 990,00 €;59;Aveiro;Apartments
16479;T2;217 000,00 €;103.53;Aveiro;Apartments
1648;T3;230 000,00 €;80.70;Porto;Apartments
16480;T2;290 000,00 €;54;Set??bal;Apartments
16481;T2;205 000,00 €;136;Porto;Apartments
16482;T2;350 000,00 €;100;Porto;Apartments
16483;T3;219 900,00 €;113;Porto;Apartments
16484;T3;525 000,00 €;130;Set??bal;Apartments
16486;T3;445 000,00 €;129;Set??bal;Apartments
16487;T4;420 000,00 €;160;Lisboa;Apartments
16488;T3;750 000,00 €;132;Lisboa;Apartments
16489;T4;324 500,00 €;175;Porto;Apartments
1649;T3;270 000,00 €;130;Porto;Apartments
16490;T3;470 000,00 €;139;Porto;Apartments
16491;T4;580 000,00 €;175;Porto;Apartments
16492;T4;500 000,00 €;184;Porto;Apartments
16493;T2;137 500,00 €;70;Coimbra;Apartments
16494;T2;215 000,00 €;70;Lisboa;Apartments
16495;T3;1 690 000,00 €;201;Lisboa;Apartments
16497;T2;275 000,00 €;97;Braga;Apartments
16498;T1;171 000,00 €;45.75;Leiria;Apartments
16499;T2;250 000,00 €;95.40;Leiria;Apartments
165;T2;649 000,00 €;118;Lisboa;Apartments
1650;T2;350 000,00 €;98;Lisboa;Apartments
16500;T3;399 900,00 €;80;Lisboa;Apartments
16501;T3;375 000,00 €;106.33;Leiria;Apartments
16502;T2;210 000,00 €;64.90;Faro;Apartments
16503;T5;576 000,00 €;232;Porto;Apartments
16504;T3;274 000,00 €;117;Viana do Castelo;Apartments
16505;T4;3 950 000,00 €;311;Lisboa;Apartments
16506;T3;264 000,00 €;117;Viana do Castelo;Apartments
16507;T3;289 000,00 €;117;Viana do Castelo;Apartments
16508;T3;269 000,00 €;117;Viana do Castelo;Apartments
16509;T1;180 000,00 €;84;Viana do Castelo;Apartments
1651;T3;235 000,00 €;115;Santar?©m;Apartments
16510;T3;297 000,00 €;98;Braga;Apartments
16512;T3;330 000,00 €;135;Set??bal;Apartments
16513;T3;325 000,00 €;135;Set??bal;Apartments
16514;T3;425 000,00 €;155;Lisboa;Apartments
16515;T1;292 000,00 €;54;Porto;Apartments
16516;T3;179 900,00 €;89;Leiria;Apartments
16517;T3;219 900,00 €;116;Braga;Apartments
16518;T2;360 000,00 €;80.50;Faro;Apartments
16519;T3;289 000,00 €;101.44;Faro;Apartments
1652;T1;147 500,00 €;59;Braga;Apartments
16520;T2;169 000,00 €;60;Set??bal;Apartments
16521;T3;955 000,00 €;135;Lisboa;Apartments
16522;T1;349 000,00 €;48.25;Lisboa;Apartments
16523;T4;159 900,00 €;115;Aveiro;Apartments
16525;T2;225 000,00 €;100;Coimbra;Apartments
16526;T2;595 058,00 €;121;Porto;Apartments
16527;T0;140 000,00 €;63;Faro;Apartments
16528;T2;245 000,00 €;8 480;Braga;Apartments
16529;T4;780 000,00 €;170;Set??bal;Apartments
1653;T1;200 000,00 €;60;Coimbra;Apartments
16531;T4;970 000,00 €;233.91;Faro;Apartments
16532;T2;325 000,00 €;97.15;Lisboa;Apartments
16533;T2;153 000,00 €;65;Lisboa;Apartments
16534;T2;323 000,00 €;108;Braga;Apartments
16535;T3;179 990,00 €;110.60;Braga;Apartments
16536;T3;960 000,00 €;158;Aveiro;Apartments
16538;T4;550 000,00 €;139;Lisboa;Apartments
1654;T3;280 000,00 €;110;Coimbra;Apartments
16540;T2;187 500,00 €;78.25;Set??bal;Apartments
16541;T3;225 000,00 €;67.29;Lisboa;Apartments
16542;T2;521 856,00 €;109;Porto;Apartments
16543;T2;179 000,00 €;80;Lisboa;Apartments
16544;T2;245 000,00 €;97;Lisboa;Apartments
16545;T3;360 000,00 €;125;Set??bal;Apartments
16546;T3;260 000,00 €;140;Santar?©m;Apartments
16547;T3;290 000,00 €;160;Santar?©m;Apartments
16548;T3;280 900,00 €;114.70;Porto;Apartments
16549;T3;275 000,00 €;160;Santar?©m;Apartments
1655;T2;125 000,00 €;88.27;Coimbra;Apartments
16550;T1;340 000,00 €;50;Lisboa;Apartments
16551;T2;420 000,00 €;101;Ilha da Madeira;Apartments
16552;T2;580 000,00 €;105;Lisboa;Apartments
16553;T3;2 200 000,00 €;136;Lisboa;Apartments
16554;T4;325 000,00 €;200;Santar?©m;Apartments
16555;T3;290 000,00 €;180;Santar?©m;Apartments
16556;T3;173 500,00 €;84;Set??bal;Apartments
16557;T3;245 000,00 €;140;Santar?©m;Apartments
16558;T3;275 000,00 €;155;Santar?©m;Apartments
16559;T3;253 000,00 €;123;Porto;Apartments
1656;T2;375 000,00 €;80;Lisboa;Apartments
16561;T3;192 500,00 €;122;Braga;Apartments
16562;T1;135 000,00 €;50.48;Aveiro;Apartments
16563;T2;535 000,00 €;209;Set??bal;Apartments
16564;T2;251 900,00 €;87.50;Porto;Apartments
16565;T2;215 000,00 €;74.50;Porto;Apartments
16566;T1;205 000,00 €;58;Porto;Apartments
16567;T0;215 000,00 €;31;Porto;Apartments
16568;T3;1 050 000,00 €;169;Porto;Apartments
16569;T3;235 000,00 €;112;Set??bal;Apartments
16570;T3;507 688,00 €;109;Porto;Apartments
16571;T2;368 369,00 €;80;Porto;Apartments
16572;T2;330 000,00 €;84;Lisboa;Apartments
16573;T3;339 990,00 €;148.73;Aveiro;Apartments
16574;T1;279 900,00 €;41;Lisboa;Apartments
16575;T3;329 000,00 €;119;Porto;Apartments
16576;T3;465 000,00 €;98.67;Porto;Apartments
16577;T1;215 000,00 €;62.50;Coimbra;Apartments
16578;T3;185 000,00 €;74;Leiria;Apartments
16579;T3;325 250,00 €;163;Set??bal;Apartments
1658;T2;165 000,00 €;87;Porto;Apartments
16580;T3;650 000,00 €;173.84;Set??bal;Apartments
16581;T2;263 000,00 €;98;Faro;Apartments
16582;T2;1 250 000,00 €;181;Faro;Apartments
16583;T2;485 000,00 €;84.10;Ilha da Madeira;Apartments
16584;T2;340 000,00 €;94.61;Ilha da Madeira;Apartments
16585;T2;195 000,00 €;96;Coimbra;Apartments
16586;T4;1 100 000,00 €;161.60;Ilha da Madeira;Apartments
16588;T2;390 000,00 €;98.80;Faro;Apartments
16589;T2;295 000,00 €;103;Set??bal;Apartments
1659;T2;269 000,00 €;72;Porto;Apartments
16591;T3;465 000,00 €;133.40;Faro;Apartments
16592;T4;1 100 000,00 €;161.60;Ilha da Madeira;Apartments
16594;T2;390 000,00 €;98.80;Faro;Apartments
16595;T2;295 000,00 €;103;Set??bal;Apartments
16597;T3;465 000,00 €;133.40;Faro;Apartments
16598;T4;280 000,00 €;97;Coimbra;Apartments
16599;T1;580 000,00 €;106.40;Set??bal;Apartments
166;T2;232 500,00 €;99.85;Porto;Apartments
1660;T2;130 000,00 €;65;Set??bal;Apartments
16600;T3;205 000,00 €;107;Set??bal;Apartments
16601;T2;925 000,00 €;134;Lisboa;Apartments
16602;T3;215 000,00 €;89.86;Apartamento para comprar: Castelo Branco;Apartments
16603;T3;485 000,00 €;92;Porto;Apartments
16604;T3;355 000,00 €;114;Faro;Apartments
16605;T3;360 000,00 €;114;Faro;Apartments
16606;T1;159 000,00 €;65;Porto;Apartments
16607;T2;725 000,00 €;133;Ilha da Madeira;Apartments
16608;T2;695 000,00 €;133;Ilha da Madeira;Apartments
16609;T2;775 000,00 €;128;Ilha da Madeira;Apartments
1661;T2;138 000,00 €;88;Aveiro;Apartments
16610;T2;750 000,00 €;133;Ilha da Madeira;Apartments
16611;T3;895 000,00 €;174;Ilha da Madeira;Apartments
16612;T3;1 050 000,00 €;178;Ilha da Madeira;Apartments
16613;T2;785 000,00 €;138;Ilha da Madeira;Apartments
16614;T1;595 000,00 €;98;Ilha da Madeira;Apartments
16615;T1;440 000,00 €;72;Ilha da Madeira;Apartments
16616;T2;720 000,00 €;133;Ilha da Madeira;Apartments
16617;T3;2 600 000,00 €;209;Ilha da Madeira;Apartments
16618;T3;920 000,00 €;174;Ilha da Madeira;Apartments
16619;T3;860 000,00 €;168;Ilha da Madeira;Apartments
16620;T1;279 900,00 €;34;Lisboa;Apartments
16621;T1;295 000,00 €;65;Aveiro;Apartments
16622;T2;285 600,00 €;103.40;Porto;Apartments
16623;T2;267 000,00 €;105;Porto;Apartments
16624;T2;370 000,00 €;94;Porto;Apartments
16625;T3;235 000,00 €;104;Porto;Apartments
16626;T3;177 000,00 €;158;Lisboa;Apartments
16627;T3;292 500,00 €;106.50;Faro;Apartments
16628;T3;332 500,00 €;114.75;Faro;Apartments
16629;T2;420 000,00 €;97;Ilha da Madeira;Apartments
1663;T3;220 000,00 €;142;Porto;Apartments
16630;T3;435 000,00 €;142;Porto;Apartments
16631;T1;350 000,00 €;50;Porto;Apartments
16632;T3;210 000,00 €;93.49;Apartamento para comprar: Castelo Branco;Apartments
16633;T2;405 000,00 €;130;Lisboa;Apartments
16634;T3;280 000,00 €;216;Leiria;Apartments
16636;T2;258 000,00 €;116.22;Ilha da Madeira;Apartments
16637;T2;256 000,00 €;118.60;Ilha da Madeira;Apartments
16638;T2;340 000,00 €;110.90;Faro;Apartments
16639;T3;1 700 000,00 €;139.80;Lisboa;Apartments
1664;T3;189 000,00 €;100;Porto;Apartments
16640;T3;390 000,00 €;195;Ilha de S?£o Miguel;Apartments
16641;T3;245 000,00 €;115;Porto;Apartments
16642;T2;185 000,00 €;71;Set??bal;Apartments
16643;T3;345 000,00 €;130;Aveiro;Apartments
16644;T2;699 000,00 €;83;Lisboa;Apartments
16645;T4;4 500 000,00 €;207;Lisboa;Apartments
16646;T1;157 500,00 €;43;Faro;Apartments
16647;T3;920 000,00 €;165;Lisboa;Apartments
16648;T2;560 000,00 €;96;Lisboa;Apartments
16649;T2;420 000,00 €;70;Lisboa;Apartments
1665;T3;325 000,00 €;117.20;Porto;Apartments
16650;T2;380 000,00 €;74.75;Aveiro;Apartments
16651;T2;189 000,00 €;67.25;Lisboa;Apartments
16652;T2;189 000,00 €;56;Lisboa;Apartments
16653;T3;269 500,00 €;108;Porto;Apartments
16654;T2;265 000,00 €;80;Porto;Apartments
16655;T1;196 000,00 €;55.48;Braga;Apartments
16656;T2;365 000,00 €;144.20;Braga;Apartments
16657;T0;135 000,00 €;32;Braga;Apartments
16658;T3;485 000,00 €;121.30;Lisboa;Apartments
1666;T3;300 000,00 €;110.92;Porto;Apartments
16660;T4;259 000,00 €;106;Porto;Apartments
16661;T1;205 000,00 €;83;Porto;Apartments
16662;T4;245 000,00 €;140;Braga;Apartments
16663;T0;130 000,00 €;32;Braga;Apartments
16664;T4;1 025 330,00 €;235;Porto;Apartments
16665;T2;158 000,00 €;80;Braga;Apartments
16667;T1;499 282,00 €;56;Lisboa;Apartments
16668;T1;840 187,00 €;62;Lisboa;Apartments
1667;T2;175 000,00 €;81;Set??bal;Apartments
16670;T3;520 000,00 €;142;Porto;Apartments
16671;T3;520 000,00 €;142;Porto;Apartments
16672;T3;520 000,00 €;142;Porto;Apartments
16673;T1;265 000,00 €;69;Porto;Apartments
16674;T1;265 000,00 €;69;Porto;Apartments
16675;T1;400 000,00 €;60;Faro;Apartments
16676;T1;349 000,00 €;45;Lisboa;Apartments
16677;T0;179 500,00 €;37;Braga;Apartments
16678;T3;495 000,00 €;131.70;Ilha da Madeira;Apartments
16679;T3;215 000,00 €;73;Lisboa;Apartments
1668;T2;229 500,00 €;67;Lisboa;Apartments
16680;T2;305 000,00 €;103;Porto;Apartments
16681;T1;285 000,00 €;65;Faro;Apartments
16682;T2;179 900,00 €;90;Porto;Apartments
16683;T2;215 000,00 €;84;Porto;Apartments
16684;T2; Pre?ßosobconsulta ;96;Porto;Apartments
16685;T2;399 000,00 €;80;Lisboa;Apartments
16686;T2;480 000,00 €;113;Faro;Apartments
16687;T3;890 000,00 €;118;Ilha da Madeira;Apartments
16688;T2;255 000,00 €;87.60;Faro;Apartments
16689;T3; Pre?ßosobconsulta ;127.49;Lisboa;Apartments
1669;T3;160 000,00 €;69;Set??bal;Apartments
16690;T4; Pre?ßosobconsulta ;151.66;Lisboa;Apartments
16691;T3; Pre?ßosobconsulta ;128.65;Lisboa;Apartments
16692;T3; Pre?ßosobconsulta ;128.90;Lisboa;Apartments
16693;T3; Pre?ßosobconsulta ;137.89;Lisboa;Apartments
16694;T3; Pre?ßosobconsulta ;128.90;Lisboa;Apartments
16695;T3; Pre?ßosobconsulta ;137.89;Lisboa;Apartments
16696;T3; Pre?ßosobconsulta ;134.13;Lisboa;Apartments
16697;T3; Pre?ßosobconsulta ;134.13;Lisboa;Apartments
16698;T4; Pre?ßosobconsulta ;151.96;Lisboa;Apartments
16699;T2;1 760 000,00 €;167;Lisboa;Apartments
167;T4;215 000,00 €;202;Castelo Branco;Apartments
16700;T4;780 000,00 €;180;Set??bal;Apartments
16701;T2;320 000,00 €;117;Porto;Apartments
16704;T3;630 000,00 €;139;Porto;Apartments
16705;T3;430 000,00 €;129;Braga;Apartments
16706;T2;310 000,00 €;100;Braga;Apartments
16707;T2;295 000,00 €;99;Braga;Apartments
16708;T3;420 000,00 €;128;Braga;Apartments
16709;T2;225 000,00 €;105;Set??bal;Apartments
1671;T2;630 000,00 €;68;Lisboa;Apartments
16710;T2;229 000,00 €;93;Leiria;Apartments
16712;T3;185 000,00 €;107;Set??bal;Apartments
16713;T2;480 000,00 €;153;Lisboa;Apartments
16714;T2;239 000,00 €;90;Porto;Apartments
16715;T1;420 000,00 €;65;Lisboa;Apartments
16716;T2;189 000,00 €;60;Set??bal;Apartments
16717;T2;315 000,00 €;107.11;Set??bal;Apartments
16718;T2;310 000,00 €;109.79;Set??bal;Apartments
16719;T2;295 000,00 €;96.75;Set??bal;Apartments
1672;T3;329 000,00 €;131;Porto;Apartments
16720;T2;290 000,00 €;109.33;Set??bal;Apartments
16721;T2;598 000,00 €;102.50;Faro;Apartments
16722;T2;244 900,00 €;111;Porto;Apartments
16723;T4;495 000,00 €;173;Porto;Apartments
16724;T2;350 000,00 €;85;Porto;Apartments
16725;T3;240 000,00 €;105;Set??bal;Apartments
16726;T2;750 000,00 €;108;Porto;Apartments
16727;T3;615 000,00 €;100;Lisboa;Apartments
16728;T1;190 000,00 €;49.12;Porto;Apartments
16729;T1;279 900,00 €;50;Lisboa;Apartments
1673;T3;325 000,00 €;137;Porto;Apartments
16730;T2;370 000,00 €;93.50;Porto;Apartments
16731;T1;210 000,00 €;55;Aveiro;Apartments
16732;T2;295 000,00 €;76.10;Lisboa;Apartments
16733;T2;398 000,00 €;134;Porto;Apartments
16734;T1;199 900,00 €;65.20;Porto;Apartments
16735;T3;650 000,00 €;150;Lisboa;Apartments
16736;T2;295 000,00 €;76.10;Lisboa;Apartments
16737;T2;398 000,00 €;134;Porto;Apartments
16738;T1;199 900,00 €;65.20;Porto;Apartments
16739;T3;650 000,00 €;150;Lisboa;Apartments
1674;T2;310 000,00 €;97;Faro;Apartments
16740;T5;1 500 000,00 €;200;Lisboa;Apartments
16741;T2;509 100,00 €;109.80;Porto;Apartments
16743;T2;228 000,00 €;97;Porto;Apartments
16744;T1;295 000,00 €;64.90;Ilha da Madeira;Apartments
16745;T1;225 000,00 €;68;Porto;Apartments
16747;T2;500 000,00 €;102.60;Porto;Apartments
16748;T1;191 000,00 €;46;Faro;Apartments
16749;T1;345 000,00 €;84.20;Ilha da Madeira;Apartments
16752;T3;199 500,00 €;74;Set??bal;Apartments
16753;T2;665 000,00 €;122.87;Faro;Apartments
16754;T3;200 000,00 €;80;Lisboa;Apartments
16755;T1;289 900,00 €;37.50;Lisboa;Apartments
16756;T2;169 000,00 €;56.30;Set??bal;Apartments
16757;T1;330 000,00 €;71.80;Ilha da Madeira;Apartments
1676;T1;500 000,00 €;44;Lisboa;Apartments
16764;T3;335 000,00 €;113;Aveiro;Apartments
16765;T2;450 000,00 €;95.70;Ilha da Madeira;Apartments
16766;T3;380 000,00 €;150;Set??bal;Apartments
16767;T1;350 000,00 €;52.90;Ilha da Madeira;Apartments
16768;T1;360 000,00 €;53.40;Ilha da Madeira;Apartments
16769;T2;420 000,00 €;92;Ilha da Madeira;Apartments
1677;T3;347 500,00 €;129;Lisboa;Apartments
16770;T1;140 000,00 €;63;Leiria;Apartments
16771;T2;420 000,00 €;92.40;Ilha da Madeira;Apartments
16772;T1;122 000,00 €;49;Leiria;Apartments
16773;T1;140 000,00 €;65;Leiria;Apartments
16774;T2;179 000,00 €;89;Leiria;Apartments
16775;T2;290 000,00 €;55;Lisboa;Apartments
16776;T3;565 000,00 €;131.50;Porto;Apartments
16777;T1;360 000,00 €;64;Ilha da Madeira;Apartments
16779;T2;450 000,00 €;92.30;Ilha da Madeira;Apartments
1678;T2;276 000,00 €;100;Lisboa;Apartments
16780;T2;199 900,00 €;80;Porto;Apartments
16781;T1;195 000,00 €;55;Braga;Apartments
16782;T2;135 000,00 €;85;Santar?©m;Apartments
16783;T5;970 000,00 €;200;Lisboa;Apartments
16784;T5;229 900,00 €;160;Apartamento para comprar: Castelo Branco;Apartments
16785;T3;249 500,00 €;125;Apartamento para comprar: Castelo Branco;Apartments
16786;T3;405 000,00 €;119.25;Lisboa;Apartments
16787;T3;410 000,00 €;132.50;Lisboa;Apartments
16788;T2;985 000,00 €;115.85;Lisboa;Apartments
16789;T2;810 000,00 €;115.85;Lisboa;Apartments
1679;T3;215 000,00 €;115;Lisboa;Apartments
16790;T4;515 000,00 €;134.70;Lisboa;Apartments
16791;T2;185 000,00 €;67.20;Set??bal;Apartments
16792;T3;320 000,00 €;145;Braga;Apartments
16793;T3;840 000,00 €;107;Lisboa;Apartments
16794;T2;905 000,00 €;134;Lisboa;Apartments
16795;T3;810 000,00 €;107;Lisboa;Apartments
16796;T2;895 000,00 €;131;Lisboa;Apartments
16797;T2;725 000,00 €;96;Lisboa;Apartments
16798;T1;330 000,00 €;35;Lisboa;Apartments
16799;T2;685 000,00 €;96;Lisboa;Apartments
168;T0;260 000,00 €;42.75;Porto;Apartments
1680;T2;215 000,00 €;70;Lisboa;Apartments
16800;T0;395 000,00 €;58;Lisboa;Apartments
16801;T1;380 000,00 €;46;Lisboa;Apartments
16802;T5;1 100 000,00 €;234;Lisboa;Apartments
16803;T2;1 100 000,00 €;93;Lisboa;Apartments
16804;T3;160 000,00 €;106.25;Santar?©m;Apartments
16805;T2;570 000,00 €;120;Lisboa;Apartments
16806;T3;115 000,00 €;102.80;Castelo Branco;Apartments
16807;T3;300 000,00 €;123.70;Set??bal;Apartments
16808;T3;445 000,00 €;136;Lisboa;Apartments
16809;T4;685 000,00 €;188.10;Porto;Apartments
1681;T2;195 000,00 €;95;Santar?©m;Apartments
16810;T2;189 500,00 €;75;Lisboa;Apartments
16811;T2;299 000,00 €;102;Porto;Apartments
16813;T3;285 000,00 €;106;Lisboa;Apartments
16814;T2;950 000,00 €;100;Faro;Apartments
16815;T2;390 000,00 €;141;Faro;Apartments
16816;T1;345 000,00 €;81.80;Lisboa;Apartments
16817;T2;455 000,00 €;130.05;Lisboa;Apartments
16818;T2;640 000,00 €;107;Lisboa;Apartments
1682;T2;235 000,00 €;125;Porto;Apartments
16821;T2;490 000,00 €;59;Porto;Apartments
16822;T2;150 000,00 €;65;Lisboa;Apartments
16823;T3;390 000,00 €;115;Aveiro;Apartments
16824;T2;189 500,00 €;75;Lisboa;Apartments
16825;T2;345 000,00 €;91;Aveiro;Apartments
16826;T1;210 000,00 €;55;Aveiro;Apartments
16827;T2;1 150 000,00 €;137;Lisboa;Apartments
16828;T3;375 000,00 €;122;Set??bal;Apartments
16829;T3;400 000,00 €;144.20;Porto;Apartments
1683;T4;795 000,00 €;208;Set??bal;Apartments
16830;T2;239 000,00 €;103.70;Porto;Apartments
16831;T5;799 000,00 €;222;Lisboa;Apartments
16832;T1;279 900,00 €;40.87;Lisboa;Apartments
16833;T3;205 000,00 €;109;Vila Real;Apartments
16834;T2;170 000,00 €;85;Vila Real;Apartments
16836;T2;750 000,00 €;118.16;Faro;Apartments
16837;T2;280 000,00 €;112;Braga;Apartments
16838;T1;162 000,00 €;47.94;Aveiro;Apartments
16839;T2;218 000,00 €;72.02;Aveiro;Apartments
1684;T2;198 000,00 €;116;Porto;Apartments
16840;T2;220 000,00 €;93.04;Aveiro;Apartments
16841;T1;143 000,00 €;47.94;Aveiro;Apartments
16842;T1;140 000,00 €;47.94;Aveiro;Apartments
16843;T1;165 000,00 €;47.94;Aveiro;Apartments
16845;T2;210 000,00 €;93.04;Aveiro;Apartments
16846;T2;200 000,00 €;93.04;Aveiro;Apartments
16847;T3;310 000,00 €;132;Porto;Apartments
16848;T4;500 000,00 €;184;Porto;Apartments
16849;T2;225 000,00 €;69.90;Set??bal;Apartments
1685;T2;530 000,00 €;90.78;Lisboa;Apartments
16850;T2;405 000,00 €;109;Faro;Apartments
16851;T3;539 000,00 €;124;Faro;Apartments
16852;T2;225 000,00 €;69.90;Set??bal;Apartments
16853;T2;225 000,00 €;69.90;Set??bal;Apartments
16854;T2;260 000,00 €;83.80;Set??bal;Apartments
16855;T2;390 000,00 €;110;Faro;Apartments
16856;T1;175 000,00 €;54;Aveiro;Apartments
16857;T4;650 000,00 €;234.03;Set??bal;Apartments
16858;T2;265 000,00 €;68;Aveiro;Apartments
16859;T2;675 000,00 €;67;Set??bal;Apartments
1686;T2;169 500,00 €;99;Porto;Apartments
16860;T1;295 000,00 €;40;Lisboa;Apartments
16861;T2;340 000,00 €;48.70;Ilha da Madeira;Apartments
16862;T1;270 000,00 €;45;Ilha da Madeira;Apartments
16863;T3;440 000,00 €;137;Porto;Apartments
16864;T2;445 000,00 €;65;Lisboa;Apartments
16866;T4;1 495 000,00 €;218;Lisboa;Apartments
16867;T2;320 000,00 €;137;Porto;Apartments
16868;T2;310 000,00 €;107;Aveiro;Apartments
16869;T2;368 369,00 €;80;Porto;Apartments
1687;T3;393 000,00 €;145;Porto;Apartments
16870;T1;289 900,00 €;33.75;Lisboa;Apartments
16871;T3;507 688,00 €;109;Porto;Apartments
16872;T1;341 000,00 €;42.60;Lisboa;Apartments
16873;T3;585 000,00 €;120;Lisboa;Apartments
16874;T3;1 573 200,00 €;304;Lisboa;Apartments
16875;T4;500 000,00 €;184;Porto;Apartments
16877;T2;220 000,00 €;91;Porto;Apartments
16878;T3;750 000,00 €;158.22;Lisboa;Apartments
16879;T1;140 000,00 €;78;Porto;Apartments
1688;T2;320 000,00 €;118;Porto;Apartments
16880;T1;260 000,00 €;64.80;Faro;Apartments
16881;T2;172 000,00 €;100;Santar?©m;Apartments
16882;T3;255 000,00 €;166;Set??bal;Apartments
16883;T2;172 000,00 €;94.45;Coimbra;Apartments
16884;T0;150 000,00 €;39.51;Braga;Apartments
16885;T5;695 000,00 €;185.88;Set??bal;Apartments
16886;T0;425 000,00 €;56;Lisboa;Apartments
16887;T3;486 000,00 €;134;Set??bal;Apartments
16888;T1;270 000,00 €;79;Ilha da Madeira;Apartments
16889;T3;460 000,00 €;134;Ilha da Madeira;Apartments
1689;T2;210 000,00 €;105;Porto;Apartments
16890;T3;556 096,00 €;109;Porto;Apartments
16891;T3;662 356,00 €;130;Porto;Apartments
16892;T3;690 692,00 €;144;Porto;Apartments
16893;T2;368 369,00 €;80;Porto;Apartments
16894;T3;689 512,00 €;144;Porto;Apartments
16895;T2;690 000,00 €;112.93;Lisboa;Apartments
16896;T3;632 839,00 €;130;Porto;Apartments
16897;T2;521 856,00 €;109;Porto;Apartments
16898;T2;475 000,00 €;93;Porto;Apartments
16899;T2;240 000,00 €;60;Porto;Apartments
169;T2;345 000,00 €;104;Porto;Apartments
1690;T2;195 000,00 €;86;Porto;Apartments
16901;T2;480 000,00 €;108;Faro;Apartments
16902;T3;215 000,00 €;105.90;Apartamento para comprar: Castelo Branco;Apartments
16903;T3;1 990 000,00 €;200;Lisboa;Apartments
16904;T3;420 000,00 €;128;Porto;Apartments
16905;T3;450 000,00 €;148;Porto;Apartments
16906;T2;660 000,00 €;80;Lisboa;Apartments
16907;T3;322 300,00 €;165;Ilha de S?£o Miguel;Apartments
16908;T1;210 000,00 €;65;Faro;Apartments
1691;T2;229 500,00 €;81;Lisboa;Apartments
16910;T3;255 000,00 €;172.70;Castelo Branco;Apartments
16911;T3;499 900,00 €;112.10;Set??bal;Apartments
16912;T3;330 000,00 €;142;Aveiro;Apartments
16913;T3;229 000,00 €;180;Aveiro;Apartments
16914;T3;229 000,00 €;155;Aveiro;Apartments
16915;T2;399 900,00 €;54;Lisboa;Apartments
16916;T3;435 000,00 €;117;Porto;Apartments
16917;T2;315 000,00 €;77;Porto;Apartments
16918;T2;272 500,00 €;64;Set??bal;Apartments
16919;T3;455 000,00 €;135;Porto;Apartments
1692;T2;227 500,00 €;100;Porto;Apartments
16920;T2;210 000,00 €;141;Braga;Apartments
16922;T3;450 000,00 €;159.30;Faro;Apartments
16923;T2;170 000,00 €;62.06;Viana do Castelo;Apartments
16924;T3;335 000,00 €;107.10;Braga;Apartments
16925;T3;335 000,00 €;107.10;Braga;Apartments
16926;T3;325 000,00 €;106.25;Braga;Apartments
16928;T3;140 000,00 €;106.50;Viana do Castelo;Apartments
16929;T2;327 500,00 €;75;Set??bal;Apartments
1693;T2;350 000,00 €;86.29;Porto;Apartments
16930;T3;480 000,00 €;139;Porto;Apartments
16931;T2;368 369,00 €;80;Porto;Apartments
16932;T2;507 688,00 €;109;Porto;Apartments
16933;T2;315 000,00 €;75.20;Porto;Apartments
16934;T3;1 400 000,00 €;162;Lisboa;Apartments
16935;T3;1 100 000,00 €;183;Lisboa;Apartments
16936;T3;275 000,00 €;135;Leiria;Apartments
16937;T3;300 000,00 €;148;Leiria;Apartments
16938;T3;195 000,00 €;95;Set??bal;Apartments
16939;T4;680 000,00 €;168.40;Lisboa;Apartments
1694;T4;210 000,00 €;135;Coimbra;Apartments
16940;T2;220 000,00 €;89.98;Porto;Apartments
16941;T2;225 000,00 €;89.98;Porto;Apartments
16942;T2;222 500,00 €;89.98;Porto;Apartments
16943;T3;255 000,00 €;108.06;Porto;Apartments
16944;T3;260 000,00 €;108.06;Porto;Apartments
16945;T3;260 000,00 €;108.06;Porto;Apartments
16946;T3;242 500,00 €;103.70;Porto;Apartments
16947;T2;675 000,00 €;104;Set??bal;Apartments
16948;T2;915 000,00 €;115.95;Lisboa;Apartments
16949;T2;780 000,00 €;115.95;Lisboa;Apartments
1695;T3;390 000,00 €;132;Lisboa;Apartments
16950;T2;845 000,00 €;115.95;Lisboa;Apartments
16951;T2;880 000,00 €;115.95;Lisboa;Apartments
16952;T2;845 000,00 €;115.95;Lisboa;Apartments
16953;T2;880 000,00 €;115.95;Lisboa;Apartments
16954;T2;810 000,00 €;115.95;Lisboa;Apartments
16955;T2;950 000,00 €;115.95;Lisboa;Apartments
16956;T2;985 000,00 €;115.95;Lisboa;Apartments
16957;T1;530 000,00 €;55.75;Lisboa;Apartments
16958;T1;490 000,00 €;55.75;Lisboa;Apartments
16959;T1;450 000,00 €;55.75;Lisboa;Apartments
16960;T1;470 000,00 €;55.75;Lisboa;Apartments
16961;T1;510 000,00 €;55.75;Lisboa;Apartments
16962;T1;550 000,00 €;55.75;Lisboa;Apartments
16963;T1;480 000,00 €;60.15;Lisboa;Apartments
16964;T1;560 000,00 €;60.15;Lisboa;Apartments
16965;T1;540 000,00 €;60.15;Lisboa;Apartments
16966;T2;780 000,00 €;115.95;Lisboa;Apartments
16967;T2;845 000,00 €;115.95;Lisboa;Apartments
16968;T2;810 000,00 €;115.95;Lisboa;Apartments
16969;T1;560 000,00 €;57.70;Lisboa;Apartments
1697;T3;298 000,00 €;126.60;Porto;Apartments
16970;T2;950 000,00 €;115.95;Lisboa;Apartments
16971;T2;880 000,00 €;115.95;Lisboa;Apartments
16972;T2;915 000,00 €;115.95;Lisboa;Apartments
16973;T3;960 000,00 €;108;Aveiro;Apartments
16974;T3;960 000,00 €;125;Aveiro;Apartments
16975;T3;795 000,00 €;134;Lisboa;Apartments
16976;T2;328 500,00 €;92;Porto;Apartments
16977;T1;545 000,00 €;88;Faro;Apartments
16978;T1;290 000,00 €;63;Porto;Apartments
16979;T1;270 000,00 €;76.30;Aveiro;Apartments
1698;T4;350 000,00 €;175;Porto;Apartments
16980;T3;720 000,00 €;187;Porto;Apartments
16982;T2;160 000,00 €;88;?âvora;Apartments
16983;T4;395 000,00 €;140;Porto;Apartments
16984;T2;274 000,00 €;119;Porto;Apartments
16985;T1;500 000,00 €;105.50;Set??bal;Apartments
16987;T3;535 000,00 €;263;Set??bal;Apartments
16988;T1;245 582,00 €;79.22;Porto;Apartments
16989;T3;360 000,00 €;163.74;Set??bal;Apartments
1699;T1;240 000,00 €;52;Porto;Apartments
16990;T3;195 000,00 €;107;Porto;Apartments
16991;T3;435 000,00 €;174;Lisboa;Apartments
16992;T2;180 000,00 €;78.52;Lisboa;Apartments
16993;T4;405 000,00 €;196.61;Lisboa;Apartments
16994;T3;490 000,00 €;228.49;Faro;Apartments
16995;T3;425 000,00 €;91.50;Porto;Apartments
16996;T4;589 000,00 €;148;Coimbra;Apartments
16997;T3;397 000,00 €;106.35;Faro;Apartments
16998;T3;365 000,00 €;106.35;Faro;Apartments
16999;T3;375 000,00 €;106.35;Faro;Apartments
17;T2;134 900,00 €;55;Set??bal;Apartments
170;T3;860 000,00 €;155;Lisboa;Apartments
1700;T3;567 500,00 €;138.75;Porto;Apartments
17000;T3;370 000,00 €;106.35;Faro;Apartments
17001;T2;127 500,00 €;73;Coimbra;Apartments
17002;T3;165 000,00 €;91.68;Santar?©m;Apartments
17003;T2;985 000,00 €;115.95;Lisboa;Apartments
17004;T2;220 000,00 €;91;Porto;Apartments
17005;T4;548 280,00 €;95.75;Aveiro;Apartments
17006;T3;715 360,00 €;186.80;Aveiro;Apartments
17007;T3;446 930,00 €;86.92;Aveiro;Apartments
17009;T2;700 000,00 €;121.90;Set??bal;Apartments
1701;T3;705 000,00 €;110;Lisboa;Apartments
17010;T5;675 040,00 €;140.25;Aveiro;Apartments
17011;T2;255 000,00 €;82.50;Aveiro;Apartments
17012;T2;375 680,00 €;92.25;Aveiro;Apartments
17013;T3;239 000,00 €;100;Porto;Apartments
17014;T3;530 060,00 €;108.93;Aveiro;Apartments
17015;T5;650 560,00 €;163;Aveiro;Apartments
17016;T3;284 000,00 €;140;Braga;Apartments
17017;T2;385 000,00 €;105;Ilha da Madeira;Apartments
17018;T3;399 900,00 €;86;Lisboa;Apartments
17019;T3;305 000,00 €;158;Porto;Apartments
1702;T0;179 000,00 €;34;Braga;Apartments
17020;T3;645 000,00 €;149;Set??bal;Apartments
17021;T2;240 000,00 €;152;Porto;Apartments
17022;T2;1 150 000,00 €;79;Lisboa;Apartments
17023;T2;390 000,00 €;74;Lisboa;Apartments
17024;T2;240 000,00 €;152;Porto;Apartments
17025;T2;1 150 000,00 €;79;Lisboa;Apartments
17026;T2;390 000,00 €;74;Lisboa;Apartments
17027;T2;284 000,00 €;100;Porto;Apartments
17028;T2;245 000,00 €;75.80;Aveiro;Apartments
17029;T2;370 000,00 €;110;Porto;Apartments
1703;T3;399 000,00 €;95;Lisboa;Apartments
17030;T3;400 000,00 €;180;Porto;Apartments
17031;T1;260 000,00 €;44;Porto;Apartments
17032;T1;290 000,00 €;55;Porto;Apartments
17033;T3;249 000,00 €;100;Faro;Apartments
17034;T3;236 500,00 €;112;Lisboa;Apartments
17035;T2;242 500,00 €;60;Lisboa;Apartments
17036;T3;218 500,00 €;122;Lisboa;Apartments
17037;T1;285 000,00 €;85;Faro;Apartments
17038;T3;465 000,00 €;169;Set??bal;Apartments
17039;T3;279 000,00 €;104.50;Braga;Apartments
1704;T2;298 000,00 €;105;Lisboa;Apartments
17040;T3;315 000,00 €;132;Porto;Apartments
17041;T2;267 000,00 €;105;Porto;Apartments
17042;T3;397 500,00 €;137.70;Porto;Apartments
17044;T3;245 000,00 €;166.40;Braga;Apartments
17045;T2;223 000,00 €;103;Porto;Apartments
17046;T3;590 000,00 €;155;Faro;Apartments
17047;T3;375 144,00 €;128;Faro;Apartments
17048;T2;273 252,00 €;85;Faro;Apartments
17049;T2;915 000,00 €;103;Lisboa;Apartments
1705;T2;275 000,00 €;80;Lisboa;Apartments
17050;T3;443 200,00 €;118;Aveiro;Apartments
17051;T3;446 560,00 €;119;Aveiro;Apartments
17052;T2;323 680,00 €;148;Aveiro;Apartments
17053;T3;424 480,00 €;81;Aveiro;Apartments
17054;T2;323 520,00 €;86;Aveiro;Apartments
17055;T3;431 985,00 €;87.55;Aveiro;Apartments
17056;T4;450 000,00 €;180.30;Porto;Apartments
17057;T2;500 000,00 €;80;Lisboa;Apartments
17058;T3;438 952,00 €;118.62;Aveiro;Apartments
17059;T3;545 000,00 €;128.70;Porto;Apartments
1706;T3;225 000,00 €;117;Set??bal;Apartments
17061;T2;245 520,00 €;67.32;Aveiro;Apartments
17062;T2;313 565,00 €;67.15;Aveiro;Apartments
17063;T1;360 000,00 €;48;Ilha da Madeira;Apartments
17064;T2;445 000,00 €;99;Faro;Apartments
17065;T4;685 000,00 €;188.10;Porto;Apartments
17066;T3;185 000,00 €;77;Lisboa;Apartments
17067;T2;247 050,00 €;71;Aveiro;Apartments
17068;T3;421 755,00 €;115;Aveiro;Apartments
17069;T2;257 950,00 €;63;Aveiro;Apartments
1707;T3;450 000,00 €;118.01;Porto;Apartments
17070;T3;517 125,00 €;125.59;Aveiro;Apartments
17071;T2;354 025,00 €;101.15;Aveiro;Apartments
17072;T3;415 245,00 €;113.85;Aveiro;Apartments
17073;T4;800 000,00 €;172.65;Porto;Apartments
17074;T3;660 000,00 €;150.50;Porto;Apartments
17075;T2;420 000,00 €;88.12;Porto;Apartments
17076;T2;410 000,00 €;88.12;Porto;Apartments
17077;T2;400 000,00 €;90;Porto;Apartments
17078;T3;540 000,00 €;125.86;Porto;Apartments
17079;T3;630 000,00 €;140.47;Porto;Apartments
1708;T3;400 000,00 €;148;Porto;Apartments
17080;T2;400 000,00 €;90;Porto;Apartments
17081;T3;525 000,00 €;127.48;Porto;Apartments
17082;T3;505 000,00 €;125.87;Porto;Apartments
17083;T2;360 000,00 €;90;Porto;Apartments
17084;T3;620 000,00 €;149.64;Porto;Apartments
17085;T3;570 000,00 €;140.44;Porto;Apartments
17086;T4;400 000,00 €;136.18;Porto;Apartments
17087;T1;152 500,00 €;75.50;Porto;Apartments
17088;T3;1 010 000,00 €;156;Lisboa;Apartments
17089;T2;650 000,00 €;95;Lisboa;Apartments
1709;T3;356 000,00 €;115.80;Porto;Apartments
17090;T3;1 050 000,00 €;182;Lisboa;Apartments
17091;T2;700 000,00 €;126;Lisboa;Apartments
17092;T2;685 000,00 €;126;Lisboa;Apartments
17093;T2;630 000,00 €;97;Lisboa;Apartments
17094;T3;685 000,00 €;134;Lisboa;Apartments
17095;T3;630 000,00 €;134;Lisboa;Apartments
17096;T1;255 000,00 €;70;Aveiro;Apartments
17097;T2;280 000,00 €;75;Porto;Apartments
17098;T3;290 000,00 €;151.85;Braga;Apartments
17099;T3;178 500,00 €;145;Leiria;Apartments
171;T3;1 050 000,00 €;145;Lisboa;Apartments
1710;T2;328 000,00 €;71.01;Porto;Apartments
17100;T3;520 000,00 €;127.80;Porto;Apartments
17101;T3;535 000,00 €;127.80;Porto;Apartments
17102;T3;552 000,00 €;104;Porto;Apartments
17103;T3;548 700,00 €;112;Porto;Apartments
17104;T3;490 700,00 €;105;Porto;Apartments
17105;T3;546 900,00 €;112;Porto;Apartments
17106;T3;509 600,00 €;104;Porto;Apartments
17107;T3;471 200,00 €;92;Porto;Apartments
17108;T4;818 000,00 €;165;Porto;Apartments
17109;T3;443 600,00 €;91;Porto;Apartments
1711;T2;179 000,00 €;48;Set??bal;Apartments
17110;T1;226 800,00 €;45;Porto;Apartments
17111;T4;817 100,00 €;165;Porto;Apartments
17112;T3;509 200,00 €;104;Porto;Apartments
17113;T2;421 200,00 €;91;Porto;Apartments
17114;T0;219 000,00 €;43;Porto;Apartments
17115;T0;212 000,00 €;40;Porto;Apartments
17116;T4;892 500,00 €;168;Porto;Apartments
17117;T4;899 700,00 €;173;Porto;Apartments
17118;T2;363 300,00 €;72;Porto;Apartments
17119;T3;481 100,00 €;99;Porto;Apartments
1712;T3;199 700,00 €;155.60;Santar?©m;Apartments
17120;T3;575 900,00 €;118;Porto;Apartments
17121;T0;211 000,00 €;41;Porto;Apartments
17122;T0;222 000,00 €;43;Porto;Apartments
17123;T4;898 200,00 €;173;Porto;Apartments
17124;T2;189 000,00 €;87;Porto;Apartments
17125;T2;381 600,00 €;83;Porto;Apartments
17126;T2;405 600,00 €;84;Porto;Apartments
17127;T2;394 800,00 €;78;Porto;Apartments
17128;T2;354 600,00 €;71;Porto;Apartments
17129;T2;329 400,00 €;68;Porto;Apartments
1713;T3;189 000,00 €;122;Porto;Apartments
17130;T2;329 800,00 €;68;Porto;Apartments
17131;T2;321 000,00 €;64;Porto;Apartments
17132;T2;441 000,00 €;91;Porto;Apartments
17133;T3;521 900,00 €;105;Porto;Apartments
17134;T3;665 900,00 €;126;Porto;Apartments
17135;T3;558 600,00 €;114;Porto;Apartments
17136;T1;292 700,00 €;60;Porto;Apartments
17137;T3;665 800,00 €;126;Porto;Apartments
17138;T2;431 800,00 €;94;Porto;Apartments
17139;T1;313 500,00 €;64;Porto;Apartments
1714;T3;279 000,00 €;148;Braga;Apartments
17140;T1;274 100,00 €;56;Porto;Apartments
17141;T1;347 300,00 €;64;Porto;Apartments
17142;T2;328 500,00 €;68;Porto;Apartments
17143;T2;429 200,00 €;93;Porto;Apartments
17144;T2;506 100,00 €;102;Porto;Apartments
17145;T4;816 700,00 €;165;Porto;Apartments
17146;T3;575 600,00 €;118;Porto;Apartments
17147;T3;584 700,00 €;117;Porto;Apartments
17148;T4;893 700,00 €;169;Porto;Apartments
17149;T2;295 000,00 €;81.40;Set??bal;Apartments
1715;T2;199 000,00 €;69;Faro;Apartments
17150;T0;310 000,00 €;53;Porto;Apartments
17151;T3;970 000,00 €;144;Lisboa;Apartments
17152;T2;299 900,00 €;52;Lisboa;Apartments
17153;T3;370 000,00 €;144;Lisboa;Apartments
17154;T1;550 000,00 €;72;Lisboa;Apartments
17155;T3;190 000,00 €;110;Leiria;Apartments
17156;T3;420 000,00 €;173.10;Porto;Apartments
17157;T1;149 000,00 €;58.33;Braga;Apartments
17158;T3;248 000,00 €;123;Porto;Apartments
17159;T4;1 300 000,00 €;282;Braga;Apartments
1716;T2;370 000,00 €;75.40;Aveiro;Apartments
17160;T3;167 500,00 €;112;Ilha da Madeira;Apartments
17161;T2;850 000,00 €;169;Porto;Apartments
17162;T2;290 000,00 €;95;Set??bal;Apartments
17163;T2;290 000,00 €;90.82;Set??bal;Apartments
17164;T2;290 000,00 €;94.35;Set??bal;Apartments
17165;T5;550 000,00 €;307;Porto;Apartments
17166;T4;384 000,00 €;130;Lisboa;Apartments
17167;T2;160 000,00 €;105;Braga;Apartments
17168;T4;175 000,00 €;162;Braga;Apartments
17169;T3;565 000,00 €;114;Set??bal;Apartments
1717;T2;240 000,00 €;82.42;Leiria;Apartments
17170;T3;675 000,00 €;211;Lisboa;Apartments
17171;T3;590 000,00 €;90;Lisboa;Apartments
17172;T4;565 000,00 €;144;Lisboa;Apartments
17173;T2;220 000,00 €;105;Porto;Apartments
17174;T0;295 000,00 €;43;Porto;Apartments
17175;T4;547 000,00 €;109;Lisboa;Apartments
17176;T3;550 000,00 €;125;Lisboa;Apartments
17177;T2;189 000,00 €;45.25;Set??bal;Apartments
17178;T3;350 000,00 €;65;Lisboa;Apartments
17179;T4;1 500 000,00 €;190;Lisboa;Apartments
1718;T3;235 000,00 €;110;Leiria;Apartments
17180;T3;425 000,00 €;202;Faro;Apartments
17181;T3;345 000,00 €;121;Porto;Apartments
17182;T3;143 000,00 €;78;Castelo Branco;Apartments
17183;T1;299 900,00 €;33.68;Lisboa;Apartments
17184;T4;940 000,00 €;172;Lisboa;Apartments
17185;T1;198 000,00 €;37.90;Porto;Apartments
17186;T4;1 375 000,00 €;172;Lisboa;Apartments
17187;T2;435 530,00 €;125;Lisboa;Apartments
17188;T1;310 000,00 €;61.60;Ilha da Madeira;Apartments
17189;T1;310 000,00 €;61.60;Ilha da Madeira;Apartments
1719;T2;420 000,00 €;101;Faro;Apartments
17190;T1;300 000,00 €;61.60;Ilha da Madeira;Apartments
17191;T1;300 000,00 €;61.60;Ilha da Madeira;Apartments
17192;T2;435 530,00 €;125;Lisboa;Apartments
17193;T1;310 000,00 €;61.60;Ilha da Madeira;Apartments
17194;T1;310 000,00 €;61.60;Ilha da Madeira;Apartments
17195;T1;300 000,00 €;61.60;Ilha da Madeira;Apartments
17196;T1;300 000,00 €;61.60;Ilha da Madeira;Apartments
17197;T1;300 000,00 €;61.60;Ilha da Madeira;Apartments
17198;T1;310 000,00 €;61.60;Ilha da Madeira;Apartments
17199;T1;300 000,00 €;61.60;Ilha da Madeira;Apartments
172;T3;1 370 000,00 €;192;Lisboa;Apartments
1720;T1;275 000,00 €;63.99;Faro;Apartments
17200;T2;260 000,00 €;81;Faro;Apartments
17201;T2;285 000,00 €;81;Faro;Apartments
17202;T2;280 000,00 €;81;Faro;Apartments
17203;T2;290 000,00 €;81;Faro;Apartments
17204;T1;300 000,00 €;61.60;Ilha da Madeira;Apartments
17205;T1;310 000,00 €;61.60;Ilha da Madeira;Apartments
17206;T2;550 000,00 €;96;Lisboa;Apartments
17207;T1;300 000,00 €;61.60;Ilha da Madeira;Apartments
17208;T1;300 000,00 €;61.60;Ilha da Madeira;Apartments
17209;T1;290 000,00 €;61.60;Ilha da Madeira;Apartments
1721;T3;395 000,00 €;126.72;Faro;Apartments
17210;T1;300 000,00 €;61.60;Ilha da Madeira;Apartments
17211;T1;300 000,00 €;61.60;Ilha da Madeira;Apartments
17212;T1;300 000,00 €;61.60;Ilha da Madeira;Apartments
17213;T1;300 000,00 €;61.60;Ilha da Madeira;Apartments
17214;T1;300 000,00 €;61.60;Ilha da Madeira;Apartments
17215;T2;389 800,00 €;67;Faro;Apartments
1722;T2;434 600,00 €;100;Faro;Apartments
1723;T3;598 900,00 €;148;Faro;Apartments
1724;T2;174 900,00 €;79;Porto;Apartments
1725;T2;245 000,00 €;69;Lisboa;Apartments
1726;T3;199 900,00 €;152;Braga;Apartments
1727;T3;275 000,00 €;82;Set??bal;Apartments
1728;T3;545 000,00 €;152.17;Porto;Apartments
1729;T3;259 500,00 €;107;Porto;Apartments
173;T3;380 000,00 €;120;Set??bal;Apartments
1730;T3;750 000,00 €;120;Lisboa;Apartments
1731;T2;184 000,00 €;121;Braga;Apartments
1732;T3;260 000,00 €;87.50;Lisboa;Apartments
1733;T2;229 500,00 €;70;Lisboa;Apartments
1734;T3;750 000,00 €;119.18;Lisboa;Apartments
1735;T2;749 000,00 €;122;Faro;Apartments
1736;T1;485 000,00 €;68.18;Lisboa;Apartments
1737;T2;315 000,00 €;86;Faro;Apartments
1738;T3;275 000,00 €;174;Santar?©m;Apartments
1739;T2;250 000,00 €;95;Porto;Apartments
174;T1;188 500,00 €;41;Porto;Apartments
1740;T3;245 000,00 €;157;Santar?©m;Apartments
1741;T3;285 000,00 €;94.27;Set??bal;Apartments
1742;T2;365 000,00 €;78.37;Lisboa;Apartments
1743;T3;249 000,00 €;110;Leiria;Apartments
1744;T2;234 900,00 €;85.50;Porto;Apartments
1745;T2;199 600,00 €;70;Faro;Apartments
1746;T4;545 000,00 €;106.40;Lisboa;Apartments
1747;T2;170 000,00 €;81;Aveiro;Apartments
1748;T2;249 900,00 €;80;Porto;Apartments
1749;T2;249 900,00 €;82.20;Porto;Apartments
175;T3;600 000,00 €;125;Lisboa;Apartments
1751;T3;160 000,00 €;73;Set??bal;Apartments
1752;T1;139 000,00 €;45;Set??bal;Apartments
1753;T2;320 000,00 €;90;Lisboa;Apartments
1754;T3;749 000,00 €;130;Lisboa;Apartments
1755;T2;88 500,00 €;67.79;Set??bal;Apartments
1757;T3;760 000,00 €;172;Lisboa;Apartments
1758;T3;467 500,00 €;132;Porto;Apartments
1759;T3;2 600 000,00 €;209;Ilha da Madeira;Apartments
1760;T3;1 050 000,00 €;178;Ilha da Madeira;Apartments
1761;T1;395 000,00 €;63;Ilha da Madeira;Apartments
1762;T3;920 000,00 €;174;Ilha da Madeira;Apartments
1763;T1;440 000,00 €;72;Ilha da Madeira;Apartments
1764;T4;1 450 000,00 €;224.60;Aveiro;Apartments
1765;T1;155 000,00 €;57;Porto;Apartments
1766;T3;179 500,00 €;87;Set??bal;Apartments
1767;T3;490 000,00 €;180;Braga;Apartments
1768;T1;255 000,00 €;82.57;Faro;Apartments
1769;T3;740 000,00 €;281;Faro;Apartments
177;T2;800 000,00 €;77;Lisboa;Apartments
1770;T2;239 500,00 €;87.80;Faro;Apartments
1771;T2;249 000,00 €;89.20;Faro;Apartments
1772;T3;395 000,00 €;117;Porto;Apartments
1773;T2;195 000,00 €;86;Porto;Apartments
1774;T4;325 000,00 €;220;Santar?©m;Apartments
1776;T2;241 500,00 €;89;Porto;Apartments
1777;T3;290 000,00 €;174;Santar?©m;Apartments
1778;T2;480 000,00 €;80.10;Lisboa;Apartments
1779;T3;260 000,00 €;157;Santar?©m;Apartments
178;T2;3 800 000,00 €;195;Lisboa;Apartments
1780;T2;785 000,00 €;139;Ilha da Madeira;Apartments
1781;T1;435 000,00 €;73;Ilha da Madeira;Apartments
1782;T3;345 000,00 €;145;Leiria;Apartments
1783;T2;178 000,00 €;105;Porto;Apartments
1786;T2;750 000,00 €;133;Ilha da Madeira;Apartments
1787;T3;860 000,00 €;168;Ilha da Madeira;Apartments
1788;T2;775 000,00 €;128;Ilha da Madeira;Apartments
1789;T2;720 000,00 €;133;Ilha da Madeira;Apartments
179;T2;1 200 000,00 €;109;Lisboa;Apartments
1790;T1;365 000,00 €;59;Ilha da Madeira;Apartments
1791;T2;695 000,00 €;133;Ilha da Madeira;Apartments
1792;T2;725 000,00 €;133;Ilha da Madeira;Apartments
1793;T3;608 000,00 €;142.69;Porto;Apartments
1794;T1;230 000,00 €;52.70;Porto;Apartments
1795;T3;430 000,00 €;117.21;Porto;Apartments
1797;T1;199 900,00 €;59;Porto;Apartments
1798;T2;290 000,00 €;85;Porto;Apartments
18;T2;199 000,00 €;63.08;Porto;Apartments
180;T3;369 000,00 €;87;Lisboa;Apartments
1800;T2;344 900,00 €;107.50;Lisboa;Apartments
1801;T3;170 000,00 €;120;Santar?©m;Apartments
1802;T1;305 000,00 €;92.50;Faro;Apartments
1803;T2;245 000,00 €;88.45;Faro;Apartments
1804;T2;1 100 000,00 €;116;Lisboa;Apartments
1805;T4;528 000,00 €;191;Aveiro;Apartments
1806;T2;210 000,00 €;105;Porto;Apartments
1807;T1;165 000,00 €;70;Porto;Apartments
1808;T0;190 000,00 €;59;Porto;Apartments
1809;T2;315 000,00 €;86.50;Faro;Apartments
181;T4;520 000,00 €;120;Lisboa;Apartments
1810;T0;137 000,00 €;22.80;Porto;Apartments
1811;T0;140 000,00 €;22.70;Porto;Apartments
1812;T0;144 000,00 €;24.80;Porto;Apartments
1813;T0;140 000,00 €;24.80;Porto;Apartments
1814;T0;165 000,00 €;28.70;Porto;Apartments
1815;T0;160 000,00 €;28.60;Porto;Apartments
1816;T0;150 000,00 €;28.70;Porto;Apartments
1817;T0;150 000,00 €;27.10;Porto;Apartments
1818;T0;140 000,00 €;24.40;Porto;Apartments
1819;T0;192 000,00 €;28.60;Porto;Apartments
182;T1;675 000,00 €;67;Lisboa;Apartments
1820;T0;145 000,00 €;32.20;Porto;Apartments
1821;T2;172 000,00 €;94;Coimbra;Apartments
1822;T2;255 000,00 €;92;Set??bal;Apartments
1823;T1;195 000,00 €;49;Porto;Apartments
1824;T2;290 900,00 €;86;Porto;Apartments
1825;T2;263 000,00 €;85;Porto;Apartments
1826;T3;279 500,00 €;74;Porto;Apartments
1827;T3;199 000,00 €;90;Porto;Apartments
1828;T2;439 000,00 €;130;Porto;Apartments
1829;T1;260 000,00 €;63;Porto;Apartments
183;T4;615 000,00 €;120;Lisboa;Apartments
1830;T1;170 000,00 €;78.70;Coimbra;Apartments
1831;T3;475 000,00 €;191;Faro;Apartments
1833;T2;148 500,00 €;66;Set??bal;Apartments
1834;T1;240 000,00 €;59;Porto;Apartments
1835;T3;300 000,00 €;159;Porto;Apartments
1836;T3;475 000,00 €;118;Lisboa;Apartments
1837;T4;480 000,00 €;199;Porto;Apartments
1838;T3;235 000,00 €;174.87;Coimbra;Apartments
1839;T2;310 000,00 €;134;Porto;Apartments
184;T3;650 000,00 €;164;Lisboa;Apartments
1840;T3;215 000,00 €;142;Porto;Apartments
1841;T3;470 000,00 €;65;Lisboa;Apartments
1842;T2;615 000,00 €;134;Lisboa;Apartments
1843;T2;1 400 000,00 €;150;Lisboa;Apartments
1844;T0;211 000,00 €;38.10;Porto;Apartments
1845;T3;265 000,00 €;66;Porto;Apartments
1846;T3;199 900,00 €;152;Braga;Apartments
1847;T2;475 000,00 €;121.25;Set??bal;Apartments
1848;T1;309 000,00 €;77.90;Set??bal;Apartments
1849;T3;230 000,00 €;127.76;Leiria;Apartments
185;T3;1 160 000,00 €;175;Lisboa;Apartments
1850;T1;259 000,00 €;72.20;Porto;Apartments
1851;T3;340 000,00 €;145;Faro;Apartments
1852;T1;205 000,00 €;53;Porto;Apartments
186;T3;850 000,00 €;140;Lisboa;Apartments
187;T1;179 000,00 €;43;Faro;Apartments
1878;T3;299 000,00 €;114;Set??bal;Apartments
1879;T3;1 200 000,00 €;179;Lisboa;Apartments
188;T2;595 000,00 €;100.10;Porto;Apartments
1880;T3;895 000,00 €;126;Lisboa;Apartments
1881;T3;495 000,00 €;119;Lisboa;Apartments
1882;T1;175 000,00 €;45.50;Porto;Apartments
1883;T3;415 000,00 €;120;Faro;Apartments
1884;T3;194 900,00 €;114;Braga;Apartments
1885;T3;194 900,00 €;114;Braga;Apartments
1886;T0;179 000,00 €;34;Braga;Apartments
1887;T3;174 500,00 €;119;Leiria;Apartments
1888;T3;349 500,00 €;115;Lisboa;Apartments
1889;T2;169 900,00 €;73;Set??bal;Apartments
189;T3;410 000,00 €;115;Aveiro;Apartments
1890;T3;182 000,00 €;80;Set??bal;Apartments
1891;T1;340 000,00 €;70;Porto;Apartments
1892;T3;395 000,00 €;180;Porto;Apartments
1893;T2;285 000,00 €;77.70;Porto;Apartments
1894;T1;236 000,00 €;943.75;Porto;Apartments
1895;T2;197 500,00 €;71.30;Set??bal;Apartments
1896;T3;630 000,00 €;156;Porto;Apartments
1897;T2;259 000,00 €;70;Lisboa;Apartments
1898;T4;1 340 000,00 €;237.60;Porto;Apartments
1899;T2;250 000,00 €;112;Faro;Apartments
19;T1;158 500,00 €;41.37;Porto;Apartments
190;T2;219 900,00 €;85;Porto;Apartments
1901;T3;275 000,00 €;118.60;Set??bal;Apartments
1902;T3;345 000,00 €;137;Porto;Apartments
1903;T2;385 000,00 €;75;Lisboa;Apartments
1904;T2;180 000,00 €;67;Lisboa;Apartments
1905;T4;580 000,00 €;141;Porto;Apartments
1906;T3;450 000,00 €;160;Porto;Apartments
1907;T3;430 000,00 €;150;Porto;Apartments
1908;T3;180 000,00 €;150;Porto;Apartments
1909;T2;220 000,00 €;105;Porto;Apartments
191;T2;155 900,00 €;120;Braga;Apartments
1910;T1;295 000,00 €;69;Faro;Apartments
1911;T4;620 000,00 €;145;Lisboa;Apartments
1912;T3;229 000,00 €;179;Aveiro;Apartments
1913;T3;195 000,00 €;86;Porto;Apartments
1915;T2;120 000,00 €;63;Set??bal;Apartments
1916;T3;189 000,00 €;87;Porto;Apartments
1917;T2;193 000,00 €;81;Lisboa;Apartments
1918;T1;198 000,00 €;93;Leiria;Apartments
1919;T2;214 000,00 €;97;Leiria;Apartments
192;T2;185 900,00 €;86.95;Porto;Apartments
1920;T2;199 900,00 €;78;Porto;Apartments
1921;T2;199 900,00 €;85;Porto;Apartments
1922;T4;1 165 000,00 €;177;Porto;Apartments
1923;T2;660 000,00 €;142;Lisboa;Apartments
1924;T1;279 000,00 €;56;Lisboa;Apartments
1925;T3;769 000,00 €;147;Lisboa;Apartments
1926;T3;520 000,00 €;120.26;Lisboa;Apartments
1927;T3;495 000,00 €;160;Faro;Apartments
1928;T2;429 900,00 €;60;Lisboa;Apartments
1929;T1;219 000,00 €;70;Faro;Apartments
193;T3;250 000,00 €;110.34;Santar?©m;Apartments
1930;T2;380 000,00 €;110;Faro;Apartments
1931;T3;366 520,00 €;132;Faro;Apartments
1932;T2;350 000,00 €;116;Faro;Apartments
1933;T3;160 000,00 €;112;Aveiro;Apartments
1934;T2;380 000,00 €;83;Faro;Apartments
1935;T2;595 000,00 €;98;Faro;Apartments
1936;T2;292 600,00 €;102;Faro;Apartments
1938;T3;172 500,00 €;137;Braga;Apartments
1939;T2;760 000,00 €;120;Lisboa;Apartments
1940;T2;184 000,00 €;121;Braga;Apartments
1941;T2;275 000,00 €;63;Lisboa;Apartments
1942;T2;135 000,00 €;51;Set??bal;Apartments
1943;T3;215 000,00 €;113;Set??bal;Apartments
1944;T3;275 000,00 €;123;Lisboa;Apartments
1945;T2;250 000,00 €;66;Lisboa;Apartments
1946;T2;240 000,00 €;111;Coimbra;Apartments
1947;T3;299 500,00 €;68.15;Lisboa;Apartments
1948;T2;630 000,00 €;104;Lisboa;Apartments
1949;T2;685 000,00 €;104;Lisboa;Apartments
195;T2;187 900,00 €;88.10;Porto;Apartments
1950;T2;650 000,00 €;119;Porto;Apartments
1951;T2;289 000,00 €;84;Faro;Apartments
1952;T2;315 900,00 €;88;Porto;Apartments
1953;T2;359 900,00 €;96;Porto;Apartments
1954;T3;620 000,00 €;125;Lisboa;Apartments
1955;T3;545 000,00 €;152.19;Porto;Apartments
1956;T3;420 000,00 €;140;Lisboa;Apartments
1957;T3;410 000,00 €;133;Lisboa;Apartments
1958;T3;425 000,00 €;133;Lisboa;Apartments
1959;T2;598 000,00 €;77;Lisboa;Apartments
196;T2;174 900,00 €;65;Set??bal;Apartments
1960;T3;530 000,00 €;140;Lisboa;Apartments
1961;T3;545 000,00 €;165;Lisboa;Apartments
1962;T0;189 500,00 €;33.50;Porto;Apartments
1963;T3;396 000,00 €;123.10;Porto;Apartments
1964;T5;160 000,00 €;135;Apartamento para comprar: Castelo Branco;Apartments
1965;T4;299 900,00 €;204;Porto;Apartments
1966;T1;179 000,00 €;47;Braga;Apartments
1967;T3;1 350 000,00 €;187;Porto;Apartments
1968;T2;370 000,00 €;107;Porto;Apartments
1969;T3;380 000,00 €;120;Porto;Apartments
197;T3;346 000,00 €;135.60;Aveiro;Apartments
1970;T3;350 000,00 €;100;Lisboa;Apartments
1971;T3;365 000,00 €;155;Set??bal;Apartments
1972;T1;206 000,00 €;55;Braga;Apartments
1973;T3;949 000,00 €;115.50;Lisboa;Apartments
1974;T1;195 000,00 €;40.80;Porto;Apartments
1975;T2;165 000,00 €;96;Braga;Apartments
1976;T1;519 000,00 €;47;Lisboa;Apartments
1977;T2;498 000,00 €;89;Lisboa;Apartments
1978;T3;798 000,00 €;137;Lisboa;Apartments
1979;T3;259 000,00 €;95;Porto;Apartments
198;T3;346 000,00 €;135.60;Aveiro;Apartments
1980;T2;550 000,00 €;84;Lisboa;Apartments
1981;T2;495 000,00 €;103;Lisboa;Apartments
1982;T2;520 000,00 €;112;Lisboa;Apartments
1983;T2;260 500,00 €;78;Set??bal;Apartments
1984;T1;250 000,00 €;61;Faro;Apartments
1985;T2;325 000,00 €;80.15;Porto;Apartments
1986;T2;175 000,00 €;85;Porto;Apartments
1987;T3;330 000,00 €;120;Porto;Apartments
1988;T2;420 000,00 €;84;Lisboa;Apartments
1989;T3;725 000,00 €;175;Lisboa;Apartments
199;T4;260 000,00 €;118;Aveiro;Apartments
1990;T2;249 900,00 €;106;Porto;Apartments
1991;T2;157 000,00 €;59;Porto;Apartments
1993;T2;169 900,00 €;93;Braga;Apartments
1994;T2;187 500,00 €;62;Set??bal;Apartments
1995;T3;175 500,00 €;88;Set??bal;Apartments
1997;T4;309 000,00 €;123;Braga;Apartments
1998;T4;600 000,00 €;150;Lisboa;Apartments
1999;T2;550 000,00 €;47;Lisboa;Apartments
2;T2;149 000,00 €;86;Porto;Apartments
20;T1;205 000,00 €;63.52;Porto;Apartments
200;T1;155 990,00 €;59;Aveiro;Apartments
2000;T3;170 000,00 €;74;Set??bal;Apartments
2001;T2;375 000,00 €;142;Porto;Apartments
2002;T1;215 000,00 €;58;Porto;Apartments
2003;T1;360 000,00 €;67.63;Porto;Apartments
2005;T3;400 000,00 €;123.27;Porto;Apartments
2006;T2;375 000,00 €;89;Porto;Apartments
2007;T2;249 000,00 €;110;Porto;Apartments
2008;T2;229 000,00 €;90;Porto;Apartments
2009;T2;180 000,00 €;94;Faro;Apartments
201;T1;153 990,00 €;59;Aveiro;Apartments
2010;T2;164 000,00 €;87;Porto;Apartments
2011;T1;118 900,00 €;49.50;Set??bal;Apartments
2012;T5;799 000,00 €;276;Set??bal;Apartments
2013;T3;275 000,00 €;168;Braga;Apartments
2014;T4;995 000,00 €;225;Porto;Apartments
2015;T2;159 000,00 €;87;Porto;Apartments
2016;T3;410 000,00 €;79;Lisboa;Apartments
2017;T4;359 000,00 €;129;Porto;Apartments
2018;T6;2 900 000,00 €;646.50;Lisboa;Apartments
2019;T3;375 000,00 €;124;Set??bal;Apartments
202;T4;220 000,00 €;128;Braga;Apartments
2020;T2;193 000,00 €;63;Lisboa;Apartments
2021;T3;400 000,00 €;148;Porto;Apartments
2022;T3;240 000,00 €;107.65;Coimbra;Apartments
2023;T1;215 000,00 €;49;Faro;Apartments
2024;T4;1 950 000,00 €;314;Lisboa;Apartments
2025;T2;216 990,00 €;103;Aveiro;Apartments
2026;T3;295 000,00 €;171;Porto;Apartments
2027;T3;385 000,00 €;118;Leiria;Apartments
2028;T3;299 000,00 €;100;Faro;Apartments
2029;T2;140 000,00 €;90;Set??bal;Apartments
203;T1;264 900,00 €;75;Faro;Apartments
2030;T4;315 000,00 €;128.75;Santar?©m;Apartments
2031;T2;169 950,00 €;98;Porto;Apartments
2032;T2;330 000,00 €;67.49;Lisboa;Apartments
2033;T2;645 000,00 €;155;Viana do Castelo;Apartments
2034;T3;515 000,00 €;264;Lisboa;Apartments
2035;T2;165 000,00 €;73;Viseu;Apartments
2036;T2;290 000,00 €;67;Lisboa;Apartments
2037;T2;191 000,00 €;92;Porto;Apartments
2038;T3;150 000,00 €;105;Aveiro;Apartments
2039;T3;269 000,00 €;98;Porto;Apartments
204;T3;239 000,00 €;109;Set??bal;Apartments
2040;T2;199 000,00 €;193;Leiria;Apartments
2042;T2;190 000,00 €;90;Set??bal;Apartments
2043;T3;650 000,00 €;116;Lisboa;Apartments
2044;T1;305 000,00 €;58.07;Faro;Apartments
2045;T2;324 900,00 €;92;Ilha de S?£o Miguel;Apartments
2046;T3;249 000,00 €;115;Ilha de S?£o Miguel;Apartments
2047;T2;154 000,00 €;39;Lisboa;Apartments
2048;T3;250 000,00 €;138;Set??bal;Apartments
2049;T3;195 000,00 €;127;Vila Real;Apartments
205;T1;265 000,00 €;66.13;Faro;Apartments
2050;T3;195 000,00 €;118;Leiria;Apartments
2051;T3;590 000,00 €;191;Faro;Apartments
2052;T3;265 000,00 €;102;Porto;Apartments
2054;T2;335 000,00 €;82;Aveiro;Apartments
2055;T3;210 000,00 €;110;Set??bal;Apartments
2056;T0;322 500,00 €;42;Porto;Apartments
2057;T3;155 000,00 €;117;Aveiro;Apartments
2058;T2;460 000,00 €;46;Porto;Apartments
2059;T1;330 000,00 €;46;Porto;Apartments
206;T3;395 000,00 €;126.48;Faro;Apartments
2060;T0;297 500,00 €;56;Porto;Apartments
2061;T2;285 900,00 €;86;Porto;Apartments
2062;T2;295 900,00 €;82.80;Porto;Apartments
2063;T1;350 000,00 €;74;Porto;Apartments
2064;T1;224 500,00 €;58;Coimbra;Apartments
2065;T1;235 000,00 €;50;Lisboa;Apartments
2066;T4;500 000,00 €;184;Porto;Apartments
2067;T1;169 500,00 €;73;Porto;Apartments
2068;T3;248 000,00 €;133;Braga;Apartments
2069;T2;257 500,00 €;92;Porto;Apartments
207;T4;390 000,00 €;156;Faro;Apartments
2070;T3;182 000,00 €;105;Braga;Apartments
2071;T3;215 000,00 €;87;Porto;Apartments
2072;T2;350 000,00 €;137;Porto;Apartments
2073;T2;310 900,00 €;85.50;Porto;Apartments
2074;T3;237 500,00 €;100;Set??bal;Apartments
2076;T3;220 000,00 €;100;Porto;Apartments
2077;T3;247 000,00 €;78;Lisboa;Apartments
2078;T3;249 000,00 €;138;Porto;Apartments
2079;T3;765 000,00 €;120;Faro;Apartments
208;T1;255 000,00 €;66.56;Faro;Apartments
2080;T1;215 000,00 €;48.01;Porto;Apartments
2081;T1;155 000,00 €;48;Faro;Apartments
2082;T2;395 000,00 €;90;Lisboa;Apartments
2083;T2;174 000,00 €;110;Santar?©m;Apartments
2084;T3;895 000,00 €;210;Porto;Apartments
2085;T3;344 900,00 €;121;Porto;Apartments
2086;T2;175 000,00 €;77;Set??bal;Apartments
2087;T3;309 500,00 €;90;Set??bal;Apartments
2088;T3;345 000,00 €;145;Lisboa;Apartments
2089;T2;235 000,00 €;87;Set??bal;Apartments
209;T3;347 500,00 €;128.90;Porto;Apartments
2090;T3;237 500,00 €;90;Braga;Apartments
2091;T3;250 000,00 €;90;Leiria;Apartments
2092;T2;465 500,00 €;115.01;Porto;Apartments
2093;T0;155 000,00 €;54;Faro;Apartments
2094;T4;882 000,00 €;172;Porto;Apartments
2095;T3;625 500,00 €;140;Porto;Apartments
2096;T2;175 000,00 €;79;Coimbra;Apartments
2097;T4;930 000,00 €;166;Lisboa;Apartments
2098;T4;539 000,00 €;145;Lisboa;Apartments
2099;T3;460 000,00 €;137;Porto;Apartments
21;T3;325 000,00 €;102.68;Porto;Apartments
210;T2;225 000,00 €;86;Porto;Apartments
2100;T2;350 000,00 €;103;Porto;Apartments
2101;T2;240 000,00 €;121;Coimbra;Apartments
2102;T2;189 000,00 €;87;Porto;Apartments
2103;T2;305 000,00 €;102;Porto;Apartments
2104;T2;158 500,00 €;96;Braga;Apartments
2106;T1;299 900,00 €;33;Lisboa;Apartments
2107;T3;785 000,00 €;179;Lisboa;Apartments
2108;T3;387 000,00 €;112;Lisboa;Apartments
2109;T2;349 000,00 €;87;Lisboa;Apartments
211;T3;385 000,00 €;127.35;Faro;Apartments
2110;T3;220 000,00 €;176;Portalegre;Apartments
2111;T3;331 000,00 €;137;Porto;Apartments
2112;T1;330 000,00 €;56;Porto;Apartments
2113;T1;279 900,00 €;41;Lisboa;Apartments
2114;T3;210 000,00 €;135;Santar?©m;Apartments
2115;T3;787 000,00 €;120;Lisboa;Apartments
2116;T1;220 000,00 €;54.85;Porto;Apartments
2117;T3;180 000,00 €;115;Porto;Apartments
2118;T3;329 900,00 €;105.89;Lisboa;Apartments
2119;T1;375 000,00 €;80;Faro;Apartments
212;T3;395 000,00 €;121;Faro;Apartments
2120;T3;357 000,00 €;114.80;Porto;Apartments
2121;T4;495 000,00 €;222;Porto;Apartments
2122;T3;495 000,00 €;119.30;Porto;Apartments
2123;T5;478 000,00 €;170;Lisboa;Apartments
2124;T3;371 000,00 €;120;Porto;Apartments
2125;T2;385 000,00 €;150;Set??bal;Apartments
2126;T3;755 000,00 €;143;Lisboa;Apartments
2127;T3;2 390 000,00 €;234;Lisboa;Apartments
2128;T3;775 000,00 €;135;Lisboa;Apartments
2129;T3;215 000,00 €;70;Lisboa;Apartments
213;T3;340 000,00 €;106;Faro;Apartments
2130;T3;244 900,00 €;138;Braga;Apartments
2131;T4;890 000,00 €;232;Porto;Apartments
2132;T2;382 000,00 €;104;Faro;Apartments
2133;T1;125 000,00 €;29;Set??bal;Apartments
2134;T2;378 000,00 €;90;Faro;Apartments
2135;T4;725 000,00 €;189;Porto;Apartments
2136;T3;149 900,00 €;92;Braga;Apartments
2137;T3;535 000,00 €;100;Lisboa;Apartments
2138;T1;199 000,00 €;33.72;Leiria;Apartments
2139;T1;209 000,00 €;35.02;Leiria;Apartments
214;T2;215 000,00 €;93;Santar?©m;Apartments
2140;T4;430 000,00 €;170;Lisboa;Apartments
2141;T1;205 000,00 €;72;Set??bal;Apartments
2142;T3;265 000,00 €;205;Porto;Apartments
2143;T3;149 900,00 €;92;Braga;Apartments
2144;T2;169 900,00 €;83.50;Porto;Apartments
2145;T1;152 500,00 €;56;Set??bal;Apartments
2146;T3;725 000,00 €;127;Lisboa;Apartments
2147;T3;365 000,00 €;145.08;Porto;Apartments
2148;T2;235 000,00 €;79.90;Porto;Apartments
2149;T2;165 000,00 €;95;Set??bal;Apartments
215;T3;167 500,00 €;100;Santar?©m;Apartments
2150;T1;370 000,00 €;122;Faro;Apartments
2151;T3;399 500,00 €;103;Porto;Apartments
2152;T1;185 000,00 €;27;Lisboa;Apartments
2153;T2;368 369,00 €;95;Porto;Apartments
2154;T2;150 000,00 €;105;Coimbra;Apartments
2155;T3;353 260,00 €;181;Ilha de S?£o Miguel;Apartments
2156;T2;273 400,00 €;132;Ilha de S?£o Miguel;Apartments
2157;T3;341 700,00 €;186;Ilha de S?£o Miguel;Apartments
2158;T3;624 500,00 €;150.78;Porto;Apartments
2159;T2;257 890,00 €;161;Ilha de S?£o Miguel;Apartments
216;T4;895 000,00 €;164;Lisboa;Apartments
2160;T4;485 000,00 €;177;Porto;Apartments
2161;T3;195 000,00 €;124;Porto;Apartments
2162;T2;635 000,00 €;247.75;Porto;Apartments
2163;T3;298 000,00 €;120.68;Porto;Apartments
2164;T3;630 700,00 €;151.99;Faro;Apartments
2165;T2;455 800,00 €;100.25;Faro;Apartments
2166;T2;445 200,00 €;86.50;Faro;Apartments
2167;T2;330 000,00 €;98.30;Faro;Apartments
2168;T3;397 500,00 €;133.90;Porto;Apartments
2169;T4;645 000,00 €;182;Lisboa;Apartments
217;T3;219 500,00 €;120;Porto;Apartments
2170;T3;690 000,00 €;135;Set??bal;Apartments
2171;T2;350 000,00 €;117;Set??bal;Apartments
2172;T2;220 000,00 €;80;Lisboa;Apartments
2173;T3;277 500,00 €;125;Lisboa;Apartments
2174;T3;890 000,00 €;108;Lisboa;Apartments
2175;T3;240 000,00 €;108;Lisboa;Apartments
2176;T3;435 000,00 €;126.50;Lisboa;Apartments
2177;T2;365 000,00 €;109;Porto;Apartments
2178;T0;200 000,00 €;45;Porto;Apartments
2179;T3;388 000,00 €;145;Porto;Apartments
218;T1;138 000,00 €;55;Set??bal;Apartments
2180;T2;279 900,00 €;89;Porto;Apartments
2181;T3;239 000,00 €;132;Ilha de S?£o Miguel;Apartments
2182;T3;220 000,00 €;114;Porto;Apartments
2183;T2;270 000,00 €;73;Lisboa;Apartments
2184;T2;230 000,00 €;94;Porto;Apartments
2185;T3;215 000,00 €;73;Lisboa;Apartments
2186;T1;185 000,00 €;47.80;Porto;Apartments
2187;T1;275 000,00 €;55;Porto;Apartments
2188;T3;510 000,00 €;139;Lisboa;Apartments
2189;T3;515 000,00 €;132.70;Lisboa;Apartments
219;T1;270 000,00 €;39;Lisboa;Apartments
2190;T2;405 000,00 €;112.80;Lisboa;Apartments
2191;T3;248 000,00 €;98;Lisboa;Apartments
2192;T3;500 000,00 €;150;Porto;Apartments
2193;T3;335 000,00 €;111.70;Porto;Apartments
2194;T3;490 000,00 €;141;Porto;Apartments
2195;T2;315 000,00 €;93;Set??bal;Apartments
2196;T4;770 000,00 €;174;Lisboa;Apartments
2197;T3;750 000,00 €;151;Porto;Apartments
2198;T3;445 000,00 €;126.50;Lisboa;Apartments
2199;T2;385 000,00 €;114;Lisboa;Apartments
22;T2;374 000,00 €;91.20;Porto;Apartments
220;T2;790 000,00 €;80.45;Lisboa;Apartments
2200;T4;580 000,00 €;141;Porto;Apartments
2201;T3;567 500,00 €;139;Porto;Apartments
2202;T4;890 000,00 €;232;Porto;Apartments
2203;T3;197 000,00 €;117;Braga;Apartments
2205;T3;520 000,00 €;145;Faro;Apartments
2206;T4;259 000,00 €;140;Porto;Apartments
2207;T2;295 000,00 €;99;Faro;Apartments
2208;T3;580 000,00 €;138;Porto;Apartments
2209;T2;460 000,00 €;114;Porto;Apartments
221;T2;224 990,00 €;83;Aveiro;Apartments
2210;T3;255 000,00 €;120;Coimbra;Apartments
2211;T1;215 000,00 €;83.50;Coimbra;Apartments
2212;T1;220 000,00 €;46;Porto;Apartments
2213;T4;244 900,00 €;120;Coimbra;Apartments
2214;T1;380 000,00 €;70;Set??bal;Apartments
2215;T4;460 000,00 €;100.50;Faro;Apartments
2216;T2;475 000,00 €;120;Set??bal;Apartments
2217;T2;310 000,00 €;90.28;Faro;Apartments
2218;T2;270 000,00 €;120;Porto;Apartments
2219;T5;850 000,00 €;160;Lisboa;Apartments
222;T2;223 990,00 €;83;Aveiro;Apartments
2220;T3;325 000,00 €;111;Faro;Apartments
2221;T2;599 000,00 €;84;Lisboa;Apartments
2222;T3;450 000,00 €;89;Lisboa;Apartments
2223;T4;535 000,00 €;89;Lisboa;Apartments
2224;T3;180 000,00 €;79;Lisboa;Apartments
2226;T2;575 000,00 €;78;Faro;Apartments
2227;T2;549 000,00 €;78;Faro;Apartments
2228;T2;549 000,00 €;80;Faro;Apartments
2229;T1;299 000,00 €;50;Faro;Apartments
223;T3;339 990,00 €;149;Aveiro;Apartments
2230;T2;485 000,00 €;65;Faro;Apartments
2231;T1;231 000,00 €;34;Lisboa;Apartments
2232;T1;625 000,00 €;61;Lisboa;Apartments
2233;T1;545 000,00 €;53;Lisboa;Apartments
2234;T2;1 250 000,00 €;105;Lisboa;Apartments
2235;T1;590 000,00 €;53;Lisboa;Apartments
2236;T3;1 450 000,00 €;138;Lisboa;Apartments
2237;T3;1 325 000,00 €;106;Lisboa;Apartments
2238;T0;525 000,00 €;50;Lisboa;Apartments
2239;T3;1 625 000,00 €;138;Lisboa;Apartments
224;T1;176 990,00 €;59;Aveiro;Apartments
2240;T3;140 000,00 €;93;Braga;Apartments
2241;T1;215 000,00 €;40.21;Faro;Apartments
2242;T2;229 800,00 €;85;Porto;Apartments
2243;T1;125 000,00 €;50;Aveiro;Apartments
2244;T1;250 000,00 €;64;Faro;Apartments
2245;T3;380 000,00 €;135;Lisboa;Apartments
2246;T3;370 000,00 €;130;Lisboa;Apartments
2247;T2;250 000,00 €;200;Set??bal;Apartments
2249;T3;510 000,00 €;130.70;Aveiro;Apartments
225;T2;205 000,00 €;104;Porto;Apartments
2250;T2;209 000,00 €;79.74;Leiria;Apartments
2251;T3;108 000,00 €;78;Viana do Castelo;Apartments
2252;T3;210 000,00 €;90;Set??bal;Apartments
2254;T3;300 000,00 €;105;Set??bal;Apartments
2255;T4;297 000,00 €;148;Coimbra;Apartments
2256;T1;145 000,00 €;53;Lisboa;Apartments
2257;T3;470 000,00 €;127.25;Faro;Apartments
2258;T2;420 000,00 €;101.23;Faro;Apartments
2259;T2;435 000,00 €;130.13;Faro;Apartments
226;T3;365 000,00 €;158.30;Porto;Apartments
2260;T3;130 000,00 €;110;Santar?©m;Apartments
2261;T3;400 000,00 €;135.20;Porto;Apartments
2262;T3;429 000,00 €;125.20;Faro;Apartments
2263;T3;219 900,00 €;113;Porto;Apartments
2264;T2;340 000,00 €;81.70;Porto;Apartments
2265;T3;785 000,00 €;100;Lisboa;Apartments
2266;T2;350 000,00 €;112;Lisboa;Apartments
2267;T3;430 000,00 €;180;Lisboa;Apartments
2268;T3;575 000,00 €;123;Faro;Apartments
2269;T1;450 000,00 €;87;Faro;Apartments
227;T4;385 000,00 €;159.20;Porto;Apartments
2270;T1;209 000,00 €;51.50;Faro;Apartments
2271;T3;499 000,00 €;100;Lisboa;Apartments
2272;T1;135 000,00 €;44;Coimbra;Apartments
2273;T4;2 500 000,00 €;231.77;Lisboa;Apartments
2274;T3;185 000,00 €;73;Set??bal;Apartments
2275;T3;360 000,00 €;112;Faro;Apartments
2276;T5;550 000,00 €;217;Porto;Apartments
2278;T2;260 000,00 €;67;Lisboa;Apartments
2279;T3;490 000,00 €;120;Lisboa;Apartments
2280;T1;440 000,00 €;72.42;Lisboa;Apartments
2282;T3;590 000,00 €;147.50;Aveiro;Apartments
2283;T4;750 000,00 €;236.10;Porto;Apartments
2284;T2;284 000,00 €;101;Porto;Apartments
2285;T1;440 000,00 €;40;Lisboa;Apartments
2286;T2;489 000,00 €;107.64;Faro;Apartments
2287;T2;637 000,00 €;115;Porto;Apartments
2288;T3;567 500,00 €;139;Porto;Apartments
2289;T2;245 000,00 €;92.81;Lisboa;Apartments
229;T3;750 000,00 €;113;Lisboa;Apartments
2291;T3;145 000,00 €;101;Santar?©m;Apartments
2292;T3;800 000,00 €;214;Porto;Apartments
2293;T2;370 000,00 €;104;Faro;Apartments
2294;T2;260 702,00 €;77.20;Porto;Apartments
2295;T1;248 000,00 €;38;Lisboa;Apartments
2296;T2;429 900,00 €;50;Lisboa;Apartments
2297;T3;1 100 000,00 €;124;Lisboa;Apartments
2298;T2;235 402,00 €;69.71;Porto;Apartments
2299;T2;2 200 000,00 €;123;Lisboa;Apartments
23;T1;220 000,00 €;55;Faro;Apartments
230;T2;336 500,00 €;124;Faro;Apartments
2301;T2;279 000,00 €;97.10;Aveiro;Apartments
2303;T1;295 000,00 €;98.32;Aveiro;Apartments
2304;T3;599 500,00 €;170;Aveiro;Apartments
2305;T2;165 000,00 €;86;Porto;Apartments
2306;T2;190 000,00 €;95;Porto;Apartments
2307;T3;230 000,00 €;100;Porto;Apartments
2308;T2;440 000,00 €;94.50;Porto;Apartments
2309;T2;285 000,00 €;77.77;Faro;Apartments
231;T5;875 000,00 €;225;Porto;Apartments
2310;T2;285 000,00 €;77.93;Faro;Apartments
2311;T1;234 000,00 €;50;Lisboa;Apartments
2312;T2;380 000,00 €;112;Ilha da Madeira;Apartments
2313;T4;800 000,00 €;142;Ilha da Madeira;Apartments
2314;T3;410 000,00 €;132;Ilha da Madeira;Apartments
2315;T3;360 000,00 €;142;Ilha da Madeira;Apartments
2316;T2;340 000,00 €;111;Ilha da Madeira;Apartments
2317;T4;200 000,00 €;154;Porto;Apartments
2318;T2;360 000,00 €;111;Ilha da Madeira;Apartments
2319;T2;157 000,00 €;59;Porto;Apartments
232;T2;136 000,00 €;63;Braga;Apartments
2320;T3;498 000,00 €;95;Lisboa;Apartments
2321;T3;430 000,00 €;77.30;Lisboa;Apartments
2322;T3;239 900,00 €;112.74;Lisboa;Apartments
2323;T7;310 000,00 €;165;Coimbra;Apartments
2324;T2;215 000,00 €;66;Lisboa;Apartments
2325;T2;330 000,00 €;105;Faro;Apartments
2326;T3;750 000,00 €;295.50;Faro;Apartments
2327;T2;320 000,00 €;99.50;Faro;Apartments
2328;T1;285 000,00 €;66.77;Faro;Apartments
2329;T3;420 000,00 €;112;Faro;Apartments
233;T2;350 000,00 €;120;Coimbra;Apartments
2330;T2;424 000,00 €;100.28;Faro;Apartments
2331;T3;577 700,00 €;146.12;Faro;Apartments
2332;T3;239 000,00 €;122;Set??bal;Apartments
2333;T2;390 000,00 €;91;Faro;Apartments
2334;T1;279 900,00 €;40;Lisboa;Apartments
2335;T4;795 000,00 €;156;Lisboa;Apartments
2336;T2;540 000,00 €;126.05;Lisboa;Apartments
2337;T3;390 000,00 €;113;Faro;Apartments
2338;T2;317 500,00 €;105;Faro;Apartments
2339;T2;413 400,00 €;146.42;Faro;Apartments
234;T3;420 000,00 €;124;Faro;Apartments
2340;T2;315 000,00 €;105.80;Faro;Apartments
2341;T2;369 000,00 €;90;Faro;Apartments
2342;T2;386 000,00 €;106;Faro;Apartments
2343;T2;445 200,00 €;100.28;Faro;Apartments
2344;T3;280 000,00 €;230;Porto;Apartments
2345;T2;229 900,00 €;87;Set??bal;Apartments
2346;T2;165 000,00 €;86;Set??bal;Apartments
2347;T1;170 000,00 €;48;Porto;Apartments
2348;T2;430 000,00 €;108.17;Ilha da Madeira;Apartments
235;T3;150 000,00 €;107;Coimbra;Apartments
2350;T3;385 000,00 €;106.40;Faro;Apartments
2351;T2;308 900,00 €;96;Porto;Apartments
2352;T3;650 000,00 €;124.17;Aveiro;Apartments
2353;T5;249 900,00 €;120;Coimbra;Apartments
2354;T2;317 000,00 €;54.31;Lisboa;Apartments
2356;T3;239 000,00 €;107;Faro;Apartments
2358;T2;320 000,00 €;90;Porto;Apartments
2359;T4;900 000,00 €;168;Porto;Apartments
236;T2;197 500,00 €;67;Coimbra;Apartments
2360;T3;340 000,00 €;137;Porto;Apartments
2361;T2;425 000,00 €;79;Porto;Apartments
2362;T2;244 900,00 €;88.50;Porto;Apartments
2363;T2;915 000,00 €;92;Lisboa;Apartments
2364;T4;1 028 200,00 €;175;Faro;Apartments
2365;T3;588 300,00 €;148.83;Faro;Apartments
2366;T4;1 400 000,00 €;164;Porto;Apartments
2367;T2;320 000,00 €;105;Porto;Apartments
2368;T3;620 100,00 €;148.82;Faro;Apartments
2369;T2;413 400,00 €;100.40;Faro;Apartments
237;T2;280 000,00 €;77.40;Faro;Apartments
2370;T4;820 000,00 €;159;Porto;Apartments
2371;T2;455 800,00 €;101.01;Faro;Apartments
2372;T2;239 080,00 €;69.71;Porto;Apartments
2373;T4;710 000,00 €;155;Porto;Apartments
2374;T1;243 000,00 €;58;Porto;Apartments
2375;T3;370 000,00 €;107;Aveiro;Apartments
2376;T4;610 000,00 €;168;Aveiro;Apartments
2377;T4;610 000,00 €;168;Aveiro;Apartments
2378;T2;219 900,00 €;82.80;Porto;Apartments
2379;T3;630 000,00 €;137;Porto;Apartments
238;T2;260 000,00 €;65.99;Faro;Apartments
2380;T2;460 000,00 €;89;Porto;Apartments
2381;T2;235 900,00 €;85;Porto;Apartments
2382;T2;192 900,00 €;88.30;Porto;Apartments
2383;T2;184 900,00 €;86.95;Porto;Apartments
2384;T2;186 900,00 €;88.10;Porto;Apartments
2385;T2;180 000,00 €;75;Lisboa;Apartments
2386;T2;189 000,00 €;73.60;Lisboa;Apartments
2387;T0;145 000,00 €;34;Porto;Apartments
2388;T2;280 000,00 €;75;Porto;Apartments
2389;T1;180 000,00 €;69;Aveiro;Apartments
239;T0;194 900,00 €;56;Porto;Apartments
2390;T3;649 000,00 €;129;Porto;Apartments
2391;T2;449 000,00 €;109;Porto;Apartments
2392;T2;449 000,00 €;104;Porto;Apartments
2394;T2;275 000,00 €;84.09;Lisboa;Apartments
2395;T3;370 000,00 €;105.28;Lisboa;Apartments
2396;T1;205 000,00 €;65.97;Lisboa;Apartments
2397;T6;3 600 000,00 €;402;Lisboa;Apartments
2398;T3;395 000,00 €;139.50;Porto;Apartments
2399;T4;550 000,00 €;222.70;Porto;Apartments
24;T3;320 000,00 €;137.50;Set??bal;Apartments
240;T2;320 000,00 €;111.90;Faro;Apartments
2400;T2;234 900,00 €;85;Porto;Apartments
2401;T3;182 500,00 €;96;Porto;Apartments
2402;T2;191 900,00 €;88.30;Porto;Apartments
2403;T2;160 000,00 €;81;Coimbra;Apartments
2404;T2;183 900,00 €;86.95;Porto;Apartments
2405;T1;427 500,00 €;63;Lisboa;Apartments
2406;T3;236 000,00 €;127;Porto;Apartments
2407;T3;650 000,00 €;114;Porto;Apartments
2408;T2;249 900,00 €;82.20;Porto;Apartments
2409;T3;520 000,00 €;133.68;Porto;Apartments
241;T2;299 000,00 €;97;Lisboa;Apartments
2410;T3;389 000,00 €;115.81;Porto;Apartments
2411;T2;425 000,00 €;87;Porto;Apartments
2412;T3;495 000,00 €;123;Porto;Apartments
2413;T1;279 900,00 €;34;Lisboa;Apartments
2414;T2;460 000,00 €;87;Porto;Apartments
2415;T4;685 000,00 €;188;Porto;Apartments
2416;T2;2 200 000,00 €;136.50;Lisboa;Apartments
2417;T3;545 000,00 €;129;Porto;Apartments
2418;T2;850 000,00 €;83;Lisboa;Apartments
2419;T2;599 000,00 €;78;Lisboa;Apartments
242;T2;280 000,00 €;77.50;Faro;Apartments
2420;T4;448 000,00 €;91;Lisboa;Apartments
2427;T3;310 000,00 €;115.45;Set??bal;Apartments
2428;T2;295 000,00 €;105;Lisboa;Apartments
2429;T4;725 000,00 €;189;Porto;Apartments
243;T2;434 600,00 €;100.28;Faro;Apartments
2432;T1;140 000,00 €;58;Aveiro;Apartments
2433;T3;450 000,00 €;94;Lisboa;Apartments
2434;T1;416 000,00 €;79.54;Faro;Apartments
2437;T2;677 000,00 €;276.86;Faro;Apartments
2439;T2;334 000,00 €;76.73;Set??bal;Apartments
244;T3;435 000,00 €;118;Lisboa;Apartments
2440;T2;330 000,00 €;82;Porto;Apartments
2441;T4;490 000,00 €;193;Braga;Apartments
2442;T2;215 000,00 €;77;Porto;Apartments
2443;T2;199 900,00 €;89;Porto;Apartments
2444;T2;198 000,00 €;89;Porto;Apartments
2449;T4;144 900,00 €;99;Braga;Apartments
245;T3;187 500,00 €;148;Braga;Apartments
2450;T2;267 500,00 €;95;Leiria;Apartments
2451;T0;210 000,00 €;40;Porto;Apartments
2452;T3;1 150 000,00 €;265;Lisboa;Apartments
2453;T2;700 000,00 €;79;Lisboa;Apartments
2454;T3;160 000,00 €;100;Ilha de S?£o Miguel;Apartments
2455;T3;1 090 000,00 €;120;Lisboa;Apartments
2456;T3;315 000,00 €;166.43;Lisboa;Apartments
2457;T2;258 000,00 €;91;Coimbra;Apartments
2458;T1;89 500,00 €;56;Santar?©m;Apartments
2459;T2;355 000,00 €;83;Porto;Apartments
246;T5;325 000,00 €;141.60;Lisboa;Apartments
2460;T2;328 000,00 €;71;Porto;Apartments
2461;T2;315 000,00 €;106;Porto;Apartments
2462;T3;305 000,00 €;135;Porto;Apartments
2463;T3;350 000,00 €;106.50;Faro;Apartments
2464;T5;990 000,00 €;228;Porto;Apartments
2465;T3;280 000,00 €;126;Porto;Apartments
2466;T3;159 000,00 €;75;Faro;Apartments
2468;T1;235 920,00 €;65;Faro;Apartments
2469;T2;860 000,00 €;134;Faro;Apartments
247;T2;385 000,00 €;96;Porto;Apartments
2472;T3;570 000,00 €;121;Lisboa;Apartments
2473;T1;208 000,00 €;66;Coimbra;Apartments
2474;T3;1 150 000,00 €;151;Lisboa;Apartments
2475;T2;815 000,00 €;112;Lisboa;Apartments
2476;T4;1 490 000,00 €;192;Lisboa;Apartments
2477;T3;1 200 000,00 €;142;Lisboa;Apartments
2478;T4;1 420 000,00 €;192;Lisboa;Apartments
2479;T4;1 150 000,00 €;142;Lisboa;Apartments
248;T2;261 000,00 €;91.90;Faro;Apartments
2480;T2;785 000,00 €;103;Lisboa;Apartments
2481;T3;1 170 000,00 €;142;Lisboa;Apartments
2482;T2;795 000,00 €;103;Lisboa;Apartments
2483;T3;1 200 000,00 €;151;Lisboa;Apartments
2484;T2;850 000,00 €;123;Lisboa;Apartments
2485;T4;1 420 000,00 €;200;Lisboa;Apartments
2486;T2;790 000,00 €;103;Lisboa;Apartments
2487;T2;810 000,00 €;112;Lisboa;Apartments
2488;T1;320 000,00 €;57;Porto;Apartments
2489;T2;179 000,00 €;88;Lisboa;Apartments
249;T2;345 000,00 €;64;Lisboa;Apartments
2490;T1;179 990,00 €;46;Braga;Apartments
2491;T2;220 000,00 €;91;Porto;Apartments
2492;T2;225 000,00 €;97;Porto;Apartments
2493;T3;155 000,00 €;115.46;Lisboa;Apartments
2494;T3;650 000,00 €;128;Faro;Apartments
2495;T2;315 000,00 €;54.25;Porto;Apartments
2496;T2;142 500,00 €;66;Set??bal;Apartments
2497;T4;550 000,00 €;185;Porto;Apartments
2498;T2;419 000,00 €;94;Lisboa;Apartments
2499;T4;432 000,00 €;178;Braga;Apartments
25;T1;135 000,00 €;67;Porto;Apartments
250;T2;235 000,00 €;97;Porto;Apartments
2500;T1;275 000,00 €;103.50;Faro;Apartments
2501;T2;279 000,00 €;101;Aveiro;Apartments
2502;T3;740 000,00 €;119.28;Porto;Apartments
2503;T3;371 000,00 €;120;Porto;Apartments
2504;T3;199 000,00 €;75;Set??bal;Apartments
2505;T2;237 000,00 €;98.20;Porto;Apartments
2506;T3;588 300,00 €;148.81;Faro;Apartments
2507;T4;489 000,00 €;201;Braga;Apartments
2508;T3;280 000,00 €;128;Lisboa;Apartments
2509;T3;269 000,00 €;95;Lisboa;Apartments
251;T0;140 000,00 €;25;Porto;Apartments
2510;T3;530 000,00 €;157;Ilha da Madeira;Apartments
2511;T3;349 000,00 €;95;Lisboa;Apartments
2512;T3;199 000,00 €;74.07;Lisboa;Apartments
2513;T1;339 500,00 €;50;Lisboa;Apartments
2514;T3;225 000,00 €;116;Coimbra;Apartments
2515;T3;358 000,00 €;88;Lisboa;Apartments
2516;T4;423 000,00 €;103;Lisboa;Apartments
2517;T3;385 000,00 €;196;Aveiro;Apartments
2518;T2;325 000,00 €;95;Aveiro;Apartments
2519;T4;535 000,00 €;208;Porto;Apartments
2520;T1;160 000,00 €;92.55;Lisboa;Apartments
2521;T3;175 000,00 €;130;Porto;Apartments
2522;T2;500 000,00 €;128;Faro;Apartments
2523;T3;240 000,00 €;146;Braga;Apartments
2524;T3;370 000,00 €;138.60;Faro;Apartments
2525;T2;245 000,00 €;82;Faro;Apartments
2526;T2;225 000,00 €;100;Coimbra;Apartments
2527;T3;370 000,00 €;121.80;Faro;Apartments
2528;T2;260 000,00 €;82;Faro;Apartments
2529;T1;265 000,00 €;67.80;Faro;Apartments
253;T4;910 000,00 €;157;Porto;Apartments
2530;T3;350 000,00 €;131.50;Faro;Apartments
2531;T2;270 000,00 €;93.60;Faro;Apartments
2532;T1;169 000,00 €;71;Porto;Apartments
2533;T4;1 200 000,00 €;254;Braga;Apartments
2535;T3;180 000,00 €;106;Aveiro;Apartments
2536;T4;930 000,00 €;176;Set??bal;Apartments
2537;T2;228 000,00 €;142.31;Leiria;Apartments
2539;T2;530 000,00 €;117;Lisboa;Apartments
254;T2;198 000,00 €;90;Braga;Apartments
2540;T4;220 000,00 €;120;Leiria;Apartments
2542;T4;229 000,00 €;98;Porto;Apartments
2543;T3;299 000,00 €;62;Set??bal;Apartments
2544;T3;950 000,00 €;129;Porto;Apartments
2545;T3;376 000,00 €;115;Porto;Apartments
2546;T3;589 000,00 €;149;Porto;Apartments
2547;T3;159 000,00 €;120;Leiria;Apartments
2548;T2;170 000,00 €;104;Porto;Apartments
2549;T2;595 000,00 €;100;Porto;Apartments
255;T3;274 000,00 €;175;Leiria;Apartments
2550;T3;280 000,00 €;103;Porto;Apartments
2551;T1;219 000,00 €;68;Porto;Apartments
2553;T4;390 000,00 €;93;Ilha de S?£o Miguel;Apartments
2554;T2;250 000,00 €;94;Porto;Apartments
2555;T1;165 000,00 €;83;Porto;Apartments
2556;T1;215 000,00 €;79;Porto;Apartments
2557;T2;240 000,00 €;82;Porto;Apartments
2558;T2;250 000,00 €;84;Porto;Apartments
2559;T2;230 000,00 €;82;Porto;Apartments
256;T1;209 000,00 €;62;Porto;Apartments
2562;T2;239 000,00 €;134.35;Leiria;Apartments
2563;T2;307 900,00 €;96;Porto;Apartments
2564;T2;287 900,00 €;89;Porto;Apartments
2565;T2;214 000,00 €;122.55;Leiria;Apartments
2566;T2;214 000,00 €;127;Leiria;Apartments
2567;T2;368 369,00 €;80;Porto;Apartments
2568;T3;507 688,00 €;109;Porto;Apartments
2569;T2;310 900,00 €;96;Porto;Apartments
257;T2;260 000,00 €;75;Lisboa;Apartments
2570;T2;340 000,00 €;72;Set??bal;Apartments
2571;T1;195 000,00 €;56;Aveiro;Apartments
2572;T2;244 000,00 €;87;Set??bal;Apartments
2574;T2;646 000,00 €;115;Porto;Apartments
2575;T2;199 000,00 €;106;Leiria;Apartments
2577;T2;271 465,00 €;79.15;Porto;Apartments
2578;T2;199 000,00 €;102;Leiria;Apartments
2579;T2;319 000,00 €;90.50;Porto;Apartments
258;T2;189 000,00 €;107;Braga;Apartments
2580;T3;325 000,00 €;102;Lisboa;Apartments
2581;T3;310 000,00 €;99;Faro;Apartments
2582;T3;345 000,00 €;139.20;Porto;Apartments
2583;T3;480 000,00 €;131.25;Faro;Apartments
2584;T3;370 000,00 €;142;Porto;Apartments
2585;T1;398 000,00 €;66;Lisboa;Apartments
2586;T2;204 900,00 €;84.20;Porto;Apartments
2587;T2;289 000,00 €;85;Porto;Apartments
2588;T2;385 000,00 €;105.10;Lisboa;Apartments
2589;T1;152 500,00 €;60;Porto;Apartments
259;T3;380 000,00 €;140;Porto;Apartments
2590;T3;199 000,00 €;120;Porto;Apartments
2591;T3;535 000,00 €;139;Lisboa;Apartments
2592;T3;698 000,00 €;117;Lisboa;Apartments
2593;T1;385 000,00 €;51;Lisboa;Apartments
2594;T2;152 000,00 €;86.50;Aveiro;Apartments
2595;T2;299 000,00 €;67.50;Faro;Apartments
2596;T2;290 000,00 €;128;Lisboa;Apartments
2597;T1;300 000,00 €;58.18;Porto;Apartments
2598;T2;155 000,00 €;45;Braga;Apartments
2599;T3;460 000,00 €;98.36;Faro;Apartments
260;T3;465 000,00 €;116;Lisboa;Apartments
2600;T1;120 000,00 €;37.43;Lisboa;Apartments
2602;T1;230 000,00 €;38.25;Faro;Apartments
2604;T2;298 000,00 €;62;Lisboa;Apartments
2605;T3;425 000,00 €;139.20;Lisboa;Apartments
2606;T3;490 000,00 €;78;Faro;Apartments
2607;T2;225 000,00 €;78.30;Porto;Apartments
2608;T2;139 500,00 €;46;Set??bal;Apartments
261;T5;240 000,00 €;137;Coimbra;Apartments
2611;T3;335 000,00 €;116.85;Faro;Apartments
2612;T2;285 000,00 €;102.60;Faro;Apartments
2613;T3;250 000,00 €;82;Set??bal;Apartments
2614;T2;159 900,00 €;70.20;Porto;Apartments
2615;T4;495 000,00 €;162.95;Porto;Apartments
2616;T2;160 000,00 €;63;Set??bal;Apartments
2617;T2;350 000,00 €;78;Faro;Apartments
2618;T2;169 500,00 €;105;Braga;Apartments
2619;T2;419 000,00 €;76;Porto;Apartments
262;T1;230 000,00 €;52.70;Porto;Apartments
2620;T1;299 000,00 €;49;Porto;Apartments
2621;T1;179 900,00 €;61;Lisboa;Apartments
2622;T3;275 000,00 €;130;Leiria;Apartments
2623;T3;353 000,00 €;136;Aveiro;Apartments
2624;T1;180 000,00 €;47.80;Porto;Apartments
2625;T3;332 000,00 €;127;Aveiro;Apartments
2626;T3;810 000,00 €;114;Lisboa;Apartments
2627;T3;298 000,00 €;105.52;Porto;Apartments
2628;T3;210 000,00 €;102;Lisboa;Apartments
2629;T4;1 300 000,00 €;148;Porto;Apartments
263;T2;325 000,00 €;83;Porto;Apartments
2630;T1;508 250,00 €;58.57;Porto;Apartments
2631;T3;1 100 000,00 €;165;Lisboa;Apartments
2632;T3;336 000,00 €;130;Lisboa;Apartments
2634;T4;799 000,00 €;140;Lisboa;Apartments
2635;T2;169 900,00 €;75;Set??bal;Apartments
2636;T3;322 000,00 €;127;Aveiro;Apartments
2637;T1;370 000,00 €;55;Lisboa;Apartments
2638;T1;245 000,00 €;58;Set??bal;Apartments
2639;T1;197 500,00 €;60;Porto;Apartments
264;T2;370 000,00 €;90;Porto;Apartments
2640;T2;220 000,00 €;89;Porto;Apartments
2642;T4;1 340 000,00 €;238;Porto;Apartments
2643;T0;120 000,00 €;37.18;Castelo Branco;Apartments
2644;T5;799 000,00 €;277;Set??bal;Apartments
2645;T2;630 000,00 €;101;Porto;Apartments
2646;T1;155 000,00 €;49.38;Porto;Apartments
2647;T2;399 000,00 €;77.36;Lisboa;Apartments
2648;T2;249 000,00 €;98.15;Faro;Apartments
2649;T3;598 000,00 €;127.32;Porto;Apartments
265;T2;140 000,00 €;82;Coimbra;Apartments
2650;T3;199 000,00 €;100;Lisboa;Apartments
2651;T3;1 475 000,00 €;140;Porto;Apartments
2652;T3;251 900,00 €;79.10;Porto;Apartments
2653;T2;250 305,00 €;70.80;Porto;Apartments
2654;T2;390 000,00 €;90.90;Faro;Apartments
2655;T1;280 000,00 €;48;Porto;Apartments
2656;T3;695 000,00 €;137;Porto;Apartments
2657;T4;900 000,00 €;159;Porto;Apartments
2658;T2;515 000,00 €;116;Porto;Apartments
266;T2;375 000,00 €;106;Porto;Apartments
2661;T2;370 000,00 €;110;Porto;Apartments
2662;T2;195 000,00 €;62.60;Porto;Apartments
2663;T2;140 000,00 €;89;Porto;Apartments
2664;T4;825 000,00 €;145;Porto;Apartments
2665;T4;759 000,00 €;108;Lisboa;Apartments
2666;T2;460 000,00 €;89;Porto;Apartments
2667;T3;640 000,00 €;136;Porto;Apartments
2668;T3;600 000,00 €;105;Lisboa;Apartments
267;T1;235 010,00 €;47.53;Porto;Apartments
268;T2;320 010,00 €;87.60;Porto;Apartments
2685;T3;335 000,00 €;97;Faro;Apartments
2686;T2;285 000,00 €;77;Faro;Apartments
2687;T2;285 000,00 €;82;Faro;Apartments
2688;T3;470 000,00 €;125;Faro;Apartments
2689;T3;414 500,00 €;120;Faro;Apartments
269;T2;245 000,00 €;105;Lisboa;Apartments
2690;T4;249 000,00 €;155;Lisboa;Apartments
2691;T2;188 500,00 €;96;Porto;Apartments
2692;T1;300 000,00 €;58.18;Porto;Apartments
2693;T3;530 000,00 €;134;Aveiro;Apartments
2694;T5;799 000,00 €;277;Set??bal;Apartments
2695;T1;339 500,00 €;50;Lisboa;Apartments
2696;T4;325 000,00 €;110;Lisboa;Apartments
2697;T3;595 000,00 €;185;Porto;Apartments
2698;T2;279 900,00 €;76;Porto;Apartments
2699;T3;275 000,00 €;135;Leiria;Apartments
27;T2;175 000,00 €;123;Aveiro;Apartments
270;T3;175 000,00 €;113;Coimbra;Apartments
2700;T3;352 500,00 €;171;Leiria;Apartments
2701;T1;165 000,00 €;63;Leiria;Apartments
2702;T2;275 000,00 €;69;Set??bal;Apartments
2703;T2;292 000,00 €;69;Set??bal;Apartments
2704;T2;290 000,00 €;69;Set??bal;Apartments
2705;T2;350 000,00 €;82;Lisboa;Apartments
2706;T2;319 500,00 €;92;Lisboa;Apartments
2708;T3;180 000,00 €;102;Porto;Apartments
2709;T0;295 000,00 €;35;Lisboa;Apartments
2710;T2;210 000,00 €;91;Santar?©m;Apartments
2711;T3;1 695 000,00 €;164;Lisboa;Apartments
2713;T4;1 400 000,00 €;164;Porto;Apartments
2714;T2;168 000,00 €;111;Coimbra;Apartments
2715;T4;289 000,00 €;160;Braga;Apartments
2716;T4;820 000,00 €;159;Porto;Apartments
2717;T3;630 000,00 €;137;Porto;Apartments
2718;T2;225 000,00 €;125;Porto;Apartments
2719;T4;990 000,00 €;289;Porto;Apartments
272;T2;285 000,00 €;76.76;Porto;Apartments
2720;T2;140 000,00 €;82;Coimbra;Apartments
2721;T4;340 000,00 €;199;Set??bal;Apartments
2722;T3;160 000,00 €;90;Braga;Apartments
2724;T1;149 000,00 €;66;Porto;Apartments
2725;T2;98 500,00 €;80;Coimbra;Apartments
2726;T2;248 000,00 €;98;Braga;Apartments
2727;T2;189 500,00 €;58;Lisboa;Apartments
2728;T2;460 000,00 €;89;Porto;Apartments
2729;T2;189 000,00 €;108;Porto;Apartments
273;T3;199 600,00 €;105;Porto;Apartments
2730;T2;420 000,00 €;91;Faro;Apartments
2731;T3;280 000,00 €;140;Braga;Apartments
2732;T2;449 000,00 €;131;Porto;Apartments
2733;T2;260 000,00 €;100;Porto;Apartments
2734;T3;350 000,00 €;133;Aveiro;Apartments
2735;T3;360 000,00 €;120;Aveiro;Apartments
2736;T4;289 000,00 €;160;Braga;Apartments
2737;T2;259 000,00 €;87;Porto;Apartments
2738;T2;139 900,00 €;61.75;Braga;Apartments
2739;T2;450 000,00 €;114;Porto;Apartments
274;T1;225 010,00 €;60;Porto;Apartments
2740;T3;660 000,00 €;145;Porto;Apartments
2741;T2;440 000,00 €;122;Porto;Apartments
2742;T3;640 000,00 €;155;Porto;Apartments
2743;T2;460 000,00 €;114;Porto;Apartments
2744;T3;275 000,00 €;94;Porto;Apartments
2745;T1;203 000,00 €;60.10;Porto;Apartments
2746;T1;350 000,00 €;41.80;Faro;Apartments
2747;T2;299 000,00 €;113;Lisboa;Apartments
2748;T3;485 000,00 €;99;Porto;Apartments
2749;T3;465 000,00 €;99;Porto;Apartments
275;T3;87 000,00 €;81.19;Leiria;Apartments
2750;T3;220 000,00 €;101;Braga;Apartments
2751;T2;370 000,00 €;96.90;Porto;Apartments
2752;T2;275 000,00 €;84;Lisboa;Apartments
2753;T3;440 000,00 €;144;Lisboa;Apartments
2754;T2;285 000,00 €;85;Lisboa;Apartments
2755;T3;455 000,00 €;144;Lisboa;Apartments
2756;T2;305 000,00 €;85;Lisboa;Apartments
2757;T2;295 000,00 €;85;Lisboa;Apartments
2758;T3;479 990,00 €;140;Lisboa;Apartments
2759;T2;225 000,00 €;83;Porto;Apartments
276;T2;290 000,00 €;90.56;Faro;Apartments
2760;T3;180 000,00 €;109;Aveiro;Apartments
2761;T2;175 000,00 €;112;Porto;Apartments
2762;T4;395 000,00 €;160;Porto;Apartments
2763;T2;400 680,00 €;95;Porto;Apartments
2766;T2;250 000,00 €;65;Porto;Apartments
2767;T3;350 000,00 €;97;Porto;Apartments
2768;T2;990 000,00 €;257;Porto;Apartments
2769;T3;225 000,00 €;101;Braga;Apartments
277;T2;340 000,00 €;114;Lisboa;Apartments
2770;T3;395 000,00 €;127;Braga;Apartments
2771;T1;165 000,00 €;41;Ilha da Madeira;Apartments
2772;T5;690 000,00 €;230;Porto;Apartments
2774;T4;395 000,00 €;160;Porto;Apartments
2776;T2;239 000,00 €;67.50;Lisboa;Apartments
2777;T3;385 000,00 €;131;Lisboa;Apartments
2779;T2;167 500,00 €;87;Porto;Apartments
278;T1;233 655,00 €;48.41;Porto;Apartments
2780;T4;770 000,00 €;168;Lisboa;Apartments
2781;T1;197 500,00 €;47;Porto;Apartments
2782;T2;179 000,00 €;75;Lisboa;Apartments
2783;T3;429 500,00 €;145;Set??bal;Apartments
2784;T2;139 999,00 €;60;Set??bal;Apartments
2785;T2;196 000,00 €;73.40;Set??bal;Apartments
2786;T4;319 000,00 €;138;Porto;Apartments
2787;T3;185 000,00 €;105.52;Set??bal;Apartments
2788;T2;440 000,00 €;94.50;Porto;Apartments
2789;T5;670 000,00 €;160;Lisboa;Apartments
279;T2;370 230,00 €;78.30;Porto;Apartments
2790;T3;221 000,00 €;105;Faro;Apartments
2791;T2;259 900,00 €;125;Braga;Apartments
2792;T3;420 000,00 €;113;Faro;Apartments
2793;T3;480 000,00 €;158;Porto;Apartments
2794;T2;360 000,00 €;91;Faro;Apartments
2795;T3;395 000,00 €;126.72;Faro;Apartments
2796;T2;285 000,00 €;65;Lisboa;Apartments
2797;T1;295 000,00 €;65;Braga;Apartments
2798;T3;145 000,00 €;120;Braga;Apartments
2799;T3;259 990,00 €;127;Porto;Apartments
28;T3;265 000,00 €;123;Aveiro;Apartments
280;T3;576 030,00 €;120.54;Porto;Apartments
2800;T2;245 000,00 €;77.50;Lisboa;Apartments
2801;T3;315 000,00 €;140;Braga;Apartments
2802;T3;299 250,00 €;140;Braga;Apartments
2803;T3;367 500,00 €;140;Braga;Apartments
2804;T3;294 000,00 €;140;Braga;Apartments
2805;T3;351 750,00 €;128;Braga;Apartments
2806;T3;304 500,00 €;128;Braga;Apartments
2807;T3;299 250,00 €;128;Braga;Apartments
2808;T3;275 000,00 €;133;Braga;Apartments
2809;T3;750 000,00 €;151;Porto;Apartments
281;T1;230 000,00 €;60;Porto;Apartments
2810;T2;195 000,00 €;76;Porto;Apartments
2811;T4;580 000,00 €;141;Porto;Apartments
2812;T4;890 000,00 €;232;Porto;Apartments
2813;T2;425 000,00 €;79;Porto;Apartments
2814;T4;900 000,00 €;168;Porto;Apartments
2815;T2;425 000,00 €;87;Porto;Apartments
2816;T3;495 000,00 €;123;Porto;Apartments
2817;T2;460 000,00 €;87;Porto;Apartments
2818;T2;164 900,00 €;63.30;Set??bal;Apartments
2819;T3;160 000,00 €;77;Set??bal;Apartments
282;T2;135 000,00 €;85.72;Coimbra;Apartments
2820;T1;179 500,00 €;66.50;Set??bal;Apartments
2821;T1;135 000,00 €;45;Porto;Apartments
2822;T3;545 000,00 €;128.70;Porto;Apartments
2823;T3;613 949,00 €;120;Porto;Apartments
2824;T4;685 000,00 €;188;Porto;Apartments
2825;T1;120 000,00 €;47;Porto;Apartments
2826;T1;120 000,00 €;46;Porto;Apartments
2827;T1;120 000,00 €;45;Porto;Apartments
2828;T2;187 500,00 €;89;Porto;Apartments
2829;T2;182 500,00 €;89;Porto;Apartments
283;T2;169 500,00 €;80;Set??bal;Apartments
2830;T2;185 000,00 €;89;Porto;Apartments
2831;T1;125 000,00 €;45;Porto;Apartments
2832;T3;690 692,00 €;144;Porto;Apartments
2833;T3;507 688,00 €;109;Porto;Apartments
2834;T3;570 264,00 €;117;Porto;Apartments
2835;T3;590 335,00 €;120;Porto;Apartments
2836;T3;662 356,00 €;130;Porto;Apartments
2837;T3;595 058,00 €;121;Porto;Apartments
2838;T2;368 369,00 €;80;Porto;Apartments
2839;T2;408 512,00 €;90;Porto;Apartments
284;T3;269 900,00 €;117.80;Porto;Apartments
2840;T3;689 512,00 €;144;Porto;Apartments
2841;T3;347 500,00 €;133;Porto;Apartments
2842;T3;499 000,00 €;124;Lisboa;Apartments
2843;T1;550 000,00 €;82;Lisboa;Apartments
2844;T3;359 000,00 €;164;Porto;Apartments
2845;T2;130 000,00 €;85;Coimbra;Apartments
2846;T2;170 000,00 €;82;Coimbra;Apartments
2847;T2;2 200 000,00 €;155;Lisboa;Apartments
2848;T3;1 790 000,00 €;186.35;Lisboa;Apartments
2849;T3;495 000,00 €;111;Lisboa;Apartments
285;T3;189 990,00 €;88.43;Set??bal;Apartments
2850;T2;186 500,00 €;72;Faro;Apartments
2851;T3;399 900,00 €;81;Lisboa;Apartments
2852;T3;140 000,00 €;116;Coimbra;Apartments
2853;T4;450 000,00 €;177;Lisboa;Apartments
2854;T1;120 000,00 €;66;Coimbra;Apartments
2855;T3;535 000,00 €;83;Lisboa;Apartments
2856;T2;119 000,00 €;83;Coimbra;Apartments
2857;T4;360 000,00 €;74;Lisboa;Apartments
2858;T1;120 000,00 €;66;Coimbra;Apartments
2859;T3;280 000,00 €;147;Set??bal;Apartments
286;T2;330 000,00 €;93;Porto;Apartments
2860;T3;260 000,00 €;96;Set??bal;Apartments
2861;T3;159 000,00 €;120;Coimbra;Apartments
2862;T3;239 900,00 €;101;Braga;Apartments
2863;T4;1 290 000,00 €;196;Lisboa;Apartments
2864;T3;295 000,00 €;100.80;Lisboa;Apartments
2865;T3;260 000,00 €;129;Set??bal;Apartments
2866;T3;632 839,00 €;130;Porto;Apartments
2867;T0;167 500,00 €;40;Porto;Apartments
2868;T2;159 900,00 €;95;Braga;Apartments
2869;T2;521 856,00 €;109;Porto;Apartments
287;T3;1 950 000,00 €;179;Porto;Apartments
2870;T2;312 000,00 €;78.47;Porto;Apartments
2871;T3;320 000,00 €;117.27;Coimbra;Apartments
2872;T3;327 500,00 €;80;Set??bal;Apartments
2873;T3;229 900,00 €;123;Porto;Apartments
2874;T1;305 000,00 €;102;Porto;Apartments
2875;T2;149 000,00 €;65;Set??bal;Apartments
2876;T2;302 500,00 €;68;Set??bal;Apartments
2877;T2;290 000,00 €;99.40;Faro;Apartments
2878;T3;596 000,00 €;90;Lisboa;Apartments
2879;T3;235 000,00 €;138.16;Set??bal;Apartments
2880;T2;195 000,00 €;77;Lisboa;Apartments
2881;T1;137 500,00 €;49;Lisboa;Apartments
2882;T2;297 500,00 €;68;Set??bal;Apartments
2883;T2;230 000,00 €;119;Porto;Apartments
2884;T2;212 500,00 €;105;Lisboa;Apartments
2885;T4;620 000,00 €;167.29;Porto;Apartments
2886;T2;294 000,00 €;92.66;Porto;Apartments
2887;T1;285 000,00 €;67.90;Faro;Apartments
2888;T3;135 000,00 €;96;Coimbra;Apartments
2889;T1;155 000,00 €;46;Faro;Apartments
289;T2;155 000,00 €;72.10;Faro;Apartments
2890;T3;275 000,00 €;120;Coimbra;Apartments
2891;T1;185 000,00 €;44;Aveiro;Apartments
2892;T3;690 000,00 €;129.40;Aveiro;Apartments
2893;T4;1 155 000,00 €;258;Aveiro;Apartments
2894;T2;950 000,00 €;118.72;Lisboa;Apartments
2895;T1;280 000,00 €;95;Faro;Apartments
2896;T3;510 000,00 €;139;Lisboa;Apartments
2897;T1;333 000,00 €;69.10;Lisboa;Apartments
2898;T2;435 000,00 €;112.80;Lisboa;Apartments
2899;T4;451 000,00 €;186.90;Porto;Apartments
29;T3;195 000,00 €;123;Aveiro;Apartments
290;T3;1 017 000,00 €;136;Porto;Apartments
2900;T2;120 000,00 €;84;Coimbra;Apartments
2901;T4;199 000,00 €;126;Leiria;Apartments
2902;T3;710 000,00 €;164;Lisboa;Apartments
2903;T3;196 000,00 €;80;Braga;Apartments
2904;T3;820 000,00 €;182.59;Porto;Apartments
2905;T1;215 000,00 €;83.50;Coimbra;Apartments
2906;T1;195 000,00 €;56;Aveiro;Apartments
2907;T2;148 000,00 €;80;Porto;Apartments
2908;T2;312 000,00 €;81.95;Porto;Apartments
291;T1;187 500,00 €;80;Porto;Apartments
2912;T2;463 680,00 €;110;Porto;Apartments
2913;T3;360 000,00 €;120.84;Set??bal;Apartments
2914;T1;322 560,00 €;77;Porto;Apartments
2915;T2;172 500,00 €;74;Lisboa;Apartments
2916;T1;195 000,00 €;72;Porto;Apartments
2917;T3;350 000,00 €;99;Porto;Apartments
2918;T4;252 500,00 €;130;Santar?©m;Apartments
2919;T2;265 000,00 €;59;Leiria;Apartments
292;T2;185 000,00 €;89;Aveiro;Apartments
2920;T3;875 490,00 €;179;Porto;Apartments
2921;T3;150 000,00 €;112;Coimbra;Apartments
2922;T2;195 000,00 €;49;Porto;Apartments
2923;T2;189 000,00 €;70;Lisboa;Apartments
2924;T2;305 000,00 €;102;Porto;Apartments
2925;T1;350 000,00 €;56;Porto;Apartments
2926;T2;189 000,00 €;111;Porto;Apartments
2927;T4;490 000,00 €;162;Porto;Apartments
2928;T1;205 000,00 €;72;Set??bal;Apartments
2929;T3;520 000,00 €;139;Lisboa;Apartments
293;T5;875 000,00 €;225;Porto;Apartments
2930;T2;360 000,00 €;93.80;Lisboa;Apartments
2931;T2;250 000,00 €;70;Faro;Apartments
2932;T3;950 000,00 €;138;Lisboa;Apartments
2934;T2;495 000,00 €;115;Porto;Apartments
2935;T4;1 600 000,00 €;302;Porto;Apartments
2936;T3;1 350 000,00 €;154;Porto;Apartments
2937;T2;215 000,00 €;75;Lisboa;Apartments
2938;T3;335 000,00 €;113.33;Aveiro;Apartments
2939;T3;225 000,00 €;141;Aveiro;Apartments
294;T2;188 000,00 €;94.60;Porto;Apartments
2940;T3;400 000,00 €;220;Santar?©m;Apartments
2941;T1;160 000,00 €;51.50;Coimbra;Apartments
2943;T2;349 900,00 €;95.90;Porto;Apartments
2944;T2;225 000,00 €;100;Coimbra;Apartments
2945;T2;189 000,00 €;70;Lisboa;Apartments
2946;T2;235 000,00 €;69;Lisboa;Apartments
2948;T4;457 000,00 €;201;Faro;Apartments
2949;T3;670 000,00 €;76;Lisboa;Apartments
295;T3;1 950 000,00 €;179;Porto;Apartments
2950;T1;475 000,00 €;59.50;Lisboa;Apartments
2951;T2;219 000,00 €;83;Porto;Apartments
2952;T3;289 000,00 €;146;Aveiro;Apartments
2953;T3;450 000,00 €;168;Porto;Apartments
2954;T3;131 250,00 €;62;Set??bal;Apartments
2955;T3;285 000,00 €;131;Porto;Apartments
2956;T2;365 000,00 €;110;Porto;Apartments
2957;T0;189 500,00 €;30;Porto;Apartments
2958;T2;475 000,00 €;60;Lisboa;Apartments
2959;T4;289 000,00 €;172;Porto;Apartments
296;T2;239 000,00 €;124;Porto;Apartments
2960;T3;160 000,00 €;81.50;Santar?©m;Apartments
2961;T1;245 000,00 €;60;Lisboa;Apartments
2962;T3;199 000,00 €;97;Porto;Apartments
2963;T4;395 000,00 €;133.32;Set??bal;Apartments
2964;T4;372 000,00 €;121.93;Set??bal;Apartments
2965;T4;705 000,00 €;171;Porto;Apartments
2966;T1;230 000,00 €;75;Porto;Apartments
2967;T2;349 000,00 €;75;Lisboa;Apartments
2968;T2;205 000,00 €;114;Leiria;Apartments
2969;T3;225 000,00 €;120;Leiria;Apartments
297;T2;330 000,00 €;95;Porto;Apartments
2970;T3;225 000,00 €;126;Leiria;Apartments
2971;T3;215 000,00 €;126;Leiria;Apartments
2972;T3;215 000,00 €;125;Leiria;Apartments
2973;T3;205 000,00 €;115;Leiria;Apartments
2974;T5;450 000,00 €;245;Porto;Apartments
2975;T3;365 000,00 €;141;Porto;Apartments
2976;T3;312 500,00 €;102;Set??bal;Apartments
2977;T3;312 500,00 €;102;Set??bal;Apartments
2978;T2;275 000,00 €;128.50;Coimbra;Apartments
2979;T3;320 000,00 €;110;Set??bal;Apartments
2980;T4;459 000,00 €;193;Porto;Apartments
2981;T3;435 000,00 €;192;Ilha de S?£o Miguel;Apartments
2982;T2;315 000,00 €;50;Lisboa;Apartments
2983;T1;250 000,00 €;50;Lisboa;Apartments
2984;T2;280 000,00 €;50;Lisboa;Apartments
2985;T1;280 000,00 €;50;Lisboa;Apartments
2986;T2;299 000,00 €;50;Lisboa;Apartments
2987;T2;189 000,00 €;108;Porto;Apartments
2988;T3;180 000,00 €;105;Coimbra;Apartments
2989;T3;1 050 000,00 €;130;Lisboa;Apartments
299;T3;249 000,00 €;173;Porto;Apartments
2990;T3;210 000,00 €;109;Porto;Apartments
2991;T4;390 000,00 €;165;Porto;Apartments
2992;T2;250 000,00 €;52;Leiria;Apartments
2993;T1;179 000,00 €;56.50;Porto;Apartments
2994;T2;225 000,00 €;60.75;Leiria;Apartments
2995;T2;225 000,00 €;84.60;Porto;Apartments
2996;T3;158 000,00 €;108;Leiria;Apartments
2997;T3;295 000,00 €;140;Leiria;Apartments
2998;T3;365 000,00 €;164;Leiria;Apartments
2999;T3;290 000,00 €;140;Leiria;Apartments
3;T2;219 000,00 €;90;Aveiro;Apartments
30;T2;195 000,00 €;78;Porto;Apartments
300;T2;175 000,00 €;85;Porto;Apartments
3000;T3;255 000,00 €;110;Porto;Apartments
3001;T2;185 000,00 €;84;Coimbra;Apartments
3002;T2;160 000,00 €;85;Coimbra;Apartments
3003;T4;347 000,00 €;114;Lisboa;Apartments
3004;T6;590 000,00 €;127;Lisboa;Apartments
3005;T3;320 000,00 €;165;Porto;Apartments
3006;T2;350 000,00 €;101;Porto;Apartments
3007;T3;350 000,00 €;90;Lisboa;Apartments
3008;T2;280 000,00 €;79.75;Faro;Apartments
3009;T1;215 000,00 €;52;Porto;Apartments
301;T3;270 000,00 €;173;Porto;Apartments
3010;T2;365 000,00 €;90.30;Faro;Apartments
3011;T2;495 000,00 €;104;Lisboa;Apartments
3012;T3;235 000,00 €;135;Aveiro;Apartments
3013;T3;374 000,00 €;124;Lisboa;Apartments
3014;T2;160 000,00 €;105.15;Leiria;Apartments
3015;T4;325 000,00 €;128;Lisboa;Apartments
3016;T2;167 500,00 €;94;Porto;Apartments
3017;T3;229 900,00 €;123;Porto;Apartments
3018;T0;215 000,00 €;40;Faro;Apartments
3019;T2;245 000,00 €;80;Lisboa;Apartments
302;T5;875 000,00 €;225;Porto;Apartments
3020;T4;150 000,00 €;148;Viana do Castelo;Apartments
3021;T3;196 000,00 €;71;Set??bal;Apartments
3022;T7;1 500 000,00 €;292;Lisboa;Apartments
3023;T1;199 000,00 €;52;Braga;Apartments
3024;T3;420 000,00 €;128;Braga;Apartments
3025;T1;180 000,00 €;82;Porto;Apartments
3026;T2;295 000,00 €;98;Braga;Apartments
3027;T3;169 000,00 €;103;Aveiro;Apartments
3028;T2;280 000,00 €;121;Porto;Apartments
3029;T3;550 000,00 €;84.87;Lisboa;Apartments
303;T3;285 000,00 €;127;Porto;Apartments
3030;T3;398 500,00 €;87;Lisboa;Apartments
3031;T2;270 000,00 €;66;Porto;Apartments
3032;T2;299 000,00 €;73;Porto;Apartments
3033;T1;149 000,00 €;52;Faro;Apartments
3034;T3;1 250 000,00 €;118;Lisboa;Apartments
3035;T0;228 000,00 €;30;Faro;Apartments
3036;T3;295 000,00 €;81;Set??bal;Apartments
3037;T3;355 000,00 €;114;Porto;Apartments
3038;T2;249 000,00 €;123;Braga;Apartments
3039;T3;299 000,00 €;128;Faro;Apartments
304;T1;320 000,00 €;54;Faro;Apartments
3040;T3;297 000,00 €;112;Porto;Apartments
3041;T3;287 000,00 €;116;Porto;Apartments
3043;T3;198 000,00 €;97;Porto;Apartments
3044;T3;139 900,00 €;132;Coimbra;Apartments
3045;T2;159 900,00 €;105.30;Leiria;Apartments
3046;T1;210 000,00 €;55.03;Aveiro;Apartments
3047;T3;320 000,00 €;131.20;Porto;Apartments
3048;T3;278 000,00 €;96;Porto;Apartments
3049;T3;180 000,00 €;77;Porto;Apartments
305;T2;197 500,00 €;67;Set??bal;Apartments
3050;T3;119 000,00 €;85;Coimbra;Apartments
3051;T3;319 500,00 €;144.90;Porto;Apartments
3052;T3;219 000,00 €;107;Viana do Castelo;Apartments
3053;T1;245 000,00 €;58;Set??bal;Apartments
3054;T2;347 000,00 €;88;Set??bal;Apartments
3055;T2;355 000,00 €;96;Set??bal;Apartments
3056;T3;449 000,00 €;140;Set??bal;Apartments
3057;T2;350 000,00 €;85;Set??bal;Apartments
3058;T2;410 000,00 €;107;Set??bal;Apartments
3059;T2;398 000,00 €;103;Set??bal;Apartments
306;T3;540 000,00 €;104.50;Porto;Apartments
3060;T2;356 000,00 €;91;Set??bal;Apartments
3061;T3;457 000,00 €;136;Set??bal;Apartments
3062;T1;255 000,00 €;58;Set??bal;Apartments
3063;T5;199 900,00 €;241;Braga;Apartments
3064;T2;625 000,00 €;100;Lisboa;Apartments
3065;T3;410 000,00 €;120;Lisboa;Apartments
3066;T3;174 900,00 €;111;Braga;Apartments
3067;T2;413 400,00 €;100.48;Faro;Apartments
3068;T2;390 000,00 €;122.85;Faro;Apartments
3069;T1;185 000,00 €;13.50;Ilha da Madeira;Apartments
307;T2;307 500,00 €;142;Porto;Apartments
3072;T3;330 000,00 €;155;Porto;Apartments
3073;T5;339 000,00 €;213;Porto;Apartments
3074;T1;139 000,00 €;54;Set??bal;Apartments
3075;T2;262 500,00 €;125;Ilha de S?£o Miguel;Apartments
3076;T2;324 000,00 €;118.55;Faro;Apartments
3077;T3;200 000,00 €;135;Porto;Apartments
3078;T1;195 000,00 €;35;Lisboa;Apartments
3079;T4;465 000,00 €;156.71;Lisboa;Apartments
308;T1;260 000,00 €;69;Faro;Apartments
3080;T3;595 000,00 €;140;Porto;Apartments
3081;T4;837 500,00 €;181.50;Lisboa;Apartments
3082;T2;176 720,00 €;67.79;Set??bal;Apartments
3083;T2;215 000,00 €;89;Coimbra;Apartments
3084;T4;849 000,00 €;154;Lisboa;Apartments
3086;T2;174 900,00 €;91.40;Porto;Apartments
3088;T3;228 000,00 €;123;Porto;Apartments
309;T3;545 000,00 €;114;Lisboa;Apartments
3091;T2;220 000,00 €;89;Porto;Apartments
3092;T3;730 000,00 €;155;Lisboa;Apartments
3093;T2;450 000,00 €;76.90;Faro;Apartments
3094;T3;287 000,00 €;116;Porto;Apartments
3095;T2;350 000,00 €;65;Lisboa;Apartments
3096;T4;375 000,00 €;168;Set??bal;Apartments
3098;T1;220 000,00 €;75;Faro;Apartments
31;T1;130 000,00 €;50;Aveiro;Apartments
310;T1;310 000,00 €;57;Braga;Apartments
3100;T4;349 000,00 €;114;Set??bal;Apartments
3101;T4;375 000,00 €;231;Leiria;Apartments
3102;T2;185 000,00 €;125;Leiria;Apartments
3103;T3;385 000,00 €;184;Leiria;Apartments
3104;T3;730 000,00 €;96;Lisboa;Apartments
3105;T3;837 000,00 €;133;Lisboa;Apartments
3106;T1;250 000,00 €;43;Faro;Apartments
3107;T2;128 000,00 €;70;Coimbra;Apartments
3108;T2;200 000,00 €;89;Coimbra;Apartments
3109;T4;350 000,00 €;151;Porto;Apartments
311;T2;695 000,00 €;99;Lisboa;Apartments
3110;T3;819 000,00 €;133;Porto;Apartments
3111;T3;429 000,00 €;126;Lisboa;Apartments
3112;T2;140 000,00 €;75;Porto;Apartments
3113;T0;248 000,00 €;39;Porto;Apartments
3114;T3;620 000,00 €;172;Porto;Apartments
3115;T3;850 000,00 €;166.74;Porto;Apartments
3116;T2;599 000,00 €;84.97;Lisboa;Apartments
3117;T3;235 000,00 €;115;Braga;Apartments
3118;T4;515 000,00 €;202;Braga;Apartments
312;T0;329 000,00 €;211.15;Aveiro;Apartments
3120;T3;225 000,00 €;111;Braga;Apartments
3121;T2;230 000,00 €;102;Braga;Apartments
3122;T3;230 000,00 €;123;Braga;Apartments
3123;T3;220 000,00 €;111;Braga;Apartments
3124;T3;275 000,00 €;111;Braga;Apartments
3125;T3;210 000,00 €;116;Braga;Apartments
3126;T2;200 000,00 €;86;Braga;Apartments
3127;T3;225 000,00 €;117;Braga;Apartments
3128;T2;210 000,00 €;106;Braga;Apartments
3129;T2;205 000,00 €;96;Braga;Apartments
3130;T2;220 000,00 €;93;Braga;Apartments
3131;T3;220 000,00 €;116;Braga;Apartments
3133;T3;240 000,00 €;117;Braga;Apartments
3134;T2;495 000,00 €;98;Porto;Apartments
3135;T3;256 000,00 €;105;Porto;Apartments
3136;T4;990 000,00 €;179;Lisboa;Apartments
3137;T4;270 000,00 €;143;Coimbra;Apartments
3138;T2;348 000,00 €;70;Lisboa;Apartments
3139;T2;195 000,00 €;91;Aveiro;Apartments
314;T4;665 000,00 €;168.41;Porto;Apartments
3140;T2;189 500,00 €;72;Lisboa;Apartments
3141;T3;275 000,00 €;94;Porto;Apartments
3142;T2;545 000,00 €;97.60;Porto;Apartments
3143;T5;459 500,00 €;140;Porto;Apartments
3144;T2;357 500,00 €;79;Set??bal;Apartments
3145;T3;698 000,00 €;117.35;Lisboa;Apartments
3147;T4;195 000,00 €;140;Coimbra;Apartments
3148;T3;145 000,00 €;69.75;Santar?©m;Apartments
3149;T3;319 900,00 €;108;Set??bal;Apartments
315;T3;480 000,00 €;128.31;Porto;Apartments
3150;T3;885 000,00 €;122;Lisboa;Apartments
3151;T2;280 000,00 €;71.85;Leiria;Apartments
3152;T2;214 900,00 €;88.70;Porto;Apartments
3153;T2;280 000,00 €;71.85;Leiria;Apartments
3154;T2;280 000,00 €;71.85;Leiria;Apartments
3155;T2;188 500,00 €;101;Porto;Apartments
3156;T4;330 000,00 €;171.10;Porto;Apartments
3157;T4;1 495 000,00 €;172.80;Porto;Apartments
3158;T3;294 500,00 €;124.50;Coimbra;Apartments
3159;T2;399 000,00 €;89;Lisboa;Apartments
316;T1;207 000,00 €;56;Porto;Apartments
3160;T1;229 000,00 €;54;Lisboa;Apartments
3161;T2;259 800,00 €;70;Lisboa;Apartments
3162;T3;225 000,00 €;94;Set??bal;Apartments
3163;T2;175 000,00 €;66;Lisboa;Apartments
3164;T2;199 000,00 €;92;Set??bal;Apartments
3165;T3;465 000,00 €;120;Lisboa;Apartments
3166;T2;325 000,00 €;80;Porto;Apartments
3167;T2;250 000,00 €;125;Lisboa;Apartments
3168;T1;140 500,00 €;33;Lisboa;Apartments
3169;T3;179 990,00 €;95;Braga;Apartments
317;T2;310 000,00 €;81.42;Porto;Apartments
3170;T3;234 000,00 €;114;Set??bal;Apartments
3171;T0;360 500,00 €;38.60;Set??bal;Apartments
3172;T4;3 064 250,00 €;165.16;Set??bal;Apartments
3173;T1;379 000,00 €;52;Lisboa;Apartments
3174;T2;170 000,00 €;66.99;Lisboa;Apartments
3175;T3;400 000,00 €;148;Porto;Apartments
3176;T3;409 000,00 €;112.39;Porto;Apartments
3177;T1;130 000,00 €;44;Lisboa;Apartments
3178;T4;257 500,00 €;79;Set??bal;Apartments
3179;T4;370 000,00 €;121.93;Set??bal;Apartments
318;T3;360 000,00 €;116;Lisboa;Apartments
3181;T1;137 500,00 €;45;Lisboa;Apartments
3182;T4;970 000,00 €;231.40;Lisboa;Apartments
3183;T2;146 200,00 €;55;Set??bal;Apartments
3184;T2;356 000,00 €;91;Set??bal;Apartments
3185;T3;375 000,00 €;125;Set??bal;Apartments
3186;T2;850 000,00 €;83;Faro;Apartments
3187;T3;750 000,00 €;151;Porto;Apartments
3188;T2;425 000,00 €;87;Porto;Apartments
3189;T1;289 900,00 €;38;Lisboa;Apartments
319;T2;189 500,00 €;86.60;Porto;Apartments
3190;T1;255 000,00 €;58;Set??bal;Apartments
3191;T2;347 000,00 €;88;Set??bal;Apartments
3192;T2;355 000,00 €;96;Set??bal;Apartments
3193;T3;457 000,00 €;136;Set??bal;Apartments
3194;T3;449 000,00 €;140;Set??bal;Apartments
3195;T2;350 000,00 €;85;Set??bal;Apartments
3196;T2;410 000,00 €;107;Set??bal;Apartments
3197;T2;398 000,00 €;103;Set??bal;Apartments
3198;T1;180 000,00 €;48;Leiria;Apartments
3199;T3;394 000,00 €;140;Set??bal;Apartments
32;T3;972 400,00 €;146;Faro;Apartments
320;T2;119 900,00 €;67;Leiria;Apartments
3200;T3;750 000,00 €;154;Set??bal;Apartments
3201;T3;471 000,00 €;136;Set??bal;Apartments
3202;T2;388 000,00 €;107;Set??bal;Apartments
3203;T2;358 000,00 €;88;Set??bal;Apartments
3204;T3;471 000,00 €;140;Set??bal;Apartments
3205;T3;648 000,00 €;136;Set??bal;Apartments
3206;T1;137 500,00 €;54.03;Set??bal;Apartments
3207;T4;1 490 000,00 €;281;Lisboa;Apartments
3208;T2;186 000,00 €;73;Set??bal;Apartments
3209;T2;212 500,00 €;89;Lisboa;Apartments
321;T1;189 000,00 €;51.50;Porto;Apartments
3210;T2;475 000,00 €;120;Set??bal;Apartments
3211;T4;395 000,00 €;121.93;Set??bal;Apartments
3212;T4;375 000,00 €;121.93;Set??bal;Apartments
3213;T4;460 000,00 €;148;Lisboa;Apartments
3214;T4;900 000,00 €;168;Porto;Apartments
3215;T2;425 000,00 €;79;Porto;Apartments
3216;T2;220 000,00 €;114;Porto;Apartments
3217;T2;295 000,00 €;99.40;Faro;Apartments
3218;T2;205 000,00 €;109;Porto;Apartments
3219;T1;185 000,00 €;71;Porto;Apartments
322;T4;425 000,00 €;174;Porto;Apartments
3220;T1;289 900,00 €;40;Lisboa;Apartments
3221;T2;85 000,00 €;104;Bragan?ßa;Apartments
3222;T3;240 000,00 €;110;Aveiro;Apartments
3223;T4;900 000,00 €;246.81;Faro;Apartments
3224;T2;240 000,00 €;117;Aveiro;Apartments
3226;T2;285 000,00 €;99.40;Faro;Apartments
3227;T3;212 500,00 €;89;Set??bal;Apartments
3228;T2;247 000,00 €;78;Porto;Apartments
3229;T2;307 900,00 €;96;Porto;Apartments
323;T1;266 010,00 €;64;Porto;Apartments
3230;T3;259 500,00 €;111;Leiria;Apartments
3231;T2;383 000,00 €;95.50;Faro;Apartments
3232;T3;249 900,00 €;110;Braga;Apartments
3233;T1;150 000,00 €;40;Porto;Apartments
3234;T4;455 000,00 €;148.84;Set??bal;Apartments
3235;T3;505 000,00 €;113.84;Set??bal;Apartments
3236;T3;1 700 000,00 €;147;Faro;Apartments
3237;T2;460 000,00 €;87;Porto;Apartments
3238;T3;495 000,00 €;123;Porto;Apartments
3239;T3;545 000,00 €;128.70;Porto;Apartments
324;T1;225 000,00 €;48;Aveiro;Apartments
3240;T4;685 000,00 €;188;Porto;Apartments
3241;T4;725 000,00 €;189;Porto;Apartments
3242;T3;225 000,00 €;94;Set??bal;Apartments
3243;T2;189 500,00 €;61;Lisboa;Apartments
3246;T2;159 900,00 €;91;Braga;Apartments
3248;T3;159 900,00 €;153;Braga;Apartments
3249;T3;515 000,00 €;120;Set??bal;Apartments
325;T2;365 000,00 €;77;Porto;Apartments
3250;T3;625 000,00 €;173;Lisboa;Apartments
3251;T3;396 000,00 €;123.10;Porto;Apartments
3252;T3;330 596,00 €;108.03;Porto;Apartments
3254;T3;770 000,00 €;118;Lisboa;Apartments
3255;T3;230 000,00 €;101;Set??bal;Apartments
3256;T4;349 000,00 €;187;Aveiro;Apartments
3257;T4;199 990,00 €;80.65;Lisboa;Apartments
3258;T2;320 000,00 €;69;Porto;Apartments
3259;T4;385 000,00 €;128;Lisboa;Apartments
326;T2;320 000,00 €;77;Aveiro;Apartments
3260;T5;875 000,00 €;225;Porto;Apartments
3261;T4;385 000,00 €;151;Braga;Apartments
3262;T3;400 000,00 €;117;Porto;Apartments
3263;T2;375 000,00 €;208.80;Porto;Apartments
3264;T2;280 000,00 €;101;Aveiro;Apartments
3265;T1;199 000,00 €;76;Faro;Apartments
3266;T3;279 000,00 €;116;Porto;Apartments
3267;T1;225 000,00 €;33.72;Leiria;Apartments
3268;T1;225 000,00 €;35.02;Leiria;Apartments
3269;T3;378 000,00 €;128;Set??bal;Apartments
327;T4;950 000,00 €;202;Lisboa;Apartments
3270;T3;310 000,00 €;145;Set??bal;Apartments
3271;T3;490 000,00 €;124;Set??bal;Apartments
3272;T3;199 000,00 €;116;Braga;Apartments
3273;T1;228 500,00 €;52.70;Porto;Apartments
3274;T3;159 500,00 €;100;Leiria;Apartments
3275;T2;140 000,00 €;114;Viana do Castelo;Apartments
3276;T3;265 000,00 €;66;Porto;Apartments
3277;T3;350 000,00 €;80;Lisboa;Apartments
3278;T1;185 000,00 €;79;Lisboa;Apartments
3279;T2;185 000,00 €;64;Lisboa;Apartments
328;T3;450 000,00 €;129;Porto;Apartments
3280;T4;287 000,00 €;120;Lisboa;Apartments
3281;T2;259 900,00 €;68;Set??bal;Apartments
3282;T1;421 000,00 €;56;Lisboa;Apartments
3283;T1;260 000,00 €;62;Faro;Apartments
3284;T3;285 000,00 €;98;Lisboa;Apartments
3285;T1;295 900,00 €;52;Lisboa;Apartments
3286;T3;137 500,00 €;121;Santar?©m;Apartments
3287;T3;225 000,00 €;102;Apartamento para comprar: Castelo Branco;Apartments
3288;T3;470 000,00 €;92;Lisboa;Apartments
3289;T2;225 000,00 €;71;Aveiro;Apartments
329;T2;220 000,00 €;86;Faro;Apartments
3290;T3;540 000,00 €;139;Porto;Apartments
3291;T1;225 000,00 €;57.80;Porto;Apartments
3292;T2;320 000,00 €;87.50;Porto;Apartments
3293;T3;405 000,00 €;116;Aveiro;Apartments
3294;T3;325 000,00 €;115;Porto;Apartments
3296;T1;339 500,00 €;48;Lisboa;Apartments
3297;T3;955 000,00 €;134;Porto;Apartments
3298;T3;205 000,00 €;122;Set??bal;Apartments
33;T3;806 500,00 €;133.31;Faro;Apartments
330;T1;140 000,00 €;47;Coimbra;Apartments
3300;T2;325 375,00 €;88;Porto;Apartments
3301;T3;225 000,00 €;95;Set??bal;Apartments
3302;T4;1 190 000,00 €;180;Lisboa;Apartments
3303;T3;490 000,00 €;109;Lisboa;Apartments
3304;T3;420 000,00 €;142;Braga;Apartments
3306;T3;595 000,00 €;129.51;Faro;Apartments
3307;T3;450 000,00 €;149.10;Faro;Apartments
3308;T1;285 000,00 €;90;Faro;Apartments
3309;T2;495 000,00 €;216.25;Faro;Apartments
331;T2;198 000,00 €;90;Braga;Apartments
3310;T2;235 000,00 €;60;Porto;Apartments
3311;T3;445 000,00 €;155.90;Faro;Apartments
3312;T3;740 000,00 €;194.25;Set??bal;Apartments
3313;T3;945 000,00 €;304.40;Set??bal;Apartments
3314;T2;275 000,00 €;84.09;Lisboa;Apartments
3315;T3;430 000,00 €;150.50;Faro;Apartments
3316;T1;115 000,00 €;50;Leiria;Apartments
3317;T2;460 000,00 €;87;Porto;Apartments
3318;T2;340 000,00 €;95;Set??bal;Apartments
3319;T3;780 000,00 €;118;Lisboa;Apartments
332;T3;175 000,00 €;115;Braga;Apartments
3320;T0;215 000,00 €;39;Porto;Apartments
3321;T3;800 000,00 €;118;Lisboa;Apartments
3322;T3;810 000,00 €;118;Lisboa;Apartments
3323;T2;665 000,00 €;95;Lisboa;Apartments
3324;T3;495 000,00 €;123;Porto;Apartments
3325;T3;450 000,00 €;97;Lisboa;Apartments
3326;T3;809 000,00 €;154;Porto;Apartments
3327;T1;217 000,00 €;60;Porto;Apartments
3328;T2;248 500,00 €;92;Porto;Apartments
3329;T3;287 000,00 €;116;Porto;Apartments
333;T3;170 000,00 €;80.50;Braga;Apartments
3332;T3;545 000,00 €;102;Porto;Apartments
3333;T3;545 000,00 €;128.70;Porto;Apartments
3334;T3;235 000,00 €;117;Porto;Apartments
3335;T4;685 000,00 €;188;Porto;Apartments
3336;T2;355 000,00 €;103;Faro;Apartments
3337;T3;435 500,00 €;145;Set??bal;Apartments
3338;T3;385 000,00 €;127.48;Faro;Apartments
3339;T2;335 000,00 €;101.45;Faro;Apartments
334;T1;217 845,00 €;48.41;Porto;Apartments
3340;T4;225 000,00 €;125;Set??bal;Apartments
3341;T3;239 000,00 €;110;Set??bal;Apartments
3342;T3;1 140 000,00 €;198;Lisboa;Apartments
3344;T3;245 000,00 €;123;Porto;Apartments
3345;T5;264 900,00 €;180;Braga;Apartments
3346;T3;340 000,00 €;97;Lisboa;Apartments
3347;T3;289 000,00 €;200;Braga;Apartments
3348;T2;150 000,00 €;85;Coimbra;Apartments
3349;T3;725 000,00 €;134;Lisboa;Apartments
335;T1;217 845,00 €;48.41;Porto;Apartments
3350;T2;510 000,00 €;153;Porto;Apartments
3351;T3;209 000,00 €;118;Porto;Apartments
3352;T2;151 900,00 €;96;Braga;Apartments
3353;T3;310 000,00 €;106;Leiria;Apartments
3354;T3;269 000,00 €;106;Leiria;Apartments
3355;T3;249 000,00 €;136;Leiria;Apartments
3356;T2;695 000,00 €;124.60;Faro;Apartments
3357;T2;434 600,00 €;100.28;Faro;Apartments
3358;T2;424 000,00 €;100.28;Faro;Apartments
3359;T2;355 000,00 €;101.45;Faro;Apartments
336;T4;495 000,00 €;92.91;Lisboa;Apartments
3360;T3;510 000,00 €;120;Set??bal;Apartments
3361;T2;259 000,00 €;106;Set??bal;Apartments
3362;T3;380 000,00 €;115.57;Set??bal;Apartments
3363;T4;470 000,00 €;154.56;Set??bal;Apartments
3364;T3;450 000,00 €;125.08;Set??bal;Apartments
3365;T3;380 000,00 €;112.47;Set??bal;Apartments
3366;T3;375 000,00 €;125;Set??bal;Apartments
3367;T4;395 000,00 €;133.32;Set??bal;Apartments
3368;T4;370 000,00 €;121.93;Set??bal;Apartments
3369;T2;425 000,00 €;77;Faro;Apartments
337;T3;275 000,00 €;102;Lisboa;Apartments
3370;T2;520 000,00 €;75.30;Porto;Apartments
3371;T4;450 000,00 €;136;Faro;Apartments
3372;T4;330 000,00 €;128;Faro;Apartments
3373;T4;725 000,00 €;189;Porto;Apartments
3374;T3;310 000,00 €;114;Braga;Apartments
3375;T3;305 000,00 €;117;Braga;Apartments
3376;T2;231 000,00 €;105;Braga;Apartments
3377;T3;289 000,00 €;119;Braga;Apartments
3378;T2;237 000,00 €;93;Braga;Apartments
3379;T2;226 000,00 €;94;Braga;Apartments
338;T3;695 000,00 €;158;Coimbra;Apartments
3380;T3;289 000,00 €;120;Braga;Apartments
3381;T2;221 000,00 €;105;Braga;Apartments
3382;T3;300 000,00 €;115;Braga;Apartments
3383;T3;300 000,00 €;117;Braga;Apartments
3384;T3;252 000,00 €;129;Braga;Apartments
3385;T2;221 000,00 €;105;Braga;Apartments
3386;T3;300 000,00 €;115;Braga;Apartments
3387;T3;300 000,00 €;117;Braga;Apartments
3388;T3;252 000,00 €;129;Braga;Apartments
3389;T1;350 000,00 €;74;Porto;Apartments
339;T4;1 680 000,00 €;201;Lisboa;Apartments
3390;T2;455 000,00 €;98;Porto;Apartments
3391;T3;425 000,00 €;126;Lisboa;Apartments
3392;T2;310 900,00 €;96;Porto;Apartments
3393;T3;429 000,00 €;168;Set??bal;Apartments
3394;T2;429 900,00 €;50;Lisboa;Apartments
3395;T1;399 900,00 €;43;Lisboa;Apartments
3396;T3;985 000,00 €;160;Lisboa;Apartments
3397;T3;299 000,00 €;108;Lisboa;Apartments
3398;T1;349 900,00 €;43;Lisboa;Apartments
3399;T2;595 000,00 €;98.50;Faro;Apartments
34;T3;929 500,00 €;151.91;Faro;Apartments
340;T4;680 000,00 €;170.50;Lisboa;Apartments
3400;T2;585 000,00 €;94.30;Faro;Apartments
3401;T2;565 000,00 €;90.60;Faro;Apartments
3402;T1;170 000,00 €;48;Faro;Apartments
3403;T4;1 200 000,00 €;192;Lisboa;Apartments
3404;T1;399 900,00 €;44;Lisboa;Apartments
3405;T3;309 500,00 €;95;Set??bal;Apartments
3406;T3;129 500,00 €;109;Santar?©m;Apartments
3407;T3;641 900,00 €;131;Lisboa;Apartments
3408;T5;1 100 000,00 €;261;Lisboa;Apartments
3409;T4;2 500 000,00 €;550.94;Ilha da Madeira;Apartments
3411;T1;180 000,00 €;50;Coimbra;Apartments
3412;T3;320 000,00 €;148;Porto;Apartments
3413;T2;195 000,00 €;91;Porto;Apartments
3414;T4;350 000,00 €;151.30;Porto;Apartments
3415;T4;675 000,00 €;175;Lisboa;Apartments
3416;T0;149 900,00 €;34;Faro;Apartments
3417;T1;310 000,00 €;60.60;Lisboa;Apartments
3418;T2;290 000,00 €;78.60;Faro;Apartments
3419;T3;485 000,00 €;187;Set??bal;Apartments
342;T4;2 500 000,00 €;286;Lisboa;Apartments
3420;T3;465 000,00 €;169;Set??bal;Apartments
3421;T3;370 000,00 €;125;Set??bal;Apartments
3422;T3;365 000,00 €;125;Set??bal;Apartments
3423;T3;360 000,00 €;125;Set??bal;Apartments
3424;T3;189 000,00 €;105;Porto;Apartments
3425;T2;249 417,00 €;79;Porto;Apartments
3426;T3;775 000,00 €;100;Lisboa;Apartments
3427;T3;270 000,00 €;99.20;Leiria;Apartments
3428;T1;349 500,00 €;63.40;Faro;Apartments
3429;T2;230 000,00 €;53;Porto;Apartments
343;T2;1 150 000,00 €;154;Lisboa;Apartments
3430;T2;290 000,00 €;85;Set??bal;Apartments
3431;T3;340 000,00 €;100;Set??bal;Apartments
3432;T3;335 000,00 €;100;Set??bal;Apartments
3433;T3;365 000,00 €;100;Set??bal;Apartments
3434;T3;385 000,00 €;136;Set??bal;Apartments
3435;T3;345 000,00 €;100;Set??bal;Apartments
3436;T2;225 000,00 €;87;Porto;Apartments
3437;T3;275 000,00 €;72.75;Lisboa;Apartments
3438;T3;370 000,00 €;109.80;Aveiro;Apartments
3439;T3;795 000,00 €;130;Lisboa;Apartments
344;T5;595 000,00 €;139;Lisboa;Apartments
3440;T3;255 000,00 €;96;Lisboa;Apartments
3441;T3;304 500,00 €;136.70;Faro;Apartments
3442;T3;300 000,00 €;135.75;Faro;Apartments
3444;T3;217 500,00 €;156;Set??bal;Apartments
3445;T3;179 900,00 €;125;Braga;Apartments
3446;T3;445 000,00 €;113;Lisboa;Apartments
3447;T3;265 000,00 €;100;Set??bal;Apartments
3448;T3;135 000,00 €;104;Santar?©m;Apartments
3450;T3;509 000,00 €;91;Lisboa;Apartments
3451;T2;325 000,00 €;92;Porto;Apartments
3452;T1;255 000,00 €;63.75;Porto;Apartments
3453;T2;295 000,00 €;81;Porto;Apartments
3454;T2;755 000,00 €;121.20;Lisboa;Apartments
3455;T4;165 000,00 €;138;Aveiro;Apartments
3456;T4;2 100 000,00 €;251.01;Porto;Apartments
3457;T2;227 500,00 €;48;Porto;Apartments
3458;T4;2 250 000,00 €;400;Porto;Apartments
3459;T3;595 000,00 €;152;Lisboa;Apartments
346;T2;1 300 000,00 €;131;Lisboa;Apartments
3460;T2;165 000,00 €;65.02;Set??bal;Apartments
3461;T3;169 000,00 €;110;Coimbra;Apartments
3462;T4;555 000,00 €;159;Porto;Apartments
3463;T5;349 900,00 €;145;Set??bal;Apartments
3464;T2;130 000,00 €;78.80;Set??bal;Apartments
3465;T4;550 000,00 €;223;Set??bal;Apartments
3466;T3;252 500,00 €;124;Porto;Apartments
3467;T3;400 000,00 €;145;Porto;Apartments
3468;T4;780 000,00 €;209;Porto;Apartments
3469;T3;370 000,00 €;109.80;Aveiro;Apartments
347;T4;1 890 000,00 €;200;Lisboa;Apartments
3470;T0;175 000,00 €;28;Porto;Apartments
3471;T3;585 000,00 €;147.50;Aveiro;Apartments
3472;T1;125 500,00 €;40;Porto;Apartments
3473;T2;170 000,00 €;55;Lisboa;Apartments
3474;T4;2 100 000,00 €;311;Lisboa;Apartments
3475;T0;205 000,00 €;39;Faro;Apartments
3476;T2;289 900,00 €;86;Porto;Apartments
3477;T4;357 500,00 €;124;Set??bal;Apartments
3478;T3;315 000,00 €;125;Set??bal;Apartments
3479;T2;237 000,00 €;86;Set??bal;Apartments
348;T3;1 490 000,00 €;142;Lisboa;Apartments
3480;T1;212 000,00 €;77;Set??bal;Apartments
3481;T1;212 000,00 €;77;Set??bal;Apartments
3482;T1;255 000,00 €;79;Coimbra;Apartments
3483;T1;205 000,00 €;50;Coimbra;Apartments
3484;T4;950 000,00 €;175;Aveiro;Apartments
3485;T3;1 395 000,00 €;162;Lisboa;Apartments
3486;T0;299 900,00 €;63;Lisboa;Apartments
3487;T2;115 000,00 €;69.75;Set??bal;Apartments
3488;T2;250 000,00 €;76.20;Porto;Apartments
3489;T2;179 900,00 €;88.30;Aveiro;Apartments
349;T3;890 000,00 €;138;Lisboa;Apartments
3490;T3;119 500,00 €;110;Santar?©m;Apartments
3491;T3;490 000,00 €;151;Porto;Apartments
3492;T3;220 000,00 €;91;Porto;Apartments
3493;T3;330 000,00 €;137;Porto;Apartments
3494;T2;310 000,00 €;78.30;Porto;Apartments
3495;T2;480 000,00 €;105;Porto;Apartments
3496;T2;205 000,00 €;84;Porto;Apartments
3497;T1;149 500,00 €;39;Leiria;Apartments
3498;T2;499 000,00 €;122;Porto;Apartments
3499;T3;299 900,00 €;160;Braga;Apartments
35;T4;1 845 000,00 €;298.10;Faro;Apartments
350;T2;2 200 000,00 €;122;Lisboa;Apartments
3500;T3;218 500,00 €;110;Lisboa;Apartments
3501;T2;260 000,00 €;114.90;Porto;Apartments
3502;T2;388 000,00 €;107.87;Set??bal;Apartments
3503;T2;245 000,00 €;76;Porto;Apartments
3504;T3;162 000,00 €;90;Porto;Apartments
3505;T2;245 000,00 €;76;Porto;Apartments
3506;T3;249 900,00 €;110;Braga;Apartments
3507;T2;239 900,00 €;72;Porto;Apartments
3508;T3;297 500,00 €;115;Braga;Apartments
3509;T4;599 000,00 €;146;Lisboa;Apartments
351;T2;935 000,00 €;118;Lisboa;Apartments
3510;T2;320 000,00 €;60;Lisboa;Apartments
3511;T4;330 000,00 €;111.42;Faro;Apartments
3512;T4;450 000,00 €;135.92;Faro;Apartments
3513;T5;576 000,00 €;231.70;Porto;Apartments
3514;T3;279 500,00 €;74;Porto;Apartments
3515;T1;330 000,00 €;66;Porto;Apartments
3516;T3;322 592,00 €;87.05;Porto;Apartments
3517;T2;370 000,00 €;110.01;Porto;Apartments
3519;T2;164 900,00 €;71;Set??bal;Apartments
352;T1;119 000,00 €;36;Set??bal;Apartments
3520;T2;214 990,00 €;84;Braga;Apartments
3522;T4;995 000,00 €;273;Porto;Apartments
3523;T2;270 000,00 €;69;Porto;Apartments
3524;T3;2 490 000,00 €;157.10;Lisboa;Apartments
3525;T3;375 000,00 €;115;Porto;Apartments
3526;T2;265 000,00 €;78;Porto;Apartments
3528;T2;270 000,00 €;76.40;Coimbra;Apartments
3529;T2;119 000,00 €;106.35;Porto;Apartments
3530;T3;135 000,00 €;141.10;Porto;Apartments
3531;T4;510 000,00 €;167;Faro;Apartments
3532;T2;568 900,00 €;224.08;Faro;Apartments
3533;T2;370 000,00 €;156;Faro;Apartments
3534;T3;399 000,00 €;142.50;Faro;Apartments
3535;T3;249 000,00 €;116;Lisboa;Apartments
3536;T3;340 000,00 €;117.65;Porto;Apartments
3537;T3;325 000,00 €;117.20;Porto;Apartments
3538;T2;250 000,00 €;60;Lisboa;Apartments
354;T2;210 000,00 €;80;Lisboa;Apartments
3540;T1;740 000,00 €;78;Lisboa;Apartments
3541;T2;199 000,00 €;80;Porto;Apartments
3543;T3;129 000,00 €;105;Coimbra;Apartments
3544;T1;265 000,00 €;49;Porto;Apartments
3545;T1;255 000,00 €;58;Porto;Apartments
3546;T4;1 550 000,00 €;214;Lisboa;Apartments
3547;T3;715 000,00 €;143;Lisboa;Apartments
3548;T2;535 000,00 €;94;Lisboa;Apartments
3549;T3;735 000,00 €;143;Lisboa;Apartments
355;T1;249 000,00 €;39;Lisboa;Apartments
3550;T3;732 000,00 €;137;Lisboa;Apartments
3551;T3;740 000,00 €;136;Lisboa;Apartments
3552;T4;895 000,00 €;177;Lisboa;Apartments
3553;T4;895 000,00 €;177;Lisboa;Apartments
3554;T3;775 000,00 €;137;Lisboa;Apartments
3555;T4;925 000,00 €;177;Lisboa;Apartments
3556;T3;875 000,00 €;157;Lisboa;Apartments
3557;T3;720 000,00 €;136;Lisboa;Apartments
3558;T3;690 000,00 €;136;Lisboa;Apartments
3559;T4;915 000,00 €;177;Lisboa;Apartments
356;T3;430 000,00 €;111;Faro;Apartments
3560;T3;710 000,00 €;137;Lisboa;Apartments
3561;T3;1 430 000,00 €;130;Lisboa;Apartments
3562;T2;167 500,00 €;63;Lisboa;Apartments
3563;T3;320 000,00 €;116.65;Porto;Apartments
3564;T4;1 450 000,00 €;198;Lisboa;Apartments
3565;T2;210 000,00 €;92;Lisboa;Apartments
3566;T3;297 500,00 €;115;Braga;Apartments
3567;T3;450 000,00 €;125.08;Set??bal;Apartments
3568;T1;348 500,00 €;75;Lisboa;Apartments
3569;T3;199 000,00 €;136.40;Porto;Apartments
357;T3;375 000,00 €;138;Porto;Apartments
3570;T0;232 500,00 €;49;Porto;Apartments
3571;T2;385 400,00 €;96.90;Porto;Apartments
3572;T3;195 000,00 €;137.05;Porto;Apartments
3573;T2;220 000,00 €;152.70;Lisboa;Apartments
3574;T3;388 800,00 €;92.93;Lisboa;Apartments
3575;T3;499 000,00 €;89;Lisboa;Apartments
3576;T3;204 990,00 €;111.50;Porto;Apartments
3577;T2;380 000,00 €;103;Lisboa;Apartments
3578;T2;355 600,00 €;96;Porto;Apartments
358;T3;285 000,00 €;106;Faro;Apartments
3580;T3;698 000,00 €;155.85;Lisboa;Apartments
3581;T2;220 000,00 €;109;Porto;Apartments
3582;T3;150 000,00 €;96;Set??bal;Apartments
3583;T3;1 050 000,00 €;164.65;Lisboa;Apartments
3584;T6;5 900 000,00 €;686;Lisboa;Apartments
3587;T4;1 800 000,00 €;199.60;Lisboa;Apartments
3588;T3;298 000,00 €;135;Ilha de S?£o Miguel;Apartments
3589;T5;399 000,00 €;166;Set??bal;Apartments
359;T3;240 000,00 €;99;Lisboa;Apartments
3590;T4;650 000,00 €;234.04;Set??bal;Apartments
3591;T3;380 000,00 €;115.57;Set??bal;Apartments
3592;T1;190 000,00 €;42.71;Faro;Apartments
3593;T3;405 000,00 €;132.50;Lisboa;Apartments
3594;T3;240 000,00 €;97;Porto;Apartments
3595;T4;395 000,00 €;121.93;Set??bal;Apartments
3596;T4;372 000,00 €;121.93;Set??bal;Apartments
3597;T4;375 000,00 €;121.93;Set??bal;Apartments
3598;T1;195 000,00 €;98;Faro;Apartments
3599;T3;219 900,00 €;144;Braga;Apartments
36;T3;199 000,00 €;145.50;Braga;Apartments
360;T2;159 900,00 €;97;Porto;Apartments
3600;T3;250 000,00 €;175;Lisboa;Apartments
3601;T3;280 000,00 €;131;Lisboa;Apartments
3602;T4;175 000,00 €;84;Set??bal;Apartments
3603;T3;285 000,00 €;98.40;Porto;Apartments
3604;T3;320 000,00 €;113.95;Porto;Apartments
3605;T3;325 000,00 €;113.95;Porto;Apartments
3606;T3;275 000,00 €;92.60;Porto;Apartments
3607;T3;290 000,00 €;98.40;Porto;Apartments
3608;T3;325 000,00 €;122.30;Porto;Apartments
3609;T3;280 000,00 €;90.10;Porto;Apartments
361;T3;370 000,00 €;107;Faro;Apartments
3610;T3;330 000,00 €;116.65;Porto;Apartments
3611;T3;330 000,00 €;113.95;Porto;Apartments
3612;T3;185 000,00 €;98;Set??bal;Apartments
3613;T3;230 000,00 €;123;Porto;Apartments
3614;T3;285 000,00 €;90.10;Porto;Apartments
3615;T3;270 000,00 €;112;Porto;Apartments
3616;T3;250 000,00 €;130;Porto;Apartments
3617;T3;375 000,00 €;81;Lisboa;Apartments
3618;T3;1 399 000,00 €;136;Lisboa;Apartments
3619;T3;990 000,00 €;229.60;Porto;Apartments
362;T4;1 250 000,00 €;217.06;Porto;Apartments
3620;T1;345 000,00 €;37;Lisboa;Apartments
3622;T3;360 000,00 €;134;Porto;Apartments
3623;T3;157 000,00 €;95;Set??bal;Apartments
3624;T4;145 000,00 €;160;Aveiro;Apartments
3625;T2;145 000,00 €;102;Aveiro;Apartments
3626;T2;174 500,00 €;84;Porto;Apartments
3627;T3;848 000,00 €;123;Lisboa;Apartments
3628;T2;790 000,00 €;93;Lisboa;Apartments
3629;T1;295 000,00 €;65;Porto;Apartments
363;T3;219 900,00 €;116;Braga;Apartments
3631;T3;310 000,00 €;107;Braga;Apartments
3632;T2;256 000,00 €;93;Set??bal;Apartments
3633;T2;340 000,00 €;63;Lisboa;Apartments
3634;T3;215 000,00 €;133;Leiria;Apartments
3635;T2;285 000,00 €;78;Braga;Apartments
3636;T1;255 000,00 €;62;Braga;Apartments
3638;T2;229 000,00 €;65.17;Lisboa;Apartments
3639;T2;287 500,00 €;72;Lisboa;Apartments
364;T3;210 000,00 €;115;Porto;Apartments
3640;T3;235 000,00 €;67;Lisboa;Apartments
3641;T4;255 000,00 €;79;Lisboa;Apartments
3642;T3;375 000,00 €;119.91;Set??bal;Apartments
3643;T3;230 000,00 €;159;Braga;Apartments
3644;T3;1 015 000,00 €;156;Faro;Apartments
3645;T2;429 900,00 €;55;Lisboa;Apartments
3646;T2;199 500,00 €;90;Lisboa;Apartments
3648;T4;1 080 000,00 €;167;Lisboa;Apartments
3649;T1;349 900,00 €;44;Lisboa;Apartments
365;T2;255 000,00 €;82;Lisboa;Apartments
3650;T2;185 000,00 €;85;Set??bal;Apartments
3651;T2;260 000,00 €;106;Porto;Apartments
3652;T2;149 500,00 €;70;Coimbra;Apartments
3653;T3;375 000,00 €;102;Porto;Apartments
3654;T2;275 000,00 €;82;Porto;Apartments
3655;T2;325 000,00 €;80;Porto;Apartments
3656;T2;335 000,00 €;88;Porto;Apartments
3657;T2;290 000,00 €;99;Porto;Apartments
3658;T0;185 000,00 €;41;Porto;Apartments
3659;T2;310 000,00 €;110;Porto;Apartments
366;T2;264 900,00 €;146;Braga;Apartments
3661;T4;1 000 000,00 €;136;Lisboa;Apartments
3662;T4;570 000,00 €;190.90;Lisboa;Apartments
3663;T2;195 000,00 €;71.15;Aveiro;Apartments
3664;T3;240 000,00 €;91;Porto;Apartments
3665;T2;275 000,00 €;66;Porto;Apartments
3666;T2;280 000,00 €;71.85;Leiria;Apartments
3667;T3;1 980 000,00 €;246.54;Lisboa;Apartments
3669;T4;600 000,00 €;167;Porto;Apartments
367;T1;205 000,00 €;60.95;Lisboa;Apartments
3671;T3;175 000,00 €;122;Coimbra;Apartments
3672;T2;398 000,00 €;71;Lisboa;Apartments
3673;T1;129 000,00 €;55.20;Aveiro;Apartments
3674;T3;198 500,00 €;109;Porto;Apartments
3677;T3;320 000,00 €;110.70;Porto;Apartments
3678;T1;245 000,00 €;63;Faro;Apartments
3679;T3;245 000,00 €;99;Lisboa;Apartments
368;T2;425 000,00 €;95.80;Faro;Apartments
3680;T3;185 000,00 €;90;Set??bal;Apartments
3681;T2;325 000,00 €;95;Aveiro;Apartments
3682;T3;253 000,00 €;156;Porto;Apartments
3683;T3;180 000,00 €;95;Set??bal;Apartments
3684;T3;294 000,00 €;144;Porto;Apartments
3685;T3;432 600,00 €;145;Porto;Apartments
3686;T3;196 000,00 €;123;Braga;Apartments
3687;T2;178 000,00 €;85;Braga;Apartments
3688;T4;685 000,00 €;188;Porto;Apartments
3689;T2;350 200,00 €;118;Porto;Apartments
369;T3;315 000,00 €;122;Porto;Apartments
3690;T2;192 000,00 €;90;Lisboa;Apartments
3691;T3;225 000,00 €;86;Lisboa;Apartments
3692;T4;911 000,00 €;138.50;Lisboa;Apartments
3693;T4;550 000,00 €;146;Set??bal;Apartments
3694;T3;198 500,00 €;112;Porto;Apartments
3695;T2;425 000,00 €;80;Faro;Apartments
3697;T3;242 000,00 €;115;Porto;Apartments
3698;T3;172 000,00 €;99.46;Braga;Apartments
3699;T2;159 000,00 €;85;Aveiro;Apartments
37;T1;449 000,00 €;66;Lisboa;Apartments
370;T3;210 000,00 €;139.42;Braga;Apartments
3700;T3;913 000,00 €;214.45;Set??bal;Apartments
3701;T2;159 000,00 €;85;Aveiro;Apartments
3702;T2;172 500,00 €;85;Porto;Apartments
3703;T4;440 000,00 €;108;Lisboa;Apartments
3704;T2;198 000,00 €;65;Faro;Apartments
3705;T3;1 220 000,00 €;173.50;Lisboa;Apartments
3706;T3;551 000,00 €;218.17;Set??bal;Apartments
3707;T3;431 000,00 €;150.19;Set??bal;Apartments
3708;T3;428 000,00 €;125.65;Set??bal;Apartments
3709;T2;159 000,00 €;85;Aveiro;Apartments
371;T4;795 000,00 €;153;Lisboa;Apartments
3710;T3;300 000,00 €;110.92;Porto;Apartments
3711;T3;279 500,00 €;74;Porto;Apartments
3712;T3;289 500,00 €;75;Porto;Apartments
3713;T4;180 500,00 €;127;Braga;Apartments
3714;T3;185 000,00 €;90;Set??bal;Apartments
3715;T2;230 000,00 €;103;Coimbra;Apartments
3716;T2;225 000,00 €;76;Set??bal;Apartments
3717;T1;179 900,00 €;57;Braga;Apartments
3718;T4;665 000,00 €;180;Lisboa;Apartments
3719;T3;1 040 000,00 €;302.10;Set??bal;Apartments
372;T2;750 000,00 €;72.40;Lisboa;Apartments
3720;T2;242 500,00 €;88;Porto;Apartments
3721;T3;185 000,00 €;98;Set??bal;Apartments
3722;T2;360 000,00 €;82;Lisboa;Apartments
3724;T3;220 000,00 €;118;Set??bal;Apartments
3725;T3;175 000,00 €;146;Leiria;Apartments
3726;T3;320 000,00 €;103;Lisboa;Apartments
3727;T1;137 500,00 €;41;Lisboa;Apartments
3728;T3;243 000,00 €;113;Leiria;Apartments
3729;T3;850 000,00 €;210.05;Faro;Apartments
373;T4;399 750,00 €;145;Lisboa;Apartments
3730;T2;695 000,00 €;101.35;Faro;Apartments
3731;T1;215 000,00 €;58;Braga;Apartments
3733;T3;615 000,00 €;167.50;Porto;Apartments
3734;T3;395 000,00 €;122.53;Lisboa;Apartments
3735;T2;430 000,00 €;88;Lisboa;Apartments
3736;T2;180 000,00 €;98;Braga;Apartments
3737;T3;179 000,00 €;111;Braga;Apartments
3738;T3;184 000,00 €;115;Braga;Apartments
3739;T3;190 000,00 €;114;Braga;Apartments
374;T3;249 900,00 €;110;Braga;Apartments
3740;T2;195 000,00 €;85;Braga;Apartments
3741;T3;265 000,00 €;133;Braga;Apartments
3742;T3;200 000,00 €;114;Braga;Apartments
3743;T3;165 000,00 €;105;Braga;Apartments
3744;T3;145 000,00 €;110;Braga;Apartments
3745;T5;385 000,00 €;220;Braga;Apartments
3746;T2;153 000,00 €;75;Braga;Apartments
3747;T2;130 000,00 €;85;Braga;Apartments
3748;T2;229 000,00 €;84;Porto;Apartments
3749;T4;580 000,00 €;102;Lisboa;Apartments
375;T3;205 000,00 €;109;Porto;Apartments
3751;T2;219 000,00 €;78;Set??bal;Apartments
3752;T2;270 000,00 €;94;Porto;Apartments
3753;T3;625 000,00 €;204;Porto;Apartments
3754;T3;265 000,00 €;113;Porto;Apartments
3755;T2;225 000,00 €;70;Lisboa;Apartments
3756;T3;429 000,00 €;103;Lisboa;Apartments
3757;T2;320 000,00 €;86;Lisboa;Apartments
3758;T2;235 000,00 €;36;Lisboa;Apartments
3759;T2;420 000,00 €;85;Lisboa;Apartments
376;T3;1 299 000,00 €;113.04;Lisboa;Apartments
3760;T2;308 900,00 €;128;Porto;Apartments
3761;T2;370 000,00 €;110;Porto;Apartments
3762;T2;350 000,00 €;98;Porto;Apartments
3763;T3;205 000,00 €;108;Set??bal;Apartments
3765;T1;310 000,00 €;42;Porto;Apartments
3766;T2;475 000,00 €;89;Porto;Apartments
3767;T1;305 000,00 €;42;Porto;Apartments
3768;T2;460 000,00 €;89;Porto;Apartments
3769;T1;300 000,00 €;42;Porto;Apartments
377;T2;180 000,00 €;63.87;Set??bal;Apartments
3770;T2;299 900,00 €;85.50;Porto;Apartments
3771;T3;149 000,00 €;135;Santar?©m;Apartments
3773;T3;510 000,00 €;78;Faro;Apartments
3774;T2;215 000,00 €;75.80;Faro;Apartments
3775;T3;684 500,00 €;224.48;Faro;Apartments
3776;T3;275 000,00 €;132;Porto;Apartments
3777;T3;390 000,00 €;90;Lisboa;Apartments
3778;T3;359 900,00 €;123;Porto;Apartments
3779;T3;235 000,00 €;104;Porto;Apartments
378;T3;385 000,00 €;92;Lisboa;Apartments
3780;T2;240 000,00 €;117;Porto;Apartments
3781;T4;450 000,00 €;177.20;Porto;Apartments
3782;T3;650 000,00 €;100;Faro;Apartments
3783;T2;890 000,00 €;95;Faro;Apartments
3784;T2;289 900,00 €;82.80;Porto;Apartments
3785;T2;295 900,00 €;85.50;Porto;Apartments
3786;T2;170 000,00 €;98.50;Porto;Apartments
3787;T3;159 000,00 €;118;Coimbra;Apartments
3788;T0;175 000,00 €;38;Porto;Apartments
3789;T1;225 000,00 €;59;Porto;Apartments
379;T2;595 000,00 €;135;Lisboa;Apartments
3790;T1;235 000,00 €;54.11;Porto;Apartments
3791;T1;235 000,00 €;47.52;Porto;Apartments
3792;T2;295 900,00 €;82.80;Porto;Apartments
3793;T1;210 000,00 €;51;Porto;Apartments
3794;T2;285 900,00 €;82.80;Porto;Apartments
3795;T1;230 000,00 €;63.56;Faro;Apartments
3796;T2;249 000,00 €;85.45;Faro;Apartments
3799;T2;252 500,00 €;85;Leiria;Apartments
38;T3;300 000,00 €;102;Lisboa;Apartments
380;T3;350 000,00 €;107.60;Lisboa;Apartments
3807;T2;249 000,00 €;99;Porto;Apartments
381;T3;380 000,00 €;137.80;Porto;Apartments
3819;T2;285 900,00 €;86;Porto;Apartments
382;T3;205 000,00 €;136.10;Leiria;Apartments
3820;T2;295 900,00 €;82.80;Porto;Apartments
3821;T3;369 000,00 €;158;Braga;Apartments
3822;T2;310 900,00 €;85.50;Porto;Apartments
3823;T2;285 900,00 €;82.80;Porto;Apartments
3824;T3;565 000,00 €;161.60;Porto;Apartments
3825;T2;387 000,00 €;88;Lisboa;Apartments
3826;T2;299 000,00 €;81;Lisboa;Apartments
3827;T2;310 000,00 €;103.80;Leiria;Apartments
3828;T2;310 000,00 €;93.80;Coimbra;Apartments
3829;T2;169 900,00 €;85;Braga;Apartments
383;T1;390 000,00 €;62;Lisboa;Apartments
3830;T4;1 195 000,00 €;222;Lisboa;Apartments
3831;T3;890 000,00 €;165;Braga;Apartments
3832;T3;625 000,00 €;204;Porto;Apartments
3833;T2;395 000,00 €;80;Lisboa;Apartments
3835;T3;260 000,00 €;106;Coimbra;Apartments
3836;T3;235 000,00 €;103;Lisboa;Apartments
3837;T3;220 000,00 €;98.38;Set??bal;Apartments
3838;T3;254 900,00 €;110;Faro;Apartments
3839;T3;775 000,00 €;115;Lisboa;Apartments
384;T3;425 000,00 €;123.30;Faro;Apartments
3840;T3;575 000,00 €;89;Lisboa;Apartments
3841;T2;270 000,00 €;112;Porto;Apartments
3842;T2;289 900,00 €;86;Porto;Apartments
3843;T2;335 000,00 €;108;Porto;Apartments
3844;T3;950 000,00 €;142;Lisboa;Apartments
3845;T3;367 500,00 €;130;Porto;Apartments
3846;T2;270 000,00 €;98;Porto;Apartments
3847;T2;209 500,00 €;66;Set??bal;Apartments
3848;T1;349 900,00 €;43;Lisboa;Apartments
3849;T2;145 000,00 €;58;Porto;Apartments
385;T3;550 000,00 €;100;Lisboa;Apartments
3850;T2;189 000,00 €;70;Porto;Apartments
3851;T3;259 500,00 €;74;Porto;Apartments
3852;T3;210 000,00 €;118;Porto;Apartments
3853;T3;375 760,00 €;132;Faro;Apartments
3854;T3;279 000,00 €;93;Porto;Apartments
3855;T3;194 000,00 €;125.55;Leiria;Apartments
3856;T2;75 000,00 €;88;Set??bal;Apartments
3858;T2;199 500,00 €;84;Aveiro;Apartments
3859;T2;170 000,00 €;74;Set??bal;Apartments
386;T2;378 000,00 €;129.69;Lisboa;Apartments
3860;T4;1 400 000,00 €;185;Lisboa;Apartments
3861;T1;195 000,00 €;48;Lisboa;Apartments
3862;T1;210 000,00 €;58;Braga;Apartments
3863;T1;195 300,00 €;63.60;Porto;Apartments
3864;T3;500 000,00 €;96;Lisboa;Apartments
3865;T4;310 000,00 €;125.90;Lisboa;Apartments
3866;T4;1 280 000,00 €;240;Porto;Apartments
3867;T3;180 000,00 €;115;Porto;Apartments
3868;T4;249 000,00 €;156;Porto;Apartments
3869;T3;255 000,00 €;118;Faro;Apartments
387;T2;119 900,00 €;76.39;Coimbra;Apartments
3870;T4;285 000,00 €;172;Porto;Apartments
3871;T3;295 000,00 €;125;Porto;Apartments
3872;T2;189 000,00 €;100;Porto;Apartments
3873;T2;250 000,00 €;66;Set??bal;Apartments
3874;T1;175 900,00 €;58;Porto;Apartments
3875;T1;205 900,00 €;60;Porto;Apartments
3876;T4;1 175 000,00 €;157;Porto;Apartments
3877;T2;465 105,00 €;115;Porto;Apartments
3878;T5;450 000,00 €;120;Braga;Apartments
3879;T0;143 000,00 €;31;Coimbra;Apartments
388;T3;275 000,00 €;136;Porto;Apartments
3881;T3;375 000,00 €;100;Porto;Apartments
3882;T2;159 900,00 €;95;Braga;Apartments
3883;T2;330 000,00 €;119;Lisboa;Apartments
3884;T3;369 000,00 €;90;Porto;Apartments
3885;T3;279 000,00 €;94.50;Lisboa;Apartments
3886;T3;950 000,00 €;143;Lisboa;Apartments
3887;T2;159 900,00 €;96;Braga;Apartments
3889;T3;380 000,00 €;150;Porto;Apartments
389;T1;230 000,00 €;67;Aveiro;Apartments
3890;T2;375 000,00 €;114;Porto;Apartments
3891;T3;229 000,00 €;78;Lisboa;Apartments
3892;T2;159 900,00 €;93;Porto;Apartments
3893;T5;850 000,00 €;192;Lisboa;Apartments
3894;T2;240 000,00 €;100;Set??bal;Apartments
3895;T5;1 380 000,00 €;185.60;Porto;Apartments
3896;T2;180 000,00 €;80;Coimbra;Apartments
3897;T2;375 000,00 €;114;Porto;Apartments
3898;T3;375 000,00 €;152;Porto;Apartments
3899;T2;375 000,00 €;94;Lisboa;Apartments
39;T1;645 000,00 €;43.42;Lisboa;Apartments
390;T3;199 500,00 €;165.17;Coimbra;Apartments
3900;T3;790 000,00 €;115;Set??bal;Apartments
3901;T3;399 000,00 €;91;Lisboa;Apartments
3902;T3;359 000,00 €;110;Lisboa;Apartments
3903;T2;197 500,00 €;80;Set??bal;Apartments
3904;T1;295 900,00 €;50;Lisboa;Apartments
3905;T2;370 000,00 €;97;Faro;Apartments
3906;T3;317 500,00 €;112;Porto;Apartments
3907;T3;198 000,00 €;130;Lisboa;Apartments
3908;T2;295 000,00 €;84;Lisboa;Apartments
3909;T3;245 000,00 €;78.45;Set??bal;Apartments
391;T3;249 900,00 €;127.30;Porto;Apartments
3910;T4;235 000,00 €;194;Santar?©m;Apartments
3911;T1;172 500,00 €;63.25;Leiria;Apartments
3912;T1;197 500,00 €;60;Porto;Apartments
3913;T2;190 000,00 €;74;Braga;Apartments
3914;T3;460 000,00 €;194;Porto;Apartments
3915;T3;349 000,00 €;70;Lisboa;Apartments
3916;T1;175 000,00 €;43;Faro;Apartments
3918;T3;608 000,00 €;143;Porto;Apartments
3919;T4;555 000,00 €;102;Lisboa;Apartments
392;T2;265 200,00 €;103.40;Porto;Apartments
3920;T2;230 000,00 €;100;Porto;Apartments
3921;T1;169 900,00 €;58;Porto;Apartments
3922;T2;199 000,00 €;66;Lisboa;Apartments
3923;T3;299 500,00 €;106;Set??bal;Apartments
3924;T0;345 000,00 €;60;Lisboa;Apartments
3925;T3;350 000,00 €;146.78;Lisboa;Apartments
3926;T3;350 000,00 €;146.78;Lisboa;Apartments
3927;T3;350 000,00 €;146.78;Lisboa;Apartments
3928;T3;350 000,00 €;146.78;Lisboa;Apartments
3929;T4;420 000,00 €;176.59;Lisboa;Apartments
393;T5;800 000,00 €;270;Leiria;Apartments
3930;T3;350 000,00 €;145.37;Lisboa;Apartments
3931;T4;420 000,00 €;176.59;Lisboa;Apartments
3932;T3;350 000,00 €;145.37;Lisboa;Apartments
3933;T3;299 000,00 €;103;Set??bal;Apartments
3934;T3;214 900,00 €;52;Lisboa;Apartments
3935;T2;200 000,00 €;78.30;Porto;Apartments
3936;T3;500 000,00 €;75;Lisboa;Apartments
3937;T3;334 000,00 €;145;Set??bal;Apartments
3938;T2;325 000,00 €;58;Lisboa;Apartments
3939;T3;245 000,00 €;134.75;Lisboa;Apartments
394;T2;268 000,00 €;84;Porto;Apartments
3940;T1;340 000,00 €;74;Porto;Apartments
3941;T2;350 000,00 €;77;Porto;Apartments
3942;T2;350 000,00 €;74;Porto;Apartments
3943;T4;450 000,00 €;132;Set??bal;Apartments
3945;T5;1 790 000,00 €;339.20;Lisboa;Apartments
3946;T4;750 000,00 €;150;Lisboa;Apartments
3947;T3;630 000,00 €;156;Porto;Apartments
3948;T1;214 000,00 €;70;Lisboa;Apartments
3949;T3;270 000,00 €;90.90;Leiria;Apartments
395;T3;218 000,00 €;134.28;Leiria;Apartments
3950;T3;350 000,00 €;199.23;Lisboa;Apartments
3951;T3;115 000,00 €;88;Leiria;Apartments
3952;T2;280 000,00 €;80;Set??bal;Apartments
3953;T4;510 000,00 €;158;Coimbra;Apartments
3954;T3;315 000,00 €;131;Viana do Castelo;Apartments
3955;T2;315 000,00 €;82;Faro;Apartments
3956;T3;340 000,00 €;107;Faro;Apartments
3957;T2;295 000,00 €;77;Faro;Apartments
3958;T2;410 000,00 €;110;Faro;Apartments
3959;T2;350 000,00 €;109;Faro;Apartments
396;T3;448 000,00 €;100;Lisboa;Apartments
3960;T2;285 000,00 €;75;Faro;Apartments
3961;T1;320 000,00 €;60;Porto;Apartments
3962;T4;1 081 200,00 €;176;Faro;Apartments
3963;T3;641 300,00 €;148;Faro;Apartments
3965;T3;340 000,00 €;153;Porto;Apartments
3966;T2;370 000,00 €;110;Porto;Apartments
3967;T2;268 000,00 €;100;Braga;Apartments
3968;T3;350 000,00 €;118;Porto;Apartments
3969;T3;324 000,00 €;122;Leiria;Apartments
397;T3;258 700,00 €;91;Aveiro;Apartments
3970;T2;180 000,00 €;103;Porto;Apartments
3971;T1;218 500,00 €;33;Lisboa;Apartments
3972;T1;330 000,00 €;93.55;Set??bal;Apartments
3973;T2;720 000,00 €;95.25;Lisboa;Apartments
3974;T1;195 000,00 €;46;Porto;Apartments
3975;T2;155 000,00 €;96;Aveiro;Apartments
3977;T2;268 000,00 €;100;Braga;Apartments
3978;T3;235 000,00 €;105;Set??bal;Apartments
3979;T2;308 900,00 €;96;Porto;Apartments
398;T3;435 000,00 €;121;Lisboa;Apartments
3980;T2;155 000,00 €;96;Aveiro;Apartments
3981;T3;269 000,00 €;127;Porto;Apartments
3982;T2;270 000,00 €;96;Porto;Apartments
3983;T2;219 000,00 €;78;Faro;Apartments
3984;T1;147 000,00 €;48;Set??bal;Apartments
3985;T3;598 900,00 €;148;Faro;Apartments
3986;T3;588 300,00 €;148;Faro;Apartments
3987;T3;614 800,00 €;146;Faro;Apartments
3988;T3;620 100,00 €;148;Faro;Apartments
3989;T3;609 500,00 €;146;Faro;Apartments
399;T4;989 000,00 €;190;Lisboa;Apartments
3990;T3;651 900,00 €;148;Faro;Apartments
3991;T2;445 200,00 €;86;Faro;Apartments
3992;T2;434 600,00 €;86;Faro;Apartments
3993;T2;434 600,00 €;100;Faro;Apartments
3994;T2;424 000,00 €;99;Faro;Apartments
3995;T2;418 700,00 €;100;Faro;Apartments
3996;T2;413 400,00 €;100;Faro;Apartments
3997;T2;455 800,00 €;86;Faro;Apartments
3998;T2;455 800,00 €;100;Faro;Apartments
3999;T2;445 200,00 €;100;Faro;Apartments
4;T4;995 000,00 €;168.17;Porto;Apartments
40;T2;175 000,00 €;85;Porto;Apartments
400;T3;205 000,00 €;123;Porto;Apartments
4001;T0;222 500,00 €;47;Porto;Apartments
4004;T1;252 500,00 €;52;Porto;Apartments
4005;T2;124 500,00 €;58;Set??bal;Apartments
4006;T1;295 000,00 €;55;Aveiro;Apartments
4007;T1;168 500,00 €;52.64;Faro;Apartments
4008;T4;259 000,00 €;144;Braga;Apartments
4009;T2;199 000,00 €;84;Aveiro;Apartments
401;T2;720 000,00 €;145;Lisboa;Apartments
4010;T4;240 000,00 €;95;Faro;Apartments
4011;T4;882 000,00 €;170;Porto;Apartments
4012;T3;450 000,00 €;118;Porto;Apartments
4013;T3;235 000,00 €;104;Porto;Apartments
4014;T3;165 000,00 €;108;Santar?©m;Apartments
4015;T3;235 000,00 €;117;Santar?©m;Apartments
4016;T3;232 500,00 €;117;Santar?©m;Apartments
4017;T3;220 000,00 €;105;Santar?©m;Apartments
4018;T3;230 000,00 €;117;Santar?©m;Apartments
4019;T3;240 000,00 €;117;Santar?©m;Apartments
402;T2;175 000,00 €;64;Faro;Apartments
4020;T4;780 000,00 €;186;Apartamento para comprar: Viseu;Apartments
4022;T2;219 900,00 €;72;Porto;Apartments
4023;T2;159 000,00 €;67;Leiria;Apartments
4024;T2;182 500,00 €;84;Coimbra;Apartments
4025;T2;169 200,00 €;86;Aveiro;Apartments
4026;T0;300 000,00 €;62;Porto;Apartments
4027;T2;189 500,00 €;77;Lisboa;Apartments
4028;T3;540 000,00 €;90;Lisboa;Apartments
4029;T2;239 000,00 €;84;Porto;Apartments
403;T3;550 000,00 €;164.40;Aveiro;Apartments
4030;T2;150 000,00 €;80;Braga;Apartments
4031;T3;630 700,00 €;152;Faro;Apartments
4032;T2;455 800,00 €;88;Faro;Apartments
4033;T2;149 000,00 €;78;Set??bal;Apartments
4034;T1;320 000,00 €;87.85;Set??bal;Apartments
4035;T3;1 075 000,00 €;305.20;Set??bal;Apartments
4036;T2;335 000,00 €;79;Faro;Apartments
4037;T1;228 000,00 €;53;Lisboa;Apartments
4038;T1;335 000,00 €;89.30;Set??bal;Apartments
4039;T1;340 000,00 €;109.25;Set??bal;Apartments
404;T2;254 900,00 €;96.25;Aveiro;Apartments
4040;T2;447 500,00 €;62;Faro;Apartments
4041;T2;190 000,00 €;92;Porto;Apartments
4042;T3;549 000,00 €;152;Set??bal;Apartments
4043;T3;385 000,00 €;120;Lisboa;Apartments
4044;T3;295 000,00 €;140;Ilha de S?£o Miguel;Apartments
4045;T3;427 000,00 €;123.27;Porto;Apartments
4046;T3;624 500,00 €;150;Porto;Apartments
4047;T1;189 000,00 €;53;Faro;Apartments
4048;T3;440 000,00 €;90;Lisboa;Apartments
4049;T2;510 000,00 €;108;Porto;Apartments
405;T4;885 000,00 €;288;Porto;Apartments
4050;T3;399 900,00 €;101;Ilha de S?£o Miguel;Apartments
4051;T2;450 000,00 €;126;Ilha de S?£o Miguel;Apartments
4052;T2;160 000,00 €;79;Ilha de S?£o Miguel;Apartments
4053;T3;650 000,00 €;154;Porto;Apartments
4054;T1;171 000,00 €;72;Lisboa;Apartments
4055;T1;225 000,00 €;52;Faro;Apartments
4056;T1;257 000,00 €;90;Porto;Apartments
4057;T2;490 000,00 €;134.95;Set??bal;Apartments
4058;T1;330 000,00 €;108.60;Set??bal;Apartments
4059;T3;205 000,00 €;64.14;Lisboa;Apartments
406;T2;230 000,00 €;77;Lisboa;Apartments
4060;T2;750 000,00 €;231.65;Set??bal;Apartments
4061;T3;960 000,00 €;294.10;Set??bal;Apartments
4062;T2;169 500,00 €;76;Porto;Apartments
4063;T2;480 000,00 €;125.85;Set??bal;Apartments
4064;T2;495 000,00 €;152.20;Set??bal;Apartments
4065;T3;310 000,00 €;112;Lisboa;Apartments
4066;T3;235 000,00 €;191;Coimbra;Apartments
4067;T3;266 500,00 €;130;Set??bal;Apartments
4068;T2;418 000,00 €;63;Lisboa;Apartments
407;T4;550 000,00 €;185;Porto;Apartments
4070;T2;222 500,00 €;65;Lisboa;Apartments
4071;T5;3 400 000,00 €;326;Porto;Apartments
4072;T4;395 000,00 €;171;Porto;Apartments
4073;T2;398 000,00 €;108;Porto;Apartments
4074;T3;209 500,00 €;84.10;Lisboa;Apartments
4075;T2;620 000,00 €;150.75;Faro;Apartments
4077;T2;430 000,00 €;112;Aveiro;Apartments
4078;T0;149 900,00 €;39;Leiria;Apartments
4079;T3;360 000,00 €;134;Set??bal;Apartments
408;T1;329 000,00 €;74.69;Faro;Apartments
4080;T2;182 000,00 €;77;Aveiro;Apartments
4081;T2;270 000,00 €;98;Porto;Apartments
4082;T3;229 900,00 €;129;Braga;Apartments
4083;T2;295 000,00 €;67;Coimbra;Apartments
4084;T2;277 500,00 €;105;Porto;Apartments
4085;T3;430 000,00 €;108;Set??bal;Apartments
4086;T2;677 000,00 €;110.50;Lisboa;Apartments
4087;T2;655 500,00 €;0.11;Lisboa;Apartments
4088;T2;709 500,00 €;116.20;Lisboa;Apartments
4089;T2;682 000,00 €;116.20;Lisboa;Apartments
409;T1;350 000,00 €;56;Porto;Apartments
4090;T4;1 132 000,00 €;153.90;Lisboa;Apartments
4091;T2;657 500,00 €;108.30;Lisboa;Apartments
4092;T2;715 500,00 €;116.20;Lisboa;Apartments
4093;T3;835 500,00 €;136.30;Lisboa;Apartments
4094;T3;822 000,00 €;136.30;Lisboa;Apartments
4095;T3;826 000,00 €;142.30;Lisboa;Apartments
4096;T2;684 000,00 €;115.90;Lisboa;Apartments
4097;T2;632 500,00 €;110.50;Lisboa;Apartments
4098;T2;611 000,00 €;98.30;Lisboa;Apartments
4099;T2;118 000,00 €;95;Porto;Apartments
41;T1;145 000,00 €;75;Porto;Apartments
410;T1;230 000,00 €;66.68;Set??bal;Apartments
4100;T3;805 000,00 €;136.30;Lisboa;Apartments
4101;T1;424 000,00 €;64.10;Lisboa;Apartments
4102;T3;831 000,00 €;142.30;Lisboa;Apartments
4103;T1;165 000,00 €;56;Castelo Branco;Apartments
4104;T3;215 000,00 €;84;Set??bal;Apartments
4105;T3;212 500,00 €;88.90;Set??bal;Apartments
4106;T1;170 000,00 €;70;?âvora;Apartments
4107;T2;195 000,00 €;113.98;Porto;Apartments
4108;T2;247 500,00 €;131;Porto;Apartments
4109;T3;240 000,00 €;111.88;Leiria;Apartments
411;T3;220 000,00 €;86;Lisboa;Apartments
4110;T3;1 017 000,00 €;136;Porto;Apartments
4111;T2;185 000,00 €;65;Braga;Apartments
4112;T4;295 000,00 €;91.60;Lisboa;Apartments
4113;T1;280 000,00 €;78.58;Faro;Apartments
4114;T2;800 000,00 €;93.15;Faro;Apartments
4115;T1;199 000,00 €;51;Porto;Apartments
4116;T2;145 500,00 €;90;Aveiro;Apartments
4117;T3;270 000,00 €;121.90;Porto;Apartments
4118;T4;675 000,00 €;165;Porto;Apartments
4119;T4;1 100 000,00 €;187;Porto;Apartments
412;T3;780 000,00 €;125;Aveiro;Apartments
4120;T2;174 500,00 €;99;Porto;Apartments
4122;T1;415 000,00 €;61;Lisboa;Apartments
4123;T1;405 000,00 €;64;Lisboa;Apartments
4124;T2;165 000,00 €;80;Lisboa;Apartments
4125;T1;235 000,00 €;105.55;Faro;Apartments
4126;T4;410 000,00 €;125.91;Faro;Apartments
4127;T4;460 000,00 €;157.37;Faro;Apartments
4128;T4;2 650 000,00 €;235;Lisboa;Apartments
4129;T5;1 300 000,00 €;242;Set??bal;Apartments
413;T4;300 000,00 €;170;Aveiro;Apartments
4130;T2;175 000,00 €;145;Aveiro;Apartments
4131;T3;480 000,00 €;111;Set??bal;Apartments
4132;T3;220 000,00 €;101.44;Leiria;Apartments
4133;T3;625 500,00 €;140;Porto;Apartments
4134;T3;145 000,00 €;130;Coimbra;Apartments
4136;T0;199 000,00 €;41;Faro;Apartments
4137;T3;356 000,00 €;115.80;Porto;Apartments
4138;T1;260 000,00 €;63;Porto;Apartments
4139;T4;1 650 000,00 €;265.11;Porto;Apartments
414;T1;180 000,00 €;60;Porto;Apartments
4140;T4;1 400 000,00 €;217;Porto;Apartments
4141;T2;510 000,00 €;108;Porto;Apartments
4142;T3;260 000,00 €;127;Porto;Apartments
4143;T3;649 900,00 €;183;Porto;Apartments
4144;T2;367 500,00 €;100;Lisboa;Apartments
4145;T5;1 390 000,00 €;240;Lisboa;Apartments
4146;T2;445 200,00 €;87;Faro;Apartments
4147;T3;340 000,00 €;95;Faro;Apartments
4148;T2;285 000,00 €;80;Faro;Apartments
4149;T3;470 000,00 €;120;Faro;Apartments
415;T2;240 000,00 €;100;Aveiro;Apartments
4150;T2;350 000,00 €;93;Faro;Apartments
4151;T2;278 720,00 €;105;Faro;Apartments
4152;T1;235 920,00 €;71;Faro;Apartments
4153;T2;165 000,00 €;74.50;Vila Real;Apartments
4154;T3;160 000,00 €;92;Aveiro;Apartments
4155;T1;158 000,00 €;68;Porto;Apartments
4156;T4;540 000,00 €;154.50;Coimbra;Apartments
4157;T2;191 000,00 €;92;Porto;Apartments
4158;T3;169 000,00 €;130;?âvora;Apartments
4159;T2;285 000,00 €;106;Ilha de S?£o Miguel;Apartments
416;T3;209 000,00 €;73;Set??bal;Apartments
4160;T3;430 000,00 €;123;Faro;Apartments
4161;T2;450 000,00 €;115.82;Faro;Apartments
4162;T2;315 000,00 €;109;Ilha de S?£o Miguel;Apartments
4163;T2;275 000,00 €;112;Ilha de S?£o Miguel;Apartments
4164;T3;549 000,00 €;137;Set??bal;Apartments
4165;T3;290 000,00 €;99;Porto;Apartments
4166;T2;350 000,00 €;98;Porto;Apartments
4167;T0;129 900,00 €;36;Lisboa;Apartments
4168;T3;380 000,00 €;128.10;Faro;Apartments
4169;T2;350 000,00 €;108.20;Faro;Apartments
417;T2;145 000,00 €;120;Aveiro;Apartments
4170;T3;299 000,00 €;150;Viana do Castelo;Apartments
4171;T3;430 000,00 €;340;Porto;Apartments
4172;T2;298 000,00 €;150;Porto;Apartments
4173;T2;152 000,00 €;76;Set??bal;Apartments
4174;T3;698 000,00 €;76.80;Lisboa;Apartments
4175;T3;268 000,00 €;84;Set??bal;Apartments
4176;T2;570 000,00 €;100;Lisboa;Apartments
4177;T3;705 000,00 €;114;Lisboa;Apartments
4178;T3;690 000,00 €;114;Lisboa;Apartments
4179;T2;560 000,00 €;100;Lisboa;Apartments
418;T3;2 000 000,00 €;130;Lisboa;Apartments
4180;T3;185 000,00 €;87;Set??bal;Apartments
4181;T2;199 900,00 €;75;Set??bal;Apartments
4182;T3;265 000,00 €;143;Coimbra;Apartments
4183;T3;309 900,00 €;144;Braga;Apartments
4184;T1;195 000,00 €;55.50;Coimbra;Apartments
4185;T2;230 000,00 €;65;Lisboa;Apartments
4188;T3;397 500,00 €;108.35;Porto;Apartments
419;T2;149 000,00 €;83.50;Faro;Apartments
4190;T3;229 900,00 €;91;Lisboa;Apartments
4191;T2;285 000,00 €;79.50;Coimbra;Apartments
4192;T2;275 000,00 €;72.80;Coimbra;Apartments
4193;T0;170 000,00 €;47.30;Coimbra;Apartments
4194;T4;535 000,00 €;138;Lisboa;Apartments
4195;T2;137 000,00 €;74;Set??bal;Apartments
4196;T2;197 000,00 €;80;Porto;Apartments
4197;T3;775 000,00 €;129;Lisboa;Apartments
4199;T2;270 000,00 €;72;Lisboa;Apartments
42;T3;178 900,00 €;112.50;Set??bal;Apartments
420;T3;460 000,00 €;134;Lisboa;Apartments
4200;T2;255 000,00 €;76;Porto;Apartments
4201;T3;250 000,00 €;126;Coimbra;Apartments
4202;T3;165 000,00 €;86.59;Set??bal;Apartments
4203;T3;350 000,00 €;160;Lisboa;Apartments
4204;T2;740 000,00 €;110.02;Porto;Apartments
4205;T3;350 000,00 €;109.70;Faro;Apartments
4206;T3;213 000,00 €;100;Set??bal;Apartments
4207;T3;823 000,00 €;135;Lisboa;Apartments
4208;T3;249 900,00 €;145;Braga;Apartments
4209;T1;250 000,00 €;70.55;Ilha de S?£o Miguel;Apartments
421;T3;395 000,00 €;126.54;Coimbra;Apartments
4210;T1;110 000,00 €;32;Coimbra;Apartments
4211;T1;420 000,00 €;79.20;Faro;Apartments
4212;T1;195 000,00 €;89;Faro;Apartments
4213;T3;280 000,00 €;120;Coimbra;Apartments
4214;T1;269 000,00 €;56.40;Faro;Apartments
4215;T2;427 000,00 €;70;Lisboa;Apartments
4216;T2;465 500,00 €;115;Porto;Apartments
4217;T3;465 000,00 €;151.25;Faro;Apartments
4218;T3;940 000,00 €;155;Lisboa;Apartments
4219;T3;195 000,00 €;110;Braga;Apartments
422;T2;550 000,00 €;78;Ilha da Madeira;Apartments
4221;T1;236 000,00 €;44;Porto;Apartments
4222;T2;514 100,00 €;98;Porto;Apartments
4223;T4;375 000,00 €;180;Set??bal;Apartments
4224;T3;485 000,00 €;124;Porto;Apartments
4225;T1;249 000,00 €;85;Lisboa;Apartments
4226;T2;299 000,00 €;102;Porto;Apartments
4227;T3;525 000,00 €;132.70;Lisboa;Apartments
4228;T3;535 000,00 €;132.70;Lisboa;Apartments
4229;T3;545 000,00 €;132.70;Lisboa;Apartments
4230;T3;555 000,00 €;132.70;Lisboa;Apartments
4231;T2;445 000,00 €;112.80;Lisboa;Apartments
4232;T4;1 100 000,00 €;183.75;Porto;Apartments
4233;T2;465 000,00 €;112.80;Lisboa;Apartments
4234;T2;425 000,00 €;107.80;Lisboa;Apartments
4235;T2;445 000,00 €;107.80;Lisboa;Apartments
4236;T2;430 000,00 €;107.80;Lisboa;Apartments
4238;T3;750 000,00 €;142.20;Porto;Apartments
4239;T3;451 156,00 €;130;Faro;Apartments
424;T3;267 000,00 €;130;Lisboa;Apartments
4240;T2;440 000,00 €;112.80;Lisboa;Apartments
4241;T3;730 000,00 €;154.50;Porto;Apartments
4242;T3;560 000,00 €;139;Lisboa;Apartments
4243;T2;435 000,00 €;112.90;Lisboa;Apartments
4244;T3;414 434,00 €;122;Faro;Apartments
4245;T3;715 000,00 €;154.50;Porto;Apartments
4246;T3;700 000,00 €;150.50;Porto;Apartments
4247;T3;660 000,00 €;154.50;Porto;Apartments
4248;T2;380 000,00 €;93.80;Lisboa;Apartments
4249;T2;405 000,00 €;105.10;Lisboa;Apartments
425;T2;415 000,00 €;109;Lisboa;Apartments
4250;T2;285 000,00 €;63;Porto;Apartments
4251;T3;645 000,00 €;142.20;Porto;Apartments
4252;T2;350 000,00 €;98;Porto;Apartments
4253;T3;585 000,00 €;120;Ilha da Madeira;Apartments
4254;T2;495 000,00 €;70;Ilha da Madeira;Apartments
4255;T3;210 000,00 €;110;Leiria;Apartments
4256;T3;162 500,00 €;120.60;Leiria;Apartments
4257;T3;460 000,00 €;125.07;Set??bal;Apartments
4258;T2;159 000,00 €;72;Lisboa;Apartments
4259;T3;1 017 000,00 €;136;Porto;Apartments
426;T3;698 000,00 €;159.80;Lisboa;Apartments
4260;T3;765 000,00 €;260.36;Lisboa;Apartments
4261;T1;395 000,00 €;60;Lisboa;Apartments
4262;T3;395 000,00 €;140;Porto;Apartments
4263;T2;600 000,00 €;92;Lisboa;Apartments
4264;T2;575 000,00 €;83;Lisboa;Apartments
4265;T2;162 000,00 €;69;Porto;Apartments
4266;T2;695 000,00 €;90;Lisboa;Apartments
4267;T2;230 000,00 €;164.85;Faro;Apartments
4268;T2;599 000,00 €;115;Lisboa;Apartments
4269;T1;219 000,00 €;52;Porto;Apartments
427;T4;335 000,00 €;176;Coimbra;Apartments
4270;T3;545 000,00 €;152;Porto;Apartments
4271;T3;285 000,00 €;175;Braga;Apartments
4272;T3;340 000,00 €;158;Porto;Apartments
4273;T3;570 000,00 €;139;Lisboa;Apartments
4274;T3;540 000,00 €;139;Lisboa;Apartments
4275;T3;550 000,00 €;139;Lisboa;Apartments
4276;T3;240 000,00 €;92;Lisboa;Apartments
4277;T2;220 000,00 €;114;Porto;Apartments
4278;T3;370 000,00 €;166;Lisboa;Apartments
4279;T4;1 100 000,00 €;177;Lisboa;Apartments
428;T1;197 500,00 €;60;Porto;Apartments
4280;T3;895 000,00 €;137.50;Lisboa;Apartments
4281;T0;260 000,00 €;35;Porto;Apartments
4282;T3;740 000,00 €;149;Porto;Apartments
4283;T3;755 000,00 €;140;Porto;Apartments
4284;T2;350 000,00 €;98;Porto;Apartments
4285;T2;189 800,00 €;77.40;Lisboa;Apartments
4286;T3;360 000,00 €;145;Porto;Apartments
4287;T3;295 000,00 €;138;Porto;Apartments
4288;T3;299 900,00 €;140;Set??bal;Apartments
4289;T3;110 000,00 €;104;Leiria;Apartments
429;T2;240 000,00 €;97;Porto;Apartments
4290;T1;176 000,00 €;45.97;Faro;Apartments
4291;T3;115 000,00 €;98;Leiria;Apartments
4292;T0;260 000,00 €;40;Porto;Apartments
4293;T2;160 000,00 €;58;Lisboa;Apartments
4294;T3;350 000,00 €;72;Ilha da Madeira;Apartments
4295;T3;870 000,00 €;169.83;Porto;Apartments
4296;T3;340 000,00 €;130;Lisboa;Apartments
4297;T4;400 000,00 €;83;Ilha da Madeira;Apartments
4298;T2;262 000,00 €;138.28;Porto;Apartments
4299;T4;417 500,00 €;94;Lisboa;Apartments
43;T2;185 000,00 €;85;Coimbra;Apartments
430;T2;285 000,00 €;104;Porto;Apartments
4301;T3;487 500,00 €;95;Porto;Apartments
4302;T3;375 000,00 €;217.61;Lisboa;Apartments
4303;T3;280 000,00 €;112;Set??bal;Apartments
4304;T1;236 000,00 €;44;Porto;Apartments
4305;T5;429 000,00 €;176;Coimbra;Apartments
4306;T1;235 000,00 €;52;Coimbra;Apartments
4307;T3;1 350 000,00 €;405.28;Lisboa;Apartments
4308;T3;240 000,00 €;125;Faro;Apartments
4309;T3;329 000,00 €;249;Lisboa;Apartments
431;T2;270 000,00 €;86;Faro;Apartments
4311;T1;220 000,00 €;55;Faro;Apartments
4313;T3;807 000,00 €;154;Porto;Apartments
4314;T3;403 000,00 €;115.81;Porto;Apartments
4315;T2;619 000,00 €;120;Lisboa;Apartments
4317;T2;695 000,00 €;95;Lisboa;Apartments
4318;T3;420 000,00 €;213;Porto;Apartments
4319;T3;450 000,00 €;120.85;Porto;Apartments
432;T2;350 000,00 €;77.80;Porto;Apartments
4320;T0;170 000,00 €;30;Aveiro;Apartments
4321;T3;228 500,00 €;110;Set??bal;Apartments
4322;T3;255 000,00 €;131;Porto;Apartments
4323;T1;190 000,00 €;38;Porto;Apartments
4324;T1;225 000,00 €;52.50;Porto;Apartments
4325;T1;175 000,00 €;38.50;Porto;Apartments
4326;T2;495 000,00 €;56;Lisboa;Apartments
4328;T1;275 000,00 €;64;Faro;Apartments
4329;T3;470 000,00 €;127;Faro;Apartments
433;T2;315 000,00 €;96.80;Lisboa;Apartments
4330;T2;420 000,00 €;102;Faro;Apartments
4331;T4;1 060 000,00 €;177;Faro;Apartments
4332;T2;455 800,00 €;101;Faro;Apartments
4333;T3;635 000,00 €;150.50;Porto;Apartments
4334;T5;475 000,00 €;186;Porto;Apartments
4335;T2;250 000,00 €;76;Porto;Apartments
4336;T1;195 000,00 €;55.50;Coimbra;Apartments
4337;T3;400 000,00 €;142;Porto;Apartments
4338;T2;500 000,00 €;117;Porto;Apartments
4339;T3;325 000,00 €;126;Lisboa;Apartments
434;T3;550 010,00 €;168;Porto;Apartments
4340;T3;375 000,00 €;122;Porto;Apartments
4341;T0;230 000,00 €;40;Porto;Apartments
4342;T3;399 900,00 €;177;Braga;Apartments
4343;T1;265 000,00 €;82.97;Faro;Apartments
4344;T3;265 000,00 €;128;Set??bal;Apartments
4345;T4;329 000,00 €;160;Set??bal;Apartments
4346;T3;310 000,00 €;110;Set??bal;Apartments
4347;T2;159 900,00 €;62;Set??bal;Apartments
4348;T2;209 000,00 €;80;Porto;Apartments
4350;T3;345 000,00 €;137;Porto;Apartments
4351;T3;775 000,00 €;129;Lisboa;Apartments
4352;T2;475 000,00 €;120;Set??bal;Apartments
4353;T2;224 000,00 €;93.86;Lisboa;Apartments
4354;T1;229 900,00 €;60;Porto;Apartments
4355;T3;735 000,00 €;133;Lisboa;Apartments
4357;T2;700 000,00 €;137;Aveiro;Apartments
4359;T3;905 000,00 €;191;Aveiro;Apartments
436;T2;375 800,00 €;88.24;Porto;Apartments
4360;T3;179 900,00 €;84;Porto;Apartments
4361;T5;1 790 000,00 €;280;Aveiro;Apartments
4362;T3;251 000,00 €;154;Braga;Apartments
4363;T1;145 000,00 €;62;Braga;Apartments
4364;T3;515 000,00 €;136.50;Lisboa;Apartments
4365;T3;445 000,00 €;122.41;Lisboa;Apartments
4366;T1;600 000,00 €;70;Lisboa;Apartments
4367;T2;159 900,00 €;76;Porto;Apartments
4368;T3;380 000,00 €;142.21;Porto;Apartments
4369;T2;209 990,00 €;65.45;Lisboa;Apartments
437;T1;330 000,00 €;60;Porto;Apartments
4370;T3;567 500,00 €;139;Porto;Apartments
4371;T1;289 900,00 €;35;Lisboa;Apartments
4372;T3;1 150 000,00 €;117;Lisboa;Apartments
4373;T2;299 900,00 €;51;Lisboa;Apartments
4374;T2;159 900,00 €;76;Porto;Apartments
4375;T2;242 500,00 €;84.95;Faro;Apartments
4377;T3;625 000,00 €;146.70;Aveiro;Apartments
4378;T2;197 500,00 €;64;Set??bal;Apartments
4379;T3;635 000,00 €;147.50;Aveiro;Apartments
438;T2;411 400,00 €;97.76;Porto;Apartments
4380;T2;290 000,00 €;78;Lisboa;Apartments
4382;T1;230 000,00 €;47;Porto;Apartments
4383;T2;219 000,00 €;81;Braga;Apartments
4385;T2;325 000,00 €;80;Porto;Apartments
4386;T2;174 500,00 €;99;Porto;Apartments
4387;T3;915 000,00 €;115.14;Porto;Apartments
4388;T2;700 000,00 €;127;Porto;Apartments
439;T1;243 090,00 €;68.65;Porto;Apartments
4390;T2;254 900,00 €;123;Lisboa;Apartments
4391;T3;310 000,00 €;96;Porto;Apartments
4392;T1;289 900,00 €;47;Lisboa;Apartments
4394;T2;215 000,00 €;63;Lisboa;Apartments
4395;T2;280 000,00 €;63;Porto;Apartments
4396;T2;400 000,00 €;90;Lisboa;Apartments
4397;T4;250 000,00 €;127;Porto;Apartments
4398;T4;475 000,00 €;154.56;Set??bal;Apartments
4399;T4;487 500,00 €;149.30;Set??bal;Apartments
44;T4;650 000,00 €;182.90;Lisboa;Apartments
440;T2;365 000,00 €;86.29;Porto;Apartments
4400;T4;400 000,00 €;138.02;Set??bal;Apartments
4401;T3;172 000,00 €;128;Santar?©m;Apartments
4402;T4;650 000,00 €;197.31;Set??bal;Apartments
4403;T2;270 000,00 €;63;Porto;Apartments
4404;T4;487 500,00 €;149.30;Set??bal;Apartments
4405;T4;400 000,00 €;138.02;Set??bal;Apartments
4406;T4;475 000,00 €;154.56;Set??bal;Apartments
4407;T4;475 000,00 €;149.30;Set??bal;Apartments
4408;T4;480 000,00 €;149.30;Set??bal;Apartments
4409;T4;650 000,00 €;234.04;Set??bal;Apartments
441;T2;380 000,00 €;83.70;Set??bal;Apartments
4410;T3;225 000,00 €;92;Lisboa;Apartments
4411;T3;590 000,00 €;175;Lisboa;Apartments
4412;T3;380 000,00 €;147;Lisboa;Apartments
4413;T3;229 900,00 €;129;Braga;Apartments
4414;T2;360 000,00 €;83;Porto;Apartments
4415;T2;79 000,00 €;76;Set??bal;Apartments
4416;T1;84 000,00 €;59;Set??bal;Apartments
4418;T3;675 000,00 €;167.55;Lisboa;Apartments
4419;T4;235 000,00 €;183;Santar?©m;Apartments
442;T2;300 000,00 €;69.89;Faro;Apartments
4420;T2;225 000,00 €;79;Santar?©m;Apartments
4421;T3;315 000,00 €;121;Lisboa;Apartments
4422;T3;365 000,00 €;188;Porto;Apartments
4423;T3;550 000,00 €;140;Faro;Apartments
4424;T3;525 000,00 €;134;Porto;Apartments
4425;T3;266 000,00 €;125;Braga;Apartments
4429;T2;179 000,00 €;80;Aveiro;Apartments
443;T3;485 000,00 €;127.48;Porto;Apartments
4430;T3;1 140 000,00 €;181.30;Lisboa;Apartments
4431;T3;192 500,00 €;141;Viseu;Apartments
4432;T3;195 000,00 €;115;Braga;Apartments
4433;T3;239 000,00 €;99;Porto;Apartments
4434;T5;650 000,00 €;190;Aveiro;Apartments
4435;T3;749 500,00 €;133.85;Lisboa;Apartments
4436;T2;646 000,00 €;115;Porto;Apartments
4437;T2;598 000,00 €;80;Lisboa;Apartments
4438;T2;369 000,00 €;109;Faro;Apartments
4439;T3;750 000,00 €;134;Porto;Apartments
444;T2;363 100,00 €;88.33;Porto;Apartments
4440;T2;220 000,00 €;58.43;Lisboa;Apartments
4441;T3;252 000,00 €;88;Set??bal;Apartments
4442;T3;325 000,00 €;96;Set??bal;Apartments
4445;T1;315 000,00 €;81.10;Lisboa;Apartments
4446;T3;935 000,00 €;230.80;Set??bal;Apartments
4447;T2;725 000,00 €;179.70;Set??bal;Apartments
4448;T1;325 000,00 €;102.80;Set??bal;Apartments
4449;T3;620 000,00 €;298.20;Faro;Apartments
445;T2;635 000,00 €;93.90;Faro;Apartments
4450;T3;375 000,00 €;134.72;Faro;Apartments
4451;T1;630 000,00 €;76.65;Lisboa;Apartments
4453;T3;390 000,00 €;114.67;Aveiro;Apartments
4454;T2;720 000,00 €;121;Faro;Apartments
4455;T1;310 000,00 €;88.10;Set??bal;Apartments
4456;T3;530 000,00 €;139;Lisboa;Apartments
4457;T4;595 000,00 €;230;Viana do Castelo;Apartments
4458;T3;385 000,00 €;105.28;Lisboa;Apartments
4459;T3;2 500 000,00 €;177.09;Lisboa;Apartments
446;T2;290 000,00 €;115.20;Braga;Apartments
4460;T1;340 000,00 €;62.39;Faro;Apartments
4461;T4;407 000,00 €;163.20;Faro;Apartments
4462;T4;1 550 000,00 €;173;Lisboa;Apartments
4463;T3;304 500,00 €;136.70;Faro;Apartments
4464;T3;893 000,00 €;157.35;Set??bal;Apartments
4465;T4;381 000,00 €;162.20;Faro;Apartments
4466;T2;415 000,00 €;107.80;Lisboa;Apartments
4467;T3;510 000,00 €;122;Set??bal;Apartments
4468;T3;450 000,00 €;125;Porto;Apartments
4469;T2;214 900,00 €;60;Set??bal;Apartments
447;T2;376 300,00 €;88.33;Porto;Apartments
4471;T4;990 000,00 €;148;Lisboa;Apartments
4472;T3;245 000,00 €;110;Braga;Apartments
4473;T2;235 000,00 €;71;Faro;Apartments
4474;T1;279 000,00 €;56;Porto;Apartments
4476;T3;1 620 000,00 €;212;Lisboa;Apartments
4477;T2;199 000,00 €;81;Set??bal;Apartments
4478;T3;160 000,00 €;112;Porto;Apartments
4479;T2;637 000,00 €;115;Porto;Apartments
448;T0;169 000,00 €;37;Porto;Apartments
4480;T3;350 000,00 €;138;Porto;Apartments
4481;T3;170 000,00 €;94;Santar?©m;Apartments
4483;T2;630 000,00 €;93.60;Lisboa;Apartments
4484;T3;359 000,00 €;164;Porto;Apartments
4485;T3;160 000,00 €;90;Braga;Apartments
4486;T2;269 900,00 €;125;Lisboa;Apartments
4487;T0;159 000,00 €;38;Porto;Apartments
4488;T2;690 000,00 €;159.30;Set??bal;Apartments
4489;T2;630 000,00 €;101;Porto;Apartments
449;T3;960 000,00 €;148.96;Lisboa;Apartments
4490;T1;200 000,00 €;66;Porto;Apartments
4491;T2;195 000,00 €;81;Porto;Apartments
4492;T3;199 000,00 €;120;Braga;Apartments
4494;T2;675 000,00 €;159.90;Set??bal;Apartments
4495;T2;695 000,00 €;159.90;Set??bal;Apartments
4497;T1;325 000,00 €;121.76;Faro;Apartments
4498;T3;485 000,00 €;98;Porto;Apartments
4499;T2;475 000,00 €;92;Porto;Apartments
45;T2;335 000,00 €;171.50;Lisboa;Apartments
450;T4;950 000,00 €;159;Porto;Apartments
4500;T3;465 000,00 €;99;Porto;Apartments
4501;T2;730 000,00 €;180.20;Set??bal;Apartments
4503;T1;520 000,00 €;90.60;Set??bal;Apartments
4504;T1;510 000,00 €;90.60;Set??bal;Apartments
4505;T1;315 000,00 €;88.20;Set??bal;Apartments
4506;T3;885 000,00 €;202.70;Set??bal;Apartments
4507;T1;295 000,00 €;80.20;Set??bal;Apartments
4508;T1;575 000,00 €;147.20;Set??bal;Apartments
4509;T1;510 000,00 €;106;Set??bal;Apartments
451;T2;438 000,00 €;111.63;Porto;Apartments
4510;T2;210 000,00 €;121;Porto;Apartments
4511;T3;368 000,00 €;123.13;Set??bal;Apartments
4512;T3;350 000,00 €;119.45;Faro;Apartments
4513;T2;280 000,00 €;60;Lisboa;Apartments
4514;T3;294 000,00 €;120;Braga;Apartments
4516;T3;220 000,00 €;106;Guarda;Apartments
4517;T5;1 250 000,00 €;240;Porto;Apartments
4518;T3;320 000,00 €;119.45;Faro;Apartments
4519;T2;398 000,00 €;89;Lisboa;Apartments
452;T2;380 700,00 €;89.54;Porto;Apartments
4520;T2;194 000,00 €;62;Faro;Apartments
4521;T3;1 017 000,00 €;136;Porto;Apartments
4522;T3;625 500,00 €;140;Porto;Apartments
4523;T3;335 000,00 €;98;Faro;Apartments
4524;T2;285 000,00 €;77;Faro;Apartments
4525;T2;285 000,00 €;78;Faro;Apartments
4526;T4;1 950 000,00 €;314;Lisboa;Apartments
4527;T1;235 000,00 €;94;Lisboa;Apartments
4528;T4;535 000,00 €;208;Porto;Apartments
4529;T3;185 000,00 €;94.10;Porto;Apartments
453;T2;390 200,00 €;96.54;Porto;Apartments
4530;T2;250 000,00 €;108;Aveiro;Apartments
4531;T3;367 500,00 €;140;Braga;Apartments
4532;T3;351 750,00 €;140;Braga;Apartments
4533;T3;315 000,00 €;140;Braga;Apartments
4534;T3;795 000,00 €;151;Lisboa;Apartments
4535;T5;264 900,00 €;180;Braga;Apartments
4536;T2;377 000,00 €;86;Faro;Apartments
4537;T1;310 000,00 €;88.20;Set??bal;Apartments
4538;T3;1 250 000,00 €;182;Porto;Apartments
4539;T3;249 000,00 €;125;Set??bal;Apartments
454;T2;400 200,00 €;97.76;Porto;Apartments
4540;T1;217 500,00 €;58;Porto;Apartments
4541;T3;675 000,00 €;220;Lisboa;Apartments
4542;T3;235 000,00 €;145;Braga;Apartments
4544;T3;299 250,00 €;128;Braga;Apartments
4545;T3;294 000,00 €;128;Braga;Apartments
4546;T2;137 000,00 €;74;Set??bal;Apartments
4547;T3;525 000,00 €;130;Lisboa;Apartments
4548;T3;520 000,00 €;130;Lisboa;Apartments
4549;T3;515 000,00 €;130;Lisboa;Apartments
455;T2;398 000,00 €;92.99;Set??bal;Apartments
4550;T3;165 000,00 €;85;Set??bal;Apartments
4551;T3;915 000,00 €;168.67;Lisboa;Apartments
4553;T2;169 000,00 €;50;Lisboa;Apartments
4554;T5;635 000,00 €;261;Porto;Apartments
4555;T3;608 000,00 €;143;Porto;Apartments
4556;T0;330 000,00 €;42;Porto;Apartments
4557;T1;235 000,00 €;50;Porto;Apartments
4558;T2;235 000,00 €;75;Aveiro;Apartments
4559;T2;70 000,00 €;72;Santar?©m;Apartments
456;T1;252 000,00 €;61.20;Porto;Apartments
4560;T3;335 000,00 €;99;Faro;Apartments
4561;T2;280 000,00 €;89;Porto;Apartments
4562;T3;415 000,00 €;120;Porto;Apartments
4563;T1;199 000,00 €;37.44;Set??bal;Apartments
4564;T3;1 050 000,00 €;117;Lisboa;Apartments
4565;T2;480 000,00 €;82;Lisboa;Apartments
4566;T3;670 000,00 €;117;Lisboa;Apartments
4567;T2;500 000,00 €;82;Lisboa;Apartments
4568;T3;169 000,00 €;163;Leiria;Apartments
4569;T2;380 000,00 €;75;Faro;Apartments
457;T4;605 000,00 €;170.05;Porto;Apartments
4570;T3;415 000,00 €;82;Set??bal;Apartments
4571;T2;605 000,00 €;100;Porto;Apartments
4572;T1;625 000,00 €;172.90;Set??bal;Apartments
4573;T1;795 000,00 €;207.50;Set??bal;Apartments
4574;T1;630 000,00 €;163.50;Set??bal;Apartments
4575;T3;359 000,00 €;164;Porto;Apartments
4576;T2;279 000,00 €;97.10;Aveiro;Apartments
4577;T3;255 000,00 €;122;Porto;Apartments
4578;T6;440 000,00 €;195;Set??bal;Apartments
458;T3;520 000,00 €;112;Porto;Apartments
4580;T5;410 000,00 €;158;Porto;Apartments
4581;T3;359 000,00 €;203;Porto;Apartments
4582;T2;259 000,00 €;82;Porto;Apartments
4583;T2;998 000,00 €;117;Lisboa;Apartments
4584;T3;269 000,00 €;100;Porto;Apartments
4585;T1;220 000,00 €;35;Lisboa;Apartments
4586;T2;310 000,00 €;87;Faro;Apartments
4587;T1;565 000,00 €;147.40;Set??bal;Apartments
4588;T2;760 000,00 €;129;Porto;Apartments
4589;T3;720 000,00 €;110;Lisboa;Apartments
459;T1;450 000,00 €;53;Lisboa;Apartments
4590;T3;199 000,00 €;90;Porto;Apartments
4592;T2;175 000,00 €;78;Porto;Apartments
4593;T1;595 000,00 €;153.40;Set??bal;Apartments
4594;T2;390 000,00 €;88.97;Aveiro;Apartments
4595;T3;395 000,00 €;124;Lisboa;Apartments
4596;T2;285 000,00 €;58;Lisboa;Apartments
4597;T0;140 000,00 €;36;Porto;Apartments
4598;T2;360 000,00 €;102;Lisboa;Apartments
4599;T2;390 000,00 €;72;Lisboa;Apartments
46;T2;193 000,00 €;98;Porto;Apartments
460;T2;372 700,00 €;89.54;Porto;Apartments
4600;T2;465 500,00 €;115;Porto;Apartments
4601;T3;355 000,00 €;118.25;Coimbra;Apartments
4603;T3;1 390 000,00 €;236;Lisboa;Apartments
4604;T2;215 000,00 €;86.60;Porto;Apartments
4605;T3;730 000,00 €;159;Porto;Apartments
4606;T3;250 000,00 €;85;Viana do Castelo;Apartments
4607;T0;230 000,00 €;32;Porto;Apartments
4608;T1;275 000,00 €;62.80;Porto;Apartments
4609;T2;339 000,00 €;111;Porto;Apartments
461;T2;374 700,00 €;94.35;Porto;Apartments
4610;T4;595 000,00 €;160;Lisboa;Apartments
4611;T3;749 000,00 €;144;Faro;Apartments
4612;T3;269 000,00 €;126.80;Porto;Apartments
4613;T2;252 500,00 €;83.40;Porto;Apartments
4614;T4;397 500,00 €;164.15;Lisboa;Apartments
4615;T5;1 800 000,00 €;317;Porto;Apartments
4616;T1;330 000,00 €;98;Lisboa;Apartments
4617;T3;510 000,00 €;141;Lisboa;Apartments
4618;T3;585 000,00 €;149;Lisboa;Apartments
4619;T3;620 000,00 €;182;Lisboa;Apartments
462;T1;249 000,00 €;53;Porto;Apartments
4620;T3;610 000,00 €;141;Lisboa;Apartments
4621;T1;350 000,00 €;98;Lisboa;Apartments
4622;T2;152 500,00 €;74;Set??bal;Apartments
4623;T2;185 000,00 €;79;Set??bal;Apartments
4624;T2;280 000,00 €;55.20;Faro;Apartments
4625;T0;230 000,00 €;32;Porto;Apartments
4626;T4;920 000,00 €;159;Lisboa;Apartments
4627;T2;697 000,00 €;91;Faro;Apartments
4628;T2;240 000,00 €;77;Lisboa;Apartments
4629;T4;882 500,00 €;170;Porto;Apartments
463;T2;370 100,00 €;89.54;Porto;Apartments
4630;T2;153 000,00 €;66;Lisboa;Apartments
4631;T2;259 800,00 €;81;Lisboa;Apartments
4632;T2;138 000,00 €;54.66;Set??bal;Apartments
4633;T2;349 900,00 €;81;Porto;Apartments
4634;T1;430 000,00 €;52;Lisboa;Apartments
4636;T3;425 000,00 €;111.50;Leiria;Apartments
4637;T2;325 000,00 €;127;Lisboa;Apartments
4638;T3;350 000,00 €;174;Set??bal;Apartments
4639;T2;455 000,00 €;131;Lisboa;Apartments
464;T4;585 000,00 €;152.33;Porto;Apartments
4640;T2;480 000,00 €;123;Lisboa;Apartments
4641;T2;480 000,00 €;131;Lisboa;Apartments
4642;T3;650 000,00 €;182;Lisboa;Apartments
4643;T3;570 000,00 €;175;Set??bal;Apartments
4644;T2;350 000,00 €;92;Faro;Apartments
4645;T2;430 000,00 €;96;Faro;Apartments
4646;T3;567 500,00 €;138.75;Porto;Apartments
4647;T2;420 000,00 €;104;Faro;Apartments
4648;T3;190 000,00 €;83;Set??bal;Apartments
4649;T3;280 000,00 €;145.10;Aveiro;Apartments
465;T2;405 800,00 €;97.76;Porto;Apartments
4650;T3;155 000,00 €;76;Set??bal;Apartments
4651;T2;179 900,00 €;91;Braga;Apartments
466;T3;634 000,00 €;128.69;Set??bal;Apartments
4661;T1;220 000,00 €;58;Porto;Apartments
4662;T0;129 900,00 €;30;Porto;Apartments
4663;T2;196 000,00 €;78;Faro;Apartments
4665;T5;1 255 000,00 €;208;Lisboa;Apartments
4666;T2;185 000,00 €;86.76;Braga;Apartments
4667;T3;274 900,00 €;106;Set??bal;Apartments
4668;T2;200 000,00 €;101;Aveiro;Apartments
4669;T3;750 000,00 €;133.11;Porto;Apartments
467;T2;446 760,00 €;67.95;Lisboa;Apartments
4670;T3;608 000,00 €;143;Porto;Apartments
4671;T2;250 000,00 €;80;Faro;Apartments
4672;T2;239 000,00 €;93.86;Lisboa;Apartments
4673;T3;234 900,00 €;117;Porto;Apartments
4674;T2;220 000,00 €;63.40;Faro;Apartments
4675;T2;575 000,00 €;118;Lisboa;Apartments
4676;T2;198 500,00 €;43.80;Lisboa;Apartments
4677;T0;207 500,00 €;48;Porto;Apartments
4678;T1;297 500,00 €;86;Porto;Apartments
4679;T0;202 500,00 €;57;Porto;Apartments
468;T2;369 400,00 €;88.40;Porto;Apartments
4680;T2;317 500,00 €;80;Porto;Apartments
4681;T2;267 500,00 €;66;Porto;Apartments
4682;T3;165 000,00 €;110;Braga;Apartments
4683;T3;214 000,00 €;118;Set??bal;Apartments
4684;T1;189 000,00 €;79;Lisboa;Apartments
4685;T3;360 000,00 €;97.50;Coimbra;Apartments
4686;T2;197 500,00 €;63.15;Set??bal;Apartments
4687;T2;200 000,00 €;95;Porto;Apartments
4688;T2;650 000,00 €;156;Faro;Apartments
4689;T2;290 000,00 €;120;Porto;Apartments
469;T3;1 260 000,00 €;190.52;Lisboa;Apartments
4690;T3;195 000,00 €;127;Set??bal;Apartments
4691;T5;1 350 000,00 €;200;Lisboa;Apartments
4694;T2;127 000,00 €;120.27;Coimbra;Apartments
4695;T0;192 000,00 €;36;Aveiro;Apartments
4696;T0;189 000,00 €;34;Aveiro;Apartments
4697;T2;284 000,00 €;100;Porto;Apartments
4698;T3;600 000,00 €;130;Lisboa;Apartments
4699;T4;1 600 000,00 €;246;Porto;Apartments
47;T2;370 000,00 €;131;Lisboa;Apartments
470;T2;844 000,00 €;110.39;Lisboa;Apartments
4700;T1;450 000,00 €;80;Lisboa;Apartments
4701;T1;219 000,00 €;59.60;Leiria;Apartments
4702;T2;840 000,00 €;93;Faro;Apartments
4703;T3;176 000,00 €;85;Set??bal;Apartments
4704;T3;356 000,00 €;116;Porto;Apartments
4705;T3;225 000,00 €;128;Lisboa;Apartments
4706;T3;275 000,00 €;101;Lisboa;Apartments
4707;T2;260 000,00 €;119;Faro;Apartments
4708;T2;273 252,00 €;82;Faro;Apartments
4709;T1;210 000,00 €;72;Faro;Apartments
471;T2;500 000,00 €;97.10;Lisboa;Apartments
4710;T0;140 000,00 €;44;Faro;Apartments
4711;T3;179 900,00 €;132;Braga;Apartments
4712;T2;153 000,00 €;63;Braga;Apartments
4713;T3;1 017 000,00 €;136;Porto;Apartments
4714;T2;285 000,00 €;88;Faro;Apartments
4715;T1;460 000,00 €;54;Porto;Apartments
4716;T2;575 000,00 €;91.50;Porto;Apartments
4717;T2;465 500,00 €;115;Porto;Apartments
4718;T3;200 000,00 €;107;Set??bal;Apartments
4719;T2;197 500,00 €;89;Set??bal;Apartments
472;T4;1 400 000,00 €;164.10;Porto;Apartments
4720;T2;199 900,00 €;80;Set??bal;Apartments
4721;T1;271 000,00 €;85;Set??bal;Apartments
4722;T2;198 000,00 €;71.20;Faro;Apartments
4723;T1;159 000,00 €;55;Faro;Apartments
4724;T1;164 900,00 €;50;Porto;Apartments
4725;T3;285 000,00 €;147;Set??bal;Apartments
4728;T3;515 000,00 €;156;Lisboa;Apartments
4729;T1;172 500,00 €;61;Lisboa;Apartments
473;T2;398 000,00 €;144;Porto;Apartments
4730;T2;218 000,00 €;76;Coimbra;Apartments
4731;T4;259 000,00 €;114.50;Porto;Apartments
4732;T1;550 000,00 €;52;Lisboa;Apartments
4733;T2;270 000,00 €;77;Faro;Apartments
4734;T3;265 000,00 €;118;Porto;Apartments
4735;T2;199 900,00 €;64;Set??bal;Apartments
4736;T3;825 000,00 €;128;Porto;Apartments
4737;T2;192 500,00 €;102;Porto;Apartments
4738;T3;204 900,00 €;100;Braga;Apartments
4739;T1;285 000,00 €;50;Lisboa;Apartments
474;T2;486 000,00 €;65;Lisboa;Apartments
4740;T3;369 900,00 €;122.30;Lisboa;Apartments
4741;T4;650 000,00 €;182;Porto;Apartments
4742;T2;279 800,00 €;93;Lisboa;Apartments
4743;T0;162 000,00 €;44;Porto;Apartments
4744;T2;390 000,00 €;94;Porto;Apartments
4745;T3;225 000,00 €;147;Santar?©m;Apartments
4746;T1;320 000,00 €;50;Set??bal;Apartments
4747;T3;260 000,00 €;127;Porto;Apartments
4748;T4;897 000,00 €;265.90;Lisboa;Apartments
4749;T3;110 000,00 €;80;Coimbra;Apartments
475;T2;324 131,00 €;119.50;Faro;Apartments
4750;T2;320 000,00 €;103;Lisboa;Apartments
4752;T3;485 000,00 €;125;Lisboa;Apartments
4753;T4;2 450 000,00 €;208;Lisboa;Apartments
4754;T3;399 900,00 €;125;Porto;Apartments
4755;T2;345 000,00 €;111;Porto;Apartments
4756;T4;2 025 000,00 €;259;Lisboa;Apartments
4757;T4;2 425 000,00 €;246;Lisboa;Apartments
4758;T4;2 125 000,00 €;259;Lisboa;Apartments
4759;T4;1 275 000,00 €;259;Lisboa;Apartments
476;T3;350 000,00 €;127;Set??bal;Apartments
4760;T4;2 600 000,00 €;259;Lisboa;Apartments
4761;T4;1 975 000,00 €;257;Lisboa;Apartments
4762;T4;2 125 000,00 €;246;Lisboa;Apartments
4763;T4;2 225 000,00 €;246;Lisboa;Apartments
4764;T4;1 950 000,00 €;259;Lisboa;Apartments
4765;T4;1 925 000,00 €;257;Lisboa;Apartments
4767;T1;279 000,00 €;67;Faro;Apartments
4768;T1;215 000,00 €;63.08;Aveiro;Apartments
4769;T2;284 500,00 €;102.61;Aveiro;Apartments
477;T1;500 000,00 €;80.90;Lisboa;Apartments
4770;T3;230 000,00 €;188;Set??bal;Apartments
4771;T3;215 000,00 €;110;Porto;Apartments
4772;T2;420 000,00 €;78;Faro;Apartments
4773;T0;282 000,00 €;63;Porto;Apartments
4774;T3;335 000,00 €;138.36;Lisboa;Apartments
4775;T2;180 000,00 €;81;Porto;Apartments
4776;T2;369 000,00 €;99.21;Faro;Apartments
4777;T2;362 500,00 €;100;Faro;Apartments
478;T2;432 300,00 €;103;Porto;Apartments
4781;T1;189 900,00 €;62.60;Porto;Apartments
4782;T8;2 500 000,00 €;384;Lisboa;Apartments
4783;T3;250 000,00 €;130;Braga;Apartments
4784;T1;119 000,00 €;30;Porto;Apartments
4785;T2;310 000,00 €;99;Faro;Apartments
4786;T3;440 000,00 €;158;Faro;Apartments
4787;T3;577 700,00 €;146;Faro;Apartments
4788;T4;694 300,00 €;171;Faro;Apartments
4789;T4;460 000,00 €;101;Faro;Apartments
479;T1;272 300,00 €;63.72;Porto;Apartments
4790;T2;230 000,00 €;74;Braga;Apartments
4791;T3;235 000,00 €;202;Coimbra;Apartments
4792;T3;139 000,00 €;126.54;Coimbra;Apartments
4793;T3;170 000,00 €;62.40;Faro;Apartments
4794;T3;260 000,00 €;127;Porto;Apartments
4795;T2;189 000,00 €;80;Porto;Apartments
4796;T4;485 000,00 €;179.80;Porto;Apartments
4797;T3;385 000,00 €;115;Faro;Apartments
4798;T2;233 000,00 €;65;Lisboa;Apartments
4799;T2;330 000,00 €;90;Braga;Apartments
480;T2;383 800,00 €;96.49;Porto;Apartments
4800;T2;315 000,00 €;80;Braga;Apartments
4801;T1;260 000,00 €;60;Braga;Apartments
4802;T3;355 000,00 €;112;Braga;Apartments
4803;T1;255 000,00 €;65;Braga;Apartments
4804;T2;300 000,00 €;80;Braga;Apartments
4805;T2;315 000,00 €;90;Braga;Apartments
4806;T2;285 000,00 €;80;Braga;Apartments
4807;T3;340 000,00 €;112;Braga;Apartments
4808;T2;300 000,00 €;90;Braga;Apartments
4809;T2;310 000,00 €;80;Braga;Apartments
481;T2;570 000,00 €;140.50;Porto;Apartments
4810;T2;320 000,00 €;90;Braga;Apartments
4811;T2;305 000,00 €;90;Braga;Apartments
4812;T2;295 000,00 €;80;Braga;Apartments
4813;T3;325 000,00 €;112;Braga;Apartments
4814;T2;285 000,00 €;90;Braga;Apartments
4815;T2;270 000,00 €;80;Braga;Apartments
4816;T3;310 000,00 €;112;Braga;Apartments
4817;T2;280 000,00 €;80;Braga;Apartments
4818;T2;290 000,00 €;90;Braga;Apartments
4819;T2;300 000,00 €;102;Braga;Apartments
482;T1;295 000,00 €;110;Porto;Apartments
4820;T2;255 000,00 €;90;Braga;Apartments
4821;T2;260 000,00 €;80;Braga;Apartments
4822;T1;480 000,00 €;63;Faro;Apartments
4823;T2;179 900,00 €;99;Porto;Apartments
4824;T3;485 000,00 €;120.30;Lisboa;Apartments
4825;T3;269 900,00 €;121;Braga;Apartments
4826;T3;915 000,00 €;175;Porto;Apartments
4827;T1;197 000,00 €;55;Coimbra;Apartments
4828;T2;179 900,00 €;119;Porto;Apartments
4829;T1;170 000,00 €;78;Braga;Apartments
483;T1;276 520,00 €;63.72;Porto;Apartments
4830;T3;529 000,00 €;189;Leiria;Apartments
4831;T3;385 000,00 €;125;Leiria;Apartments
4832;T2;416 000,00 €;84;Lisboa;Apartments
4833;T2;255 000,00 €;124;Porto;Apartments
4834;T3;255 000,00 €;125;Porto;Apartments
4835;T2;250 000,00 €;124;Porto;Apartments
4836;T3;399 000,00 €;134;Porto;Apartments
4837;T3;365 000,00 €;129.25;Lisboa;Apartments
4838;T2;260 000,00 €;81.20;Faro;Apartments
4839;T4;379 000,00 €;135;Set??bal;Apartments
484;T2;374 800,00 €;88.67;Porto;Apartments
4840;T3;345 000,00 €;110;Lisboa;Apartments
4841;T1;250 000,00 €;44;Lisboa;Apartments
4842;T2;646 000,00 €;115;Porto;Apartments
4843;T3;249 000,00 €;101;Aveiro;Apartments
4844;T3;320 000,00 €;125;Lisboa;Apartments
4845;T1;130 000,00 €;32;Lisboa;Apartments
4846;T3;300 000,00 €;95;Porto;Apartments
4847;T2;220 000,00 €;77;Porto;Apartments
4848;T4;499 000,00 €;100;Lisboa;Apartments
4849;T2;225 000,00 €;68;Porto;Apartments
485;T2;399 600,00 €;96;Porto;Apartments
4850;T2;215 000,00 €;68;Porto;Apartments
4851;T2;930 000,00 €;103;Lisboa;Apartments
4852;T2;920 000,00 €;103;Lisboa;Apartments
4853;T2;165 000,00 €;69;Faro;Apartments
4854;T1;206 000,00 €;55.48;Braga;Apartments
4855;T1;216 000,00 €;55.48;Braga;Apartments
4856;T1;221 500,00 €;61.01;Braga;Apartments
4857;T2;360 000,00 €;102;Faro;Apartments
4858;T2;365 000,00 €;85;Porto;Apartments
4859;T2;350 000,00 €;85;Porto;Apartments
486;T3;440 000,00 €;177;Braga;Apartments
4860;T2;325 000,00 €;77;Porto;Apartments
4861;T2;475 000,00 €;93;Porto;Apartments
4862;T2;278 000,00 €;102;Faro;Apartments
4863;T1;199 000,00 €;70;Faro;Apartments
4864;T3;209 000,00 €;95;Braga;Apartments
4865;T1;206 000,00 €;55.48;Braga;Apartments
4866;T1;212 500,00 €;61.01;Braga;Apartments
4867;T1;225 000,00 €;51;Faro;Apartments
4868;T2;390 000,00 €;91;Faro;Apartments
4869;T1;159 000,00 €;59.60;Leiria;Apartments
487;T3;1 220 000,00 €;184.17;Lisboa;Apartments
4870;T3;249 995,00 €;148;Porto;Apartments
4871;T4;475 000,00 €;189;Porto;Apartments
4872;T3;299 000,00 €;156;Leiria;Apartments
4873;T3;440 000,00 €;101;Lisboa;Apartments
4874;T3;430 000,00 €;117;Porto;Apartments
4875;T3;375 000,00 €;115;Porto;Apartments
4877;T2;130 000,00 €;95;Set??bal;Apartments
4878;T2;285 000,00 €;113;Porto;Apartments
4879;T1;150 000,00 €;46.38;Lisboa;Apartments
488;T2;365 000,00 €;65;Lisboa;Apartments
4880;T3;158 500,00 €;104;Braga;Apartments
4881;T2;188 000,00 €;71;Set??bal;Apartments
4882;T2;177 000,00 €;71;Set??bal;Apartments
4883;T2;156 000,00 €;89;Set??bal;Apartments
4884;T2;165 000,00 €;85;Set??bal;Apartments
4885;T2;179 000,00 €;83;Set??bal;Apartments
4886;T3;370 000,00 €;107.75;Faro;Apartments
4887;T2;275 000,00 €;79.75;Faro;Apartments
4888;T3;400 000,00 €;107.75;Faro;Apartments
4889;T4;614 000,00 €;181.05;Porto;Apartments
489;T2;368 400,00 €;88.33;Porto;Apartments
4890;T2;379 000,00 €;93;Faro;Apartments
4891;T3;1 000 000,00 €;140;Porto;Apartments
4892;T2;293 000,00 €;111.41;Porto;Apartments
4893;T2;310 000,00 €;79.15;Faro;Apartments
4894;T2;335 000,00 €;101;Faro;Apartments
4895;T1;255 000,00 €;66;Faro;Apartments
4896;T3;465 000,00 €;116;Porto;Apartments
4897;T3;340 000,00 €;107.75;Faro;Apartments
4898;T4;440 000,00 €;171;Faro;Apartments
4899;T1;275 000,00 €;61;Faro;Apartments
49;T3;470 000,00 €;125;Porto;Apartments
490;T2;365 100,00 €;88.67;Porto;Apartments
4901;T3;199 800,00 €;100;Faro;Apartments
4902;T0;259 000,00 €;46;Faro;Apartments
4903;T1;350 000,00 €;64;Porto;Apartments
4904;T4;305 000,00 €;95;Lisboa;Apartments
4905;T1;10 500,00 €;87;Faro;Apartments
4906;T1;199 700,00 €;112;Santar?©m;Apartments
4907;T2;320 000,00 €;149;Faro;Apartments
4908;T2;310 000,00 €;122;Faro;Apartments
4909;T2;230 000,00 €;77;Faro;Apartments
491;T0;199 000,00 €;51;Porto;Apartments
4910;T2;165 000,00 €;83;Coimbra;Apartments
4911;T2;330 000,00 €;79.75;Faro;Apartments
4912;T3;390 000,00 €;96.39;Faro;Apartments
4914;T1;425 000,00 €;100;Lisboa;Apartments
4915;T2;330 000,00 €;79.75;Faro;Apartments
4916;T1;235 000,00 €;60.55;Faro;Apartments
4917;T2;285 000,00 €;113;Porto;Apartments
4918;T1;260 000,00 €;61.05;Faro;Apartments
4919;T2;435 000,00 €;109;Set??bal;Apartments
492;T3;508 000,00 €;125.45;Set??bal;Apartments
4920;T2;250 000,00 €;165;Porto;Apartments
4921;T2;122 000,00 €;123;Leiria;Apartments
4922;T3;285 000,00 €;143;Porto;Apartments
4923;T3;360 000,00 €;107.75;Faro;Apartments
4924;T2;255 000,00 €;163;Porto;Apartments
4925;T4;1 081 200,00 €;176.21;Faro;Apartments
4927;T3;850 000,00 €;141;Faro;Apartments
4928;T4;699 600,00 €;146.12;Faro;Apartments
4929;T3;265 900,00 €;146.50;Lisboa;Apartments
493;T2;357 000,00 €;81;Porto;Apartments
4930;T3;200 000,00 €;84;Lisboa;Apartments
4931;T2;310 000,00 €;79.75;Faro;Apartments
4932;T2;325 000,00 €;79.15;Faro;Apartments
4933;T2;325 000,00 €;79.75;Faro;Apartments
4934;T1;275 000,00 €;61.05;Faro;Apartments
4935;T2;280 000,00 €;113.10;Faro;Apartments
4936;T3;360 000,00 €;107.75;Faro;Apartments
4937;T3;340 000,00 €;107.75;Faro;Apartments
4938;T2;270 000,00 €;79.75;Faro;Apartments
4939;T2;330 000,00 €;79.15;Faro;Apartments
494;T4;1 500 000,00 €;300;Lisboa;Apartments
4940;T1;260 000,00 €;61.05;Faro;Apartments
4941;T0;249 000,00 €;46;Faro;Apartments
4942;T3;588 300,00 €;148.81;Faro;Apartments
4943;T2;310 000,00 €;79.75;Faro;Apartments
4944;T3;350 000,00 €;107.75;Faro;Apartments
4945;T2;330 000,00 €;79.15;Faro;Apartments
4946;T2;325 000,00 €;79.75;Faro;Apartments
4947;T1;235 000,00 €;60.55;Faro;Apartments
4948;T2;400 000,00 €;83;Lisboa;Apartments
4949;T4;2 650 000,00 €;289;Lisboa;Apartments
495;T3;247 000,00 €;95.10;Porto;Apartments
4950;T3;352 500,00 €;106.99;Set??bal;Apartments
4951;T3;180 000,00 €;144;Aveiro;Apartments
4952;T3;155 000,00 €;115;Aveiro;Apartments
4953;T1;170 000,00 €;47.30;Coimbra;Apartments
4954;T3;370 000,00 €;137;Aveiro;Apartments
4955;T3;445 550,00 €;137;Aveiro;Apartments
4956;T3;650 000,00 €;137;Aveiro;Apartments
4957;T3;640 000,00 €;137;Aveiro;Apartments
4958;T3;375 000,00 €;137;Aveiro;Apartments
4959;T4;610 000,00 €;226;Aveiro;Apartments
496;T2;825 000,00 €;102;Faro;Apartments
4960;T3;445 000,00 €;134;Porto;Apartments
4961;T3;460 000,00 €;144;Porto;Apartments
4962;T3;430 000,00 €;134;Porto;Apartments
4963;T4;540 000,00 €;154.50;Coimbra;Apartments
4964;T2;270 000,00 €;77.60;Coimbra;Apartments
4965;T2;272 000,00 €;72.80;Coimbra;Apartments
4966;T2;290 000,00 €;84.80;Coimbra;Apartments
4967;T2;360 000,00 €;102.70;Coimbra;Apartments
4968;T1;199 000,00 €;59.90;Coimbra;Apartments
4969;T4;495 000,00 €;100;Lisboa;Apartments
497;T3;1 800 000,00 €;135;Lisboa;Apartments
4970;T2;369 000,00 €;205;Lisboa;Apartments
4971;T1;173 000,00 €;61;Porto;Apartments
4972;T3;199 000,00 €;100;Leiria;Apartments
4973;T3;346 000,00 €;143;Porto;Apartments
4974;T2;210 000,00 €;78;Lisboa;Apartments
4975;T3;215 000,00 €;82;Lisboa;Apartments
4976;T2;153 000,00 €;68;Lisboa;Apartments
4977;T0;140 000,00 €;36;Porto;Apartments
4978;T3;580 000,00 €;96;Porto;Apartments
4979;T3;960 000,00 €;166;Aveiro;Apartments
4980;T3;498 000,00 €;120;Lisboa;Apartments
4981;T3;960 000,00 €;158;Aveiro;Apartments
4982;T4;260 000,00 €;137;Aveiro;Apartments
4983;T2;435 000,00 €;109.82;Faro;Apartments
4984;T2;399 750,00 €;99.22;Faro;Apartments
4985;T3;580 000,00 €;98.25;Porto;Apartments
4986;T3;530 500,00 €;122.15;Faro;Apartments
4987;T3;630 000,00 €;130.81;Faro;Apartments
4988;T4;712 500,00 €;161.07;Faro;Apartments
4989;T2;440 000,00 €;91.01;Porto;Apartments
499;T2;172 500,00 €;70;Lisboa;Apartments
4990;T3;299 000,00 €;128;Porto;Apartments
4991;T1;229 000,00 €;59;Set??bal;Apartments
4992;T2;199 999,00 €;71;Set??bal;Apartments
4993;T3;365 000,00 €;130;Porto;Apartments
4994;T3;649 000,00 €;173;Ilha da Madeira;Apartments
4995;T3;415 000,00 €;130;Porto;Apartments
4996;T2;257 500,00 €;88;Braga;Apartments
4997;T3;440 000,00 €;140;Porto;Apartments
4998;T2;270 300,00 €;104;Porto;Apartments
4999;T2;275 400,00 €;104;Porto;Apartments
5;T2;610 000,00 €;198.39;Porto;Apartments
50;T2;297 000,00 €;112;Porto;Apartments
500;T3;410 000,00 €;116;Porto;Apartments
5000;T2;265 200,00 €;104;Porto;Apartments
5001;T2;285 600,00 €;104;Porto;Apartments
5002;T2;300 900,00 €;109;Porto;Apartments
5004;T3;125 000,00 €;104.86;Santar?©m;Apartments
5005;T2;240 000,00 €;81.95;Faro;Apartments
5006;T3;520 435,00 €;130;Aveiro;Apartments
5007;T2;350 000,00 €;119.10;Faro;Apartments
5008;T2;225 000,00 €;84;Porto;Apartments
5009;T2;190 000,00 €;103;Leiria;Apartments
501;T4;675 000,00 €;174;Lisboa;Apartments
5010;T1;158 000,00 €;62.60;Leiria;Apartments
5011;T1;235 000,00 €;65;Porto;Apartments
5012;T2;245 500,00 €;74.80;Faro;Apartments
5013;T3;300 000,00 €;125;Porto;Apartments
5014;T3;215 000,00 €;110;Lisboa;Apartments
5015;T3;319 000,00 €;71.28;Lisboa;Apartments
5016;T2;255 000,00 €;96.86;Faro;Apartments
5017;T4;1 575 000,00 €;165;Lisboa;Apartments
5018;T2;349 000,00 €;92;Faro;Apartments
5019;T3;690 000,00 €;178;Porto;Apartments
502;T3;820 000,00 €;176;Lisboa;Apartments
5020;T3;179 900,00 €;82;Set??bal;Apartments
5021;T3;388 000,00 €;144;Porto;Apartments
5022;T2;320 000,00 €;117;Porto;Apartments
5023;T3;453 200,00 €;144;Porto;Apartments
5024;T3;399 000,00 €;144;Porto;Apartments
5025;T2;352 775,00 €;116;Porto;Apartments
5026;T2;364 600,00 €;116;Porto;Apartments
5027;T2;284 000,00 €;100;Porto;Apartments
5028;T2;370 800,00 €;117;Porto;Apartments
5029;T2;358 500,00 €;116;Porto;Apartments
503;T3;450 000,00 €;80;Lisboa;Apartments
5030;T2;350 200,00 €;117;Porto;Apartments
5031;T2;360 500,00 €;117;Porto;Apartments
5032;T2;365 650,00 €;117;Porto;Apartments
5033;T3;390 000,00 €;144;Porto;Apartments
5034;T3;446 500,00 €;144;Porto;Apartments
5036;T2;200 000,00 €;73;Porto;Apartments
5037;T2;155 000,00 €;82;Braga;Apartments
5038;T1;247 000,00 €;51;Porto;Apartments
5039;T1;185 000,00 €;57.60;Porto;Apartments
504;T4;3 750 000,00 €;234;Lisboa;Apartments
5040;T3;183 000,00 €;102;Castelo Branco;Apartments
5041;T1;195 000,00 €;88;Porto;Apartments
5042;T4;352 000,00 €;204;Porto;Apartments
5045;T3;205 000,00 €;115;Porto;Apartments
5046;T3;205 000,00 €;156.50;Leiria;Apartments
5047;T3;739 900,00 €;142;Porto;Apartments
5048;T4;197 500,00 €;95;Leiria;Apartments
5049;T1;135 000,00 €;87;Braga;Apartments
505;T4;795 000,00 €;238;Porto;Apartments
5050;T1;130 000,00 €;87;Braga;Apartments
5051;T2;155 000,00 €;100;Braga;Apartments
5052;T2;150 000,00 €;100;Braga;Apartments
5053;T3;185 000,00 €;137;Braga;Apartments
5054;T3;185 000,00 €;138;Braga;Apartments
5055;T3;180 000,00 €;138;Braga;Apartments
5056;T3;185 000,00 €;134;Braga;Apartments
5057;T3;180 000,00 €;137;Braga;Apartments
5058;T3;180 000,00 €;134;Braga;Apartments
5059;T3;195 000,00 €;164;Braga;Apartments
506;T2;350 000,00 €;107.14;Porto;Apartments
5060;T3;195 000,00 €;161;Braga;Apartments
5061;T3;190 000,00 €;148;Braga;Apartments
5062;T3;440 000,00 €;140;Porto;Apartments
5063;T3;800 000,00 €;195;Porto;Apartments
5064;T2;370 000,00 €;98;Porto;Apartments
5065;T3;259 900,00 €;104;Porto;Apartments
5066;T2;165 000,00 €;100;Porto;Apartments
5067;T2;160 000,00 €;80;Porto;Apartments
5068;T3;324 900,00 €;221;Lisboa;Apartments
5069;T2;209 900,00 €;109;Braga;Apartments
507;T3;620 000,00 €;188.24;Porto;Apartments
5070;T2;199 900,00 €;109;Braga;Apartments
5071;T3;285 000,00 €;119.88;Leiria;Apartments
5072;T6;2 900 000,00 €;646;Lisboa;Apartments
5074;T3;625 500,00 €;140;Porto;Apartments
5075;T3;1 017 000,00 €;136;Porto;Apartments
5076;T1;119 800,00 €;47;Coimbra;Apartments
5077;T5;1 750 000,00 €;265;Lisboa;Apartments
5078;T3;809 000,00 €;154;Porto;Apartments
5079;T3;410 000,00 €;115.81;Porto;Apartments
5080;T5;440 000,00 €;112;Porto;Apartments
5081;T1;230 000,00 €;53;Porto;Apartments
5082;T3;545 000,00 €;102;Porto;Apartments
5083;T2;475 000,00 €;94;Lisboa;Apartments
5084;T3;360 000,00 €;109;Leiria;Apartments
5085;T2;490 000,00 €;109;Porto;Apartments
5086;T3;575 000,00 €;85;Lisboa;Apartments
5087;T3;1 080 000,00 €;299.20;Set??bal;Apartments
5088;T3;1 295 000,00 €;350.40;Set??bal;Apartments
5089;T3;680 000,00 €;228.40;Set??bal;Apartments
509;T3;1 625 000,00 €;181;Porto;Apartments
5090;T3;645 000,00 €;178.45;Set??bal;Apartments
5091;T3;624 500,00 €;106;Aveiro;Apartments
5092;T2;466 900,00 €;97;Aveiro;Apartments
5093;T1;279 500,00 €;51;Aveiro;Apartments
5094;T1;274 000,00 €;54;Aveiro;Apartments
5095;T2;400 500,00 €;81;Aveiro;Apartments
5096;T0;150 000,00 €;36;Porto;Apartments
5097;T4;849 000,00 €;245;Porto;Apartments
5098;T3;250 000,00 €;93;Faro;Apartments
5099;T1;245 500,00 €;45;Aveiro;Apartments
51;T3;245 000,00 €;144;Porto;Apartments
510;T3;470 000,00 €;150.80;Leiria;Apartments
5100;T1;295 000,00 €;50;Aveiro;Apartments
5101;T3;595 000,00 €;144;Aveiro;Apartments
5102;T3;600 000,00 €;145;Aveiro;Apartments
5103;T2;430 000,00 €;101;Aveiro;Apartments
5104;T2;430 000,00 €;98;Aveiro;Apartments
5105;T3;400 000,00 €;107;Aveiro;Apartments
5106;T2;267 500,00 €;80;Aveiro;Apartments
5107;T1;245 500,00 €;45;Aveiro;Apartments
5108;T3;300 000,00 €;85.50;Leiria;Apartments
5109;T3;633 000,00 €;154;Porto;Apartments
511;T2;167 500,00 €;90;Set??bal;Apartments
5110;T2;375 000,00 €;80.90;Leiria;Apartments
5111;T3;567 500,00 €;138;Porto;Apartments
5112;T3;550 000,00 €;160;Lisboa;Apartments
5113;T1;161 500,00 €;57.86;Porto;Apartments
5114;T3;199 000,00 €;105;Leiria;Apartments
5115;T2;168 000,00 €;91;Leiria;Apartments
5118;T3;395 000,00 €;120;Faro;Apartments
5119;T2;370 000,00 €;78;Faro;Apartments
512;T3;157 000,00 €;131.50;Santar?©m;Apartments
5120;T2;290 000,00 €;79;Faro;Apartments
5121;T3;335 000,00 €;110;Faro;Apartments
5125;T2;189 000,00 €;129;Porto;Apartments
5126;T2;646 000,00 €;115;Porto;Apartments
5127;T1;180 000,00 €;52;Lisboa;Apartments
5128;T2;565 000,00 €;91;Faro;Apartments
5129;T3;350 000,00 €;137.50;Porto;Apartments
513;T1;255 000,00 €;49;Lisboa;Apartments
5130;T3;624 500,00 €;150;Porto;Apartments
5131;T3;219 900,00 €;106;Braga;Apartments
5132;T2;259 000,00 €;106;Set??bal;Apartments
5133;T2;249 000,00 €;106;Set??bal;Apartments
5134;T2;465 500,00 €;115;Porto;Apartments
5135;T2;199 800,00 €;103;Coimbra;Apartments
5136;T2;325 000,00 €;97;Faro;Apartments
5137;T2;169 000,00 €;65;Set??bal;Apartments
5138;T1;212 500,00 €;81;Porto;Apartments
5139;T2;239 500,00 €;73;Porto;Apartments
514;T3;180 000,00 €;83.70;Set??bal;Apartments
5140;T2;585 000,00 €;94;Faro;Apartments
5141;T2;620 000,00 €;98;Faro;Apartments
5142;T3;280 000,00 €;118;Lisboa;Apartments
5143;T2;370 000,00 €;95.15;Faro;Apartments
5144;T2;354 000,00 €;98.16;Set??bal;Apartments
5145;T2;336 000,00 €;88.76;Porto;Apartments
5146;T2;249 500,00 €;107.42;Set??bal;Apartments
5147;T3;870 000,00 €;165;Porto;Apartments
5148;T2;380 000,00 €;90;Faro;Apartments
5149;T3;245 000,00 €;100;Porto;Apartments
515;T2;200 000,00 €;82.50;Aveiro;Apartments
5150;T2;235 000,00 €;92;Porto;Apartments
5151;T2;475 000,00 €;120;Faro;Apartments
5152;T3;695 000,00 €;114;Lisboa;Apartments
5153;T2;360 000,00 €;113;Porto;Apartments
5154;T5;630 000,00 €;121;Lisboa;Apartments
5155;T3;465 000,00 €;124.41;Lisboa;Apartments
5156;T2;250 000,00 €;64;Porto;Apartments
5157;T2;300 000,00 €;89;Aveiro;Apartments
5158;T1;189 000,00 €;59.50;Faro;Apartments
5159;T0;130 000,00 €;25;Lisboa;Apartments
516;T3;750 000,00 €;158.10;Porto;Apartments
5160;T1;305 000,00 €;48;Lisboa;Apartments
5161;T2;249 000,00 €;70;Porto;Apartments
5162;T3;320 000,00 €;100;Porto;Apartments
5163;T4;550 000,00 €;165;Porto;Apartments
5164;T2;492 500,00 €;107.17;Faro;Apartments
5165;T1;337 500,00 €;75.60;Faro;Apartments
5166;T4;460 000,00 €;192;Faro;Apartments
5167;T2;369 000,00 €;99.21;Faro;Apartments
5168;T3;587 500,00 €;122.15;Faro;Apartments
517;T0;465 000,00 €;57.29;Porto;Apartments
5170;T3;995 000,00 €;166;Lisboa;Apartments
5171;T4;1 650 000,00 €;257;Lisboa;Apartments
5172;T4;2 015 000,00 €;348;Lisboa;Apartments
5173;T2;595 000,00 €;74.55;Faro;Apartments
5174;T2;585 000,00 €;74.70;Faro;Apartments
5175;T2;640 000,00 €;79.60;Faro;Apartments
5176;T2;620 000,00 €;74.55;Faro;Apartments
5177;T2;615 000,00 €;74.95;Faro;Apartments
5178;T2;620 000,00 €;79.40;Faro;Apartments
5179;T2;595 000,00 €;79.45;Faro;Apartments
518;T2;555 000,00 €;78.53;Lisboa;Apartments
5180;T2;565 000,00 €;72.15;Faro;Apartments
5181;T2;179 900,00 €;60;Set??bal;Apartments
5182;T3;625 500,00 €;140;Porto;Apartments
5183;T2;595 000,00 €;94;Faro;Apartments
5184;T2;620 000,00 €;94;Faro;Apartments
5185;T3;215 000,00 €;70;Lisboa;Apartments
5186;T2;699 000,00 €;85.10;Faro;Apartments
5187;T3;205 000,00 €;130;Braga;Apartments
5188;T2;159 500,00 €;60;Set??bal;Apartments
5189;T1;367 000,00 €;106;Braga;Apartments
519;T1;408 000,00 €;52.64;Lisboa;Apartments
5190;T1;249 000,00 €;66.42;Faro;Apartments
5191;T1;340 000,00 €;74;Porto;Apartments
5192;T2;995 000,00 €;125.35;Porto;Apartments
5193;T2;1 255 000,00 €;160.22;Porto;Apartments
5194;T2;1 345 000,00 €;181.21;Porto;Apartments
5195;T3;120 000,00 €;116;Porto;Apartments
5196;T3;115 000,00 €;101;Porto;Apartments
5198;T2;160 000,00 €;114;Porto;Apartments
5199;T1;135 000,00 €;70;Leiria;Apartments
52;T2;505 000,00 €;97.82;Porto;Apartments
520;T0;372 000,00 €;49.95;Lisboa;Apartments
5200;T3;447 500,00 €;128.70;Faro;Apartments
5201;T3;430 000,00 €;106;Ilha da Madeira;Apartments
5203;T1;325 000,00 €;102.40;Set??bal;Apartments
5207;T3;260 000,00 €;119;Lisboa;Apartments
5208;T3;355 000,00 €;107;Lisboa;Apartments
521;T2;368 369,00 €;95;Porto;Apartments
5210;T4;440 000,00 €;122;Lisboa;Apartments
5211;T2;130 000,00 €;64;Santar?©m;Apartments
5212;T3;480 000,00 €;135;Porto;Apartments
5213;T1;181 000,00 €;59;Porto;Apartments
5214;T2;615 000,00 €;80.80;Faro;Apartments
5215;T2;345 000,00 €;101.30;Porto;Apartments
5216;T2;640 000,00 €;99;Faro;Apartments
5217;T1;135 000,00 €;52;Lisboa;Apartments
5218;T2;620 000,00 €;98;Faro;Apartments
5219;T2;565 000,00 €;91;Faro;Apartments
522;T3;375 144,00 €;128;Faro;Apartments
5220;T2;635 000,00 €;94;Faro;Apartments
5221;T2;595 000,00 €;81;Faro;Apartments
5222;T3;695 000,00 €;125;Faro;Apartments
5223;T2;220 000,00 €;97.20;Faro;Apartments
5224;T2;459 000,00 €;149;Faro;Apartments
5225;T2;425 000,00 €;90;Faro;Apartments
5226;T2;200 000,00 €;94.70;Porto;Apartments
5227;T3;624 500,00 €;150.78;Porto;Apartments
5228;T3;2 995 000,00 €;541.84;Lisboa;Apartments
523;T2;273 252,00 €;80;Faro;Apartments
5230;T3;152 000,00 €;101.80;Santar?©m;Apartments
5231;T3;1 250 000,00 €;177;Porto;Apartments
5232;T1;390 000,00 €;63;Porto;Apartments
5233;T4;399 000,00 €;159;Porto;Apartments
5234;T4;160 000,00 €;93;Set??bal;Apartments
5235;T2;195 000,00 €;85;Lisboa;Apartments
5236;T2;170 000,00 €;48;Set??bal;Apartments
5237;T3;425 000,00 €;117.86;Faro;Apartments
5238;T1;330 000,00 €;62;Faro;Apartments
5239;T3;265 000,00 €;181;Porto;Apartments
524;T1;237 216,00 €;69;Faro;Apartments
5240;T2;159 900,00 €;70;Braga;Apartments
5241;T2;530 000,00 €;128.60;Porto;Apartments
5242;T3;650 000,00 €;131;Aveiro;Apartments
5243;T3;392 500,00 €;135;Braga;Apartments
5244;T3;230 000,00 €;93.45;Faro;Apartments
5245;T3;199 000,00 €;102;Braga;Apartments
5246;T3;239 000,00 €;92;Lisboa;Apartments
5247;T2;199 000,00 €;75;Lisboa;Apartments
5248;T3;315 000,00 €;138.75;Lisboa;Apartments
5249;T3;535 000,00 €;93.80;Lisboa;Apartments
525;T3;290 900,00 €;110.80;Porto;Apartments
5250;T3;249 900,00 €;100;Lisboa;Apartments
5251;T2;435 000,00 €;101.80;Faro;Apartments
5252;T3;259 000,00 €;92;Lisboa;Apartments
5253;T2;470 000,00 €;115;Porto;Apartments
5254;T2;1 200 000,00 €;122;Faro;Apartments
5255;T2;174 900,00 €;105;Viana do Castelo;Apartments
5256;T2;136 000,00 €;104;Santar?©m;Apartments
5257;T3;735 000,00 €;134;Porto;Apartments
5258;T4;1 400 000,00 €;164;Porto;Apartments
5259;T2;550 000,00 €;105;Lisboa;Apartments
526;T3;187 000,00 €;133.25;Santar?©m;Apartments
5260;T2;550 000,00 €;110;Lisboa;Apartments
5261;T3;710 000,00 €;125;Lisboa;Apartments
5262;T4;825 000,00 €;145;Porto;Apartments
5263;T3;705 000,00 €;125;Lisboa;Apartments
5264;T3;650 000,00 €;136;Porto;Apartments
5265;T3;705 000,00 €;136;Porto;Apartments
5266;T4;850 000,00 €;145;Porto;Apartments
5267;T3;660 000,00 €;134;Porto;Apartments
5268;T3;745 000,00 €;136;Porto;Apartments
5269;T3;550 000,00 €;153.91;Porto;Apartments
527;T3;225 000,00 €;167;Porto;Apartments
5270;T3;340 147,00 €;135.10;Porto;Apartments
5271;T1;180 000,00 €;84;Leiria;Apartments
5272;T2;238 000,00 €;119;Leiria;Apartments
5273;T3;330 000,00 €;134.60;Faro;Apartments
5274;T2;165 000,00 €;96;Braga;Apartments
5275;T3;365 000,00 €;93;Aveiro;Apartments
5276;T3;270 000,00 €;143;Leiria;Apartments
5277;T1;270 000,00 €;63;Porto;Apartments
5278;T1;345 000,00 €;63;Set??bal;Apartments
5279;T2;105 000,00 €;90;Santar?©m;Apartments
528;T3;185 000,00 €;103;Faro;Apartments
5280;T3;720 000,00 €;183;Porto;Apartments
5281;T2;445 000,00 €;122;Porto;Apartments
5282;T2;172 000,00 €;67.71;Lisboa;Apartments
5283;T4;472 164,00 €;155;Faro;Apartments
5284;T3;375 144,00 €;130;Faro;Apartments
5285;T1;99 500,00 €;46;Coimbra;Apartments
5287;T3;185 000,00 €;114.28;Set??bal;Apartments
5288;T3;380 000,00 €;137.20;Porto;Apartments
5289;T3;500 000,00 €;160;Porto;Apartments
529;T3;185 000,00 €;103;Faro;Apartments
5290;T2;395 000,00 €;105;Lisboa;Apartments
5291;T2;188 000,00 €;80;Set??bal;Apartments
5292;T3;490 000,00 €;160;Porto;Apartments
5293;T3;625 500,00 €;140;Porto;Apartments
5294;T4;1 675 000,00 €;112;Lisboa;Apartments
5295;T2;227 000,00 €;57;Lisboa;Apartments
5296;T1;475 000,00 €;57.87;Lisboa;Apartments
5297;T2;242 500,00 €;103;Porto;Apartments
5298;T2;465 000,00 €;102;Porto;Apartments
5299;T2;375 000,00 €;107;Porto;Apartments
53;T1;240 000,00 €;52;Porto;Apartments
530;T4;1 390 000,00 €;287;Lisboa;Apartments
5300;T1;150 000,00 €;63.10;Coimbra;Apartments
5301;T2;180 000,00 €;92;Porto;Apartments
5302;T2;380 000,00 €;75;Lisboa;Apartments
5303;T4;350 000,00 €;139;Porto;Apartments
5304;T3;280 000,00 €;110;Lisboa;Apartments
5305;T3;150 000,00 €;105;Aveiro;Apartments
5306;T3;270 000,00 €;110;Lisboa;Apartments
5307;T2;122 000,00 €;65.08;Set??bal;Apartments
5308;T2;249 000,00 €;106;Set??bal;Apartments
5309;T1;215 000,00 €;49;Faro;Apartments
531;T4;445 000,00 €;166;Aveiro;Apartments
5310;T1;185 000,00 €;59;Faro;Apartments
5311;T3;297 400,00 €;134.95;Lisboa;Apartments
5312;T1;650 000,00 €;80;Faro;Apartments
5313;T1;262 000,00 €;57;Porto;Apartments
5314;T3;385 000,00 €;130;Lisboa;Apartments
5315;T3;215 000,00 €;82;Lisboa;Apartments
5317;T2;360 000,00 €;133;Faro;Apartments
5318;T2;295 000,00 €;118;Faro;Apartments
5319;T1;225 000,00 €;48.20;Faro;Apartments
532;T1;120 000,00 €;67.50;Braga;Apartments
5320;T3;450 000,00 €;112;Faro;Apartments
5321;T2;365 000,00 €;86;Faro;Apartments
5322;T2;380 000,00 €;88;Faro;Apartments
5323;T2;520 000,00 €;92;Faro;Apartments
5324;T3;180 000,00 €;114;Coimbra;Apartments
5325;T4;1 400 000,00 €;217;Porto;Apartments
5326;T4;495 000,00 €;121;Lisboa;Apartments
5327;T1;237 216,00 €;71;Faro;Apartments
5328;T3;567 500,00 €;139;Porto;Apartments
5329;T2;169 000,00 €;68;Santar?©m;Apartments
533;T2;220 000,00 €;62;Lisboa;Apartments
5330;T3;730 000,00 €;159;Porto;Apartments
5331;T3;260 000,00 €;120;Porto;Apartments
5332;T3;392 500,00 €;105;Porto;Apartments
5333;T3;253 000,00 €;110.30;Set??bal;Apartments
5334;T4;382 000,00 €;209.23;Set??bal;Apartments
5335;T3;300 000,00 €;68;Porto;Apartments
5337;T3;376 000,00 €;116;Porto;Apartments
5338;T3;250 000,00 €;127;Lisboa;Apartments
5339;T4;950 000,00 €;136;Lisboa;Apartments
534;T3;750 000,00 €;312;Porto;Apartments
5340;T3;270 000,00 €;70;Lisboa;Apartments
5341;T3;595 000,00 €;110;Lisboa;Apartments
5342;T0;282 000,00 €;68;Aveiro;Apartments
5343;T3;913 000,00 €;214.45;Set??bal;Apartments
5344;T3;605 000,00 €;194.42;Set??bal;Apartments
5346;T2;330 000,00 €;100.15;Faro;Apartments
5348;T4;1 250 000,00 €;244;Ilha da Madeira;Apartments
5349;T3;245 000,00 €;96;Set??bal;Apartments
535;T2;300 000,00 €;89;Aveiro;Apartments
5350;T3;199 900,00 €;127;Aveiro;Apartments
5351;T2;390 000,00 €;101;Faro;Apartments
5352;T2;145 000,00 €;89;Coimbra;Apartments
5353;T3;480 000,00 €;140;Coimbra;Apartments
5354;T1;96 800,00 €;72;Leiria;Apartments
5355;T3;245 000,00 €;160.57;Leiria;Apartments
5356;T3;374 900,00 €;111.99;Faro;Apartments
5357;T0;210 000,00 €;40;Porto;Apartments
5358;T0;169 900,00 €;38;Braga;Apartments
5359;T2;403 942,00 €;132;Faro;Apartments
536;T3;640 000,00 €;111.75;Lisboa;Apartments
5360;T3;250 000,00 €;97;Porto;Apartments
5361;T2;299 000,00 €;92;Leiria;Apartments
5362;T4;555 000,00 €;149;Porto;Apartments
5363;T3;265 000,00 €;153;Braga;Apartments
5364;T2;568 900,00 €;224.08;Faro;Apartments
5365;T3;450 000,00 €;180;Lisboa;Apartments
5366;T3;235 000,00 €;124;Aveiro;Apartments
5367;T1;201 948,00 €;53;Faro;Apartments
5368;T1;174 044,00 €;64;Faro;Apartments
5369;T2;330 379,00 €;99;Faro;Apartments
537;T3;335 000,00 €;116;Porto;Apartments
5370;T2;344 255,00 €;99;Faro;Apartments
5371;T2;344 255,00 €;115;Faro;Apartments
5372;T1;238 129,00 €;76;Faro;Apartments
5373;T1;245 056,00 €;79;Faro;Apartments
5374;T3;259 900,00 €;111.40;Porto;Apartments
5375;T1;279 500,00 €;57.37;Porto;Apartments
5376;T2;187 500,00 €;61;Set??bal;Apartments
5377;T2;288 000,00 €;136.30;Faro;Apartments
5378;T2;385 000,00 €;109.82;Faro;Apartments
5379;T1;219 745,00 €;69;Faro;Apartments
538;T2;159 900,00 €;113;Braga;Apartments
5380;T1;245 057,00 €;79;Faro;Apartments
5381;T2;344 256,00 €;106;Faro;Apartments
5382;T2;308 270,00 €;110;Faro;Apartments
5383;T2;318 029,00 €;99;Faro;Apartments
5384;T1;174 045,00 €;64;Faro;Apartments
5385;T1;185 720,00 €;69;Faro;Apartments
5386;T2;318 029,00 €;115;Faro;Apartments
5387;T3;375 000,00 €;107;Aveiro;Apartments
5388;T5;1 800 000,00 €;273;Porto;Apartments
5389;T1;229 000,00 €;71;Porto;Apartments
539;T3;635 000,00 €;154.60;Porto;Apartments
5390;T3;430 000,00 €;107;Faro;Apartments
5391;T3;225 000,00 €;85.56;Lisboa;Apartments
5392;T2;470 000,00 €;95;Porto;Apartments
5393;T0;199 000,00 €;41;Porto;Apartments
5394;T3;149 000,00 €;105;Coimbra;Apartments
5395;T2;350 000,00 €;94;Faro;Apartments
5396;T3;275 000,00 €;114;Set??bal;Apartments
5397;T1;297 500,00 €;60;Faro;Apartments
5398;T3;149 000,00 €;139;Coimbra;Apartments
5399;T2;370 000,00 €;115;Lisboa;Apartments
54;T3;450 000,00 €;129;Porto;Apartments
540;T2;143 000,00 €;108;Aveiro;Apartments
5400;T3;425 000,00 €;135;Lisboa;Apartments
5402;T3;269 000,00 €;114.08;Faro;Apartments
5403;T3;270 000,00 €;148;Viana do Castelo;Apartments
5404;T3;745 000,00 €;136;Porto;Apartments
5405;T2;480 000,00 €;113;Faro;Apartments
5406;T3;450 000,00 €;135;Lisboa;Apartments
5407;T3;400 000,00 €;130;Lisboa;Apartments
5408;T2;199 900,00 €;54;Lisboa;Apartments
5409;T4;600 000,00 €;171;Aveiro;Apartments
5410;T4;120 000,00 €;136;Aveiro;Apartments
5411;T4;97 000,00 €;138;Aveiro;Apartments
5412;T3;265 000,00 €;111.65;Coimbra;Apartments
5413;T2;165 000,00 €;88.85;Coimbra;Apartments
5414;T1;165 000,00 €;68.86;Coimbra;Apartments
5416;T2;295 000,00 €;84.80;Lisboa;Apartments
5417;T3;2 300 000,00 €;247;Lisboa;Apartments
5418;T1;215 000,00 €;40;Lisboa;Apartments
5419;T3;325 000,00 €;102;Faro;Apartments
542;T2;300 000,00 €;91.90;Faro;Apartments
5420;T2;320 000,00 €;88;Porto;Apartments
5421;T2;380 000,00 €;88;Faro;Apartments
5422;T2;345 000,00 €;81;Faro;Apartments
5423;T3;535 000,00 €;151;Porto;Apartments
5424;T4;345 000,00 €;188;Braga;Apartments
5425;T4;1 450 000,00 €;181;Porto;Apartments
5426;T3;650 000,00 €;135;Porto;Apartments
5427;T4;850 000,00 €;145;Porto;Apartments
5428;T1;235 000,00 €;59;Porto;Apartments
5429;T3;650 000,00 €;124;Porto;Apartments
543;T2;245 000,00 €;79;Porto;Apartments
5430;T3;975 000,00 €;110;Porto;Apartments
5431;T3;775 000,00 €;128;Porto;Apartments
5432;T4;685 000,00 €;188;Porto;Apartments
5433;T4;710 000,00 €;188;Porto;Apartments
5434;T3;595 000,00 €;121;Porto;Apartments
5435;T3;545 000,00 €;128;Porto;Apartments
5436;T3;397 000,00 €;115;Porto;Apartments
5437;T3;287 000,00 €;143;Leiria;Apartments
5438;T3;320 000,00 €;125;Leiria;Apartments
5439;T2;235 000,00 €;92;Leiria;Apartments
5440;T2;250 000,00 €;82;Leiria;Apartments
5441;T1;165 000,00 €;82;Leiria;Apartments
5442;T3;380 000,00 €;141;Leiria;Apartments
5443;T3;310 000,00 €;118;Leiria;Apartments
5444;T3;281 000,00 €;140;Leiria;Apartments
5445;T2;235 000,00 €;94;Leiria;Apartments
5446;T3;285 000,00 €;142;Leiria;Apartments
5447;T3;279 000,00 €;140;Leiria;Apartments
5448;T1;165 000,00 €;65;Leiria;Apartments
5449;T2;450 000,00 €;72;Lisboa;Apartments
545;T2;322 000,00 €;79.80;Lisboa;Apartments
5450;T2;229 000,00 €;88;Porto;Apartments
5451;T2;495 000,00 €;89;Lisboa;Apartments
5452;T3;340 000,00 €;123;Set??bal;Apartments
5453;T5;460 000,00 €;155;Porto;Apartments
5454;T3;305 000,00 €;123;Set??bal;Apartments
5455;T3;295 000,00 €;129;Braga;Apartments
5456;T2;270 000,00 €;103;Set??bal;Apartments
5457;T2;245 000,00 €;90.70;Coimbra;Apartments
5458;T3;225 000,00 €;101;Lisboa;Apartments
5459;T2;280 000,00 €;120;Set??bal;Apartments
546;T1;125 000,00 €;65;Coimbra;Apartments
5460;T4;799 500,00 €;140;Lisboa;Apartments
5461;T2;260 000,00 €;105;Set??bal;Apartments
5462;T2;157 000,00 €;75;Set??bal;Apartments
5463;T2;357 000,00 €;81;Porto;Apartments
5464;T2;199 900,00 €;89;Porto;Apartments
5465;T3;179 990,00 €;95;Braga;Apartments
5466;T3;334 900,00 €;158;Porto;Apartments
5467;T4;429 000,00 €;150;Aveiro;Apartments
5469;T2;240 000,00 €;79;Porto;Apartments
547;T3;168 000,00 €;80.26;Set??bal;Apartments
5470;T2;255 000,00 €;79;Porto;Apartments
5471;T2;275 000,00 €;89;Porto;Apartments
5472;T2;250 000,00 €;89;Porto;Apartments
5473;T3;415 000,00 €;120;Porto;Apartments
5474;T2;280 000,00 €;88;Porto;Apartments
5475;T4;320 000,00 €;147;Braga;Apartments
5476;T1;230 000,00 €;60;Porto;Apartments
5477;T4;1 350 000,00 €;195;Lisboa;Apartments
5478;T2;262 500,00 €;94;Porto;Apartments
5479;T3;160 000,00 €;111;Lisboa;Apartments
548;T1;245 000,00 €;57;Lisboa;Apartments
5480;T2;330 000,00 €;102;Faro;Apartments
5481;T3;545 000,00 €;148;Lisboa;Apartments
5482;T1;336 175,00 €;70.10;Braga;Apartments
5483;T2;498 753,00 €;100.54;Braga;Apartments
5484;T1;243 348,00 €;53.54;Braga;Apartments
5485;T2;495 550,00 €;109.84;Braga;Apartments
5486;T2;425 560,00 €;106.39;Braga;Apartments
5487;T3;372 000,00 €;143;Braga;Apartments
5488;T2;255 000,00 €;95;Porto;Apartments
549;T1;143 000,00 €;47.94;Aveiro;Apartments
5490;T4;295 000,00 €;100;Lisboa;Apartments
5491;T3;730 000,00 €;125;Porto;Apartments
5492;T3;940 000,00 €;137;Porto;Apartments
5493;T3;695 000,00 €;137;Porto;Apartments
5494;T4;1 025 000,00 €;159;Porto;Apartments
5495;T2;525 000,00 €;120;Porto;Apartments
5496;T4;910 000,00 €;159;Porto;Apartments
5497;T2;195 000,00 €;119.55;Set??bal;Apartments
5498;T2;140 000,00 €;61.50;Set??bal;Apartments
5499;T5;835 000,00 €;218;Lisboa;Apartments
55;T2;180 000,00 €;71;Porto;Apartments
550;T2;285 900,00 €;82.80;Porto;Apartments
5500;T2;637 000,00 €;115;Porto;Apartments
5501;T2;440 000,00 €;99;Porto;Apartments
5502;T2;195 000,00 €;89;Lisboa;Apartments
5503;T3;467 000,00 €;150.24;Set??bal;Apartments
5504;T1;395 000,00 €;51;Porto;Apartments
5505;T4;460 000,00 €;270;Porto;Apartments
5506;T1;345 000,00 €;84.30;Set??bal;Apartments
5507;T2;365 000,00 €;129.90;Faro;Apartments
5508;T3;435 000,00 €;150;Braga;Apartments
551;T3;235 000,00 €;91;Porto;Apartments
5510;T2;398 000,00 €;62;Lisboa;Apartments
5512;T4;639 800,00 €;196;Porto;Apartments
5513;T1;285 000,00 €;70;Set??bal;Apartments
5514;T3;235 000,00 €;154;Aveiro;Apartments
5515;T2;275 000,00 €;83;Porto;Apartments
5516;T2;390 000,00 €;94;Porto;Apartments
5517;T3;332 500,00 €;130.50;Porto;Apartments
5518;T3;215 000,00 €;70;Lisboa;Apartments
5519;T3;209 900,00 €;101;Braga;Apartments
552;T4;460 000,00 €;152;Ilha da Madeira;Apartments
5520;T3;265 000,00 €;148;Porto;Apartments
5521;T2;398 696,00 €;132;Faro;Apartments
5522;T2;249 000,00 €;131;Leiria;Apartments
5523;T2;222 000,00 €;137;Leiria;Apartments
5524;T0;307 000,00 €;45;Porto;Apartments
5525;T2;190 000,00 €;107;Porto;Apartments
5526;T4;1 030 000,00 €;159;Porto;Apartments
5527;T4;1 040 000,00 €;159;Porto;Apartments
5528;T4;900 000,00 €;159;Porto;Apartments
5529;T3;805 000,00 €;137;Porto;Apartments
553;T2;320 000,00 €;54.22;Porto;Apartments
5530;T3;745 000,00 €;137;Porto;Apartments
5531;T3;715 000,00 €;137;Porto;Apartments
5532;T3;715 000,00 €;125;Porto;Apartments
5533;T2;525 000,00 €;120;Porto;Apartments
5534;T1;250 000,00 €;48;Porto;Apartments
5535;T0;199 000,00 €;29;Porto;Apartments
5536;T0;316 000,00 €;50;Porto;Apartments
5537;T0;193 000,00 €;39;Porto;Apartments
5538;T2;515 000,00 €;116;Porto;Apartments
5539;T4;325 000,00 €;127;Lisboa;Apartments
554;T1;400 000,00 €;127.68;Lisboa;Apartments
5540;T2;345 000,00 €;101.30;Porto;Apartments
5541;T2;165 000,00 €;61;Set??bal;Apartments
5542;T3;448 000,00 €;95;Lisboa;Apartments
5543;T3;342 149,00 €;139;Porto;Apartments
5544;T3;285 000,00 €;149;Leiria;Apartments
5545;T3;670 000,00 €;150;Lisboa;Apartments
5546;T2;500 000,00 €;115;Lisboa;Apartments
5547;T4;249 000,00 €;112;Faro;Apartments
5548;T3;360 000,00 €;91;Faro;Apartments
5549;T3;355 000,00 €;91;Faro;Apartments
555;T3;239 900,00 €;112.70;Porto;Apartments
5550;T3;375 000,00 €;90;Faro;Apartments
5551;T3;370 000,00 €;90;Faro;Apartments
5552;T3;360 000,00 €;90;Faro;Apartments
5553;T3;355 000,00 €;90;Faro;Apartments
5554;T3;350 000,00 €;90;Faro;Apartments
5555;T2;480 000,00 €;110;Lisboa;Apartments
5556;T1;259 000,00 €;56;Porto;Apartments
5558;T1;310 000,00 €;65;Lisboa;Apartments
5559;T4;425 000,00 €;194;Braga;Apartments
556;T3;239 900,00 €;112.70;Porto;Apartments
5560;T3;287 500,00 €;134.61;Leiria;Apartments
5561;T3;749 900,00 €;110;Lisboa;Apartments
5562;T5;565 000,00 €;320;Porto;Apartments
5563;T2;850 000,00 €;174;Porto;Apartments
5564;T3;581 000,00 €;185;Faro;Apartments
5565;T4;270 000,00 €;179;Braga;Apartments
5566;T4;930 000,00 €;159;Lisboa;Apartments
5569;T4;445 000,00 €;162.64;Aveiro;Apartments
557;T2;665 280,00 €;90;Lisboa;Apartments
5570;T3;1 180 000,00 €;173.50;Lisboa;Apartments
5571;T4;399 000,00 €;137;Porto;Apartments
5572;T3;645 000,00 €;93.92;Lisboa;Apartments
5573;T1;220 000,00 €;45;Porto;Apartments
5574;T2;525 000,00 €;101;Lisboa;Apartments
5575;T3;515 000,00 €;117;Set??bal;Apartments
5576;T3;319 900,00 €;115;Braga;Apartments
5577;T2;320 000,00 €;88;Porto;Apartments
5578;T0;175 000,00 €;41;Faro;Apartments
5579;T2;355 000,00 €;83;Porto;Apartments
558;T2;735 000,00 €;127;Faro;Apartments
5580;T2;190 000,00 €;63;Lisboa;Apartments
5581;T3;1 090 000,00 €;299.20;Set??bal;Apartments
5582;T3;660 000,00 €;233.65;Set??bal;Apartments
5583;T3;645 000,00 €;178.45;Set??bal;Apartments
5584;T2;355 000,00 €;83;Porto;Apartments
5585;T2;445 000,00 €;122.24;Porto;Apartments
5586;T3;720 000,00 €;183;Porto;Apartments
5587;T1;385 000,00 €;51;Porto;Apartments
5588;T6;590 000,00 €;289;Porto;Apartments
5589;T2;310 000,00 €;77;Porto;Apartments
559;T4;1 497 600,00 €;183;Lisboa;Apartments
5590;T2;340 000,00 €;77;Porto;Apartments
5591;T3;495 000,00 €;129;Braga;Apartments
5592;T1;385 000,00 €;51;Porto;Apartments
5593;T1;395 000,00 €;51;Porto;Apartments
5594;T4;757 000,00 €;163;Porto;Apartments
5595;T3;180 000,00 €;102;Santar?©m;Apartments
5596;T1;230 000,00 €;65;Porto;Apartments
5597;T1;305 000,00 €;77.10;Set??bal;Apartments
5598;T2;380 000,00 €;118.50;Faro;Apartments
5599;T2;325 000,00 €;77;Porto;Apartments
56;T1;135 000,00 €;46;Faro;Apartments
560;T4;1 563 840,00 €;182;Lisboa;Apartments
5600;T2;441 000,00 €;94.70;Faro;Apartments
5601;T3;389 000,00 €;120.83;Porto;Apartments
5602;T2;710 000,00 €;136.69;Faro;Apartments
5603;T3;510 000,00 €;126;Set??bal;Apartments
5604;T3;530 000,00 €;142.44;Set??bal;Apartments
5605;T3;2 500 000,00 €;179;Lisboa;Apartments
5606;T4;457 000,00 €;200;Faro;Apartments
5607;T2;455 000,00 €;158.69;Set??bal;Apartments
5608;T2;388 000,00 €;107;Set??bal;Apartments
5609;T3;1 020 000,00 €;297.20;Set??bal;Apartments
561;T4;1 507 200,00 €;182;Lisboa;Apartments
5610;T2;410 000,00 €;107.80;Lisboa;Apartments
5611;T3;380 000,00 €;105.28;Lisboa;Apartments
5612;T0;235 000,00 €;59.98;Porto;Apartments
5613;T2;345 000,00 €;91.04;Aveiro;Apartments
5614;T2;720 000,00 €;122;Faro;Apartments
5615;T1;315 000,00 €;77.10;Set??bal;Apartments
5616;T1;350 000,00 €;62.39;Faro;Apartments
5617;T3;2 300 000,00 €;157;Lisboa;Apartments
5618;T4;585 000,00 €;152.33;Porto;Apartments
5619;T2;520 000,00 €;114.10;Faro;Apartments
562;T3;589 000,00 €;104;Lisboa;Apartments
5620;T2;315 000,00 €;108.50;Lisboa;Apartments
5621;T3;300 000,00 €;110;Lisboa;Apartments
5622;T3;430 350,00 €;123;Porto;Apartments
5623;T3;414 800,00 €;123;Porto;Apartments
5624;T4;674 000,00 €;150;Porto;Apartments
5625;T1;240 000,00 €;90;Porto;Apartments
5626;T3;1 250 000,00 €;182;Porto;Apartments
5627;T3;650 000,00 €;128;Porto;Apartments
5629;T3;400 000,00 €;123.27;Porto;Apartments
563;T2;725 000,00 €;132;Faro;Apartments
5630;T2;175 000,00 €;74;Porto;Apartments
5631;T2;139 000,00 €;78;Porto;Apartments
5632;T4;540 000,00 €;129.50;Lisboa;Apartments
5634;T4;350 000,00 €;223;Apartamento para comprar: Viseu;Apartments
5635;T2;212 000,00 €;104;Braga;Apartments
5636;T6;498 000,00 €;184;Lisboa;Apartments
5638;T2;265 000,00 €;99;Porto;Apartments
5639;T3;619 000,00 €;147;Porto;Apartments
564;T2;285 900,00 €;86;Porto;Apartments
5640;T1;185 000,00 €;55;Faro;Apartments
5641;T2;490 000,00 €;137.50;Set??bal;Apartments
5642;T3;750 000,00 €;154;Set??bal;Apartments
5643;T2;450 000,00 €;99.40;Faro;Apartments
5644;T3;456 000,00 €;128.05;Porto;Apartments
5645;T3;515 000,00 €;114;Set??bal;Apartments
5646;T2;350 000,00 €;91;Aveiro;Apartments
5647;T1;315 000,00 €;77.10;Set??bal;Apartments
5648;T3;2 500 000,00 €;186.18;Lisboa;Apartments
565;T2;289 900,00 €;86;Porto;Apartments
5650;T2;405 000,00 €;107.80;Lisboa;Apartments
5651;T2;358 000,00 €;88;Set??bal;Apartments
5652;T2;320 000,00 €;99.59;Lisboa;Apartments
5653;T2;341 000,00 €;94.11;Porto;Apartments
5654;T3;1 690 000,00 €;287.80;Lisboa;Apartments
5655;T3;575 000,00 €;129.05;Faro;Apartments
5656;T3;230 000,00 €;118;Viseu;Apartments
5657;T3;595 000,00 €;132;Porto;Apartments
5658;T2;269 000,00 €;71;Lisboa;Apartments
5659;T2;340 000,00 €;144;Leiria;Apartments
566;T1;155 990,00 €;59;Aveiro;Apartments
5660;T2;362 500,00 €;98.92;Set??bal;Apartments
5661;T2;225 000,00 €;66.10;Lisboa;Apartments
5662;T2;220 000,00 €;75;Aveiro;Apartments
5663;T3;630 000,00 €;148.40;Aveiro;Apartments
5664;T3;590 000,00 €;128;Lisboa;Apartments
5665;T3;249 000,00 €;118;Porto;Apartments
5666;T3;650 000,00 €;123.82;Lisboa;Apartments
5667;T2;318 000,00 €;92.01;Porto;Apartments
5668;T3;394 000,00 €;140;Set??bal;Apartments
5669;T3;535 000,00 €;132.70;Lisboa;Apartments
567;T1;153 990,00 €;59;Aveiro;Apartments
5670;T2;400 000,00 €;107.80;Lisboa;Apartments
5671;T3;395 000,00 €;105.28;Lisboa;Apartments
5672;T4;442 000,00 €;162.05;Faro;Apartments
5673;T2;295 000,00 €;84.09;Lisboa;Apartments
5674;T3;447 000,00 €;128.05;Porto;Apartments
5676;T2;382 000,00 €;108.80;Set??bal;Apartments
5677;T2;275 000,00 €;72.80;Coimbra;Apartments
5678;T2;299 000,00 €;68;Lisboa;Apartments
5679;T1;189 000,00 €;52;Porto;Apartments
568;T2;199 900,00 €;74.20;Porto;Apartments
5680;T2;441 000,00 €;107.34;Faro;Apartments
5681;T2;436 000,00 €;109.82;Faro;Apartments
5682;T3;605 000,00 €;130.81;Faro;Apartments
5683;T2;415 000,00 €;99.21;Faro;Apartments
5684;T2;339 000,00 €;92;Porto;Apartments
5685;T3;360 000,00 €;150;Lisboa;Apartments
5686;T3;350 000,00 €;145;Lisboa;Apartments
5687;T3;575 000,00 €;123;Ilha da Madeira;Apartments
5688;T2;500 000,00 €;89.30;Lisboa;Apartments
5689;T2;445 000,00 €;64;Lisboa;Apartments
569;T2;219 900,00 €;82.60;Porto;Apartments
5690;T3;450 000,00 €;88;Porto;Apartments
5691;T5;264 900,00 €;224;Braga;Apartments
5693;T2;295 000,00 €;72;Faro;Apartments
5694;T4;290 000,00 €;158;Porto;Apartments
5695;T3;145 000,00 €;116;Set??bal;Apartments
5696;T4;1 600 000,00 €;304;Porto;Apartments
5697;T2;399 000,00 €;99;Porto;Apartments
5698;T1;275 000,00 €;63.14;Porto;Apartments
5699;T1;255 000,00 €;66.90;Faro;Apartments
57;T1;138 900,00 €;62.40;Porto;Apartments
570;T2;222 900,00 €;81;Porto;Apartments
5700;T3;465 000,00 €;92;Porto;Apartments
5702;T2;230 000,00 €;77;Faro;Apartments
5703;T3;284 000,00 €;132.85;Faro;Apartments
5704;T2;420 000,00 €;66;Faro;Apartments
5705;T1;149 900,00 €;93;Braga;Apartments
5706;T2;312 000,00 €;92.01;Porto;Apartments
5707;T2;285 000,00 €;84.09;Lisboa;Apartments
5708;T3;448 000,00 €;128.46;Set??bal;Apartments
5709;T3;1 300 000,00 €;173.50;Lisboa;Apartments
571;T2;218 900,00 €;82.60;Porto;Apartments
5710;T1;255 000,00 €;67.30;Faro;Apartments
5711;T2;355 000,00 €;88;Set??bal;Apartments
5712;T3;648 000,00 €;136;Set??bal;Apartments
5713;T3;675 000,00 €;366.65;Faro;Apartments
5714;T2;395 000,00 €;107.80;Lisboa;Apartments
5715;T3;525 000,00 €;132.70;Lisboa;Apartments
5716;T2;210 000,00 €;68.65;Porto;Apartments
5717;T1;275 000,00 €;55;Porto;Apartments
5718;T6;1 300 000,00 €;410;Lisboa;Apartments
5719;T1;275 000,00 €;80.56;Faro;Apartments
572;T2;199 900,00 €;80;Porto;Apartments
5720;T2;284 000,00 €;103;Faro;Apartments
5721;T2;214 900,00 €;84;Braga;Apartments
5722;T1;245 520,00 €;70;Faro;Apartments
5723;T3;435 000,00 €;135.84;Lisboa;Apartments
5724;T2;475 000,00 €;135.30;Faro;Apartments
5725;T2;417 500,00 €;106;Faro;Apartments
5728;T3;550 000,00 €;135.60;Faro;Apartments
5729;T4;386 000,00 €;162.20;Faro;Apartments
573;T2;284 000,00 €;94;Porto;Apartments
5730;T3;566 000,00 €;162.70;Porto;Apartments
5732;T2;450 000,00 €;112.80;Lisboa;Apartments
5733;T3;1 290 000,00 €;173.50;Lisboa;Apartments
5734;T3;2 700 000,00 €;143;Faro;Apartments
5735;T2;1 900 000,00 €;123;Faro;Apartments
5736;T3;2 700 000,00 €;147;Faro;Apartments
5737;T2;345 000,00 €;120;Faro;Apartments
5738;T2;215 000,00 €;98;Braga;Apartments
5739;T1;250 000,00 €;63;Porto;Apartments
574;T5;1 670 000,00 €;210;Lisboa;Apartments
5740;T3;435 000,00 €;152;Porto;Apartments
5741;T3;420 000,00 €;152;Porto;Apartments
5742;T2;387 000,00 €;96;Porto;Apartments
5743;T3;470 000,00 €;158;Porto;Apartments
5744;T4;425 000,00 €;228;Porto;Apartments
5745;T2;278 000,00 €;102.30;Faro;Apartments
5746;T3;740 000,00 €;119.28;Porto;Apartments
5747;T2;416 500,00 €;114;Aveiro;Apartments
5748;T3;750 000,00 €;170;Aveiro;Apartments
5749;T2;411 500,00 €;114;Aveiro;Apartments
575;T4;555 000,00 €;97;Porto;Apartments
5750;T3;517 935,00 €;133;Aveiro;Apartments
5751;T3;520 435,00 €;133;Aveiro;Apartments
5752;T3;599 500,00 €;170;Aveiro;Apartments
5753;T4;866 250,00 €;191;Aveiro;Apartments
5754;T4;1 155 000,00 €;220;Aveiro;Apartments
5755;T4;1 023 750,00 €;220;Aveiro;Apartments
5756;T2;127 500,00 €;77;Porto;Apartments
5757;T3;360 000,00 €;128;Braga;Apartments
5758;T3;179 000,00 €;166;Braga;Apartments
5759;T2;338 800,00 €;92;Porto;Apartments
576;T3;250 000,00 €;162.50;Coimbra;Apartments
5760;T3;179 500,00 €;117;Braga;Apartments
5761;T2;280 000,00 €;97;Braga;Apartments
5762;T2;349 900,00 €;81;Porto;Apartments
5764;T1;230 000,00 €;54;Porto;Apartments
5765;T1;240 000,00 €;54;Porto;Apartments
5766;T1;210 000,00 €;56;Porto;Apartments
5767;T1;209 900,00 €;54;Porto;Apartments
5768;T1;200 000,00 €;54;Porto;Apartments
5769;T3;344 000,00 €;132;Braga;Apartments
577;T5;875 000,00 €;225;Porto;Apartments
5770;T2;390 000,00 €;94;Porto;Apartments
5771;T2;355 000,00 €;83;Porto;Apartments
5772;T2;490 000,00 €;109;Porto;Apartments
5773;T2;360 000,00 €;83;Porto;Apartments
5774;T2;455 000,00 €;98;Porto;Apartments
5775;T2;440 000,00 €;94;Porto;Apartments
5776;T3;720 000,00 €;183;Porto;Apartments
5777;T2;189 000,00 €;77;Braga;Apartments
5778;T2;465 000,00 €;102;Porto;Apartments
5779;T1;395 000,00 €;51;Porto;Apartments
578;T2;425 000,00 €;70;Leiria;Apartments
5780;T1;390 000,00 €;51;Porto;Apartments
5781;T2;850 000,00 €;98;Porto;Apartments
5782;T0;335 000,00 €;42;Porto;Apartments
5783;T0;325 000,00 €;42;Porto;Apartments
5784;T0;330 000,00 €;42;Porto;Apartments
5785;T1;385 000,00 €;51;Porto;Apartments
5786;T4;425 000,00 €;167;Braga;Apartments
5787;T3;540 000,00 €;156;Porto;Apartments
5788;T2;357 000,00 €;80;Porto;Apartments
5789;T2;372 000,00 €;88;Porto;Apartments
579;T3;249 900,00 €;130;Braga;Apartments
5790;T1;262 000,00 €;57;Porto;Apartments
5793;T2;283 000,00 €;86;Braga;Apartments
5794;T2;244 500,00 €;90;Braga;Apartments
5795;T2;233 000,00 €;88;Braga;Apartments
5796;T1;213 500,00 €;83;Braga;Apartments
5797;T1;196 000,00 €;78;Braga;Apartments
5798;T2;217 500,00 €;88;Braga;Apartments
5799;T0;315 000,00 €;62;Porto;Apartments
58;T3;187 500,00 €;106;Set??bal;Apartments
580;T2;435 000,00 €;89.50;Lisboa;Apartments
5800;T2;248 500,00 €;107;Braga;Apartments
5801;T2;185 500,00 €;74;Braga;Apartments
5802;T1;225 000,00 €;68;Porto;Apartments
5803;T2;320 000,00 €;104;Porto;Apartments
5804;T5;745 000,00 €;186;Porto;Apartments
5805;T1;390 000,00 €;51;Faro;Apartments
5806;T3;330 000,00 €;117;Porto;Apartments
5807;T2;217 500,00 €;93;Porto;Apartments
5808;T1;260 000,00 €;63;Porto;Apartments
5809;T1;225 000,00 €;76;Porto;Apartments
581;T4;325 000,00 €;165;Leiria;Apartments
5810;T3;320 000,00 €;170;Porto;Apartments
5811;T0;175 000,00 €;55;Porto;Apartments
5812;T3;440 000,00 €;163;Porto;Apartments
5813;T3;450 000,00 €;167;Porto;Apartments
5814;T5;1 150 000,00 €;168;Porto;Apartments
5815;T3;545 000,00 €;129;Porto;Apartments
5816;T3;224 000,00 €;117;Porto;Apartments
5817;T4;710 000,00 €;188;Porto;Apartments
5818;T0;115 000,00 €;31;Faro;Apartments
5819;T1;189 000,00 €;35;Porto;Apartments
582;T3;212 000,00 €;110;Lisboa;Apartments
5820;T3;369 000,00 €;137;Porto;Apartments
5821;T3;537 000,00 €;122;Porto;Apartments
5822;T2;425 000,00 €;85;Porto;Apartments
5823;T2;410 000,00 €;85;Porto;Apartments
5824;T2;420 000,00 €;85;Porto;Apartments
5825;T2;325 000,00 €;67;Faro;Apartments
5826;T1;185 000,00 €;73;Porto;Apartments
5827;T3;485 000,00 €;126;Porto;Apartments
5828;T2;410 000,00 €;110;Porto;Apartments
5829;T2;405 000,00 €;110;Porto;Apartments
583;T3;2 500 000,00 €;164.91;Lisboa;Apartments
5830;T3;492 000,00 €;126;Porto;Apartments
5831;T3;555 000,00 €;143;Porto;Apartments
5832;T3;150 000,00 €;122;Porto;Apartments
5833;T2;492 000,00 €;80;Porto;Apartments
5834;T2;558 000,00 €;82;Porto;Apartments
5835;T2;491 000,00 €;78;Porto;Apartments
5836;T2;600 000,00 €;94;Porto;Apartments
5837;T1;520 000,00 €;83;Porto;Apartments
5838;T1;524 000,00 €;80;Porto;Apartments
5839;T2;668 000,00 €;109;Porto;Apartments
584;T2;330 000,00 €;93;Porto;Apartments
5840;T1;518 000,00 €;84;Porto;Apartments
5841;T2;494 000,00 €;83;Porto;Apartments
5842;T2;504 000,00 €;84;Porto;Apartments
5844;T1;514 000,00 €;84;Porto;Apartments
5845;T2;658 000,00 €;107;Porto;Apartments
585;T2;180 000,00 €;85;Aveiro;Apartments
5850;T3;317 900,00 €;182;Aveiro;Apartments
5851;T3;279 000,00 €;130;Porto;Apartments
5852;T5;485 000,00 €;177;Porto;Apartments
5853;T4;1 800 000,00 €;318;Porto;Apartments
5854;T4;1 700 000,00 €;308;Porto;Apartments
5855;T3;163 000,00 €;136;Porto;Apartments
5856;T5;280 000,00 €;250;Aveiro;Apartments
5858;T4;1 085 700,00 €;138.90;Lisboa;Apartments
5859;T4;1 350 000,00 €;198.20;Lisboa;Apartments
586;T2;145 000,00 €;85;Porto;Apartments
5860;T3;1 207 500,00 €;139.70;Lisboa;Apartments
5861;T3;1 573 200,00 €;184.40;Lisboa;Apartments
5862;T2;372 500,00 €;98.92;Set??bal;Apartments
5863;T3;622 665,00 €;150;Porto;Apartments
5864;T2;247 000,00 €;123;Porto;Apartments
5865;T3;740 000,00 €;119.28;Porto;Apartments
5866;T0;230 000,00 €;36.50;Faro;Apartments
5867;T3;471 000,00 €;136;Set??bal;Apartments
5868;T3;505 000,00 €;132.70;Lisboa;Apartments
5869;T2;390 000,00 €;115.78;Porto;Apartments
587;T2;230 000,00 €;130;Coimbra;Apartments
5870;T2;440 000,00 €;112.80;Lisboa;Apartments
5871;T3;515 000,00 €;142.44;Set??bal;Apartments
5872;T3;189 000,00 €;116;Porto;Apartments
5873;T3;430 000,00 €;72;Lisboa;Apartments
5875;T2;650 000,00 €;134.75;Faro;Apartments
5876;T2;290 000,00 €;70;Faro;Apartments
5877;T2;330 000,00 €;85;Faro;Apartments
588;T3;175 000,00 €;110;Coimbra;Apartments
5880;T3;625 500,00 €;140;Porto;Apartments
5881;T1;285 000,00 €;57;Lisboa;Apartments
5882;T1;290 000,00 €;54;Lisboa;Apartments
5883;T1;285 000,00 €;62;Lisboa;Apartments
5884;T3;289 500,00 €;266;Leiria;Apartments
5885;T1;289 000,00 €;78;Faro;Apartments
5886;T3;259 000,00 €;117;Viana do Castelo;Apartments
5887;T2;350 000,00 €;114;Viana do Castelo;Apartments
5888;T2;270 000,00 €;105;Viana do Castelo;Apartments
5889;T2;225 000,00 €;82;Viana do Castelo;Apartments
589;T3;269 500,00 €;110;Set??bal;Apartments
5890;T2;235 000,00 €;105;Viana do Castelo;Apartments
5891;T2;240 000,00 €;107;Viana do Castelo;Apartments
5892;T1;180 000,00 €;84;Viana do Castelo;Apartments
5893;T2;200 000,00 €;88;Viana do Castelo;Apartments
5894;T1;150 000,00 €;61;Viana do Castelo;Apartments
5895;T1;140 000,00 €;61;Viana do Castelo;Apartments
5896;T1;157 500,00 €;61;Viana do Castelo;Apartments
5897;T2;240 000,00 €;94;Porto;Apartments
5898;T3;365 000,00 €;170;Braga;Apartments
5899;T4;465 000,00 €;241;Braga;Apartments
59;T3;249 500,00 €;92;Coimbra;Apartments
590;T3;306 990,00 €;144;Aveiro;Apartments
5900;T3;500 000,00 €;132.70;Lisboa;Apartments
5901;T3;550 000,00 €;140.45;Set??bal;Apartments
5902;T3;1 170 000,00 €;173.50;Lisboa;Apartments
5904;T3;471 000,00 €;140;Set??bal;Apartments
5905;T2;420 000,00 €;112.80;Lisboa;Apartments
591;T2;144 900,00 €;68;Porto;Apartments
5913;T1;215 000,00 €;48;Porto;Apartments
5914;T3;380 000,00 €;194.23;Porto;Apartments
5915;T2;280 000,00 €;143.86;Porto;Apartments
5916;T3;415 000,00 €;256.01;Porto;Apartments
5917;T3;390 000,00 €;184.35;Porto;Apartments
5918;T3;330 000,00 €;125;Porto;Apartments
5919;T3;275 000,00 €;186.63;Porto;Apartments
592;T3;365 000,00 €;116;Porto;Apartments
5920;T3;305 000,00 €;196.31;Porto;Apartments
5921;T3;300 000,00 €;182.25;Porto;Apartments
5922;T3;165 000,00 €;100;Braga;Apartments
5923;T3;298 500,00 €;200;Lisboa;Apartments
5924;T2;280 000,00 €;88;Porto;Apartments
5925;T6;3 950 000,00 €;459.50;Lisboa;Apartments
5926;T3;497 000,00 €;144;Lisboa;Apartments
5928;T2;318 000,00 €;76.60;Porto;Apartments
5929;T1;266 000,00 €;63.80;Porto;Apartments
593;T1;226 000,00 €;69;Porto;Apartments
5930;T3;464 000,00 €;102.50;Porto;Apartments
5931;T1;282 000,00 €;63.80;Porto;Apartments
5933;T3;545 000,00 €;152;Porto;Apartments
5934;T2;445 000,00 €;122;Porto;Apartments
5935;T3;420 000,00 €;116;Faro;Apartments
5936;T1;695 000,00 €;122;Faro;Apartments
5937;T1;595 000,00 €;122;Faro;Apartments
5938;T3;275 000,00 €;129;Porto;Apartments
594;T4;387 500,00 €;157;Porto;Apartments
5940;T2;357 000,00 €;80;Porto;Apartments
5941;T1;290 000,00 €;70;Porto;Apartments
5942;T1;290 000,00 €;72;Porto;Apartments
5943;T2;209 750,00 €;66;Set??bal;Apartments
5944;T3;325 000,00 €;150;Lisboa;Apartments
5945;T3;329 000,00 €;97.77;Faro;Apartments
5946;T0;159 900,00 €;42.54;Faro;Apartments
5947;T2;225 000,00 €;81.50;Porto;Apartments
5948;T3;515 000,00 €;117;Set??bal;Apartments
5949;T3;1 150 000,00 €;173.50;Lisboa;Apartments
595;T3;306 000,00 €;85;Set??bal;Apartments
5950;T3;478 000,00 €;150.24;Set??bal;Apartments
5951;T3;179 500,00 €;136;Porto;Apartments
5953;T2;187 500,00 €;61.90;Set??bal;Apartments
5954;T1;430 000,00 €;132.16;Set??bal;Apartments
5955;T2;545 000,00 €;196;Porto;Apartments
5956;T2;125 000,00 €;140;Vila Real;Apartments
5957;T1;279 500,00 €;57;Porto;Apartments
5958;T3;625 500,00 €;140;Porto;Apartments
5959;T3;567 500,00 €;139;Porto;Apartments
596;T3;144 000,00 €;105;Aveiro;Apartments
5960;T3;155 000,00 €;97;Porto;Apartments
5961;T2;187 500,00 €;62;Set??bal;Apartments
5962;T3;446 000,00 €;120.64;Porto;Apartments
5964;T2;187 500,00 €;60;Set??bal;Apartments
5966;T2;365 000,00 €;144;Braga;Apartments
5967;T3;325 000,00 €;130;Braga;Apartments
5968;T3;440 000,00 €;182;Braga;Apartments
5969;T4;345 000,00 €;130;Lisboa;Apartments
597;T3;380 000,00 €;112.45;Set??bal;Apartments
5972;T0;202 000,00 €;34;Porto;Apartments
5973;T1;279 500,00 €;57;Porto;Apartments
5974;T4;882 000,00 €;170;Porto;Apartments
5976;T2;138 000,00 €;110.85;Leiria;Apartments
5977;T3;197 500,00 €;115;Coimbra;Apartments
5978;T3;410 000,00 €;148.02;Porto;Apartments
5979;T2;260 000,00 €;73.65;Lisboa;Apartments
598;T2;183 000,00 €;75;Set??bal;Apartments
5980;T3;470 000,00 €;157;Porto;Apartments
5981;T2;850 000,00 €;112;Faro;Apartments
5982;T2;450 000,00 €;124;Aveiro;Apartments
5983;T3;624 500,00 €;151;Porto;Apartments
5984;T3;249 000,00 €;149.60;Santar?©m;Apartments
5985;T3;300 000,00 €;133;Coimbra;Apartments
5986;T2;210 000,00 €;74;Coimbra;Apartments
5987;T3;285 000,00 €;111;Coimbra;Apartments
5988;T2;175 000,00 €;89;Coimbra;Apartments
5989;T3;275 000,00 €;112;Coimbra;Apartments
599;T3;450 000,00 €;125;Set??bal;Apartments
5990;T1;175 000,00 €;69;Coimbra;Apartments
5991;T2;200 000,00 €;86;Coimbra;Apartments
5992;T2;165 000,00 €;89;Coimbra;Apartments
5993;T3;265 000,00 €;112;Coimbra;Apartments
5994;T3;300 000,00 €;156;Set??bal;Apartments
5995;T4;425 000,00 €;138;Set??bal;Apartments
5996;T3;365 000,00 €;127.31;Set??bal;Apartments
5997;T3;295 000,00 €;156;Set??bal;Apartments
5998;T2;146 500,00 €;70;Set??bal;Apartments
5999;T2;780 000,00 €;150.75;Faro;Apartments
6;T1;125 000,00 €;44.34;Porto;Apartments
60;T4;1 400 000,00 €;170;Lisboa;Apartments
600;T3;450 000,00 €;125.07;Set??bal;Apartments
6000;T2;167 500,00 €;94;Porto;Apartments
6001;T4;400 000,00 €;104;Lisboa;Apartments
6002;T3;610 000,00 €;172.90;Faro;Apartments
6003;T2;285 000,00 €;89;Aveiro;Apartments
6004;T3;395 000,00 €;127.48;Faro;Apartments
6005;T3;395 000,00 €;120.95;Faro;Apartments
6006;T2;465 500,00 €;115;Porto;Apartments
6007;T3;153 000,00 €;113;Porto;Apartments
6008;T8;1 475 000,00 €;200;Lisboa;Apartments
601;T3;460 000,00 €;125.08;Set??bal;Apartments
6010;T3;550 000,00 €;242;Leiria;Apartments
6011;T2;350 000,00 €;110;Viana do Castelo;Apartments
6012;T3;274 000,00 €;117;Viana do Castelo;Apartments
6013;T3;289 000,00 €;117;Viana do Castelo;Apartments
6014;T3;269 000,00 €;117;Viana do Castelo;Apartments
6015;T3;780 000,00 €;145;Ilha das Flores;Apartments
6016;T2;370 000,00 €;152;Faro;Apartments
6017;T2;637 000,00 €;115;Porto;Apartments
6018;T1;232 500,00 €;52.70;Porto;Apartments
6019;T2;460 000,00 €;159.30;Faro;Apartments
602;T1;215 000,00 €;48;Porto;Apartments
6020;T1;199 000,00 €;42.40;Lisboa;Apartments
6021;T3;331 000,00 €;125.85;Faro;Apartments
6022;T2;190 000,00 €;93;Coimbra;Apartments
6023;T2;450 000,00 €;159.30;Faro;Apartments
6024;T3;165 000,00 €;102;Braga;Apartments
6025;T3;395 000,00 €;119;Porto;Apartments
6026;T2;189 000,00 €;70;Porto;Apartments
6027;T3;297 000,00 €;133;Viana do Castelo;Apartments
6028;T2;205 000,00 €;82;Viana do Castelo;Apartments
6029;T3;375 000,00 €;124;Viana do Castelo;Apartments
603;T2;225 000,00 €;86;Porto;Apartments
6030;T3;505 000,00 €;142.19;Set??bal;Apartments
6031;T2;415 000,00 €;112.80;Lisboa;Apartments
6032;T3;490 000,00 €;132.70;Lisboa;Apartments
6033;T1;345 000,00 €;96.56;Faro;Apartments
6034;T3;608 000,00 €;143;Porto;Apartments
6035;T2;374 000,00 €;101.91;Faro;Apartments
6036;T3;414 500,00 €;123.81;Faro;Apartments
6037;T2;389 000,00 €;100.85;Faro;Apartments
6038;T2;384 000,00 €;100.85;Faro;Apartments
6039;T2;380 000,00 €;115;Set??bal;Apartments
604;T2;360 000,00 €;66;Lisboa;Apartments
6040;T2;230 000,00 €;82;Viana do Castelo;Apartments
6041;T3;264 000,00 €;117;Viana do Castelo;Apartments
6042;T2;210 000,00 €;82;Viana do Castelo;Apartments
6043;T2;215 000,00 €;82;Viana do Castelo;Apartments
6044;T3;589 000,00 €;218.21;Set??bal;Apartments
6045;T4;920 000,00 €;159;Lisboa;Apartments
6046;T3;255 000,00 €;126;Braga;Apartments
6047;T1;200 000,00 €;80;Lisboa;Apartments
6048;T2;695 000,00 €;95;Porto;Apartments
6049;T3;365 000,00 €;140;Lisboa;Apartments
605;T2;285 000,00 €;76;Porto;Apartments
6052;T3;799 000,00 €;121.14;Lisboa;Apartments
6053;T2;259 000,00 €;97;Porto;Apartments
6054;T5;2 200 000,00 €;286;Lisboa;Apartments
6055;T3;461 000,00 €;120.83;Porto;Apartments
6056;T3;545 000,00 €;139;Lisboa;Apartments
6057;T2;410 000,00 €;112.80;Lisboa;Apartments
6058;T5;699 000,00 €;190;Porto;Apartments
6059;T2;375 000,00 €;74;Faro;Apartments
606;T1;219 000,00 €;50;Faro;Apartments
6060;T3;342 000,00 €;103;Lisboa;Apartments
6061;T3;445 550,00 €;117;Aveiro;Apartments
6062;T1;299 900,00 €;45;Lisboa;Apartments
6063;T4;1 600 000,00 €;304.05;Porto;Apartments
6064;T2;180 000,00 €;73;Coimbra;Apartments
6065;T3;625 500,00 €;140;Porto;Apartments
6066;T3;490 000,00 €;80;Lisboa;Apartments
6067;T3;440 000,00 €;112;Porto;Apartments
6068;T2;300 000,00 €;100;Set??bal;Apartments
6069;T2;134 900,00 €;78;Leiria;Apartments
607;T1;232 510,00 €;52.80;Porto;Apartments
6070;T1;329 900,00 €;40;Lisboa;Apartments
6071;T3;219 000,00 €;115;Porto;Apartments
6072;T2;299 900,00 €;45;Lisboa;Apartments
6073;T1;165 000,00 €;93.50;Porto;Apartments
6076;T4;615 000,00 €;140;Lisboa;Apartments
6077;T2;450 000,00 €;75;Lisboa;Apartments
6078;T2;214 990,00 €;100;Porto;Apartments
608;T2;330 000,00 €;90;Faro;Apartments
6080;T3;1 130 000,00 €;142;Lisboa;Apartments
6081;T1;429 000,00 €;81.01;Lisboa;Apartments
6082;T3;260 000,00 €;98;Santar?©m;Apartments
6083;T3;405 000,00 €;162.30;Lisboa;Apartments
6084;T2;295 000,00 €;104;Porto;Apartments
6085;T4;440 000,00 €;135;Porto;Apartments
6086;T3;290 000,00 €;104;Santar?©m;Apartments
6088;T2;325 000,00 €;116;Porto;Apartments
6089;T2;269 000,00 €;87;Faro;Apartments
609;T2;240 000,00 €;116;Porto;Apartments
6090;T4;2 200 000,00 €;312;Lisboa;Apartments
6091;T2;168 000,00 €;63;Viana do Castelo;Apartments
6092;T4;325 000,00 €;143;Santar?©m;Apartments
6093;T2;205 000,00 €;76.14;Porto;Apartments
6094;T3;215 000,00 €;107.84;Set??bal;Apartments
6095;T3;290 000,00 €;117;Santar?©m;Apartments
6096;T2;225 900,00 €;79;Porto;Apartments
6097;T3;465 000,00 €;110;Lisboa;Apartments
6098;T3;245 000,00 €;98;Santar?©m;Apartments
6099;T3;275 000,00 €;104;Santar?©m;Apartments
61;T3;350 000,00 €;124;Coimbra;Apartments
610;T1;190 000,00 €;49.97;Porto;Apartments
6100;T1;230 000,00 €;53;Porto;Apartments
6101;T2;1 150 000,00 €;137;Lisboa;Apartments
6102;T1;495 000,00 €;63;Lisboa;Apartments
6103;T2;370 000,00 €;97;Porto;Apartments
6104;T3;300 000,00 €;104;Santar?©m;Apartments
6105;T4;345 000,00 €;142.80;Santar?©m;Apartments
6106;T2;330 000,00 €;54.24;Porto;Apartments
6107;T2;165 000,00 €;86;Porto;Apartments
6108;T2;215 000,00 €;69.70;Faro;Apartments
6109;T2;251 501,00 €;71.14;Porto;Apartments
611;T2;340 000,00 €;90;Faro;Apartments
6110;T3;148 000,00 €;98;Viseu;Apartments
6111;T4;1 300 000,00 €;207;Lisboa;Apartments
6112;T3;230 000,00 €;105;Aveiro;Apartments
6113;T3;241 000,00 €;131;Aveiro;Apartments
6114;T2;214 990,00 €;95;Porto;Apartments
6115;T4;780 000,00 €;167;Lisboa;Apartments
6117;T2;306 000,00 €;130;Porto;Apartments
6118;T3;199 000,00 €;89;Set??bal;Apartments
6119;T2;499 000,00 €;122;Porto;Apartments
612;T1;207 000,00 €;49.12;Porto;Apartments
6120;T0;195 000,00 €;34.34;Porto;Apartments
6121;T0;325 000,00 €;42;Porto;Apartments
6122;T2;165 000,00 €;63;Set??bal;Apartments
6123;T2;143 000,00 €;80;Braga;Apartments
6124;T3;420 000,00 €;90;Lisboa;Apartments
6125;T3;345 000,00 €;90;Set??bal;Apartments
6126;T3;620 000,00 €;128.90;Porto;Apartments
6127;T4;2 100 000,00 €;250.77;Porto;Apartments
6129;T3;995 000,00 €;168;Lisboa;Apartments
613;T3;179 990,00 €;95;Braga;Apartments
6130;T4;439 000,00 €;174;Set??bal;Apartments
6131;T4;870 000,00 €;158;Lisboa;Apartments
6132;T6;520 000,00 €;229.69;Porto;Apartments
6133;T0;261 000,00 €;75.90;Porto;Apartments
6134;T4;480 000,00 €;178.94;Porto;Apartments
6135;T2;250 000,00 €;100;Porto;Apartments
6136;T2;215 000,00 €;90;Porto;Apartments
6137;T4;699 000,00 €;232.65;Porto;Apartments
6138;T3;630 000,00 €;101;Lisboa;Apartments
6139;T4;1 695 000,00 €;203;Lisboa;Apartments
614;T2;330 000,00 €;98;Faro;Apartments
6140;T3;340 000,00 €;139;Braga;Apartments
6141;T5;1 690 000,00 €;343;Lisboa;Apartments
6142;T3;1 980 000,00 €;237.80;Lisboa;Apartments
6143;T4;3 534 577,00 €;258.63;Lisboa;Apartments
6144;T2;750 000,00 €;117.66;Lisboa;Apartments
6145;T5;970 000,00 €;181;Lisboa;Apartments
6146;T3;183 000,00 €;111.30;Viana do Castelo;Apartments
6148;T3;190 000,00 €;99.02;Viana do Castelo;Apartments
6149;T3;190 000,00 €;107.39;Viana do Castelo;Apartments
615;T2;184 900,00 €;66.42;Set??bal;Apartments
6150;T1;229 900,00 €;126;Braga;Apartments
6151;T2;213 000,00 €;74.18;Viana do Castelo;Apartments
6152;T3;240 000,00 €;105.97;Viana do Castelo;Apartments
6153;T3;234 000,00 €;105.97;Viana do Castelo;Apartments
6154;T2;193 000,00 €;74.18;Viana do Castelo;Apartments
6155;T3;213 000,00 €;105.97;Viana do Castelo;Apartments
6156;T2;675 000,00 €;78.57;Lisboa;Apartments
6157;T3;338 000,00 €;113.20;Viana do Castelo;Apartments
6158;T1;178 000,00 €;62.20;Viana do Castelo;Apartments
6159;T1;258 000,00 €;96.10;Viana do Castelo;Apartments
616;T2;850 000,00 €;88.90;Lisboa;Apartments
6160;T3;180 000,00 €;75.69;Lisboa;Apartments
6161;T3;500 000,00 €;108;Porto;Apartments
6162;T3;2 798 036,00 €;181.22;Lisboa;Apartments
6163;T5;459 500,00 €;140;Porto;Apartments
6164;T3;765 000,00 €;134;Lisboa;Apartments
6165;T2;690 000,00 €;97.60;Lisboa;Apartments
6166;T3;730 000,00 €;150;Lisboa;Apartments
6167;T2;285 000,00 €;104.01;Porto;Apartments
6168;T2;285 000,00 €;79.72;Lisboa;Apartments
6169;T2;305 000,00 €;100;Porto;Apartments
617;T3;219 900,00 €;116;Braga;Apartments
6170;T0;69 500,00 €;31;Aveiro;Apartments
6171;T2;305 000,00 €;100;Porto;Apartments
6172;T4;1 150 000,00 €;180;Lisboa;Apartments
6173;T3;239 000,00 €;100;Porto;Apartments
6174;T1;152 000,00 €;55.50;Porto;Apartments
6175;T1;159 000,00 €;60;Leiria;Apartments
6176;T3;550 000,00 €;163.60;Faro;Apartments
6177;T3;495 000,00 €;119.30;Porto;Apartments
6178;T2;214 990,00 €;95;Porto;Apartments
618;T3;470 000,00 €;155;Porto;Apartments
6180;T1;339 500,00 €;50;Lisboa;Apartments
6181;T3;320 000,00 €;117;Lisboa;Apartments
6182;T3;400 000,00 €;120;Set??bal;Apartments
6183;T1;295 000,00 €;65;Lisboa;Apartments
6184;T3;800 000,00 €;165;Lisboa;Apartments
6185;T3;780 000,00 €;165;Lisboa;Apartments
6186;T1;240 000,00 €;38;Lisboa;Apartments
6187;T2;1 500 000,00 €;229;Porto;Apartments
6188;T2;275 000,00 €;89;Porto;Apartments
6189;T2;190 000,00 €;78;Porto;Apartments
619;T3;440 000,00 €;154.40;Porto;Apartments
6190;T1;210 000,00 €;36;Lisboa;Apartments
6191;T1;250 000,00 €;84;Faro;Apartments
6192;T3;275 000,00 €;90;Set??bal;Apartments
6193;T1;190 000,00 €;36;Lisboa;Apartments
6194;T2;227 500,00 €;82;Set??bal;Apartments
6195;T2;95 000,00 €;94;Coimbra;Apartments
6196;T2;435 000,00 €;130.13;Faro;Apartments
6197;T2;165 000,00 €;68.45;Porto;Apartments
6198;T3;360 000,00 €;156;Set??bal;Apartments
6199;T2;245 000,00 €;59;Lisboa;Apartments
62;T4;3 534 577,20 €;230.76;Lisboa;Apartments
620;T4;3 250 000,00 €;552.29;Faro;Apartments
6200;T3;195 000,00 €;82.35;Porto;Apartments
6201;T3;985 000,00 €;157.71;Lisboa;Apartments
6202;T5;690 000,00 €;230;Porto;Apartments
6203;T3;346 000,00 €;135;Aveiro;Apartments
6204;T5;2 500 000,00 €;224.10;Lisboa;Apartments
6205;T2;2 330 000,00 €;134;Lisboa;Apartments
6206;T2;550 000,00 €;155;Porto;Apartments
6207;T3;270 000,00 €;122;Faro;Apartments
6208;T4;260 000,00 €;146;Leiria;Apartments
621;T2;225 000,00 €;49;Porto;Apartments
6210;T3;300 000,00 €;113;Braga;Apartments
6211;T2;220 000,00 €;111.33;Braga;Apartments
6212;T3;1 090 000,00 €;120;Lisboa;Apartments
6213;T2;320 000,00 €;78;Porto;Apartments
6214;T3;185 000,00 €;118;Viana do Castelo;Apartments
6215;T2;249 000,00 €;78;Faro;Apartments
6216;T0;530 000,00 €;90;Faro;Apartments
6217;T3;255 000,00 €;126;Porto;Apartments
6218;T3;195 624,00 €;112.80;Porto;Apartments
6219;T2;285 000,00 €;100;Porto;Apartments
622;T4;1 665 000,00 €;250.13;Faro;Apartments
6220;T2;195 900,00 €;83;Aveiro;Apartments
6221;T2;325 000,00 €;77;Porto;Apartments
6222;T4;2 800 000,00 €;174;Lisboa;Apartments
6223;T1;160 000,00 €;40;Lisboa;Apartments
6224;T1;349 900,00 €;44;Lisboa;Apartments
6225;T1;485 000,00 €;81;Lisboa;Apartments
6226;T0;159 000,00 €;50;Porto;Apartments
6227;T2;145 000,00 €;80;Porto;Apartments
6228;T4;2 700 000,00 €;261;Lisboa;Apartments
6229;T3;410 000,00 €;124;Porto;Apartments
623;T3;460 000,00 €;125;Set??bal;Apartments
6230;T2;169 900,00 €;83.50;Porto;Apartments
6231;T4;255 000,00 €;72;Lisboa;Apartments
6232;T2;1 190 000,00 €;111;Faro;Apartments
6233;T2;239 500,00 €;73;Porto;Apartments
6234;T2;490 000,00 €;120;Set??bal;Apartments
6235;T2;570 000,00 €;95.50;Lisboa;Apartments
6236;T3;290 900,00 €;110.80;Porto;Apartments
6237;T3;312 500,00 €;100;Set??bal;Apartments
6238;T3;320 000,00 €;81;Lisboa;Apartments
6239;T2;175 000,00 €;60;Set??bal;Apartments
624;T3;550 000,00 €;150;Porto;Apartments
6240;T2;225 000,00 €;102;Porto;Apartments
6241;T3;445 000,00 €;119.50;Faro;Apartments
6242;T2;320 000,00 €;77;Porto;Apartments
6243;T2;315 000,00 €;77;Porto;Apartments
6244;T2;649 000,00 €;84.74;Faro;Apartments
6245;T2;191 900,00 €;87.80;Porto;Apartments
6246;T1;212 000,00 €;63;Porto;Apartments
6247;T2;225 000,00 €;97;Porto;Apartments
6248;T1;226 800,00 €;52.61;Porto;Apartments
6249;T4;400 000,00 €;136.18;Porto;Apartments
625;T2;1 050 000,00 €;159;Faro;Apartments
6250;T2;600 000,00 €;118.86;Porto;Apartments
6251;T2;730 000,00 €;93;Lisboa;Apartments
6252;T3;259 900,00 €;111;Porto;Apartments
6253;T3;341 500,00 €;126;Aveiro;Apartments
6254;T3;510 000,00 €;130.70;Porto;Apartments
6255;T3;675 000,00 €;162;Set??bal;Apartments
6256;T1;128 000,00 €;48.50;Set??bal;Apartments
6257;T1;180 000,00 €;53;Aveiro;Apartments
6259;T4;950 000,00 €;188.09;Porto;Apartments
626;T3;299 500,00 €;118;Coimbra;Apartments
6260;T4;445 000,00 €;180;Porto;Apartments
6261;T1;390 000,00 €;72;Lisboa;Apartments
6262;T1;265 000,00 €;65.80;Porto;Apartments
6264;T3;495 000,00 €;143;Porto;Apartments
6265;T3;450 000,00 €;123;Faro;Apartments
6267;T2;650 000,00 €;124.50;Set??bal;Apartments
6268;T4;699 000,00 €;232.65;Porto;Apartments
6269;T1;207 000,00 €;37;Lisboa;Apartments
627;T3;399 000,00 €;114;Faro;Apartments
6270;T3;675 000,00 €;143;Porto;Apartments
6271;T3;685 000,00 €;173.20;Ilha da Madeira;Apartments
6272;T3;700 000,00 €;307.45;Set??bal;Apartments
6273;T3;346 000,00 €;135;Aveiro;Apartments
6274;T2;295 000,00 €;69.24;Lisboa;Apartments
6275;T1;175 000,00 €;78.19;Santar?©m;Apartments
6276;T2;160 000,00 €;75;Porto;Apartments
6277;T4;395 000,00 €;191.15;Santar?©m;Apartments
6278;T3;342 500,00 €;134.30;Aveiro;Apartments
6279;T3;346 000,00 €;135.60;Aveiro;Apartments
628;T2;265 000,00 €;96;Braga;Apartments
6280;T3;346 000,00 €;135.60;Aveiro;Apartments
6281;T3;322 500,00 €;126.40;Aveiro;Apartments
6282;T2;265 000,00 €;83;Porto;Apartments
6283;T3;329 000,00 €;126.40;Aveiro;Apartments
6284;T3;349 000,00 €;134.30;Aveiro;Apartments
6285;T3;341 500,00 €;126.40;Aveiro;Apartments
6286;T3;363 000,00 €;134.30;Aveiro;Apartments
6287;T3;189 000,00 €;100;Porto;Apartments
6288;T2;168 000,00 €;95;Porto;Apartments
6289;T1;195 000,00 €;59;Porto;Apartments
629;T3;380 000,00 €;113;Set??bal;Apartments
6290;T3;239 900,00 €;140;Porto;Apartments
6291;T3;259 500,00 €;74;Porto;Apartments
6293;T2;185 000,00 €;95;Set??bal;Apartments
6294;T3;195 000,00 €;106;Faro;Apartments
6296;T2;2 199 793,00 €;177.30;Lisboa;Apartments
6297;T4;1 175 000,00 €;148;Porto;Apartments
6298;T3;975 000,00 €;129;Porto;Apartments
6299;T2;1 299 000,00 €;138.04;Lisboa;Apartments
63;T3;2 620 219,80 €;172.61;Lisboa;Apartments
630;T2;180 000,00 €;96;Lisboa;Apartments
6300;T2;299 000,00 €;81;Porto;Apartments
6301;T3;322 000,00 €;126;Aveiro;Apartments
6302;T3;249 000,00 €;138;Porto;Apartments
6303;T3;367 500,00 €;113.85;Porto;Apartments
6304;T3;600 000,00 €;120.61;Porto;Apartments
6305;T3;695 000,00 €;150.15;Porto;Apartments
6306;T3;359 000,00 €;102;Lisboa;Apartments
6307;T1;210 000,00 €;64.70;Porto;Apartments
6308;T2;375 000,00 €;70.65;Faro;Apartments
631;T3;165 000,00 €;115;Santar?©m;Apartments
6310;T1;206 000,00 €;63;Porto;Apartments
6311;T0;159 000,00 €;50;Porto;Apartments
6312;T2;189 500,00 €;91;Set??bal;Apartments
6313;T2;346 000,00 €;91;Porto;Apartments
6314;T4;400 000,00 €;136;Porto;Apartments
6315;T3;383 000,00 €;119;Porto;Apartments
6316;T2;280 000,00 €;89;Porto;Apartments
6317;T2;280 000,00 €;83.34;Lisboa;Apartments
6318;T3;1 360 000,00 €;185;Lisboa;Apartments
6319;T3;385 000,00 €;128.40;Porto;Apartments
632;T2;278 000,00 €;94;Porto;Apartments
6320;T3;219 500,00 €;81;Lisboa;Apartments
6321;T2;242 834,00 €;70.80;Porto;Apartments
6323;T2;815 000,00 €;112;Lisboa;Apartments
6324;T3;1 650 000,00 €;141.89;Faro;Apartments
6325;T3;530 000,00 €;134;Aveiro;Apartments
6326;T2;184 900,00 €;86.95;Porto;Apartments
6327;T2;187 500,00 €;87;Set??bal;Apartments
6328;T2;630 000,00 €;117.20;Faro;Apartments
6329;T2;130 000,00 €;63;Braga;Apartments
633;T3;160 000,00 €;152.70;Aveiro;Apartments
6330;T3;480 000,00 €;104;Porto;Apartments
6331;T2;189 900,00 €;96;Porto;Apartments
6332;T2;258 000,00 €;91;Coimbra;Apartments
6333;T3;340 000,00 €;114;Porto;Apartments
6334;T2;470 000,00 €;124;Porto;Apartments
6335;T1;208 000,00 €;66;Coimbra;Apartments
6336;T2;425 000,00 €;89.10;Porto;Apartments
6337;T2;299 900,00 €;51;Lisboa;Apartments
6338;T2;460 000,00 €;114;Porto;Apartments
6339;T3;360 000,00 €;140;Porto;Apartments
634;T2;198 000,00 €;86.60;Porto;Apartments
6340;T2;850 000,00 €;66;Lisboa;Apartments
6341;T0;160 000,00 €;38;Braga;Apartments
6342;T4;425 000,00 €;190;Braga;Apartments
6343;T1;395 000,00 €;97.52;Porto;Apartments
6344;T2;106 000,00 €;109;Porto;Apartments
6345;T2;205 000,00 €;110;Braga;Apartments
6346;T2;310 000,00 €;70;Porto;Apartments
6347;T3;355 000,00 €;105;Lisboa;Apartments
6348;T2;230 000,00 €;70;Lisboa;Apartments
635;T3;160 000,00 €;159.40;Aveiro;Apartments
6350;T2;895 000,00 €;145.06;Lisboa;Apartments
6351;T3;550 000,00 €;154;Porto;Apartments
6352;T2;236 000,00 €;97;Aveiro;Apartments
6354;T3;1 500 000,00 €;205;Lisboa;Apartments
6355;T1;135 750,00 €;65;Porto;Apartments
6356;T3;209 900,00 €;116;Set??bal;Apartments
6357;T3;580 000,00 €;117;Porto;Apartments
6358;T2;319 000,00 €;81;Porto;Apartments
6359;T2;380 000,00 €;119.60;Ilha da Madeira;Apartments
636;T3;550 000,00 €;114;Set??bal;Apartments
6360;T3;640 000,00 €;155;Porto;Apartments
6361;T1;295 000,00 €;74;Faro;Apartments
6362;T4;400 000,00 €;136;Porto;Apartments
6363;T2;980 000,00 €;135;Lisboa;Apartments
6364;T3;640 000,00 €;151;Porto;Apartments
6365;T3;700 000,00 €;159;Porto;Apartments
6366;T2;1 265 000,00 €;80;Faro;Apartments
6367;T3;500 000,00 €;116;Coimbra;Apartments
6368;T2;299 000,00 €;81;Porto;Apartments
6369;T3;510 000,00 €;87.46;Faro;Apartments
637;T2;355 000,00 €;83;Porto;Apartments
6370;T2;398 000,00 €;107.60;Porto;Apartments
6371;T3;380 000,00 €;134;Set??bal;Apartments
6372;T4;685 000,00 €;168.64;Porto;Apartments
6373;T3;174 900,00 €;137;Braga;Apartments
6374;T5;770 000,00 €;270;Set??bal;Apartments
6375;T2;485 000,00 €;85;Lisboa;Apartments
6376;T2;208 000,00 €;87;Set??bal;Apartments
6377;T2;164 000,00 €;96;Porto;Apartments
6378;T4;1 100 000,00 €;225;Porto;Apartments
6379;T2;152 000,00 €;72;Aveiro;Apartments
6380;T3;249 000,00 €;138;Porto;Apartments
6381;T4;795 000,00 €;158;Lisboa;Apartments
6382;T2;250 000,00 €;65;Porto;Apartments
6383;T2;225 000,00 €;97;Porto;Apartments
6384;T2;219 900,00 €;85;Porto;Apartments
6385;T2;225 000,00 €;87;Porto;Apartments
6386;T2;220 000,00 €;95;Porto;Apartments
6387;T2;375 000,00 €;87;Porto;Apartments
6388;T1;300 000,00 €;42;Porto;Apartments
6389;T4;675 000,00 €;156;Porto;Apartments
639;T1;195 000,00 €;62;Porto;Apartments
6390;T3;475 000,00 €;154;Porto;Apartments
6391;T1;230 000,00 €;72;Faro;Apartments
6392;T3;449 000,00 €;95;Lisboa;Apartments
6393;T2;500 000,00 €;91;Lisboa;Apartments
6394;T3;485 000,00 €;187;Set??bal;Apartments
6395;T0;350 000,00 €;39;Lisboa;Apartments
6396;T3;295 000,00 €;122;Lisboa;Apartments
6397;T2;1 700 000,00 €;199;Lisboa;Apartments
6398;T2;144 000,00 €;101;Lisboa;Apartments
6399;T3;300 000,00 €;175.10;Leiria;Apartments
64;T2;2 242 891,00 €;141.83;Lisboa;Apartments
640;T1;460 000,00 €;73;Ilha da Madeira;Apartments
6400;T0;165 000,00 €;30;Faro;Apartments
6401;T3;465 000,00 €;99;Porto;Apartments
6402;T3;385 000,00 €;137;Porto;Apartments
6403;T3;651 900,00 €;149;Faro;Apartments
6404;T4;1 181 200,00 €;176;Faro;Apartments
6405;T3;630 700,00 €;149;Faro;Apartments
6406;T3;614 800,00 €;146;Faro;Apartments
6407;T3;641 300,00 €;149;Faro;Apartments
6408;T4;1 028 200,00 €;175;Faro;Apartments
6409;T2;418 700,00 €;100.48;Faro;Apartments
641;T1;595 000,00 €;98;Ilha da Madeira;Apartments
6410;T4;699 600,00 €;171;Faro;Apartments
6411;T3;583 000,00 €;146;Faro;Apartments
6412;T2;424 000,00 €;86.50;Faro;Apartments
6413;T3;588 300,00 €;149;Faro;Apartments
6414;T2;424 000,00 €;100.48;Faro;Apartments
6415;T2;418 700,00 €;100.48;Faro;Apartments
6416;T2;455 800,00 €;100.48;Faro;Apartments
6417;T2;445 200,00 €;100.48;Faro;Apartments
6418;T2;434 600,00 €;100.48;Faro;Apartments
6419;T3;275 000,00 €;198.30;Leiria;Apartments
642;T4;1 250 000,00 €;217.06;Porto;Apartments
6420;T3;475 000,00 €;132.50;Lisboa;Apartments
6421;T2;265 000,00 €;87;Faro;Apartments
6422;T3;219 000,00 €;116;Braga;Apartments
6423;T3;235 000,00 €;116;Braga;Apartments
6424;T2;420 000,00 €;93;Porto;Apartments
6425;T1;390 000,00 €;72;Porto;Apartments
6426;T1;330 000,00 €;66;Porto;Apartments
6427;T1;330 000,00 €;66;Porto;Apartments
6428;T2;179 900,00 €;90;Porto;Apartments
6429;T2;187 900,00 €;88.10;Porto;Apartments
6430;T3;290 900,00 €;114.70;Porto;Apartments
6431;T2;183 900,00 €;86.95;Porto;Apartments
6432;T3;220 000,00 €;95;Lisboa;Apartments
6433;T2;200 000,00 €;68;Lisboa;Apartments
6434;T2;289 900,00 €;86;Porto;Apartments
6435;T3;169 000,00 €;106.50;Apartamento para comprar: Guarda;Apartments
6436;T2;184 900,00 €;86.95;Porto;Apartments
6437;T2;192 900,00 €;88.30;Porto;Apartments
6438;T2;186 900,00 €;88.10;Porto;Apartments
6439;T3;352 500,00 €;170;Leiria;Apartments
644;T1;259 000,00 €;70;Lisboa;Apartments
6440;T1;287 000,00 €;55;Lisboa;Apartments
6441;T3;175 000,00 €;154.40;Aveiro;Apartments
6442;T4;4 500 000,00 €;395;Lisboa;Apartments
6443;T1;299 500,00 €;60;Porto;Apartments
6444;T2;595 000,00 €;102;Porto;Apartments
6445;T1;175 000,00 €;51;Porto;Apartments
6446;T4;2 250 000,00 €;269.45;Porto;Apartments
6447;T3;600 000,00 €;131;Porto;Apartments
6448;T3;730 000,00 €;150;Lisboa;Apartments
6449;T2;349 900,00 €;107;Lisboa;Apartments
645;T2;328 000,00 €;70.81;Porto;Apartments
6450;T1;227 000,00 €;38;Lisboa;Apartments
6451;T3;220 000,00 €;130.20;Coimbra;Apartments
6452;T3;490 000,00 €;134;Lisboa;Apartments
6453;T2;137 500,00 €;116.40;Braga;Apartments
6454;T2;460 000,00 €;77;Lisboa;Apartments
6455;T2;130 000,00 €;52;Santar?©m;Apartments
6456;T3;630 000,00 €;137;Lisboa;Apartments
6457;T3;1 965 000,00 €;237;Lisboa;Apartments
6458;T1;274 000,00 €;53.78;Aveiro;Apartments
6459;T3;485 000,00 €;169;Porto;Apartments
646;T2;179 900,00 €;66.56;Lisboa;Apartments
6460;T3;481 280,00 €;150.40;Aveiro;Apartments
6461;T3;630 000,00 €;137;Lisboa;Apartments
6462;T3;465 000,00 €;92;Porto;Apartments
6463;T1;340 000,00 €;74;Porto;Apartments
6464;T3;590 000,00 €;145;Lisboa;Apartments
6465;T3;930 000,00 €;127;Porto;Apartments
6466;T3;295 000,00 €;100;Lisboa;Apartments
6467;T5;690 000,00 €;230;Porto;Apartments
6468;T2;429 900,00 €;49.75;Lisboa;Apartments
6469;T1;295 000,00 €;60.95;Faro;Apartments
647;T4;570 000,00 €;142;Lisboa;Apartments
6471;T4;276 500,00 €;146;Braga;Apartments
6472;T1;399 900,00 €;42.17;Lisboa;Apartments
6473;T4;390 000,00 €;153;Porto;Apartments
6474;T3;625 000,00 €;131;Porto;Apartments
6476;T2;310 000,00 €;94;Porto;Apartments
6477;T1;399 000,00 €;80;Lisboa;Apartments
6478;T4;680 000,00 €;119;Lisboa;Apartments
6479;T4;998 000,00 €;218;Lisboa;Apartments
648;T3;565 000,00 €;128.10;Porto;Apartments
6480;T3;565 000,00 €;132;Porto;Apartments
6481;T4;1 750 000,00 €;179;Lisboa;Apartments
6482;T2;440 000,00 €;109;Porto;Apartments
6483;T3;345 000,00 €;36;Faro;Apartments
6484;T3;220 000,00 €;73.30;Lisboa;Apartments
6485;T1;260 000,00 €;64.80;Faro;Apartments
6486;T3;305 000,00 €;159.67;Porto;Apartments
6487;T3;259 000,00 €;133;Braga;Apartments
6488;T5;480 000,00 €;189.60;Coimbra;Apartments
6489;T2;375 000,00 €;100;Porto;Apartments
649;T2;390 000,00 €;106.60;Faro;Apartments
6490;T3;265 000,00 €;118;Ilha da Madeira;Apartments
6491;T2;199 900,00 €;74.20;Porto;Apartments
6492;T5;1 290 000,00 €;270;Porto;Apartments
6493;T0;190 000,00 €;30;Porto;Apartments
6494;T3;300 000,00 €;83;Porto;Apartments
6495;T0;190 000,00 €;29;Porto;Apartments
6496;T0;195 000,00 €;29;Porto;Apartments
6497;T1;155 000,00 €;49.38;Porto;Apartments
6498;T2;780 000,00 €;115.95;Lisboa;Apartments
6499;T3;1 100 000,00 €;115;Lisboa;Apartments
65;T3;765 000,00 €;137.22;Lisboa;Apartments
650;T1;275 000,00 €;61.50;Porto;Apartments
6500;T2;225 000,00 €;78.30;Porto;Apartments
6501;T2;915 000,00 €;115.95;Lisboa;Apartments
6502;T1;579 800,00 €;82.80;Porto;Apartments
6503;T0;233 564,00 €;54.60;Porto;Apartments
6504;T0;480 000,00 €;64;Porto;Apartments
6505;T2;915 000,00 €;115.85;Lisboa;Apartments
6506;T3;351 750,00 €;128;Braga;Apartments
6507;T3;367 500,00 €;140;Braga;Apartments
6508;T2;350 000,00 €;88;Lisboa;Apartments
6509;T2;440 000,00 €;109;Porto;Apartments
651;T4;385 000,00 €;135;Porto;Apartments
6510;T3;399 900,00 €;71;Lisboa;Apartments
6511;T2;220 000,00 €;119.50;Porto;Apartments
6512;T3;250 000,00 €;83;Lisboa;Apartments
6513;T3;350 000,00 €;88;Porto;Apartments
6514;T2;189 000,00 €;87;Porto;Apartments
6515;T3;650 000,00 €;114;Porto;Apartments
6516;T1;125 000,00 €;45;Porto;Apartments
6517;T3;265 000,00 €;66;Porto;Apartments
6518;T3;507 688,00 €;109;Porto;Apartments
6519;T1;125 000,00 €;45;Porto;Apartments
652;T3;365 000,00 €;158;Porto;Apartments
6520;T2;182 500,00 €;89;Porto;Apartments
6521;T2;187 500,00 €;89;Porto;Apartments
6522;T2;185 000,00 €;89;Porto;Apartments
6523;T2;408 512,00 €;90;Porto;Apartments
6524;T4;2 828 364,00 €;238;Porto;Apartments
6525;T4;2 474 027,00 €;238;Porto;Apartments
6526;T4;1 844 242,00 €;227;Porto;Apartments
6527;T3;450 000,00 €;133;Set??bal;Apartments
6528;T4;725 000,00 €;189;Porto;Apartments
6529;T2;329 000,00 €;103.58;Porto;Apartments
653;T2;225 000,00 €;72;Porto;Apartments
6530;T2;295 000,00 €;72;Set??bal;Apartments
6531;T1;230 000,00 €;65;Porto;Apartments
6532;T2;408 000,00 €;96.60;Faro;Apartments
6533;T5;595 000,00 €;218;Porto;Apartments
6534;T1;165 000,00 €;44.57;Castelo Branco;Apartments
6535;T3;250 000,00 €;129.48;Castelo Branco;Apartments
6536;T2;192 000,00 €;75.30;Faro;Apartments
6537;T5;229 500,00 €;180;Apartamento para comprar: Castelo Branco;Apartments
6538;T2;625 000,00 €;84.14;Lisboa;Apartments
6539;T4;528 000,00 €;190;Aveiro;Apartments
654;T3;347 500,00 €;110;Porto;Apartments
6540;T3;356 000,00 €;115;Porto;Apartments
6541;T3;372 000,00 €;149;Aveiro;Apartments
6542;T5;690 000,00 €;230;Porto;Apartments
6543;T0;159 000,00 €;58;Porto;Apartments
6544;T0;157 500,00 €;58;Porto;Apartments
6546;T2;440 000,00 €;125;Porto;Apartments
6547;T1;310 000,00 €;102;Porto;Apartments
6548;T4;780 000,00 €;183.45;Porto;Apartments
6549;T3;530 060,00 €;156;Aveiro;Apartments
655;T3;269 000,00 €;127;Porto;Apartments
6550;T1;200 000,00 €;47;Porto;Apartments
6551;T3;295 000,00 €;122;Faro;Apartments
6552;T2;780 000,00 €;144.01;Porto;Apartments
6553;T4;1 450 000,00 €;288.01;Porto;Apartments
6554;T2;180 000,00 €;267;Porto;Apartments
6555;T3;335 000,00 €;133;Porto;Apartments
6557;T2;550 000,00 €;96;Lisboa;Apartments
6558;T3;465 000,00 €;140;Lisboa;Apartments
6559;T4;705 000,00 €;171;Porto;Apartments
656;T3;655 000,00 €;134;Lisboa;Apartments
6560;T2;240 000,00 €;93;Braga;Apartments
6561;T1;230 000,00 €;75;Porto;Apartments
6562;T2;300 000,00 €;91.20;Porto;Apartments
6563;T2;293 000,00 €;95.50;Porto;Apartments
6564;T2;285 000,00 €;75;Lisboa;Apartments
6565;T3;600 000,00 €;131;Porto;Apartments
6566;T4;614 000,00 €;152.36;Porto;Apartments
6567;T3;210 000,00 €;130;Aveiro;Apartments
6568;T3;195 000,00 €;96;Set??bal;Apartments
6569;T2;588 000,00 €;110.03;Porto;Apartments
657;T2;540 000,00 €;97;Lisboa;Apartments
6570;T2;2 639 736,00 €;182;Lisboa;Apartments
6571;T2;385 000,00 €;121.02;Lisboa;Apartments
6572;T3;820 000,00 €;105.05;Lisboa;Apartments
6573;T2;810 000,00 €;115.95;Lisboa;Apartments
6574;T3;395 000,00 €;144.80;Aveiro;Apartments
6575;T3;300 000,00 €;148;Leiria;Apartments
6576;T4;325 000,00 €;120;Set??bal;Apartments
6577;T2;275 000,00 €;113.55;Lisboa;Apartments
6578;T2;690 000,00 €;120;Faro;Apartments
6579;T2;310 000,00 €;70;Porto;Apartments
658;T4;895 000,00 €;177;Lisboa;Apartments
6580;T3;349 000,00 €;100;Porto;Apartments
6581;T3;760 000,00 €;145;Lisboa;Apartments
6582;T2;225 000,00 €;75;Porto;Apartments
6583;T3;340 000,00 €;122.89;Set??bal;Apartments
6584;T3;375 000,00 €;86.70;Lisboa;Apartments
6585;T3;420 000,00 €;128;Braga;Apartments
6586;T3;550 000,00 €;137;Porto;Apartments
6587;T4;680 000,00 €;229;Porto;Apartments
6588;T3;455 000,00 €;158;Set??bal;Apartments
6589;T3;465 000,00 €;158;Set??bal;Apartments
659;T4;780 000,00 €;225;Set??bal;Apartments
6590;T3;499 000,00 €;95;Faro;Apartments
6592;T2;270 000,00 €;62;Apartamento para comprar: Viseu;Apartments
6593;T2;280 000,00 €;62;Apartamento para comprar: Viseu;Apartments
6594;T2;120 000,00 €;84;Coimbra;Apartments
6595;T2;299 000,00 €;112.81;Set??bal;Apartments
6596;T1;235 000,00 €;47;Porto;Apartments
6597;T3;450 000,00 €;125;Coimbra;Apartments
6598;T2;490 000,00 €;67;Leiria;Apartments
6599;T3;240 000,00 €;192;Coimbra;Apartments
66;T2;580 000,00 €;100.18;Lisboa;Apartments
660;T2;608 000,00 €;122;Lisboa;Apartments
6600;T3;350 000,00 €;327;Braga;Apartments
6601;T3;350 000,00 €;327;Braga;Apartments
6602;T3;465 000,00 €;105;Porto;Apartments
6603;T2;378 000,00 €;81;Leiria;Apartments
6604;T3;725 000,00 €;124;Leiria;Apartments
6605;T2;420 000,00 €;134.50;Porto;Apartments
6606;T3;340 000,00 €;122.89;Set??bal;Apartments
6607;T4;375 000,00 €;168;Set??bal;Apartments
6608;T6;5 900 000,00 €;467;Lisboa;Apartments
6609;T3;240 000,00 €;126.80;Set??bal;Apartments
661;T4;1 895 000,00 €;199;Lisboa;Apartments
6610;T4;555 000,00 €;141;Lisboa;Apartments
6611;T4;890 000,00 €;126.80;Lisboa;Apartments
6612;T3;250 000,00 €;129;Santar?©m;Apartments
6613;T3;730 000,00 €;138;Lisboa;Apartments
6614;T2;185 000,00 €;118;Porto;Apartments
6615;T3;415 245,00 €;134;Aveiro;Apartments
6616;T3;421 755,00 €;136;Aveiro;Apartments
6618;T2;495 000,00 €;114.35;Porto;Apartments
6619;T3;200 000,00 €;73.50;Lisboa;Apartments
662;T3;1 318 000,00 €;249;Lisboa;Apartments
6620;T3;270 000,00 €;133.60;Faro;Apartments
6621;T5;955 000,00 €;398;Braga;Apartments
6622;T4;650 000,00 €;151.82;Set??bal;Apartments
6623;T1;180 000,00 €;63;Leiria;Apartments
6624;T0;200 000,00 €;38;Porto;Apartments
6625;T3;375 000,00 €;127;Porto;Apartments
6626;T1;275 000,00 €;67;Porto;Apartments
6627;T3;600 000,00 €;131;Porto;Apartments
6628;T1;112 000,00 €;55;Lisboa;Apartments
6629;T4;3 180 000,00 €;248;Lisboa;Apartments
663;T1;626 500,00 €;67;Lisboa;Apartments
6630;T1;179 000,00 €;46;Porto;Apartments
6631;T1;250 000,00 €;77;Set??bal;Apartments
6632;T1;158 000,00 €;86.90;Porto;Apartments
6633;T1;179 000,00 €;56;Porto;Apartments
6634;T1;250 000,00 €;55;Lisboa;Apartments
6635;T1;270 000,00 €;114;Lisboa;Apartments
6636;T1;220 000,00 €;55;Lisboa;Apartments
6637;T1;199 000,00 €;74;Porto;Apartments
6638;T2;240 240,00 €;71.14;Porto;Apartments
6639;T2;215 000,00 €;110.50;Porto;Apartments
664;T3;2 500 000,00 €;239;Lisboa;Apartments
6640;T2;895 000,00 €;105.40;Lisboa;Apartments
6641;T2;320 000,00 €;110;Porto;Apartments
6642;T1;283 500,00 €;67;Porto;Apartments
6643;T3;220 000,00 €;114.30;Braga;Apartments
6644;T2;328 000,00 €;70;Porto;Apartments
6645;T1;340 000,00 €;89.30;Porto;Apartments
6646;T2;270 000,00 €;103;Set??bal;Apartments
6647;T4;1 290 000,00 €;195;Lisboa;Apartments
6648;T2;175 000,00 €;90;Set??bal;Apartments
6649;T5;750 000,00 €;276.50;Set??bal;Apartments
665;T3;775 000,00 €;139;Lisboa;Apartments
6650;T0;145 000,00 €;36;Porto;Apartments
6652;T2;260 000,00 €;78;Porto;Apartments
6653;T3;380 000,00 €;226;Porto;Apartments
6654;T3;260 000,00 €;123.30;Aveiro;Apartments
6655;T3;290 000,00 €;164;Porto;Apartments
6656;T3;645 000,00 €;172;Porto;Apartments
6657;T1;180 000,00 €;69;Porto;Apartments
6658;T3;399 900,00 €;80;Lisboa;Apartments
6659;T2;239 500,00 €;74;Leiria;Apartments
666;T4;2 190 000,00 €;162;Lisboa;Apartments
6661;T2;229 000,00 €;65;Lisboa;Apartments
6662;T1;155 000,00 €;40;Porto;Apartments
6663;T3;420 000,00 €;115;Porto;Apartments
6664;T2;579 000,00 €;97;Lisboa;Apartments
6665;T3;1 015 000,00 €;241.15;Set??bal;Apartments
6666;T3;390 000,00 €;110.05;Set??bal;Apartments
6667;T3;380 000,00 €;112.85;Set??bal;Apartments
6668;T1;165 000,00 €;70;Porto;Apartments
6669;T3;320 000,00 €;116.10;Faro;Apartments
667;T2;750 000,00 €;91;Lisboa;Apartments
6670;T0;175 000,00 €;35.60;Porto;Apartments
6671;T3;360 000,00 €;106;Set??bal;Apartments
6672;T3;390 000,00 €;143.35;Set??bal;Apartments
6673;T4;475 000,00 €;174;Set??bal;Apartments
6674;T4;466 000,00 €;147;Lisboa;Apartments
6675;T3;249 000,00 €;92;Porto;Apartments
6676;T2;319 000,00 €;90;Porto;Apartments
6677;T4;3 950 000,00 €;278;Lisboa;Apartments
6678;T2;225 000,00 €;101;Faro;Apartments
6679;T3;215 000,00 €;118;Porto;Apartments
668;T4;915 000,00 €;177;Lisboa;Apartments
6680;T3;340 000,00 €;120;Porto;Apartments
6681;T3;495 000,00 €;193.50;Lisboa;Apartments
6682;T3;300 000,00 €;137;Porto;Apartments
6683;T2;370 000,00 €;102;Lisboa;Apartments
6684;T1;179 000,00 €;57;Porto;Apartments
6685;T3;380 000,00 €;131.05;Set??bal;Apartments
6686;T3;270 000,00 €;125;Lisboa;Apartments
6687;T3;450 000,00 €;145.30;Set??bal;Apartments
6688;T3;450 000,00 €;145.30;Set??bal;Apartments
6689;T3;460 000,00 €;145.30;Set??bal;Apartments
669;T3;1 665 000,00 €;192;Lisboa;Apartments
6690;T2;420 000,00 €;137;Set??bal;Apartments
6691;T3;397 500,00 €;205;Lisboa;Apartments
6692;T0;320 000,00 €;38.70;Lisboa;Apartments
6693;T0;325 000,00 €;43.10;Lisboa;Apartments
6694;T1;365 000,00 €;70;Lisboa;Apartments
6695;T4;1 450 000,00 €;288.01;Porto;Apartments
6696;T3;1 300 000,00 €;262;Porto;Apartments
6697;T2;780 000,00 €;144.01;Porto;Apartments
6699;T1;165 000,00 €;63;Leiria;Apartments
67;T2;290 000,00 €;85.42;Porto;Apartments
670;T2;559 000,00 €;86;Beja;Apartments
6700;T2;545 000,00 €;113;Ilha da Madeira;Apartments
6701;T1;291 900,00 €;74.20;Porto;Apartments
6702;T1;268 700,00 €;65.51;Porto;Apartments
6703;T0;212 000,00 €;46.24;Porto;Apartments
6704;T1;270 300,00 €;65.93;Porto;Apartments
6705;T0;219 000,00 €;49.52;Porto;Apartments
6706;T0;212 000,00 €;46.55;Porto;Apartments
6707;T1;347 300,00 €;75.02;Porto;Apartments
6708;T3;552 000,00 €;122.43;Porto;Apartments
6709;T2;429 700,00 €;103.73;Porto;Apartments
671;T3;640 000,00 €;132;Lisboa;Apartments
6710;T1;274 100,00 €;66.27;Porto;Apartments
6711;T2;429 200,00 €;103.60;Porto;Apartments
6712;T2;329 800,00 €;79.79;Porto;Apartments
6713;T2;363 300,00 €;85.03;Porto;Apartments
6714;T2;329 400,00 €;79.67;Porto;Apartments
6715;T2;368 800,00 €;89.73;Porto;Apartments
6716;T3;509 600,00 €;121.65;Porto;Apartments
6717;T1;313 500,00 €;74.96;Porto;Apartments
6718;T2;421 200,00 €;107.44;Porto;Apartments
6719;T1;292 700,00 €;69.94;Porto;Apartments
672;T1;608 000,00 €;66;Lisboa;Apartments
6720;T1;253 900,00 €;61.89;Porto;Apartments
6721;T2;405 600,00 €;98.90;Porto;Apartments
6722;T3;471 200,00 €;107.69;Porto;Apartments
6723;T2;381 600,00 €;97;Porto;Apartments
6724;T3;575 600,00 €;139.40;Porto;Apartments
6725;T3;481 100,00 €;116.91;Porto;Apartments
6726;T2;506 100,00 €;120.29;Porto;Apartments
6727;T3;448 200,00 €;107.64;Porto;Apartments
6728;T3;521 900,00 €;123.26;Porto;Apartments
6729;T3;548 700,00 €;132.34;Porto;Apartments
673;T3;710 000,00 €;134;Lisboa;Apartments
6730;T2;394 800,00 €;92.35;Porto;Apartments
6731;T4;817 100,00 €;194;Porto;Apartments
6732;T2;354 600,00 €;82.70;Porto;Apartments
6733;T2;431 800,00 €;109.76;Porto;Apartments
6734;T4;818 000,00 €;194.23;Porto;Apartments
6735;T2;441 000,00 €;106.54;Porto;Apartments
6736;T3;443 600,00 €;106.51;Porto;Apartments
6737;T3;665 800,00 €;148.22;Porto;Apartments
6738;T3;665 900,00 €;148.24;Porto;Apartments
6739;T3;490 700,00 €;123.04;Porto;Apartments
674;T3;1 900 000,00 €;134;Lisboa;Apartments
6740;T3;558 600,00 €;134.49;Porto;Apartments
6741;T3;558 600,00 €;134.48;Porto;Apartments
6742;T4;899 700,00 €;203.81;Porto;Apartments
6743;T4;892 500,00 €;198.35;Porto;Apartments
6744;T3;546 900,00 €;131.86;Porto;Apartments
6745;T3;584 700,00 €;138.49;Porto;Apartments
6746;T4;816 700,00 €;193.90;Porto;Apartments
6747;T4;899 200,00 €;200.84;Porto;Apartments
6748;T4;893 700,00 €;198.66;Porto;Apartments
6749;T4;898 200,00 €;205.32;Porto;Apartments
675;T1;310 000,00 €;80;Set??bal;Apartments
6750;T3;509 200,00 €;121.56;Porto;Apartments
6751;T3;575 900,00 €;139.49;Porto;Apartments
6753;T3;522 447,00 €;124;Porto;Apartments
6754;T2;189 000,00 €;90;Porto;Apartments
6755;T2;198 500,00 €;81;Porto;Apartments
6756;T2;152 000,00 €;76;Set??bal;Apartments
6757;T3;460 000,00 €;137;Porto;Apartments
6758;T2;209 500,00 €;66;Set??bal;Apartments
6759;T1;425 000,00 €;89;Porto;Apartments
676;T3;1 150 000,00 €;187;Lisboa;Apartments
6760;T1;280 000,00 €;52;Porto;Apartments
6761;T3;350 000,00 €;207;Lisboa;Apartments
6762;T2;420 000,00 €;170;Lisboa;Apartments
6763;T3;157 000,00 €;107.70;Set??bal;Apartments
6764;T2;198 000,00 €;92;Aveiro;Apartments
6765;T1;235 000,00 €;65;Porto;Apartments
6766;T4;1 110 000,00 €;183.75;Porto;Apartments
6767;T4;580 000,00 €;225;Porto;Apartments
6768;T2;500 000,00 €;97;Lisboa;Apartments
6769;T4;220 000,00 €;126.70;Porto;Apartments
677;T2;520 000,00 €;111;Lisboa;Apartments
6770;T3;202 500,00 €;105;Faro;Apartments
6772;T3;440 000,00 €;122;Porto;Apartments
6773;T3;450 000,00 €;128;Porto;Apartments
6774;T3;455 000,00 €;135;Porto;Apartments
6775;T3;445 000,00 €;137;Porto;Apartments
6776;T3;460 000,00 €;137;Porto;Apartments
6777;T3;435 000,00 €;137;Porto;Apartments
6778;T3;399 900,00 €;134;Porto;Apartments
6779;T3;299 000,00 €;132;Porto;Apartments
678;T3;780 000,00 €;150;Lisboa;Apartments
6780;T2;330 000,00 €;92;Porto;Apartments
6781;T3;400 000,00 €;140.30;Porto;Apartments
6782;T1;275 000,00 €;62;Porto;Apartments
6783;T3;790 000,00 €;105;Porto;Apartments
6784;T2;640 000,00 €;89;Porto;Apartments
6785;T1;389 000,00 €;65;Faro;Apartments
6786;T1;339 500,00 €;47;Lisboa;Apartments
6787;T2;280 000,00 €;54.10;Porto;Apartments
6788;T3;545 000,00 €;128.70;Porto;Apartments
6789;T2;475 000,00 €;115;Faro;Apartments
679;T3;440 000,00 €;110.77;Faro;Apartments
6790;T1;235 000,00 €;65;Porto;Apartments
6791;T1;350 000,00 €;58;Lisboa;Apartments
6792;T5;799 000,00 €;276.50;Set??bal;Apartments
6793;T2;350 000,00 €;78;Porto;Apartments
6794;T1;230 000,00 €;74;Porto;Apartments
6795;T3;1 300 000,00 €;202;Lisboa;Apartments
6796;T2;143 000,00 €;54;Faro;Apartments
6797;T2;215 000,00 €;90;Coimbra;Apartments
6798;T0;155 000,00 €;45;Porto;Apartments
6799;T1;165 000,00 €;70;Porto;Apartments
68;T2;185 900,00 €;86.95;Porto;Apartments
680;T3;360 000,00 €;116;Porto;Apartments
6800;T1;165 000,00 €;70;Porto;Apartments
6801;T1;350 000,00 €;56;Porto;Apartments
6802;T2;285 000,00 €;104;Porto;Apartments
6803;T3;515 000,00 €;117;Set??bal;Apartments
6804;T3;2 190 000,00 €;160;Lisboa;Apartments
6805;T2;750 000,00 €;108;Porto;Apartments
6807;T0;165 000,00 €;35;Porto;Apartments
6808;T1;155 000,00 €;40;Porto;Apartments
6809;T4;495 000,00 €;239;Porto;Apartments
681;T1;360 000,00 €;68;Porto;Apartments
6810;T3;235 000,00 €;90.60;Porto;Apartments
6811;T4;1 200 000,00 €;187.53;Porto;Apartments
6812;T2;495 000,00 €;115;Porto;Apartments
6813;T5;655 000,00 €;240;Porto;Apartments
6814;T3;295 000,00 €;91;Lisboa;Apartments
6815;T3;289 000,00 €;106;Aveiro;Apartments
6816;T3;290 000,00 €;140;Leiria;Apartments
6817;T1;155 000,00 €;40;Porto;Apartments
6818;T3;399 900,00 €;80;Lisboa;Apartments
6819;T3;429 900,00 €;72;Lisboa;Apartments
682;T4;395 000,00 €;170;Porto;Apartments
6820;T3;450 000,00 €;85.50;Lisboa;Apartments
6821;T2;850 000,00 €;90;Lisboa;Apartments
6822;T3;159 000,00 €;120;Vila Real;Apartments
6823;T1;204 000,00 €;64;Set??bal;Apartments
6824;T2;350 000,00 €;95;Lisboa;Apartments
6825;T3;270 000,00 €;150;Porto;Apartments
6826;T2;179 500,00 €;100;Braga;Apartments
6827;T3;1 500 000,00 €;112;Lisboa;Apartments
6828;T2;186 000,00 €;98;Porto;Apartments
6829;T0;395 000,00 €;68;Lisboa;Apartments
683;T3;284 780,00 €;88;Porto;Apartments
6830;T4;2 680 000,00 €;228;Lisboa;Apartments
6831;T2;375 000,00 €;77;Lisboa;Apartments
6832;T3;305 000,00 €;160;Porto;Apartments
6833;T3;670 000,00 €;125;Lisboa;Apartments
6834;T3;255 000,00 €;125;Braga;Apartments
6836;T2;354 025,00 €;101;Aveiro;Apartments
6837;T2;257 950,00 €;74;Aveiro;Apartments
6838;T2;279 900,00 €;60;Set??bal;Apartments
6839;T1;103 000,00 €;69.75;Braga;Apartments
684;T1;185 000,00 €;63;Faro;Apartments
6840;T5;339 000,00 €;198;Porto;Apartments
6841;T4;2 350 000,00 €;213;Lisboa;Apartments
6842;T2;720 000,00 €;122.80;Lisboa;Apartments
6843;T1;520 000,00 €;80.90;Lisboa;Apartments
6844;T2;700 000,00 €;107.90;Lisboa;Apartments
6845;T2;650 000,00 €;101.60;Lisboa;Apartments
6846;T3;1 200 000,00 €;207.80;Lisboa;Apartments
6847;T2;235 000,00 €;105;Porto;Apartments
6848;T4;1 200 000,00 €;182;Porto;Apartments
6849;T3;310 000,00 €;130.28;Set??bal;Apartments
685;T1;182 500,00 €;63;Faro;Apartments
6851;T3;895 000,00 €;169;Lisboa;Apartments
6852;T1;159 000,00 €;63;Aveiro;Apartments
6853;T2;275 000,00 €;99.22;Porto;Apartments
6854;T1;185 000,00 €;83;Lisboa;Apartments
6855;T1;275 000,00 €;63;Porto;Apartments
6856;T3;325 000,00 €;153;Set??bal;Apartments
6857;T2;475 000,00 €;120;Set??bal;Apartments
6858;T3;235 000,00 €;135;Aveiro;Apartments
6859;T3;115 000,00 €;106;Coimbra;Apartments
686;T3;160 000,00 €;155.70;Aveiro;Apartments
6860;T2;285 000,00 €;94.30;Faro;Apartments
6861;T3;990 000,00 €;149.34;Lisboa;Apartments
6862;T3;995 000,00 €;153;Lisboa;Apartments
6864;T2;780 000,00 €;109;Lisboa;Apartments
6865;T4;1 420 000,00 €;200;Lisboa;Apartments
6866;T2;310 000,00 €;70;Porto;Apartments
6867;T3;1 080 000,00 €;128;Lisboa;Apartments
6868;T2;750 000,00 €;156.70;Porto;Apartments
6869;T1;230 000,00 €;60.63;Porto;Apartments
687;T3;273 000,00 €;103.77;Porto;Apartments
6870;T2;215 000,00 €;95.10;Porto;Apartments
6871;T3;700 000,00 €;118.49;Aveiro;Apartments
6872;T2;349 900,00 €;51;Lisboa;Apartments
6873;T2;362 000,00 €;93.60;Set??bal;Apartments
6874;T2;395 000,00 €;89.47;Porto;Apartments
6875;T2;550 000,00 €;107.95;Faro;Apartments
6876;T4;1 310 000,00 €;220;Lisboa;Apartments
6877;T4;750 000,00 €;141;Lisboa;Apartments
6878;T1;170 000,00 €;74.65;Castelo Branco;Apartments
6879;T3;249 000,00 €;120;Porto;Apartments
688;T2;227 000,00 €;81.04;Porto;Apartments
6880;T3;305 000,00 €;159;Porto;Apartments
6881;T3;180 000,00 €;102;Santar?©m;Apartments
6882;T2;279 000,00 €;83.03;Aveiro;Apartments
6883;T2;270 000,00 €;104;Porto;Apartments
6884;T1;185 000,00 €;128;Santar?©m;Apartments
6885;T3;425 000,00 €;117;Porto;Apartments
6886;T4;750 000,00 €;141;Lisboa;Apartments
6887;T1;430 000,00 €;66;Porto;Apartments
6888;T4;3 950 000,00 €;245;Lisboa;Apartments
6889;T3;297 000,00 €;112;Porto;Apartments
689;T1;199 500,00 €;59;Faro;Apartments
6890;T4;2 828 364,00 €;238;Porto;Apartments
6891;T4;2 474 027,00 €;238;Porto;Apartments
6892;T2;210 000,00 €;87.40;Leiria;Apartments
6893;T2;480 000,00 €;121;Ilha da Madeira;Apartments
6894;T3;650 000,00 €;175;Ilha da Madeira;Apartments
6896;T4;550 000,00 €;222;Porto;Apartments
6897;T2;310 000,00 €;70;Porto;Apartments
6898;T4;265 000,00 €;78;Faro;Apartments
6899;T2;265 000,00 €;118;Lisboa;Apartments
69;T2;184 900,00 €;86.95;Porto;Apartments
690;T2;195 000,00 €;81.82;Porto;Apartments
6900;T3;376 000,00 €;129;Porto;Apartments
6901;T2;175 000,00 €;98;Porto;Apartments
6902;T1;295 000,00 €;43;Lisboa;Apartments
6903;T1;205 000,00 €;60;Porto;Apartments
6904;T3;370 000,00 €;195;Aveiro;Apartments
6905;T2;299 900,00 €;51;Lisboa;Apartments
6906;T1;197 500,00 €;87;Lisboa;Apartments
6907;T2;120 000,00 €;78;Beja;Apartments
6908;T3;165 000,00 €;113;Aveiro;Apartments
6909;T3;285 000,00 €;103.50;Porto;Apartments
691;T3;588 300,00 €;148.81;Faro;Apartments
6910;T3;450 000,00 €;163;Porto;Apartments
6911;T3;225 000,00 €;144;Aveiro;Apartments
6912;T3;440 000,00 €;163;Porto;Apartments
6913;T3;575 000,00 €;113;Lisboa;Apartments
6914;T3;235 000,00 €;120;Porto;Apartments
6916;T3;248 000,00 €;91;Porto;Apartments
6917;T3;385 000,00 €;159;Set??bal;Apartments
6918;T3;335 000,00 €;107;Set??bal;Apartments
6919;T4;1 844 242,00 €;227;Porto;Apartments
692;T3;583 000,00 €;146.12;Faro;Apartments
6920;T3;450 000,00 €;167;Porto;Apartments
6921;T2;2 330 000,00 €;134;Lisboa;Apartments
6923;T3;435 000,00 €;161;Porto;Apartments
6924;T3;420 000,00 €;152;Porto;Apartments
6925;T2;340 000,00 €;160;Aveiro;Apartments
6926;T1;230 000,00 €;52;Set??bal;Apartments
6927;T3;587 500,00 €;122.15;Faro;Apartments
6928;T3;575 000,00 €;120;Lisboa;Apartments
6929;T3;159 500,00 €;86;Leiria;Apartments
693;T3;238 000,00 €;100;Set??bal;Apartments
6930;T1;577 500,00 €;59;Lisboa;Apartments
6931;T2;425 000,00 €;91.50;Porto;Apartments
6932;T3;613 949,00 €;136;Porto;Apartments
6933;T3;975 000,00 €;109;Porto;Apartments
6934;T3;825 000,00 €;128;Porto;Apartments
6935;T2;157 000,00 €;60;Set??bal;Apartments
6936;T2; Pre?ßosobconsulta ;106.80;Porto;Apartments
6937;T2;250 000,00 €;67.60;Lisboa;Apartments
6939;T2;190 000,00 €;98;Porto;Apartments
694;T3;259 500,00 €;107;Porto;Apartments
6940;T3;422 000,00 €;139.19;Lisboa;Apartments
6941;T2;450 000,00 €;91.50;Porto;Apartments
6942;T3;750 000,00 €;128;Porto;Apartments
6943;T2;232 000,00 €;103;Set??bal;Apartments
6944;T3;570 264,00 €;117;Porto;Apartments
6945;T3;950 000,00 €;107.60;Porto;Apartments
6946;T3;725 000,00 €;124.50;Porto;Apartments
6947;T3;119 000,00 €;104.50;Santar?©m;Apartments
6948;T2;225 000,00 €;82.42;Lisboa;Apartments
6949;T2;268 000,00 €;62;Porto;Apartments
695;T3;310 500,00 €;85;Set??bal;Apartments
6950;T3;157 500,00 €;102;Viana do Castelo;Apartments
6951;T5;770 000,00 €;185;Lisboa;Apartments
6952;T3;345 000,00 €;72;Lisboa;Apartments
6953;T2;280 000,00 €;149;Porto;Apartments
6954;T2;269 500,00 €;76;Leiria;Apartments
6955;T2;585 000,00 €;70;Lisboa;Apartments
6956;T1;289 900,00 €;47;Lisboa;Apartments
6957;T1;240 000,00 €;83;Porto;Apartments
6958;T4;555 000,00 €;153;Porto;Apartments
6959;T4;199 900,00 €;124;Leiria;Apartments
696;T3;400 000,00 €;117;Porto;Apartments
6960;T2;395 000,00 €;116;Lisboa;Apartments
6961;T1;159 000,00 €;52;Porto;Apartments
6962;T6;3 400 000,00 €;421;Lisboa;Apartments
6963;T2;269 000,00 €;117.50;Lisboa;Apartments
6964;T1;450 000,00 €;68;Lisboa;Apartments
6965;T3;720 000,00 €;125;Lisboa;Apartments
6966;T2;750 000,00 €;108;Porto;Apartments
6968;T2;290 000,00 €;81.70;Faro;Apartments
6969;T2;350 000,00 €;130.20;Porto;Apartments
697;T3;550 000,00 €;130.81;Faro;Apartments
6970;T3;825 000,00 €;147.20;Lisboa;Apartments
6971;T3;640 000,00 €;212;Lisboa;Apartments
6972;T0;190 000,00 €;35;Porto;Apartments
6973;T3;177 500,00 €;90;Porto;Apartments
6974;T3;450 000,00 €;70;Porto;Apartments
6976;T4;1 450 000,00 €;227;Porto;Apartments
6977;T3;590 000,00 €;211.05;Aveiro;Apartments
6978;T1;225 000,00 €;61.90;Aveiro;Apartments
6979;T1;210 000,00 €;94.35;Aveiro;Apartments
698;T2;250 000,00 €;70;Faro;Apartments
6980;T1;195 000,00 €;65.38;Aveiro;Apartments
6981;T3;556 096,00 €;124;Porto;Apartments
6982;T2;169 900,00 €;83.50;Porto;Apartments
6983;T1;148 900,00 €;65.65;Porto;Apartments
6984;T3;650 000,00 €;124.50;Porto;Apartments
6985;T1;138 900,00 €;62.40;Porto;Apartments
6986;T3;570 267,00 €;134;Porto;Apartments
6987;T2;410 000,00 €;88.12;Porto;Apartments
6988;T2;420 000,00 €;88.12;Porto;Apartments
6989;T4;1 260 000,00 €;190.68;Porto;Apartments
699;T4;392 000,00 €;171;Porto;Apartments
6990;T3;135 000,00 €;101;Leiria;Apartments
6991;T3;510 000,00 €;88;Lisboa;Apartments
6992;T3;475 000,00 €;78;Lisboa;Apartments
6993;T2;395 000,00 €;60;Lisboa;Apartments
6994;T3;445 000,00 €;78;Lisboa;Apartments
6995;T2;290 000,00 €;75.35;Aveiro;Apartments
6996;T3;690 000,00 €;237.95;Aveiro;Apartments
6997;T3;507 688,00 €;124;Porto;Apartments
6998;T2;445 000,00 €;88;Porto;Apartments
6999;T3;590 335,00 €;136;Porto;Apartments
7;T3;235 000,00 €;95;Porto;Apartments
70;T2;183 900,00 €;86.95;Porto;Apartments
700;T3;349 000,00 €;120;Set??bal;Apartments
7000;T3;975 000,00 €;128;Porto;Apartments
7001;T3;1 200 000,00 €;142;Lisboa;Apartments
7002;T4;250 000,00 €;70;Leiria;Apartments
7003;T0;160 000,00 €;58;Porto;Apartments
7004;T1;289 900,00 €;45;Lisboa;Apartments
7005;T2;355 000,00 €;74;Lisboa;Apartments
7006;T2;408 512,00 €;106;Porto;Apartments
7007;T1;205 000,00 €;53.95;Aveiro;Apartments
7008;T3;167 500,00 €;100;Porto;Apartments
7009;T3;230 000,00 €;132;Porto;Apartments
701;T2;195 000,00 €;109;Porto;Apartments
7010;T2;171 000,00 €;81;Porto;Apartments
7011;T2;220 000,00 €;89;Porto;Apartments
7012;T3;925 000,00 €;128;Porto;Apartments
7013;T3;675 000,00 €;128;Porto;Apartments
7014;T3;775 000,00 €;128;Porto;Apartments
7015;T2;360 000,00 €;90;Porto;Apartments
7016;T3;540 000,00 €;125.86;Porto;Apartments
7017;T3;620 000,00 €;147.64;Porto;Apartments
7018;T3;570 000,00 €;140.44;Porto;Apartments
7019;T3;480 000,00 €;128.31;Porto;Apartments
702;T2;195 000,00 €;89.82;Ilha da Madeira;Apartments
7020;T2;400 000,00 €;90;Porto;Apartments
7021;T3;525 000,00 €;127.48;Porto;Apartments
7022;T3;505 000,00 €;125.87;Porto;Apartments
7023;T2;750 000,00 €;108;Porto;Apartments
7024;T3;425 000,00 €;120;Coimbra;Apartments
7025;T4;530 000,00 €;184;Coimbra;Apartments
7026;T3;410 000,00 €;126;Coimbra;Apartments
7027;T4;510 000,00 €;175;Coimbra;Apartments
7028;T3;395 000,00 €;132.13;Coimbra;Apartments
7029;T3;375 000,00 €;126.70;Porto;Apartments
703;T2;269 000,00 €;64.30;Porto;Apartments
7030;T3;376 000,00 €;129;Porto;Apartments
7031;T3;662 356,00 €;152;Porto;Apartments
7032;T3;690 692,00 €;167;Porto;Apartments
7033;T2;368 369,00 €;95;Porto;Apartments
704;T2;138 000,00 €;88;Aveiro;Apartments
7049;T2;495 000,00 €;60;Lisboa;Apartments
705;T3;149 000,00 €;95;Santar?©m;Apartments
7050;T3;595 000,00 €;80;Lisboa;Apartments
7051;T2;750 000,00 €;108;Porto;Apartments
7052;T3;298 000,00 €;162.05;Porto;Apartments
7053;T2;310 900,00 €;96;Porto;Apartments
7054;T2;307 900,00 €;96;Porto;Apartments
7055;T2;308 900,00 €;96;Porto;Apartments
7056;T2;191 900,00 €;87.80;Porto;Apartments
7057;T2;190 900,00 €;87.80;Porto;Apartments
7058;T2;189 900,00 €;87.80;Porto;Apartments
7059;T2;184 900,00 €;86.95;Porto;Apartments
706;T1;250 000,00 €;45;Porto;Apartments
7060;T2;185 900,00 €;86.95;Porto;Apartments
7061;T2;192 900,00 €;88.30;Porto;Apartments
7062;T2;183 900,00 €;86.95;Porto;Apartments
7063;T2;191 900,00 €;88.30;Porto;Apartments
7064;T2;184 900,00 €;86.95;Porto;Apartments
7065;T2;192 900,00 €;88.30;Porto;Apartments
7066;T2;185 900,00 €;86.95;Porto;Apartments
7067;T2;219 900,00 €;85;Porto;Apartments
7068;T2;183 900,00 €;86.95;Porto;Apartments
7069;T2;191 900,00 €;88.30;Porto;Apartments
707;T3;130 000,00 €;113;?âvora;Apartments
7070;T2;186 900,00 €;88.10;Porto;Apartments
7071;T2;187 900,00 €;88.10;Porto;Apartments
7072;T3;290 900,00 €;143.80;Porto;Apartments
7073;T3;280 900,00 €;114.70;Porto;Apartments
7074;T2;189 900,00 €;96.20;Porto;Apartments
7075;T1;620 000,00 €;74;Lisboa;Apartments
7076;T2;770 000,00 €;91.49;Lisboa;Apartments
7077;T0;169 500,00 €;46;Porto;Apartments
7078;T1;285 000,00 €;55;Porto;Apartments
7079;T2;408 512,00 €;106;Porto;Apartments
708;T2;365 000,00 €;96;Porto;Apartments
7080;T3;689 512,00 €;167;Porto;Apartments
7081;T3;595 058,00 €;137;Porto;Apartments
7082;T3;632 839,00 €;152;Porto;Apartments
7083;T2;521 856,00 €;128;Porto;Apartments
7084;T3;260 000,00 €;139;Lisboa;Apartments
7085;T3;368 000,00 €;139;Faro;Apartments
7086;T4;695 000,00 €;140;Lisboa;Apartments
7087;T1;117 500,00 €;42.50;Lisboa;Apartments
7088;T3;380 000,00 €;106.62;Set??bal;Apartments
7089;T3;1 600 000,00 €;150;Lisboa;Apartments
709;T1;242 000,00 €;66;Lisboa;Apartments
7090;T3;230 000,00 €;123;Braga;Apartments
7091;T3;230 000,00 €;123;Braga;Apartments
7092;T2;795 000,00 €;92;Lisboa;Apartments
7093;T1;510 000,00 €;67.10;Lisboa;Apartments
7094;T1;495 000,00 €;63.19;Lisboa;Apartments
7095;T3;340 000,00 €;153;Porto;Apartments
7096;T4;1 960 000,00 €;189;Lisboa;Apartments
7097;T0;375 000,00 €;45.10;Lisboa;Apartments
7098;T2;750 000,00 €;91.70;Lisboa;Apartments
7099;T2;850 000,00 €;89.52;Lisboa;Apartments
71;T2;192 900,00 €;88.30;Porto;Apartments
710;T3;284 780,00 €;87.05;Porto;Apartments
7100;T3;1 100 000,00 €;203;Porto;Apartments
7101;T2;650 000,00 €;133;Lisboa;Apartments
7103;T3;925 000,00 €;139.71;Lisboa;Apartments
7104;T3;1 580 000,00 €;155;Lisboa;Apartments
7105;T3;850 000,00 €;141;Lisboa;Apartments
7106;T2;900 000,00 €;97;Lisboa;Apartments
7107;T2;375 000,00 €;86;Lisboa;Apartments
7108;T2;750 000,00 €;153;Lisboa;Apartments
7109;T1;530 000,00 €;53;Lisboa;Apartments
711;T3;225 000,00 €;100.80;Lisboa;Apartments
7110;T3;1 400 000,00 €;177.10;Lisboa;Apartments
7111;T4;1 100 000,00 €;190.60;Lisboa;Apartments
7112;T3;369 000,00 €;87;Lisboa;Apartments
7113;T2;200 000,00 €;102;Porto;Apartments
7114;T3;300 000,00 €;99.64;Set??bal;Apartments
7115;T2;250 000,00 €;76;Porto;Apartments
7116;T2;335 000,00 €;109;Porto;Apartments
7117;T3;315 000,00 €;99.64;Set??bal;Apartments
7118;T1;330 000,00 €;66.40;Porto;Apartments
7119;T3;368 000,00 €;98.30;Leiria;Apartments
7120;T2;430 000,00 €;93;Porto;Apartments
7121;T2;2 330 000,00 €;133.90;Lisboa;Apartments
7122;T2;120 000,00 €;77;Aveiro;Apartments
7123;T1;508 250,00 €;67;Porto;Apartments
7124;T2;260 000,00 €;80;Faro;Apartments
7125;T2;282 500,00 €;99;Lisboa;Apartments
7126;T1;257 500,00 €;59;Aveiro;Apartments
7127;T1;257 500,00 €;63.87;Aveiro;Apartments
7129;T2;550 000,00 €;96;Lisboa;Apartments
713;T1;240 000,00 €;56;Aveiro;Apartments
7130;T4;970 000,00 €;138;Lisboa;Apartments
7131;T3;309 500,00 €;95;Set??bal;Apartments
7132;T3;675 000,00 €;129.60;Lisboa;Apartments
7133;T1;415 500,00 €;60;Lisboa;Apartments
7134;T3;390 000,00 €;190;Set??bal;Apartments
7135;T2;380 000,00 €;177;Set??bal;Apartments
7136;T2;248 000,00 €;78;Set??bal;Apartments
7137;T3;195 000,00 €;96.70;Set??bal;Apartments
7138;T2;820 000,00 €;114;Ilha da Madeira;Apartments
7139;T0;119 900,00 €;41;Porto;Apartments
714;T2;395 000,00 €;104;Aveiro;Apartments
7140;T2;700 000,00 €;128;Ilha da Madeira;Apartments
7141;T3;750 000,00 €;150;Ilha da Madeira;Apartments
7142;T1;235 000,00 €;61;Porto;Apartments
7143;T0;225 000,00 €;30;Porto;Apartments
7144;T2;500 000,00 €;114;Ilha da Madeira;Apartments
7145;T2;650 000,00 €;165;Ilha da Madeira;Apartments
7146;T2;550 000,00 €;120;Ilha da Madeira;Apartments
7147;T2;600 000,00 €;165;Ilha da Madeira;Apartments
7148;T0;169 000,00 €;31;Porto;Apartments
7149;T3;245 000,00 €;110;Braga;Apartments
715;T1;250 000,00 €;61;Aveiro;Apartments
7150;T3;320 000,00 €;133;Porto;Apartments
7151;T2;550 000,00 €;157;Ilha da Madeira;Apartments
7152;T2;290 000,00 €;94;Porto;Apartments
7153;T3;595 000,00 €;94.80;Lisboa;Apartments
7154;T2;480 000,00 €;120;Ilha da Madeira;Apartments
7155;T4;1 184 500,00 €;147.24;Set??bal;Apartments
7156;T3;213 000,00 €;110;Porto;Apartments
7157;T2;545 900,00 €;66.74;Set??bal;Apartments
7158;T3;978 500,00 €;106.31;Set??bal;Apartments
7159;T3;330 000,00 €;124;Set??bal;Apartments
716;T2;390 000,00 €;99;Aveiro;Apartments
7160;T3;1 130 000,00 €;142;Lisboa;Apartments
7161;T4;1 490 000,00 €;192;Lisboa;Apartments
7162;T2;795 000,00 €;103;Lisboa;Apartments
7163;T2;800 000,00 €;100;Lisboa;Apartments
7164;T3;1 200 000,00 €;151;Lisboa;Apartments
7165;T3;1 170 000,00 €;142;Lisboa;Apartments
7166;T4;1 420 000,00 €;192;Lisboa;Apartments
7167;T2;785 000,00 €;103;Lisboa;Apartments
7168;T2;790 000,00 €;103;Lisboa;Apartments
7169;T2;810 000,00 €;112;Lisboa;Apartments
717;T2;345 000,00 €;97;Aveiro;Apartments
7170;T2;850 000,00 €;123;Lisboa;Apartments
7171;T1;500 000,00 €;79;Lisboa;Apartments
7172;T2;815 000,00 €;107;Lisboa;Apartments
7173;T3;1 800 000,00 €;188;Lisboa;Apartments
7174;T3;300 000,00 €;143;Faro;Apartments
7175;T5;895 000,00 €;292;Porto;Apartments
7176;T1;669 500,00 €;65.07;Set??bal;Apartments
7177;T2;260 000,00 €;118;Lisboa;Apartments
7178;T2;260 000,00 €;121;Lisboa;Apartments
7179;T2;255 000,00 €;118;Leiria;Apartments
718;T2;365 000,00 €;95;Aveiro;Apartments
7180;T2;275 000,00 €;144;Lisboa;Apartments
7181;T1;195 000,00 €;65;Porto;Apartments
7182;T3;400 000,00 €;148;Porto;Apartments
7183;T1;285 000,00 €;81;Porto;Apartments
7184;T1;320 000,00 €;59;Porto;Apartments
7185;T3;237 000,00 €;104;Porto;Apartments
7186;T3;400 000,00 €;122;Porto;Apartments
7187;T4;395 000,00 €;111.06;Lisboa;Apartments
7188;T3;300 000,00 €;106.62;Set??bal;Apartments
719;T2;375 000,00 €;99;Aveiro;Apartments
7190;T1;424 600,00 €;72;Lisboa;Apartments
7191;T4;780 000,00 €;184;Porto;Apartments
7192;T1;260 000,00 €;46;Porto;Apartments
7193;T3;279 500,00 €;63;Porto;Apartments
7194;T3;440 000,00 €;117;Ilha da Madeira;Apartments
7195;T3;279 500,00 €;58.50;Porto;Apartments
7196;T3;280 000,00 €;106;Viana do Castelo;Apartments
7197;T2;235 000,00 €;78;Viana do Castelo;Apartments
7198;T2;390 000,00 €;68;Lisboa;Apartments
7199;T2;525 000,00 €;80;Lisboa;Apartments
72;T3;278 000,00 €;122.50;Braga;Apartments
720;T2;365 000,00 €;97;Aveiro;Apartments
7200;T2;235 000,00 €;83.35;Viana do Castelo;Apartments
7202;T1;185 000,00 €;54;Faro;Apartments
7203;T1;560 000,00 €;60;Lisboa;Apartments
7204;T1;319 000,00 €;49;Set??bal;Apartments
7205;T1;550 000,00 €;56;Lisboa;Apartments
7206;T1;339 000,00 €;68;Lisboa;Apartments
7207;T1;550 000,00 €;55;Lisboa;Apartments
7208;T4;399 000,00 €;185;Coimbra;Apartments
7209;T3;192 000,00 €;103;Set??bal;Apartments
721;T2;425 000,00 €;104;Aveiro;Apartments
7210;T2;399 900,00 €;60;Lisboa;Apartments
7211;T1;185 000,00 €;80;Lisboa;Apartments
7212;T1;261 000,00 €;71.30;Porto;Apartments
7213;T2;985 000,00 €;116;Lisboa;Apartments
7214;T1;215 000,00 €;46;Porto;Apartments
7215;T2;495 000,00 €;73;Faro;Apartments
7216;T2;176 000,00 €;99;Aveiro;Apartments
7217;T3;400 000,00 €;148;Porto;Apartments
7218;T0;175 000,00 €;35.60;Porto;Apartments
7219;T3;249 000,00 €;85;Porto;Apartments
722;T2;375 000,00 €;95;Aveiro;Apartments
7220;T2;179 000,00 €;77;Porto;Apartments
7221;T2;160 000,00 €;78;Lisboa;Apartments
7222;T2;259 000,00 €;104;Ilha da Madeira;Apartments
7223;T0;200 000,00 €;49.50;Porto;Apartments
7224;T3;265 000,00 €;66;Porto;Apartments
7227;T4;899 000,00 €;134.95;Lisboa;Apartments
7228;T3;425 000,00 €;205;Faro;Apartments
7229;T3;139 000,00 €;120;Leiria;Apartments
723;T2;305 000,00 €;95;Aveiro;Apartments
7230;T1;205 000,00 €;66;Porto;Apartments
7231;T3;635 000,00 €;174;Porto;Apartments
7232;T1;261 000,00 €;71.30;Porto;Apartments
7233;T3;995 000,00 €;148;Lisboa;Apartments
7234;T2;415 000,00 €;99.13;Set??bal;Apartments
7235;T3;1 000 000,00 €;169.27;Porto;Apartments
7236;T3;225 000,00 €;80;Lisboa;Apartments
7237;T3;215 000,00 €;134;Santar?©m;Apartments
7238;T1;110 000,00 €;79;Beja;Apartments
7239;T2;750 000,00 €;101;Lisboa;Apartments
724;T2;390 000,00 €;97;Aveiro;Apartments
7240;T2;270 000,00 €;103;Set??bal;Apartments
7241;T2;225 000,00 €;69.40;Set??bal;Apartments
7242;T2;275 000,00 €;85;Leiria;Apartments
7243;T3;398 000,00 €;135;Set??bal;Apartments
7244;T2;149 000,00 €;96.80;Porto;Apartments
7245;T3;298 000,00 €;106;Porto;Apartments
7246;T2;200 000,00 €;78.30;Porto;Apartments
7247;T2;249 900,00 €;81;Aveiro;Apartments
7248;T1;259 000,00 €;72.20;Porto;Apartments
7249;T4;265 000,00 €;136;Porto;Apartments
725;T3;330 000,00 €;89.80;Viana do Castelo;Apartments
7250;T4;478 000,00 €;269;Set??bal;Apartments
7251;T4;2 700 000,00 €;107;Lisboa;Apartments
7252;T3;750 000,00 €;107.93;Lisboa;Apartments
7253;T2;185 900,00 €;86;Porto;Apartments
7254;T1;310 000,00 €;60;Porto;Apartments
7255;T3;375 000,00 €;97.80;Lisboa;Apartments
7256;T2;156 000,00 €;101;Porto;Apartments
7257;T3;560 000,00 €;125;Aveiro;Apartments
7258;T1;220 000,00 €;52;Aveiro;Apartments
7259;T2;192 000,00 €;80.28;Viana do Castelo;Apartments
726;T2;312 000,00 €;78;Porto;Apartments
7260;T1;355 000,00 €;90.40;Lisboa;Apartments
7261;T4;510 000,00 €;215;Porto;Apartments
7262;T3;278 000,00 €;136.90;Braga;Apartments
7263;T1;330 000,00 €;66.40;Porto;Apartments
7264;T3;365 000,00 €;125;Set??bal;Apartments
7265;T2;760 000,00 €;97;Lisboa;Apartments
7266;T3;570 000,00 €;74.63;Lisboa;Apartments
7267;T2;425 000,00 €;98;Faro;Apartments
7268;T3;164 900,00 €;170;Santar?©m;Apartments
7269;T1;120 000,00 €;66;Coimbra;Apartments
7270;T1;150 000,00 €;63;Coimbra;Apartments
7271;T3;320 000,00 €;138;Porto;Apartments
7272;T2;189 500,00 €;71;Lisboa;Apartments
7273;T4;1 085 700,00 €;138.90;Lisboa;Apartments
7274;T3;1 350 000,00 €;198.20;Lisboa;Apartments
7275;T4;970 000,00 €;138.50;Lisboa;Apartments
7276;T4;911 000,00 €;138.50;Lisboa;Apartments
7277;T2;368 000,00 €;92.70;Faro;Apartments
7278;T3;2 190 000,00 €;160;Lisboa;Apartments
7279;T2;189 000,00 €;160;Set??bal;Apartments
728;T3;1 080 000,00 €;167.98;Faro;Apartments
7280;T2;189 500,00 €;58;Lisboa;Apartments
7281;T2;249 900,00 €;80;Porto;Apartments
7282;T2;219 900,00 €;79;Porto;Apartments
7283;T2;249 900,00 €;82.20;Porto;Apartments
7284;T2;214 900,00 €;82.20;Porto;Apartments
7285;T2;234 900,00 €;85.70;Porto;Apartments
7286;T2;249 900,00 €;87.90;Porto;Apartments
7287;T2;245 900,00 €;77.90;Porto;Apartments
7288;T2;250 900,00 €;84.50;Porto;Apartments
7289;T2;250 900,00 €;82;Porto;Apartments
729;T2;950 000,00 €;142.68;Faro;Apartments
7290;T2;239 900,00 €;84.90;Porto;Apartments
7291;T2;259 900,00 €;88.50;Porto;Apartments
7292;T2;219 900,00 €;82.60;Porto;Apartments
7293;T2;245 900,00 €;88.50;Porto;Apartments
7294;T2;234 900,00 €;84.90;Porto;Apartments
7295;T2;223 900,00 €;81;Porto;Apartments
7296;T2;218 900,00 €;82.60;Porto;Apartments
7297;T2;215 900,00 €;82.80;Porto;Apartments
7298;T2;199 900,00 €;80;Porto;Apartments
7299;T2;249 900,00 €;84.80;Porto;Apartments
73;T3;235 000,00 €;141;Aveiro;Apartments
730;T3;169 900,00 €;120;Apartamento para comprar: Castelo Branco;Apartments
7300;T2;215 900,00 €;82.20;Porto;Apartments
7301;T2;249 900,00 €;88.50;Porto;Apartments
7302;T2;249 900,00 €;87.90;Porto;Apartments
7303;T2;235 900,00 €;85.70;Porto;Apartments
7304;T1;189 900,00 €;61;Porto;Apartments
7305;T2;255 900,00 €;87.90;Porto;Apartments
7306;T2;239 900,00 €;85.70;Porto;Apartments
7307;T1;214 900,00 €;82.80;Porto;Apartments
7308;T2;234 900,00 €;85;Porto;Apartments
7309;T3;590 000,00 €;172;Set??bal;Apartments
731;T2;200 000,00 €;78.30;Porto;Apartments
7311;T2;475 000,00 €;112;Porto;Apartments
7312;T3;560 000,00 €;123;Lisboa;Apartments
7313;T2;470 000,00 €;110;Lisboa;Apartments
7314;T1;399 000,00 €;49;Lisboa;Apartments
7315;T3;249 000,00 €;120;Porto;Apartments
7316;T2;279 000,00 €;61;Lisboa;Apartments
7318;T2;199 900,00 €;100;Lisboa;Apartments
732;T3;360 000,00 €;141;Braga;Apartments
7320;T2;495 000,00 €;77;Lisboa;Apartments
7321;T3;262 000,00 €;126;Porto;Apartments
7322;T3;595 000,00 €;95;Lisboa;Apartments
7323;T2; Pre?ßosobconsulta ;100.80;Porto;Apartments
7324;T2;495 000,00 €;62;Lisboa;Apartments
7325;T4;495 000,00 €;137;Set??bal;Apartments
7326;T2;273 000,00 €;96;Aveiro;Apartments
7327;T4;895 000,00 €;171.75;Lisboa;Apartments
7328;T3;278 000,00 €;129;Braga;Apartments
7329;T3;995 000,00 €;148;Lisboa;Apartments
733;T2;249 900,00 €;70;Porto;Apartments
7330;T3;845 000,00 €;195;Porto;Apartments
7331;T2;225 000,00 €;74;Set??bal;Apartments
7332;T3;270 000,00 €;100;Leiria;Apartments
7333;T3;720 000,00 €;150;Lisboa;Apartments
7334;T2;495 000,00 €;68;Lisboa;Apartments
7335;T3;595 000,00 €;94;Lisboa;Apartments
7336;T3;235 000,00 €;92.70;Leiria;Apartments
7337;T3;299 000,00 €;108;Porto;Apartments
7339;T2;189 500,00 €;65.50;Lisboa;Apartments
734;T2;162 500,00 €;66;Porto;Apartments
7340;T4;739 990,00 €;179;Lisboa;Apartments
7341;T2;785 000,00 €;100;Lisboa;Apartments
7342;T2;282 000,00 €;119.06;Porto;Apartments
7343;T3;400 000,00 €;148;Porto;Apartments
7344;T3;397 500,00 €;108.35;Porto;Apartments
7345;T2;345 000,00 €;138;Braga;Apartments
7346;T3;1 600 000,00 €;160;Lisboa;Apartments
7347;T3;420 000,00 €;128.10;Braga;Apartments
7348;T2;295 000,00 €;98.90;Braga;Apartments
7349;T1;199 000,00 €;52.40;Braga;Apartments
735;T4;410 000,00 €;154.51;Set??bal;Apartments
7350;T3;860 000,00 €;207;Porto;Apartments
7351;T2;320 000,00 €;105;Aveiro;Apartments
7352;T2;590 000,00 €;166;Porto;Apartments
7353;T1;245 000,00 €;59;Porto;Apartments
7354;T1;464 673,00 €;76;Lisboa;Apartments
7355;T2;355 000,00 €;83;Porto;Apartments
7356;T1;342 900,00 €;76;Porto;Apartments
7357;T1;261 000,00 €;71.30;Porto;Apartments
7358;T1;150 000,00 €;52;Porto;Apartments
7359;T1;342 900,00 €;76;Porto;Apartments
736;T2;162 500,00 €;66.78;Porto;Apartments
7360;T3;265 000,00 €;66;Porto;Apartments
7361;T3;440 000,00 €;121.45;Aveiro;Apartments
7363;T2;725 000,00 €;113;Lisboa;Apartments
7364;T2;895 000,00 €;154;Lisboa;Apartments
7365;T3;535 000,00 €;77.88;Faro;Apartments
7366;T2;187 500,00 €;92;Porto;Apartments
7368;T3;650 000,00 €;114;Porto;Apartments
7369;T2;350 000,00 €;74;Lisboa;Apartments
737;T3;198 000,00 €;115;Set??bal;Apartments
7370;T1;339 500,00 €;50;Lisboa;Apartments
7371;T4;700 000,00 €;160;Porto;Apartments
7372;T3;600 000,00 €;170.20;Aveiro;Apartments
7373;T2;375 000,00 €;117;Porto;Apartments
7374;T3;235 000,00 €;72;Lisboa;Apartments
7375;T4;330 000,00 €;155;Set??bal;Apartments
7376;T5;595 000,00 €;269.40;Leiria;Apartments
7378;T2;249 000,00 €;124;Braga;Apartments
7379;T3;365 000,00 €;163;Leiria;Apartments
738;T2;280 000,00 €;116;Faro;Apartments
7380;T3;635 000,00 €;154.50;Porto;Apartments
7383;T3;1 750 000,00 €;164;Lisboa;Apartments
7384;T5;420 000,00 €;186;Faro;Apartments
7385;T3;580 000,00 €;132;Lisboa;Apartments
7386;T2;685 000,00 €;113;Lisboa;Apartments
7387;T1;339 500,00 €;50;Lisboa;Apartments
7388;T3;395 000,00 €;123;Coimbra;Apartments
7389;T3;810 000,00 €;126;Lisboa;Apartments
739;T3;275 000,00 €;105.50;Porto;Apartments
7390;T3;371 000,00 €;120;Porto;Apartments
7391;T3;840 000,00 €;126;Lisboa;Apartments
7392;T2;375 000,00 €;98;Porto;Apartments
7393;T1;270 000,00 €;55;Faro;Apartments
7394;T4;850 000,00 €;223.50;Porto;Apartments
7396;T2;235 000,00 €;74.33;Set??bal;Apartments
7397;T2;259 000,00 €;82;Porto;Apartments
7398;T2;509 100,00 €;110;Porto;Apartments
7399;T3;485 000,00 €;105;Porto;Apartments
74;T2;191 900,00 €;88.30;Porto;Apartments
740;T1;245 000,00 €;62;Porto;Apartments
7400;T1;339 500,00 €;55;Lisboa;Apartments
7401;T2;198 000,00 €;90;Porto;Apartments
7403;T3;450 000,00 €;88;Lisboa;Apartments
7404;T3;287 000,00 €;116;Porto;Apartments
7405;T3;290 900,00 €;111;Porto;Apartments
7406;T3;219 900,00 €;85.53;Lisboa;Apartments
7407;T4;420 000,00 €;180;Aveiro;Apartments
7408;T3;225 000,00 €;108.80;Porto;Apartments
7409;T2;595 000,00 €;112.50;Lisboa;Apartments
7410;T2;300 000,00 €;60;Lisboa;Apartments
7411;T3;370 000,00 €;161;Lisboa;Apartments
7412;T2;192 000,00 €;85;Porto;Apartments
7413;T1;380 000,00 €;54;Lisboa;Apartments
7414;T3;320 000,00 €;161;Lisboa;Apartments
7415;T2;905 000,00 €;158;Lisboa;Apartments
7416;T2;298 700,00 €;91;Porto;Apartments
7417;T2;178 000,00 €;50;Set??bal;Apartments
7418;T3;325 000,00 €;88;Lisboa;Apartments
7419;T2;195 900,00 €;63;Porto;Apartments
742;T3;300 000,00 €;97;Lisboa;Apartments
7420;T2;490 000,00 €;79;Faro;Apartments
7421;T2;275 641,00 €;79;Porto;Apartments
7422;T2;202 000,00 €;93.50;Porto;Apartments
7423;T2;210 000,00 €;109.35;Porto;Apartments
7424;T1;162 000,00 €;86.90;Porto;Apartments
7425;T1;149 000,00 €;86.90;Porto;Apartments
7426;T3;403 000,00 €;116;Porto;Apartments
7427;T2;285 900,00 €;86;Porto;Apartments
7428;T3;287 000,00 €;116;Porto;Apartments
7429;T1;297 400,00 €;60;Lisboa;Apartments
743;T4; Pre?ßosobconsulta ;315;Lisboa;Apartments
7430;T1;339 500,00 €;50;Lisboa;Apartments
7431;T3;225 000,00 €;95;Set??bal;Apartments
7432;T4;1 025 000,00 €;158.80;Porto;Apartments
7433;T1;339 500,00 €;48;Lisboa;Apartments
7434;T3;649 000,00 €;105;Faro;Apartments
7435;T4;1 025 000,00 €;158.80;Porto;Apartments
7436;T4;1 040 000,00 €;158.80;Porto;Apartments
7437;T2;240 000,00 €;101;Porto;Apartments
7438;T4;1 030 000,00 €;158.80;Porto;Apartments
7439;T4;1 040 000,00 €;158.80;Porto;Apartments
744;T2;240 000,00 €;104;Porto;Apartments
7440;T1;295 000,00 €;63;Lisboa;Apartments
7441;T4;500 000,00 €;200.04;Faro;Apartments
7442;T4;900 000,00 €;158.80;Porto;Apartments
7443;T3;345 000,00 €;112;Set??bal;Apartments
7444;T3;199 000,00 €;90;Set??bal;Apartments
7445;T3;199 000,00 €;84;Set??bal;Apartments
7446;T3;249 900,00 €;116.40;Porto;Apartments
7447;T3;239 900,00 €;112.70;Porto;Apartments
7448;T3;249 900,00 €;116.40;Porto;Apartments
7449;T3;239 900,00 €;112.70;Porto;Apartments
745;T3;565 000,00 €;103.40;Porto;Apartments
7450;T2;259 000,00 €;82;Porto;Apartments
7451;T2;365 000,00 €;112.48;Porto;Apartments
7452;T2;285 900,00 €;82.80;Porto;Apartments
7453;T2;310 900,00 €;85.50;Porto;Apartments
7454;T2;289 900,00 €;86;Porto;Apartments
7455;T2;289 900,00 €;82.80;Porto;Apartments
7456;T2;285 900,00 €;82.80;Porto;Apartments
7457;T2;290 900,00 €;82.80;Porto;Apartments
7458;T2;295 900,00 €;86;Porto;Apartments
7459;T2;290 900,00 €;86;Porto;Apartments
746;T1;160 000,00 €;72;Lisboa;Apartments
7460;T2;295 000,00 €;86;Porto;Apartments
7461;T2;299 900,00 €;85.50;Porto;Apartments
7462;T2;375 000,00 €;113.09;Porto;Apartments
7463;T2;385 000,00 €;107.28;Porto;Apartments
7464;T2;345 000,00 €;114.04;Porto;Apartments
7465;T0;172 000,00 €;35;Porto;Apartments
7466;T3;370 000,00 €;129;Porto;Apartments
7467;T2;400 680,00 €;80;Porto;Apartments
7468;T2;145 000,00 €;127;Santar?©m;Apartments
7469;T2;1 025 000,00 €;92.63;Lisboa;Apartments
747;T1;139 000,00 €;42;Porto;Apartments
7470;T4;1 900 000,00 €;271;Lisboa;Apartments
7471;T2;290 000,00 €;144;Braga;Apartments
7472;T1;188 000,00 €;49;Porto;Apartments
7473;T3;199 000,00 €;96;Set??bal;Apartments
7474;T2;185 900,00 €;86.95;Porto;Apartments
7475;T2;550 000,00 €;95;Lisboa;Apartments
7476;T3;599 500,00 €;152;Aveiro;Apartments
7477;T2;190 900,00 €;87.80;Porto;Apartments
7478;T3;315 000,00 €;80;Aveiro;Apartments
7479;T1;143 900,00 €;65.65;Porto;Apartments
748;T2;355 000,00 €;95;Porto;Apartments
7480;T0;172 000,00 €;35;Porto;Apartments
7481;T3;280 000,00 €;110;Set??bal;Apartments
7482;T2;325 000,00 €;89;Porto;Apartments
7483;T2;325 000,00 €;89;Porto;Apartments
7484;T3;650 000,00 €;130;Lisboa;Apartments
7485;T2;183 900,00 €;86.95;Porto;Apartments
7486;T2;195 000,00 €;69;Faro;Apartments
7487;T0;420 800,00 €;45.76;Set??bal;Apartments
7488;T4;1 340 000,00 €;238;Porto;Apartments
7489;T2;299 500,00 €;85;Porto;Apartments
749;T3;445 000,00 €;116;Porto;Apartments
7490;T2;189 900,00 €;96.20;Porto;Apartments
7491;T2;540 000,00 €;97.10;Lisboa;Apartments
7492;T3;700 000,00 €;126.20;Lisboa;Apartments
7493;T2;650 000,00 €;95.50;Lisboa;Apartments
7494;T2;540 000,00 €;97.90;Lisboa;Apartments
7495;T2;192 900,00 €;88.30;Porto;Apartments
7496;T2;184 900,00 €;89.50;Porto;Apartments
7497;T2;194 900,00 €;89.50;Porto;Apartments
7498;T2;185 900,00 €;88.10;Porto;Apartments
7499;T3;770 000,00 €;118;Lisboa;Apartments
75;T2;189 900,00 €;96.20;Porto;Apartments
750;T2;172 000,00 €;94;Coimbra;Apartments
7500;T2;308 900,00 €;96;Porto;Apartments
7501;T2;183 900,00 €;87;Porto;Apartments
7502;T3;290 900,00 €;111;Porto;Apartments
7503;T1;339 500,00 €;48;Lisboa;Apartments
7504;T2;193 900,00 €;89.50;Porto;Apartments
7505;T1;297 400,00 €;60;Lisboa;Apartments
7506;T2;595 000,00 €;102;Porto;Apartments
7507;T2;169 900,00 €;83.50;Porto;Apartments
7508;T5;1 490 000,00 €;252;Lisboa;Apartments
7509;T2;275 000,00 €;92;Porto;Apartments
751;T3;212 500,00 €;80;Lisboa;Apartments
7510;T4;320 000,00 €;121;Faro;Apartments
7511;T2;235 000,00 €;78.34;Faro;Apartments
7512;T2;250 000,00 €;115.15;Faro;Apartments
7513;T3;475 000,00 €;153.15;Faro;Apartments
7514;T3;375 000,00 €;96.71;Porto;Apartments
7515;T2;285 000,00 €;79.67;Porto;Apartments
7516;T3;370 000,00 €;96.71;Porto;Apartments
7517;T2;270 000,00 €;80.55;Porto;Apartments
7518;T1;220 000,00 €;58.86;Porto;Apartments
7519;T2;285 900,00 €;82;Porto;Apartments
752;T3;169 000,00 €;111;Porto;Apartments
7520;T4;1 390 000,00 €;213;Lisboa;Apartments
7521;T3;456 000,00 €;91;Lisboa;Apartments
7522;T2;273 403,00 €;81;Porto;Apartments
7523;T3;248 000,00 €;81;Lisboa;Apartments
7524;T3;265 000,00 €;123;Set??bal;Apartments
7526;T4;2 474 027,00 €;326;Porto;Apartments
7527;T2;199 900,00 €;80;Porto;Apartments
7528;T2;219 900,00 €;88;Porto;Apartments
7529;T3;650 000,00 €;128;Porto;Apartments
753;T1;185 000,00 €;38;Porto;Apartments
7530;T3;930 000,00 €;127;Porto;Apartments
7531;T2;670 000,00 €;86.42;Porto;Apartments
7532;T3;591 300,00 €;131.40;Porto;Apartments
7533;T3;542 430,00 €;120.54;Porto;Apartments
7534;T3;622 920,00 €;131.40;Porto;Apartments
7535;T3;576 030,00 €;120.54;Porto;Apartments
7536;T3;576 030,00 €;120.54;Porto;Apartments
7537;T3;591 300,00 €;131.40;Porto;Apartments
7538;T3;621 420,00 €;131.40;Porto;Apartments
7539;T3;576 030,00 €;120.54;Porto;Apartments
754;T4;820 000,00 €;237.80;Porto;Apartments
7540;T3;495 000,00 €;210;Porto;Apartments
7541;T3;440 000,00 €;104.55;Faro;Apartments
7542;T2;235 000,00 €;140.50;Porto;Apartments
7543;T3;199 900,00 €;120;Porto;Apartments
7544;T3;370 000,00 €;176;Porto;Apartments
7545;T1;399 900,00 €;46.50;Lisboa;Apartments
7546;T2;429 900,00 €;46.50;Lisboa;Apartments
7547;T1;259 900,00 €;65;Faro;Apartments
7548;T3;187 000,00 €;141;Aveiro;Apartments
7549;T3;357 000,00 €;114;Porto;Apartments
755;T3;240 000,00 €;85;Lisboa;Apartments
7550;T2;195 000,00 €;87;Lisboa;Apartments
7551;T3;288 000,00 €;137;Braga;Apartments
7552;T3;235 000,00 €;217;Santar?©m;Apartments
7553;T2;310 900,00 €;96;Porto;Apartments
7554;T3;370 000,00 €;113;Porto;Apartments
7555;T1;225 000,00 €;59;Porto;Apartments
7556;T3;595 000,00 €;150;Lisboa;Apartments
7557;T0;250 000,00 €;45;Porto;Apartments
7558;T5;1 790 000,00 €;247;Lisboa;Apartments
7559;T3;327 500,00 €;77;Set??bal;Apartments
756;T2;189 000,00 €;76;Set??bal;Apartments
7560;T0;150 000,00 €;58;Aveiro;Apartments
7561;T4;395 000,00 €;111.35;Lisboa;Apartments
7562;T2;220 000,00 €;63.40;Faro;Apartments
7563;T3;1 990 000,00 €;200;Lisboa;Apartments
7564;T3;375 000,00 €;97.80;Lisboa;Apartments
7565;T2;234 500,00 €;105;Braga;Apartments
7566;T3;335 000,00 €;110;Set??bal;Apartments
7567;T3;540 000,00 €;139;Porto;Apartments
7569;T3;195 000,00 €;119;Faro;Apartments
757;T2;149 900,00 €;95;Porto;Apartments
7570;T3;370 000,00 €;160;Porto;Apartments
7571;T3;259 500,00 €;74;Porto;Apartments
7572;T2;460 000,00 €;87.12;Porto;Apartments
7573;T1;440 000,00 €;72;Ilha da Madeira;Apartments
7574;T3;2 600 000,00 €;218;Ilha da Madeira;Apartments
7575;T3;1 050 000,00 €;178;Ilha da Madeira;Apartments
7576;T3;920 000,00 €;174;Ilha da Madeira;Apartments
7577;T3;895 000,00 €;174;Ilha da Madeira;Apartments
7578;T2;785 000,00 €;139;Ilha da Madeira;Apartments
7579;T2;750 000,00 €;133;Ilha da Madeira;Apartments
758;T3;427 000,00 €;117;Lisboa;Apartments
7580;T3;860 000,00 €;168;Ilha da Madeira;Apartments
7581;T1;180 000,00 €;36;Faro;Apartments
7582;T2;775 000,00 €;128;Ilha da Madeira;Apartments
7583;T2;725 000,00 €;133;Ilha da Madeira;Apartments
7584;T2;370 000,00 €;61;Lisboa;Apartments
7585;T4;934 500,00 €;193.29;Porto;Apartments
7586;T3;1 420 000,00 €;125;Lisboa;Apartments
7587;T3;259 500,00 €;70;Porto;Apartments
7588;T1;144 650,00 €;56;Ilha de S?£o Miguel;Apartments
7589;T3;440 000,00 €;140;Porto;Apartments
759;T1;262 000,00 €;57;Porto;Apartments
7590;T3;239 900,00 €;110;Porto;Apartments
7591;T2;490 000,00 €;118;Lisboa;Apartments
7592;T3;1 690 000,00 €;210;Lisboa;Apartments
7593;T1;270 000,00 €;46;Porto;Apartments
7594;T3;430 000,00 €;84;Lisboa;Apartments
7595;T2;293 000,00 €;112;Porto;Apartments
7596;T3;249 900,00 €;123;Porto;Apartments
7597;T3;186 000,00 €;83;Set??bal;Apartments
7598;T3;418 000,00 €;100.60;Aveiro;Apartments
7599;T4;390 000,00 €;165;Porto;Apartments
76;T3;320 000,00 €;103;Porto;Apartments
760;T2;790 000,00 €;110;Lisboa;Apartments
7601;T2;270 000,00 €;98;Porto;Apartments
7602;T1;280 000,00 €;46;Porto;Apartments
7603;T2;430 000,00 €;86;Porto;Apartments
7604;T1;295 000,00 €;40;Porto;Apartments
7605;T1;375 000,00 €;70;Lisboa;Apartments
7606;T0;275 000,00 €;43;Lisboa;Apartments
7607;T2;475 000,00 €;112;Porto;Apartments
7608;T0;448 830,00 €;46.47;Set??bal;Apartments
7609;T0;448 292,00 €;45.33;Set??bal;Apartments
761;T4;1 150 000,00 €;156;Lisboa;Apartments
7610;T2;859 650,00 €;87.91;Set??bal;Apartments
7611;T2;911 744,00 €;89.27;Set??bal;Apartments
7612;T2;855 930,00 €;89.21;Set??bal;Apartments
7613;T2;903 552,00 €;88.45;Set??bal;Apartments
7614;T1;780 000,00 €;79.54;Set??bal;Apartments
7615;T0;417 158,00 €;46.86;Set??bal;Apartments
7616;T0;426 933,00 €;51.08;Set??bal;Apartments
7617;T0;391 387,00 €;45.66;Set??bal;Apartments
7618;T2;912 128,00 €;89.27;Set??bal;Apartments
7619;T2;912 320,00 €;89.27;Set??bal;Apartments
762;T5;199 900,00 €;241;Braga;Apartments
7620;T0;408 858,00 €;45.86;Set??bal;Apartments
7621;T0;410 269,00 €;46.03;Set??bal;Apartments
7622;T0;472 056,00 €;45.33;Set??bal;Apartments
7623;T0;409 605,00 €;45.95;Set??bal;Apartments
7624;T1;773 484,00 €;92.85;Set??bal;Apartments
7625;T1;752 362,00 €;95.82;Set??bal;Apartments
7626;T0;408 526,00 €;45.82;Set??bal;Apartments
7627;T1;741 242,00 €;91.62;Set??bal;Apartments
7628;T0;420 800,00 €;45.76;Set??bal;Apartments
7629;T0;418 600,00 €;45.52;Set??bal;Apartments
763;T4;1 250 000,00 €;218;Porto;Apartments
7631;T3;325 000,00 €;104.40;Set??bal;Apartments
7632;T3;360 000,00 €;125;Set??bal;Apartments
7633;T2;460 000,00 €;105;Ilha da Madeira;Apartments
7634;T1;395 000,00 €;73;Lisboa;Apartments
7635;T2;285 000,00 €;87;Leiria;Apartments
7636;T3;375 000,00 €;106;Leiria;Apartments
7637;T3;255 000,00 €;130;Braga;Apartments
7638;T2;150 000,00 €;80;Set??bal;Apartments
7639;T1;530 000,00 €;80;Faro;Apartments
764;T3;365 000,00 €;165;Porto;Apartments
7640;T3;725 000,00 €;156;Lisboa;Apartments
7641;T2;870 000,00 €;105;Lisboa;Apartments
7642;T3;305 000,00 €;141;Set??bal;Apartments
7643;T4;405 000,00 €;222.81;Coimbra;Apartments
7644;T3;217 500,00 €;113.50;Lisboa;Apartments
7645;T1;1 200 000,00 €;86;Lisboa;Apartments
7646;T3;245 000,00 €;89.25;Set??bal;Apartments
7647;T1;122 000,00 €;42.91;Leiria;Apartments
7648;T1;345 000,00 €;111;Porto;Apartments
7649;T2;242 500,00 €;88;Porto;Apartments
765;T2;420 000,00 €;89;Porto;Apartments
7650;T0;210 000,00 €;39;Porto;Apartments
7651;T2;147 000,00 €;105.80;Santar?©m;Apartments
7652;T3;450 000,00 €;130;Viana do Castelo;Apartments
7653;T3;309 500,00 €;95;Set??bal;Apartments
7654;T3;435 000,00 €;176;Braga;Apartments
7655;T3;309 500,00 €;85;Set??bal;Apartments
7656;T2;790 000,00 €;101;Lisboa;Apartments
7657;T2;339 000,00 €;86;Lisboa;Apartments
7658;T2;253 402,00 €;70;Porto;Apartments
7659;T2;265 000,00 €;78;Porto;Apartments
7660;T3;375 000,00 €;115;Porto;Apartments
7661;T2;260 000,00 €;95;Viana do Castelo;Apartments
7662;T2;255 000,00 €;107;Porto;Apartments
7663;T2;217 000,00 €;64;Porto;Apartments
7664;T2;370 000,00 €;98;Porto;Apartments
7665;T3;299 500,00 €;105;Lisboa;Apartments
7666;T3;2 700 000,00 €;143;Faro;Apartments
7667;T3;320 000,00 €;148;Porto;Apartments
7668;T2;755 000,00 €;113.90;Lisboa;Apartments
7669;T3;365 000,00 €;85;Lisboa;Apartments
767;T2;159 900,00 €;82;Porto;Apartments
7670;T2;283 000,00 €;106;Viana do Castelo;Apartments
7671;T2;339 000,00 €;105;Lisboa;Apartments
7672;T1;175 000,00 €;57;Viana do Castelo;Apartments
7673;T3;287 000,00 €;116;Porto;Apartments
7674;T3;440 000,00 €;140;Porto;Apartments
7675;T3;465 000,00 €;272;Set??bal;Apartments
7676;T4;485 000,00 €;235;Porto;Apartments
7678;T1;220 900,00 €;64.30;Porto;Apartments
7679;T2;320 000,00 €;90;Lisboa;Apartments
768;T4;150 000,00 €;116;Porto;Apartments
7680;T3;170 000,00 €;102;Braga;Apartments
7681;T3;310 000,00 €;99;Faro;Apartments
7682;T1;240 000,00 €;60;Braga;Apartments
7683;T3;485 000,00 €;187;Set??bal;Apartments
7684;T3;465 000,00 €;169;Set??bal;Apartments
7685;T3;370 000,00 €;125;Set??bal;Apartments
7686;T3;360 000,00 €;125;Set??bal;Apartments
7687;T3;365 000,00 €;125;Set??bal;Apartments
7688;T3;360 000,00 €;125;Set??bal;Apartments
7689;T3;280 000,00 €;79;Aveiro;Apartments
769;T2;310 000,00 €;93.70;Faro;Apartments
7690;T3;215 000,00 €;129;Porto;Apartments
7691;T2;695 000,00 €;133;Ilha da Madeira;Apartments
7692;T2;270 000,00 €;85;Aveiro;Apartments
7693;T2;350 000,00 €;53;Lisboa;Apartments
7694;T3;178 000,00 €;90;Porto;Apartments
7695;T3;320 000,00 €;148;Porto;Apartments
7696;T3;265 000,00 €;107;Lisboa;Apartments
7697;T2;352 775,00 €;105;Porto;Apartments
7698;T3; Pre?ßosobconsulta ;98;Santar?©m;Apartments
7699;T2;250 000,00 €;67.04;Porto;Apartments
77;T1;240 000,00 €;73;Porto;Apartments
770;T1;250 000,00 €;60;Braga;Apartments
7700;T2;340 000,00 €;80;Lisboa;Apartments
7701;T3;370 000,00 €;125;Set??bal;Apartments
7702;T3;365 000,00 €;125;Set??bal;Apartments
7703;T3;360 000,00 €;125;Set??bal;Apartments
7704;T3;300 000,00 €;101;Set??bal;Apartments
7705;T3;340 000,00 €;100;Set??bal;Apartments
7706;T3;335 000,00 €;100;Set??bal;Apartments
7707;T3;239 000,00 €;113;Porto;Apartments
7708;T2;545 000,00 €;103;Lisboa;Apartments
7709;T1;329 000,00 €;77;Lisboa;Apartments
771;T2;280 000,00 €;77.55;Faro;Apartments
7710;T3;249 500,00 €;90;Porto;Apartments
7711;T3;210 000,00 €;75;Faro;Apartments
7712;T2;220 000,00 €;105.69;Braga;Apartments
7713;T4;911 000,00 €;140;Lisboa;Apartments
7714;T3;480 000,00 €;140.10;Lisboa;Apartments
7715;T3;630 000,00 €;134;Porto;Apartments
7716;T2;180 000,00 €;65;Lisboa;Apartments
7717;T2;199 000,00 €;73;Lisboa;Apartments
7718;T3;580 000,00 €;99;Porto;Apartments
7719;T3;279 500,00 €;77;Porto;Apartments
772;T1;175 000,00 €;53;Lisboa;Apartments
7720;T2;240 000,00 €;75;Porto;Apartments
7721;T1;280 000,00 €;51;Porto;Apartments
7722;T2;425 000,00 €;89;Porto;Apartments
7723;T2;355 000,00 €;83;Porto;Apartments
7724;T1;290 000,00 €;63;Porto;Apartments
7725;T1;285 000,00 €;53;Porto;Apartments
7726;T1;157 500,00 €;70;Porto;Apartments
7727;T1;157 500,00 €;70;Porto;Apartments
7728;T1;540 000,00 €;60;Lisboa;Apartments
7729;T1;530 000,00 €;56;Lisboa;Apartments
773;T3;525 010,00 €;134;Porto;Apartments
7730;T2;985 000,00 €;116;Lisboa;Apartments
7731;T2;950 000,00 €;116;Lisboa;Apartments
7732;T1;157 500,00 €;70;Porto;Apartments
7733;T2;313 000,00 €;88;Porto;Apartments
7734;T3;260 000,00 €;150;Porto;Apartments
7735;T2;1 020 000,00 €;107;Lisboa;Apartments
7736;T3;1 538 000,00 €;134;Lisboa;Apartments
7737;T1;523 000,00 €;48;Lisboa;Apartments
7738;T1;510 000,00 €;48;Lisboa;Apartments
7739;T2;1 121 000,00 €;117;Lisboa;Apartments
774;T2;260 000,00 €;93.70;Faro;Apartments
7740;T2;1 060 000,00 €;114;Lisboa;Apartments
7741;T2;1 220 000,00 €;108;Lisboa;Apartments
7742;T3;1 864 000,00 €;149;Lisboa;Apartments
7743;T4;825 000,00 €;145.10;Porto;Apartments
7744;T3;650 000,00 €;135.70;Porto;Apartments
7745;T2;460 000,00 €;89;Porto;Apartments
7746;T1;300 000,00 €;41.80;Porto;Apartments
7747;T3;189 000,00 €;79;Porto;Apartments
7748;T4;900 000,00 €;158.80;Porto;Apartments
7749;T3;695 000,00 €;136.80;Porto;Apartments
775;T2;500 000,00 €;99;Faro;Apartments
7750;T2;515 000,00 €;116;Porto;Apartments
7751;T3;1 550 000,00 €;245.50;Lisboa;Apartments
7752;T2;850 000,00 €;90;Faro;Apartments
7753;T3;1 200 000,00 €;185.50;Lisboa;Apartments
7754;T2;270 000,00 €;68;Porto;Apartments
7755;T3;345 000,00 €;125;Set??bal;Apartments
7756;T2;475 000,00 €;112;Porto;Apartments
7757;T3;282 500,00 €;103;Set??bal;Apartments
7758;T3;265 000,00 €;151;Ilha da Madeira;Apartments
7759;T6;200 000,00 €;136;Beja;Apartments
776;T2;490 000,00 €;95;Faro;Apartments
7760;T4;330 000,00 €;119;Set??bal;Apartments
7761;T4;858 000,00 €;181.65;Porto;Apartments
7762;T3;300 000,00 €;183;Porto;Apartments
7763;T1;185 000,00 €;70;Lisboa;Apartments
7764;T3;1 100 000,00 €;161;Porto;Apartments
7765;T3;185 000,00 €;125;Porto;Apartments
7766;T2;260 000,00 €;119.93;Porto;Apartments
7767;T4;321 900,00 €;180;Porto;Apartments
7768;T4;339 500,00 €;192;Lisboa;Apartments
777;T2;298 000,00 €;126.60;Faro;Apartments
7770;T2;400 680,00 €;95.40;Porto;Apartments
7771;T3;875 490,00 €;178.50;Porto;Apartments
7772;T2;463 680,00 €;110.40;Porto;Apartments
7773;T2;463 680,00 €;110.40;Porto;Apartments
7774;T2;400 680,00 €;95.40;Porto;Apartments
7775;T2;400 680,00 €;95.40;Porto;Apartments
7777;T2;370 000,00 €;110;Porto;Apartments
7778;T3;395 000,00 €;86.70;Lisboa;Apartments
7779;T1;305 000,00 €;41.80;Porto;Apartments
778;T3;220 000,00 €;138;Leiria;Apartments
7780;T4;1 680 000,00 €;255;Lisboa;Apartments
7781;T0;239 000,00 €;45;Faro;Apartments
7782;T4;995 000,00 €;174;Lisboa;Apartments
7783;T3;720 000,00 €;137;Lisboa;Apartments
7784;T2;480 000,00 €;77;Lisboa;Apartments
7785;T3;710 000,00 €;137;Lisboa;Apartments
7786;T2;470 000,00 €;77;Lisboa;Apartments
7787;T3;690 000,00 €;137;Lisboa;Apartments
7788;T4;995 000,00 €;177;Lisboa;Apartments
7789;T3;700 000,00 €;137;Lisboa;Apartments
779;T3;310 000,00 €;89;Lisboa;Apartments
7790;T3;680 000,00 €;137;Lisboa;Apartments
7791;T3;640 000,00 €;137;Lisboa;Apartments
7792;T2;370 000,00 €;110;Porto;Apartments
7793;T3;650 000,00 €;137;Lisboa;Apartments
7794;T3;670 000,00 €;137;Lisboa;Apartments
7795;T1;399 900,00 €;47;Lisboa;Apartments
7796;T3;305 000,00 €;127.20;Porto;Apartments
7797;T3;209 000,00 €;153;Aveiro;Apartments
7798;T3;385 000,00 €;197;Aveiro;Apartments
7799;T2;195 900,00 €;99;Aveiro;Apartments
78;T3;180 000,00 €;84;Faro;Apartments
780;T2;357 500,00 €;74;Lisboa;Apartments
7800;T3;210 000,00 €;140;Aveiro;Apartments
7801;T3;308 000,00 €;181;Porto;Apartments
7802;T3;390 000,00 €;114;Aveiro;Apartments
7803;T3;299 000,00 €;146;Porto;Apartments
7804;T2;156 000,00 €;93;Aveiro;Apartments
7805;T1;195 000,00 €;79;Aveiro;Apartments
7806;T2;197 000,00 €;106;Leiria;Apartments
7807;T3;320 000,00 €;116;Faro;Apartments
7808;T1;195 000,00 €;53;Faro;Apartments
7809;T3;290 900,00 €;111;Porto;Apartments
781;T3;320 000,00 €;96;Lisboa;Apartments
7810;T3;209 500,00 €;117;Braga;Apartments
7811;T2;169 900,00 €;83;Porto;Apartments
7812;T2;183 900,00 €;87;Porto;Apartments
7813;T4;2 400 000,00 €;292;Lisboa;Apartments
7814;T2;330 000,00 €;90;Aveiro;Apartments
7815;T2;192 900,00 €;88;Porto;Apartments
7816;T3;560 000,00 €;124;Aveiro;Apartments
7817;T3;445 000,00 €;153;Aveiro;Apartments
7818;T2;280 000,00 €;82;Aveiro;Apartments
7819;T2;510 000,00 €;100.33;Faro;Apartments
782;T2;340 000,00 €;93;Lisboa;Apartments
7820;T2;930 000,00 €;122;Lisboa;Apartments
7821;T1;240 000,00 €;55;Aveiro;Apartments
7822;T3;490 000,00 €;166.50;Aveiro;Apartments
7823;T3;490 000,00 €;165.50;Aveiro;Apartments
7824;T3;395 000,00 €;129;Aveiro;Apartments
7825;T3;390 000,00 €;128.50;Aveiro;Apartments
7826;T2;360 000,00 €;91;Aveiro;Apartments
7827;T3;390 000,00 €;129;Aveiro;Apartments
7828;T2;360 000,00 €;78;Aveiro;Apartments
7829;T3;470 000,00 €;146.50;Aveiro;Apartments
783;T2;178 000,00 €;89;Porto;Apartments
7830;T3;330 000,00 €;130;Set??bal;Apartments
7831;T2;295 000,00 €;86;Porto;Apartments
7832;T2;289 900,00 €;82.80;Porto;Apartments
7833;T2;295 900,00 €;86;Porto;Apartments
7834;T2;290 900,00 €;82.80;Porto;Apartments
7835;T2;290 900,00 €;82.80;Porto;Apartments
7836;T2;295 900,00 €;85.50;Porto;Apartments
7837;T1;169 900,00 €;64.50;Porto;Apartments
7838;T1;139 900,00 €;53;Porto;Apartments
7839;T2;245 900,00 €;88.50;Porto;Apartments
784;T2;314 900,00 €;98;Lisboa;Apartments
7840;T3;165 000,00 €;86.95;Set??bal;Apartments
7841;T2;305 000,00 €;90;Faro;Apartments
7842;T1;380 000,00 €;42;Porto;Apartments
7843;T2;205 900,00 €;81.80;Porto;Apartments
7844;T2;169 900,00 €;83.50;Porto;Apartments
7846;T3;170 500,00 €;110;Set??bal;Apartments
7847;T3;490 000,00 €;147;Aveiro;Apartments
7848;T2;350 000,00 €;86.29;Porto;Apartments
7849;T3;1 025 000,00 €;188.06;Lisboa;Apartments
785;T2;188 500,00 €;96;Porto;Apartments
7850;T3;1 070 000,00 €;188.06;Lisboa;Apartments
7851;T3;975 000,00 €;188.06;Lisboa;Apartments
7852;T3;180 000,00 €;143.10;Santar?©m;Apartments
7854;T1;185 000,00 €;128;Santar?©m;Apartments
7855;T2;725 000,00 €;133;Faro;Apartments
7856;T4;235 000,00 €;212;Santar?©m;Apartments
7857;T3;150 000,00 €;105;Aveiro;Apartments
7858;T2;620 000,00 €;82.30;Faro;Apartments
7859;T2;577 500,00 €;82.30;Faro;Apartments
786;T3;290 000,00 €;97;Lisboa;Apartments
7860;T3;380 000,00 €;138;Porto;Apartments
7861;T3;241 500,00 €;148;Aveiro;Apartments
7862;T2;142 500,00 €;107.90;Braga;Apartments
7863;T2;189 000,00 €;102.88;Braga;Apartments
7864;T2;207 310,00 €;60.45;Porto;Apartments
7865;T3;259 000,00 €;112.10;Leiria;Apartments
7866;T4;849 000,00 €;245;Porto;Apartments
7867;T2;450 000,00 €;114;Lisboa;Apartments
7868;T4;685 000,00 €;132;Lisboa;Apartments
7869;T4;850 000,00 €;223;Porto;Apartments
787;T2;260 000,00 €;85.50;Porto;Apartments
7870;T3;195 000,00 €;127;Aveiro;Apartments
7871;T2;310 000,00 €;114.50;Porto;Apartments
7872;T3;210 000,00 €;128;Aveiro;Apartments
7873;T3;165 000,00 €;107;Viana do Castelo;Apartments
7874;T2;240 000,00 €;66.10;Aveiro;Apartments
7875;T2;158 000,00 €;76;Aveiro;Apartments
7877;T1;185 000,00 €;78;Lisboa;Apartments
7878;T1;900 000,00 €;48.61;Lisboa;Apartments
7879;T2;285 000,00 €;87;Leiria;Apartments
788;T2;255 000,00 €;92.45;Porto;Apartments
7880;T3;375 000,00 €;106;Leiria;Apartments
7881;T2;239 500,00 €;74;Leiria;Apartments
7882;T2;770 000,00 €;120.65;Lisboa;Apartments
7883;T2;214 900,00 €;82;Porto;Apartments
7884;T1;480 000,00 €;52;Lisboa;Apartments
7886;T3;840 000,00 €;160.06;Lisboa;Apartments
7887;T2;260 000,00 €;76;Porto;Apartments
7888;T3;425 000,00 €;111.70;Lisboa;Apartments
7889;T3;698 000,00 €;117.35;Lisboa;Apartments
789;T2;240 000,00 €;74.80;Porto;Apartments
7890;T0;395 000,00 €;58.90;Porto;Apartments
7891;T3;1 380 000,00 €;163.40;Lisboa;Apartments
7892;T3;1 310 000,00 €;151;Lisboa;Apartments
7893;T3;1 790 000,00 €;218.40;Lisboa;Apartments
7894;T2;295 000,00 €;99;Porto;Apartments
7895;T2;350 000,00 €;100;Set??bal;Apartments
7896;T1;235 000,00 €;49;Lisboa;Apartments
7897;T1;265 000,00 €;56;Lisboa;Apartments
7898;T5;497 000,00 €;168;Porto;Apartments
7899;T2;200 000,00 €;101.50;Porto;Apartments
79;T2;205 000,00 €;110;Set??bal;Apartments
790;T2;250 000,00 €;89.15;Porto;Apartments
7900;T3;335 000,00 €;142;Aveiro;Apartments
7901;T1;850 000,00 €;115;Lisboa;Apartments
7902;T2;168 000,00 €;95;Porto;Apartments
7903;T1;236 000,00 €;44;Porto;Apartments
7905;T3;226 000,00 €;100;Porto;Apartments
7906;T2;270 000,00 €;84;Lisboa;Apartments
7907;T2;302 500,00 €;90.40;Set??bal;Apartments
7908;T2;297 500,00 €;90.40;Set??bal;Apartments
7909;T2;292 500,00 €;90.40;Set??bal;Apartments
791;T2;245 000,00 €;91.20;Porto;Apartments
7910;T2;290 000,00 €;90.40;Set??bal;Apartments
7911;T2;272 500,00 €;90.40;Set??bal;Apartments
7912;T1;134 900,00 €;43;Aveiro;Apartments
7913;T2;185 000,00 €;88;Porto;Apartments
7914;T2;199 500,00 €;100;Porto;Apartments
7915;T2;182 500,00 €;88;Porto;Apartments
7916;T2;180 000,00 €;88;Porto;Apartments
7917;T2;177 500,00 €;85;Porto;Apartments
7918;T3;327 500,00 €;106.45;Set??bal;Apartments
7919;T2;249 900,00 €;66.31;Lisboa;Apartments
792;T3;245 000,00 €;103.57;Porto;Apartments
7920;T2;465 000,00 €;92;Ilha da Madeira;Apartments
7921;T2;388 600,00 €;134;Aveiro;Apartments
7922;T2;182 000,00 €;98;Porto;Apartments
7923;T2;305 000,00 €;82;Aveiro;Apartments
7924;T2;405 000,00 €;107.20;Porto;Apartments
7925;T2;400 000,00 €;96;Porto;Apartments
7926;T3;300 000,00 €;83;Porto;Apartments
7927;T1;200 000,00 €;50;Porto;Apartments
7928;T1;200 000,00 €;54;Porto;Apartments
7929;T3;178 000,00 €;92;Leiria;Apartments
793;T2;265 000,00 €;85.50;Porto;Apartments
7930;T2;365 000,00 €;85;Lisboa;Apartments
7931;T2;169 500,00 €;62;Set??bal;Apartments
7932;T3;180 000,00 €;95;Set??bal;Apartments
7933;T2;915 000,00 €;116;Lisboa;Apartments
7934;T1;560 000,00 €;58;Lisboa;Apartments
7935;T1;510 000,00 €;56;Lisboa;Apartments
7937;T1;205 000,00 €;101;Aveiro;Apartments
7938;T3;177 500,00 €;120;Aveiro;Apartments
7939;T3;164 000,00 €;142.50;Coimbra;Apartments
794;T2;250 000,00 €;92.45;Porto;Apartments
7940;T2;165 000,00 €;106;Braga;Apartments
7941;T4;424 600,00 €;109.91;Faro;Apartments
7942;T5;2 250 000,00 €;311;Lisboa;Apartments
7943;T4;680 000,00 €;193.98;Lisboa;Apartments
7944;T4;1 495 000,00 €;259;Lisboa;Apartments
7945;T2;285 000,00 €;57.58;Lisboa;Apartments
7946;T3;440 000,00 €;125.50;Porto;Apartments
7947;T3;210 000,00 €;106;Porto;Apartments
7949;T2;950 000,00 €;116.98;Faro;Apartments
795;T2;370 000,00 €;110;Lisboa;Apartments
7950;T3;210 000,00 €;126;Santar?©m;Apartments
7951;T3;179 500,00 €;150;Leiria;Apartments
7952;T3;475 000,00 €;123;Porto;Apartments
7953;T3;650 000,00 €;108;Porto;Apartments
7954;T3;165 000,00 €;108.30;Santar?©m;Apartments
7956;T3;490 000,00 €;100;Lisboa;Apartments
7957;T1;245 000,00 €;55;Faro;Apartments
7958;T2;429 900,00 €;46;Lisboa;Apartments
7959;T2;365 000,00 €;93.40;Lisboa;Apartments
796;T2;240 000,00 €;91.20;Porto;Apartments
7960;T3;749 900,00 €;115.90;Lisboa;Apartments
7961;T3;430 000,00 €;117.21;Porto;Apartments
7962;T1;349 900,00 €;44;Lisboa;Apartments
7964;T2;430 000,00 €;93.01;Porto;Apartments
7965;T2;399 900,00 €;61;Lisboa;Apartments
7966;T3;275 000,00 €;90.10;Porto;Apartments
7967;T3;280 000,00 €;92.60;Porto;Apartments
7968;T2;159 000,00 €;63;Set??bal;Apartments
7969;T1;349 900,00 €;44;Lisboa;Apartments
7970;T2;324 000,00 €;137;Faro;Apartments
7971;T3;430 000,00 €;129;Porto;Apartments
7972;T2;273 000,00 €;73.50;Lisboa;Apartments
7973;T3;282 500,00 €;182;Porto;Apartments
7974;T8;275 000,00 €;342;Aveiro;Apartments
7975;T4; Pre?ßosobconsulta ;153.20;Lisboa;Apartments
7976;T3;305 000,00 €;160;Porto;Apartments
7977;T5;1 398 000,00 €;167;Porto;Apartments
7978;T4;395 000,00 €;175.14;Santar?©m;Apartments
7979;T2;295 000,00 €;100;Porto;Apartments
798;T2;249 000,00 €;85;Porto;Apartments
7980;T4; Pre?ßosobconsulta ;157.30;Porto;Apartments
7981;T2;252 000,00 €;87;Porto;Apartments
7982;T2;770 000,00 €;92;Lisboa;Apartments
7983;T3;2 500 000,00 €;147;Faro;Apartments
7984;T2;540 000,00 €;73;Lisboa;Apartments
7985;T1;217 000,00 €;60;Porto;Apartments
7986;T2;219 900,00 €;98;Faro;Apartments
7988;T3;615 000,00 €;134;Porto;Apartments
7989;T2;430 000,00 €;93.10;Porto;Apartments
799;T2;245 000,00 €;89.15;Porto;Apartments
7990;T3;800 000,00 €;152.30;Lisboa;Apartments
7991;T3;385 000,00 €;114.83;Lisboa;Apartments
7992;T2;285 900,00 €;82;Porto;Apartments
7993;T2;295 900,00 €;86;Porto;Apartments
7994;T1;175 900,00 €;50.40;Porto;Apartments
7995;T3;365 000,00 €;107;Set??bal;Apartments
7996;T0;220 000,00 €;49;Porto;Apartments
7997;T2;295 900,00 €;85.50;Porto;Apartments
7998;T1;179 900,00 €;47.30;Porto;Apartments
7999;T1;225 900,00 €;64.30;Porto;Apartments
8;T3;207 000,00 €;84;Set??bal;Apartments
80;T4;392 000,00 €;170;Porto;Apartments
800;T2;250 000,00 €;91.20;Porto;Apartments
8000;T2;248 000,00 €;79.50;Faro;Apartments
8001;T2;289 900,00 €;83;Porto;Apartments
8002;T3;529 900,00 €;130;Porto;Apartments
8004;T3;180 000,00 €;135;Braga;Apartments
8005;T2;289 900,00 €;86;Porto;Apartments
8006;T3;280 000,00 €;113;Aveiro;Apartments
8007;T2;150 000,00 €;96;Braga;Apartments
8008;T2;295 900,00 €;83;Porto;Apartments
8009;T1;130 000,00 €;83;Braga;Apartments
801;T2;255 000,00 €;89.15;Porto;Apartments
8010;T1;189 900,00 €;47.30;Porto;Apartments
8011;T2;155 000,00 €;117;Viana do Castelo;Apartments
8012;T3;419 000,00 €;97;Lisboa;Apartments
8013;T3;435 000,00 €;95.30;Faro;Apartments
8014;T2;737 000,00 €;89;Lisboa;Apartments
8015;T3;290 000,00 €;115;Braga;Apartments
8016;T1;182 500,00 €;49;Porto;Apartments
8017;T2;269 000,00 €;112.40;Lisboa;Apartments
8018;T1;205 000,00 €;100.52;Faro;Apartments
8019;T1;190 000,00 €;91.97;Faro;Apartments
802;T2;230 000,00 €;71.80;Porto;Apartments
8020;T0;160 000,00 €;82.27;Faro;Apartments
8021;T0;150 000,00 €;72.22;Faro;Apartments
8022;T2;385 000,00 €;201.40;Faro;Apartments
8023;T2;370 000,00 €;188.55;Faro;Apartments
8024;T2;637 000,00 €;115;Porto;Apartments
8025;T3;450 000,00 €;253.50;Faro;Apartments
8026;T3;415 000,00 €;221.75;Faro;Apartments
8027;T3;116 700,00 €;109;Santar?©m;Apartments
8028;T2;235 900,00 €;84.90;Porto;Apartments
8029;T2;219 900,00 €;82.60;Porto;Apartments
803;T2;240 000,00 €;92.45;Porto;Apartments
8030;T3;725 000,00 €;96;Lisboa;Apartments
8031;T3;260 000,00 €;169;Braga;Apartments
8032;T3;160 000,00 €;87.79;Santar?©m;Apartments
8033;T3;840 000,00 €;156.80;Lisboa;Apartments
8034;T3;860 000,00 €;156.80;Lisboa;Apartments
8035;T3;770 000,00 €;137.19;Lisboa;Apartments
8036;T3;760 000,00 €;137.19;Lisboa;Apartments
8037;T3;790 000,00 €;149.45;Lisboa;Apartments
8038;T3;860 000,00 €;160.06;Lisboa;Apartments
8039;T2;595 000,00 €;110.43;Lisboa;Apartments
804;T3;374 900,00 €;143;Braga;Apartments
8040;T2;560 000,00 €;94.21;Lisboa;Apartments
8041;T2;765 000,00 €;118.11;Lisboa;Apartments
8042;T2;685 000,00 €;110.01;Lisboa;Apartments
8043;T1;490 000,00 €;56;Lisboa;Apartments
8044;T2;880 000,00 €;116;Lisboa;Apartments
8045;T2;845 000,00 €;116;Lisboa;Apartments
8046;T1;480 000,00 €;60;Lisboa;Apartments
8047;T2;244 900,00 €;88.50;Porto;Apartments
8048;T3;269 000,00 €;176;Viana do Castelo;Apartments
8049;T3;269 000,00 €;186;Viana do Castelo;Apartments
805;T3;315 000,00 €;100;Lisboa;Apartments
8050;T3;264 000,00 €;176;Viana do Castelo;Apartments
8051;T3;375 000,00 €;300;Viana do Castelo;Apartments
8052;T3;375 000,00 €;299;Viana do Castelo;Apartments
8053;T3;375 000,00 €;296;Viana do Castelo;Apartments
8054;T2;255 000,00 €;164;Viana do Castelo;Apartments
8055;T3;289 000,00 €;186;Viana do Castelo;Apartments
8056;T2;225 000,00 €;125;Viana do Castelo;Apartments
8057;T2;210 000,00 €;125;Viana do Castelo;Apartments
8058;T4;297 000,00 €;214;Viana do Castelo;Apartments
8059;T1;180 000,00 €;135;Viana do Castelo;Apartments
806;T2;275 000,00 €;108;Porto;Apartments
8060;T3;274 000,00 €;188;Viana do Castelo;Apartments
8061;T3;289 000,00 €;175;Viana do Castelo;Apartments
8062;T2;234 900,00 €;84.90;Porto;Apartments
8063;T2;225 000,00 €;127;Viana do Castelo;Apartments
8064;T2;210 000,00 €;127;Viana do Castelo;Apartments
8065;T3;269 000,00 €;175;Viana do Castelo;Apartments
8066;T4;297 000,00 €;193;Viana do Castelo;Apartments
8067;T3;260 000,00 €;171;Viana do Castelo;Apartments
8068;T1;157 500,00 €;104;Viana do Castelo;Apartments
8069;T3;264 000,00 €;175;Viana do Castelo;Apartments
807;T2;255 000,00 €;85.50;Porto;Apartments
8070;T2;218 900,00 €;82.60;Porto;Apartments
8073;T2;200 000,00 €;131;Viana do Castelo;Apartments
8074;T4;315 000,00 €;210;Viana do Castelo;Apartments
8075;T3;274 000,00 €;186;Viana do Castelo;Apartments
8076;T2;264 500,00 €;79;Set??bal;Apartments
8077;T4;740 000,00 €;179;Porto;Apartments
8078;T4;2 570 000,00 €;205;Lisboa;Apartments
8079;T3;1 000 000,00 €;140;Porto;Apartments
808;T2;235 000,00 €;91.20;Porto;Apartments
8080;T1;565 000,00 €;53;Lisboa;Apartments
8081;T3;269 000,00 €;185;Viana do Castelo;Apartments
8084;T1;150 000,00 €;49;Aveiro;Apartments
8085;T2;219 900,00 €;83.50;Porto;Apartments
8086;T3;650 000,00 €;156;Porto;Apartments
8087;T2;249 900,00 €;88.50;Porto;Apartments
8088;T2;249 900,00 €;84.80;Porto;Apartments
8089;T1;210 000,00 €;75.83;Porto;Apartments
809;T2;245 000,00 €;92.45;Porto;Apartments
8090;T3;414 000,00 €;113;Porto;Apartments
8091;T2;430 000,00 €;121;Porto;Apartments
8092;T3;1 590 000,00 €;185;Lisboa;Apartments
8093;T2;239 900,00 €;85;Porto;Apartments
8095;T4;398 000,00 €;120;Set??bal;Apartments
8096;T1;179 900,00 €;64.40;Porto;Apartments
8097;T1;175 000,00 €;55;Faro;Apartments
8098;T3;2 000 000,00 €;270;Lisboa;Apartments
8099;T3;620 000,00 €;127.85;Lisboa;Apartments
810;T2;235 000,00 €;74.80;Porto;Apartments
8100;T2;255 000,00 €;88;Braga;Apartments
8101;T4;495 000,00 €;166;Set??bal;Apartments
8102;T3;440 000,00 €;99;Lisboa;Apartments
8103;T1;235 000,00 €;66.36;Aveiro;Apartments
8104;T2;199 900,00 €;64;Set??bal;Apartments
8105;T2;475 000,00 €;112;Porto;Apartments
8107;T3;365 000,00 €;125;Set??bal;Apartments
8108;T3;370 000,00 €;125;Set??bal;Apartments
8109;T3;360 000,00 €;125;Set??bal;Apartments
811;T1;165 000,00 €;58;Porto;Apartments
8111;T2;228 900,00 €;82.20;Porto;Apartments
8112;T2;234 900,00 €;85;Porto;Apartments
8113;T3;595 000,00 €;133;Porto;Apartments
8114;T2;189 900,00 €;96.64;Porto;Apartments
8115;T2;845 000,00 €;115.95;Lisboa;Apartments
8116;T2;880 000,00 €;115.95;Lisboa;Apartments
8117;T3;435 000,00 €;135.84;Lisboa;Apartments
8118;T2;845 000,00 €;115.85;Lisboa;Apartments
8119;T5;990 000,00 €;228;Porto;Apartments
812;T2;190 000,00 €;79;Faro;Apartments
8120;T3;740 000,00 €;119.28;Porto;Apartments
8121;T3;1 950 000,00 €;175;Porto;Apartments
8122;T1;125 000,00 €;60;Faro;Apartments
8123;T3;1 250 000,00 €;163.42;Lisboa;Apartments
8125;T2;345 000,00 €;111;Porto;Apartments
8126;T4;700 000,00 €;197.90;Faro;Apartments
8127;T3;350 000,00 €;108;Lisboa;Apartments
8128;T2;280 000,00 €;78;Set??bal;Apartments
8129;T5;615 000,00 €;378.97;Porto;Apartments
813;T1;175 000,00 €;62.15;Porto;Apartments
8130;T2;690 000,00 €;116;Lisboa;Apartments
8131;T3;400 000,00 €;202.04;Porto;Apartments
8132;T1;440 000,00 €;63.10;Lisboa;Apartments
8133;T3;550 000,00 €;130;Lisboa;Apartments
8134;T1;190 000,00 €;55.89;Porto;Apartments
8135;T2;480 000,00 €;200;Lisboa;Apartments
8136;T3;435 000,00 €;135.84;Lisboa;Apartments
8137;T2;585 000,00 €;92;Coimbra;Apartments
8138;T2;420 000,00 €;88.90;Porto;Apartments
8139;T3;425 000,00 €;174;Porto;Apartments
814;T0;130 000,00 €;36.60;Porto;Apartments
8140;T1;425 000,00 €;55;Porto;Apartments
8141;T3;445 000,00 €;135.84;Lisboa;Apartments
8142;T2;260 000,00 €;106;Porto;Apartments
8143;T2;249 900,00 €;80;Porto;Apartments
8144;T4;935 000,00 €;156;Lisboa;Apartments
8145;T2;695 000,00 €;97;Lisboa;Apartments
8146;T3;633 000,00 €;87;Lisboa;Apartments
8147;T4;1 294 000,00 €;168;Lisboa;Apartments
8149;T2;249 900,00 €;82.20;Porto;Apartments
815;T2;249 000,00 €;80;Porto;Apartments
8150;T2;199 900,00 €;80;Porto;Apartments
8151;T3;220 000,00 €;132;Faro;Apartments
8152;T3;530 000,00 €;128;Porto;Apartments
8153;T2;220 000,00 €;100;Porto;Apartments
8154;T3;289 000,00 €;77;Porto;Apartments
8155;T3;289 500,00 €;75;Porto;Apartments
8156;T0;120 000,00 €;30;Porto;Apartments
8157;T3;180 000,00 €;134;Braga;Apartments
8158;T1;130 000,00 €;83;Braga;Apartments
8159;T2;155 000,00 €;96;Braga;Apartments
816;T3;1 150 000,00 €;150;Lisboa;Apartments
8160;T1;135 000,00 €;83;Braga;Apartments
8161;T2;150 000,00 €;96;Braga;Apartments
8162;T3;185 000,00 €;133;Braga;Apartments
8163;T3;180 000,00 €;133;Braga;Apartments
8164;T3;185 000,00 €;131;Braga;Apartments
8165;T3;185 000,00 €;138;Braga;Apartments
8166;T3;180 000,00 €;135;Braga;Apartments
8167;T3;195 000,00 €;160;Braga;Apartments
8168;T3;180 000,00 €;130;Braga;Apartments
8169;T3;195 000,00 €;159;Braga;Apartments
817;T2;225 000,00 €;86.40;Porto;Apartments
8170;T3;190 000,00 €;146;Braga;Apartments
8171;T3;277 000,00 €;139;Porto;Apartments
8172;T2;315 000,00 €;78;Braga;Apartments
8173;T2;330 000,00 €;88;Braga;Apartments
8174;T3;255 000,00 €;102.30;Porto;Apartments
8175;T1;255 000,00 €;62;Braga;Apartments
8176;T3;355 000,00 €;108;Braga;Apartments
8177;T1;260 000,00 €;58;Braga;Apartments
8178;T2;300 000,00 €;78;Braga;Apartments
8179;T2;315 000,00 €;88;Braga;Apartments
818;T2;225 000,00 €;71.80;Porto;Apartments
8180;T3;340 000,00 €;108;Braga;Apartments
8181;T2;320 000,00 €;88;Braga;Apartments
8182;T2;310 000,00 €;78;Braga;Apartments
8183;T2;285 000,00 €;78;Braga;Apartments
8184;T2;300 000,00 €;88;Braga;Apartments
8185;T3;325 000,00 €;108;Braga;Apartments
8186;T2;285 000,00 €;88;Braga;Apartments
8187;T2;295 000,00 €;78;Braga;Apartments
8188;T2;305 000,00 €;88;Braga;Apartments
8189;T2;270 000,00 €;78;Braga;Apartments
819;T2;220 000,00 €;71.80;Porto;Apartments
8190;T3;310 000,00 €;107;Braga;Apartments
8191;T2;290 000,00 €;88;Braga;Apartments
8192;T2;280 000,00 €;78;Braga;Apartments
8193;T2;255 000,00 €;88;Braga;Apartments
8194;T2;260 000,00 €;78;Braga;Apartments
8195;T2;300 000,00 €;98;Braga;Apartments
8196;T2;255 000,00 €;85;Braga;Apartments
8197;T3;1 350 000,00 €;176;Porto;Apartments
8198;T3;294 000,00 €;111;Porto;Apartments
8199;T3;279 500,00 €;74;Porto;Apartments
82;T3;192 500,00 €;135;Aveiro;Apartments
820;T3;218 000,00 €;76;Porto;Apartments
8200;T2;148 000,00 €;65;Lisboa;Apartments
8201;T2;159 000,00 €;85;Aveiro;Apartments
8202;T3;160 000,00 €;90;Set??bal;Apartments
8203;T3;650 000,00 €;155;Porto;Apartments
8204;T3;253 000,00 €;123;Porto;Apartments
8205;T2;180 500,00 €;85;Lisboa;Apartments
8206;T4;2 474 027,00 €;326;Porto;Apartments
8207;T1;190 000,00 €;58;Viana do Castelo;Apartments
8208;T3;240 000,00 €;156;Porto;Apartments
8209;T3;250 000,00 €;130;Porto;Apartments
821;T2;385 400,00 €;97;Porto;Apartments
8210;T3;560 000,00 €;159.17;Porto;Apartments
8211;T2;265 000,00 €;100.75;Faro;Apartments
8212;T3;542 430,00 €;120.54;Porto;Apartments
8213;T2;304 500,00 €;85;Faro;Apartments
8214;T2;163 500,00 €;81;Lisboa;Apartments
8215;T2;985 000,00 €;115.85;Lisboa;Apartments
8216;T2;985 000,00 €;115.95;Lisboa;Apartments
8217;T2;950 000,00 €;115.85;Lisboa;Apartments
8218;T2;880 000,00 €;115.85;Lisboa;Apartments
8219;T2;810 000,00 €;116;Lisboa;Apartments
822;T2;270 000,00 €;90;Porto;Apartments
8220;T1;450 000,00 €;56;Lisboa;Apartments
8221;T4;480 000,00 €;183.48;Aveiro;Apartments
8222;T4;598 000,00 €;196.86;Porto;Apartments
8224;T2;290 900,00 €;86;Porto;Apartments
8225;T2;280 000,00 €;75;Porto;Apartments
8226;T3;235 000,00 €;126.50;Viana do Castelo;Apartments
8227;T1;243 000,00 €;65.79;Porto;Apartments
8228;T3;380 000,00 €;145;Set??bal;Apartments
8229;T0;430 000,00 €;73;Porto;Apartments
823;T2;307 500,00 €;99.50;Faro;Apartments
8231;T3;449 000,00 €;118;Lisboa;Apartments
8232;T2;390 000,00 €;80.86;Faro;Apartments
8233;T3;529 000,00 €;107;Leiria;Apartments
8234;T1;137 500,00 €;45;Lisboa;Apartments
8235;T2;425 000,00 €;120.80;Porto;Apartments
8236;T3;375 000,00 €;106;Leiria;Apartments
8237;T2;239 500,00 €;74;Leiria;Apartments
8238;T1;280 000,00 €;51.80;Porto;Apartments
8239;T3;336 000,00 €;129;Aveiro;Apartments
824;T2;230 000,00 €;87.20;Porto;Apartments
8240;T2;289 900,00 €;83;Porto;Apartments
8241;T2;175 000,00 €;77.10;Porto;Apartments
8242;T2;411 645,00 €;84.45;Porto;Apartments
8243;T3;576 030,00 €;120.54;Porto;Apartments
8244;T2;369 600,00 €;78.62;Porto;Apartments
8245;T2;527 988,00 €;115;Porto;Apartments
8246;T2;335 988,00 €;89;Porto;Apartments
8247;T2;359 988,00 €;63;Porto;Apartments
8248;T3;255 000,00 €;115.50;Porto;Apartments
8249;T3;545 000,00 €;102;Porto;Apartments
825;T2;230 000,00 €;74.80;Porto;Apartments
8251;T5;459 500,00 €;140;Porto;Apartments
8252;T3;220 000,00 €;102;Porto;Apartments
8253;T4;850 000,00 €;189;Lisboa;Apartments
8254;T3;1 550 000,00 €;139;Lisboa;Apartments
8255;T4;1 025 330,00 €;236;Porto;Apartments
8256;T2;350 000,00 €;86.95;Lisboa;Apartments
8257;T2;950 000,00 €;115.95;Lisboa;Apartments
8258;T3;345 290,00 €;146;Porto;Apartments
8259;T1;249 000,00 €;85;Faro;Apartments
826;T3;399 000,00 €;150;Braga;Apartments
8260;T2;285 000,00 €;77.70;Porto;Apartments
8261;T2;840 000,00 €;115.85;Lisboa;Apartments
8262;T2;780 000,00 €;115.85;Lisboa;Apartments
8263;T1;170 000,00 €;79.10;Porto;Apartments
8264;T2;140 000,00 €;77;Coimbra;Apartments
8265;T2;335 000,00 €;95;Faro;Apartments
8266;T2;285 900,00 €;86;Porto;Apartments
8267;T2;295 900,00 €;82.80;Porto;Apartments
8268;T1;160 000,00 €;74;Porto;Apartments
8269;T1;198 000,00 €;58;Faro;Apartments
827;T1;175 000,00 €;43;Faro;Apartments
8270;T3;285 000,00 €;102;Set??bal;Apartments
8271;T2;310 000,00 €;77;Porto;Apartments
8272;T3;336 000,00 €;148.06;Aveiro;Apartments
8273;T3;445 000,00 €;135.84;Lisboa;Apartments
8274;T3;435 000,00 €;135.84;Lisboa;Apartments
8275;T2;198 000,00 €;72;Faro;Apartments
8276;T1;430 000,00 €;56;Lisboa;Apartments
8277;T3;615 000,00 €;134;Porto;Apartments
8278;T3;259 500,00 €;74;Porto;Apartments
8279;T2;798 000,00 €;131;Set??bal;Apartments
828;T3;200 000,00 €;100;Braga;Apartments
8281;T2;270 000,00 €;73;Porto;Apartments
8282;T2;362 200,00 €;99.80;Porto;Apartments
8283;T3;462 000,00 €;113.80;Porto;Apartments
8284;T4;550 000,00 €;158.50;Porto;Apartments
8286;T5;277 000,00 €;89;Porto;Apartments
8287;T3;1 690 000,00 €;210;Lisboa;Apartments
8288;T4;1 025 330,00 €;236;Porto;Apartments
8289;T2;215 000,00 €;83;Porto;Apartments
829;T2;210 000,00 €;90;Set??bal;Apartments
8290;T2;185 000,00 €;64.92;Faro;Apartments
8291;T3;385 000,00 €;107;Leiria;Apartments
8292;T2;255 000,00 €;76;Porto;Apartments
8293;T3;210 000,00 €;104;Porto;Apartments
8294;T3;1 080 000,00 €;118;Lisboa;Apartments
8295;T1;300 000,00 €;41.80;Porto;Apartments
8296;T4;1 025 000,00 €;158.80;Porto;Apartments
8297;T3;314 000,00 €;126;Porto;Apartments
8298;T3;650 000,00 €;177.27;Lisboa;Apartments
8299;T2;310 900,00 €;85.50;Porto;Apartments
83;T2;169 500,00 €;90;Leiria;Apartments
830;T3;348 500,00 €;103.50;Faro;Apartments
8300;T2;258 000,00 €;81;Aveiro;Apartments
8301;T3;435 000,00 €;136;Lisboa;Apartments
8302;T3;650 000,00 €;177.27;Lisboa;Apartments
8303;T3;670 000,00 €;145;Faro;Apartments
8304;T2;275 000,00 €;92;Porto;Apartments
8305;T2;275 000,00 €;92;Porto;Apartments
8306;T2;480 000,00 €;162;Lisboa;Apartments
8307;T2;530 000,00 €;120;Lisboa;Apartments
8308;T3;185 000,00 €;96;Porto;Apartments
8309;T3;207 500,00 €;93;Porto;Apartments
831;T1;160 000,00 €;72.30;Aveiro;Apartments
8310;T3;265 000,00 €;140;Santar?©m;Apartments
8311;T3;1 320 000,00 €;175.53;Porto;Apartments
8312;T3;1 215 000,00 €;155.71;Porto;Apartments
8313;T2;745 000,00 €;121.10;Lisboa;Apartments
8314;T3;325 800,00 €;137.70;Porto;Apartments
8315;T2;294 750,00 €;100.70;Porto;Apartments
8316;T2;260 800,00 €;93.90;Porto;Apartments
8317;T2;313 200,00 €;112;Porto;Apartments
8318;T2;251 300,00 €;95.70;Porto;Apartments
8319;T2;283 500,00 €;93.80;Porto;Apartments
832;T2;220 000,00 €;109;Porto;Apartments
8320;T2;256 200,00 €;95.80;Porto;Apartments
8321;T2;281 250,00 €;110;Porto;Apartments
8322;T3;338 800,00 €;137.70;Porto;Apartments
8323;T2;281 400,00 €;110;Porto;Apartments
8324;T2;266 400,00 €;95.80;Porto;Apartments
8325;T2;246 200,00 €;93.90;Porto;Apartments
8326;T2;293 100,00 €;101.20;Porto;Apartments
8327;T3;327 900,00 €;135.60;Porto;Apartments
8328;T3;332 100,00 €;137.70;Porto;Apartments
8329;T3;392 850,00 €;153.20;Porto;Apartments
833;T3;269 900,00 €;108;Set??bal;Apartments
8330;T2;306 700,00 €;100.20;Porto;Apartments
8331;T3;341 100,00 €;135.60;Porto;Apartments
8334;T3;165 000,00 €;90;Braga;Apartments
8335;T1;270 000,00 €;71;Faro;Apartments
8336;T1;445 000,00 €;94.46;Faro;Apartments
8337;T3;375 000,00 €;102;Porto;Apartments
8338;T2;325 000,00 €;109.06;Porto;Apartments
8339;T3;439 000,00 €;118;Lisboa;Apartments
834;T2;195 000,00 €;77;Porto;Apartments
8340;T3;960 000,00 €;148;Porto;Apartments
8341;T2;499 000,00 €;67.98;Lisboa;Apartments
8342;T4;350 000,00 €;105;Lisboa;Apartments
8343;T3;330 000,00 €;169;Lisboa;Apartments
8344;T3;749 900,00 €;119;Lisboa;Apartments
8345;T0;225 000,00 €;51;Porto;Apartments
835;T3;500 000,00 €;127;Lisboa;Apartments
8352;T1;310 000,00 €;41.80;Porto;Apartments
8358;T2;194 000,00 €;100;Lisboa;Apartments
8364;T1;179 900,00 €;42;Faro;Apartments
8365;T1;535 000,00 €;85;Lisboa;Apartments
837;T4;259 900,00 €;150;Braga;Apartments
8378;T2;230 000,00 €;73;Porto;Apartments
8379;T2;290 900,00 €;86;Porto;Apartments
838;T1;194 900,00 €;68.38;Porto;Apartments
8380;T3;380 000,00 €;108;Porto;Apartments
8381;T2;310 000,00 €;81.82;Faro;Apartments
8382;T3;205 000,00 €;101;Aveiro;Apartments
8383;T2;285 900,00 €;86;Porto;Apartments
8384;T1;220 900,00 €;64.30;Porto;Apartments
8385;T3;310 000,00 €;89;Lisboa;Apartments
8386;T2;285 900,00 €;82.80;Porto;Apartments
8387;T2;850 000,00 €;82;Lisboa;Apartments
8389;T3;565 000,00 €;128;Porto;Apartments
839;T2;270 000,00 €;90;Lisboa;Apartments
8390;T2;289 900,00 €;86;Porto;Apartments
8391;T0;202 873,00 €;39.10;Porto;Apartments
8392;T0;220 536,00 €;55.10;Porto;Apartments
8393;T0;206 340,00 €;51.60;Porto;Apartments
8394;T0;175 982,00 €;39.10;Porto;Apartments
8395;T0;231 575,00 €;48.60;Porto;Apartments
8396;T1;239 540,00 €;59.90;Porto;Apartments
8397;T2;295 000,00 €;86;Porto;Apartments
8398;T2;150 000,00 €;100;Braga;Apartments
8399;T1;130 000,00 €;80;Braga;Apartments
84;T3;315 000,00 €;125;Coimbra;Apartments
840;T4;620 500,00 €;160;Porto;Apartments
8400;T3;280 000,00 €;81;Faro;Apartments
8401;T3;265 000,00 €;113;Porto;Apartments
8403;T2;460 000,00 €;89;Porto;Apartments
8404;T2;480 000,00 €;64;Lisboa;Apartments
8405;T2;230 000,00 €;84.80;Porto;Apartments
8406;T2;710 000,00 €;97.70;Lisboa;Apartments
8407;T3;1 200 000,00 €;207.80;Lisboa;Apartments
8408;T2;760 000,00 €;123.40;Lisboa;Apartments
8409;T2;720 000,00 €;109.30;Lisboa;Apartments
841;T4;620 500,00 €;150;Porto;Apartments
8410;T0;325 000,00 €;43.10;Lisboa;Apartments
8411;T2;740 000,00 €;111.20;Lisboa;Apartments
8412;T0;320 000,00 €;38.70;Lisboa;Apartments
8413;T0;310 000,00 €;36.80;Lisboa;Apartments
8414;T0;315 000,00 €;40.30;Lisboa;Apartments
8415;T2;730 000,00 €;111.80;Lisboa;Apartments
8416;T1;500 000,00 €;63.20;Lisboa;Apartments
8417;T1;460 000,00 €;52.90;Lisboa;Apartments
8418;T2;690 000,00 €;97.60;Lisboa;Apartments
8419;T1;530 000,00 €;79.90;Lisboa;Apartments
842;T3;550 000,00 €;135;Porto;Apartments
8420;T2;720 000,00 €;120.30;Lisboa;Apartments
8422;T1;450 000,00 €;58.40;Lisboa;Apartments
8423;T1;520 000,00 €;87;Lisboa;Apartments
8424;T1;490 000,00 €;68.50;Lisboa;Apartments
8425;T2;680 000,00 €;109;Lisboa;Apartments
8426;T2;710 000,00 €;121.10;Lisboa;Apartments
8427;T1;480 000,00 €;63.40;Lisboa;Apartments
8428;T1;520 000,00 €;80.90;Lisboa;Apartments
8429;T2;640 000,00 €;101.60;Lisboa;Apartments
843;T4;299 000,00 €;190;Coimbra;Apartments
8430;T1;440 000,00 €;52.40;Lisboa;Apartments
8431;T2;700 000,00 €;119.20;Lisboa;Apartments
8432;T1;470 000,00 €;69.10;Lisboa;Apartments
8433;T1;510 000,00 €;80.90;Lisboa;Apartments
8434;T2;700 000,00 €;107.90;Lisboa;Apartments
8435;T2;720 000,00 €;130.70;Lisboa;Apartments
8436;T1;490 000,00 €;75.10;Lisboa;Apartments
8437;T1;500 000,00 €;80.90;Lisboa;Apartments
8438;T1;440 000,00 €;74.80;Lisboa;Apartments
8439;T2;700 000,00 €;117.30;Lisboa;Apartments
844;T2;270 000,00 €;97;Ilha de S?£o Miguel;Apartments
8440;T1;550 000,00 €;68.90;Lisboa;Apartments
8441;T2;310 900,00 €;85.50;Porto;Apartments
8442;T2;295 900,00 €;82.80;Porto;Apartments
8443;T2;290 900,00 €;86;Porto;Apartments
8444;T2;295 900,00 €;86;Porto;Apartments
8445;T2;299 900,00 €;85.50;Porto;Apartments
8446;T2;285 900,00 €;82.80;Porto;Apartments
8447;T2;289 900,00 €;86;Porto;Apartments
8448;T2;840 000,00 €;141;Lisboa;Apartments
8449;T2;985 000,00 €;116;Lisboa;Apartments
845;T2;280 000,00 €;88;Lisboa;Apartments
8450;T2;780 000,00 €;116;Lisboa;Apartments
8452;T3;330 000,00 €;128;Porto;Apartments
8453;T3;930 000,00 €;127.32;Porto;Apartments
8454;T2;365 000,00 €;86.29;Porto;Apartments
8455;T0;393 000,00 €;50.70;Lisboa;Apartments
8456;T1;428 000,00 €;59.71;Lisboa;Apartments
8457;T3;478 000,00 €;125.45;Set??bal;Apartments
8458;T3;480 000,00 €;125.45;Set??bal;Apartments
8459;T2;368 000,00 €;93.60;Set??bal;Apartments
846;T3;167 000,00 €;85;Set??bal;Apartments
8460;T5;3 765 000,00 €;270;Lisboa;Apartments
8462;T2;210 000,00 €;80;Porto;Apartments
8463;T1;399 000,00 €;49;Lisboa;Apartments
8464;T3;2 880 000,00 €;149;Lisboa;Apartments
8465;T3;980 000,00 €;160;Lisboa;Apartments
8466;T3;99 000,00 €;92;Coimbra;Apartments
8467;T2;495 000,00 €;98.30;Porto;Apartments
8468;T2;1 180 000,00 €;116;Lisboa;Apartments
8469;T3;425 000,00 €;140;Aveiro;Apartments
847;T1;330 000,00 €;58;Lisboa;Apartments
8470;T1;190 000,00 €;49;Porto;Apartments
8471;T3;1 200 000,00 €;109;Lisboa;Apartments
8472;T2;475 000,00 €;112;Porto;Apartments
8473;T2;950 000,00 €;116;Lisboa;Apartments
8474;T2;745 000,00 €;142;Lisboa;Apartments
8475;T2;290 000,00 €;80;Lisboa;Apartments
8476;T2;295 000,00 €;85;Lisboa;Apartments
8477;T3;365 000,00 €;115;Lisboa;Apartments
8478;T2;160 000,00 €;50;Lisboa;Apartments
8479;T1;399 900,00 €;61;Lisboa;Apartments
848;T3;698 000,00 €;287.85;Set??bal;Apartments
8480;T5;1 398 000,00 €;185;Porto;Apartments
8481;T3;279 500,00 €;70;Porto;Apartments
8482;T2;308 900,00 €;96;Porto;Apartments
8483;T3;2 100 000,00 €;202;Faro;Apartments
8484;T2;380 000,00 €;96;Faro;Apartments
8485;T4;830 000,00 €;98;Faro;Apartments
8486;T1;254 540,00 €;59.90;Porto;Apartments
8487;T0;233 564,00 €;54.60;Porto;Apartments
8488;T1;239 540,00 €;59.90;Porto;Apartments
8489;T1;239 184,00 €;59.80;Porto;Apartments
849;T2;170 000,00 €;101;Braga;Apartments
8490;T1;254 184,00 €;59.80;Porto;Apartments
8491;T1;254 540,00 €;59.90;Porto;Apartments
8492;T2;120 000,00 €;64;Set??bal;Apartments
8493;T2;149 900,00 €;79;Porto;Apartments
8494;T2;395 000,00 €;108.15;Lisboa;Apartments
8495;T1;399 900,00 €;64;Lisboa;Apartments
8496;T2;429 900,00 €;75;Lisboa;Apartments
8497;T1;349 900,00 €;44;Lisboa;Apartments
8498;T3;575 000,00 €;122;Lisboa;Apartments
8499;T3;279 500,00 €;77;Porto;Apartments
85;T3;270 000,00 €;119;Faro;Apartments
850;T2;235 000,00 €;111;Set??bal;Apartments
8500;T3;259 500,00 €;74;Porto;Apartments
8501;T2;270 000,00 €;73;Lisboa;Apartments
8502;T3;167 000,00 €;84;Lisboa;Apartments
8504;T1;179 000,00 €;50.90;Porto;Apartments
8506;T2;750 000,00 €;77.05;Lisboa;Apartments
8507;T1;1 300 000,00 €;129;Lisboa;Apartments
8508;T4;880 000,00 €;172.91;Porto;Apartments
8509;T3;805 000,00 €;156.86;Porto;Apartments
851;T3;760 000,00 €;198;Porto;Apartments
8510;T3;735 000,00 €;143.63;Porto;Apartments
8511;T4;940 000,00 €;179.91;Porto;Apartments
8512;T2;225 000,00 €;67.30;Porto;Apartments
8513;T2;215 000,00 €;67.30;Porto;Apartments
8514;T2;220 000,00 €;76.70;Porto;Apartments
8515;T4;4 500 000,00 €;207;Lisboa;Apartments
8516;T0;400 000,00 €;82;Porto;Apartments
8517;T2;365 000,00 €;85;Porto;Apartments
8518;T3;1 141 000,00 €;130;Lisboa;Apartments
8519;T3;758 363,00 €;150.90;Porto;Apartments
852;T2;315 000,00 €;117.40;Porto;Apartments
8520;T3;842 000,00 €;150;Porto;Apartments
8521;T3;942 000,00 €;150;Porto;Apartments
8522;T3;550 000,00 €;311;Porto;Apartments
8523;T2;399 900,00 €;42;Lisboa;Apartments
8524;T4;417 500,00 €;94;Lisboa;Apartments
8525;T5;1 150 000,00 €;166;Lisboa;Apartments
8526;T2;279 282,00 €;58.75;Set??bal;Apartments
8527;T3;429 900,00 €;45;Lisboa;Apartments
8528;T2;665 500,00 €;115;Porto;Apartments
8529;T2;295 000,00 €;76;Aveiro;Apartments
853;T1;170 000,00 €;38;Lisboa;Apartments
8530;T3;370 000,00 €;110;Aveiro;Apartments
8531;T1;278 807,00 €;59.90;Porto;Apartments
8532;T1;278 451,00 €;59.80;Porto;Apartments
8533;T1;304 687,00 €;66.20;Porto;Apartments
8534;T1;304 327,00 €;66.10;Porto;Apartments
8535;T2;900 000,00 €;110;Lisboa;Apartments
8536;T1;349 900,00 €;44;Lisboa;Apartments
8537;T2;310 000,00 €;107.10;Faro;Apartments
8538;T1;155 000,00 €;86;Aveiro;Apartments
8539;T3;326 000,00 €;110;Porto;Apartments
854;T2;160 000,00 €;69;Coimbra;Apartments
8540;T3;1 100 000,00 €;146.30;Lisboa;Apartments
8541;T3;400 000,00 €;107;Leiria;Apartments
8544;T5;4 500 000,00 €;358;Lisboa;Apartments
8545;T1;399 000,00 €;49;Lisboa;Apartments
8546;T3;1 055 000,00 €;143;Lisboa;Apartments
8547;T2;745 000,00 €;121;Lisboa;Apartments
8548;T3;995 000,00 €;131;Lisboa;Apartments
8549;T3;750 000,00 €;114.80;Porto;Apartments
855;T3;565 000,00 €;103.40;Porto;Apartments
8550;T3;1 700 000,00 €;250;Lisboa;Apartments
8551;T2;780 000,00 €;116;Lisboa;Apartments
8552;T2;810 000,00 €;116;Lisboa;Apartments
8553;T1;470 000,00 €;56;Lisboa;Apartments
8554;T1;480 000,00 €;60;Lisboa;Apartments
8555;T1;560 000,00 €;58;Lisboa;Apartments
8556;T1;560 000,00 €;61;Lisboa;Apartments
8557;T1;550 000,00 €;56;Lisboa;Apartments
8558;T1;540 000,00 €;61;Lisboa;Apartments
8559;T2;985 000,00 €;116;Lisboa;Apartments
856;T3;169 000,00 €;102;Leiria;Apartments
8560;T2;915 000,00 €;116;Lisboa;Apartments
8561;T2;950 000,00 €;116;Lisboa;Apartments
8562;T2;840 000,00 €;116;Lisboa;Apartments
8563;T1;530 000,00 €;56;Lisboa;Apartments
8564;T2;880 000,00 €;116;Lisboa;Apartments
8565;T2;845 000,00 €;116;Lisboa;Apartments
8566;T1;510 000,00 €;56;Lisboa;Apartments
8567;T2;810 000,00 €;115.85;Lisboa;Apartments
8568;T4;1 400 000,00 €;164.10;Porto;Apartments
8569;T4;1 450 000,00 €;181.20;Porto;Apartments
857;T2;380 000,00 €;129;Ilha de S?£o Miguel;Apartments
8570;T3;735 000,00 €;133.60;Porto;Apartments
8571;T1;310 000,00 €;41.80;Porto;Apartments
8572;T3;750 000,00 €;130.40;Porto;Apartments
8573;T2;475 000,00 €;89;Porto;Apartments
8574;T2;495 000,00 €;98.30;Porto;Apartments
8575;T3;705 000,00 €;135.70;Porto;Apartments
8576;T4;850 000,00 €;145.10;Porto;Apartments
8577;T2;198 000,00 €;80;Porto;Apartments
8578;T1;300 000,00 €;41.80;Porto;Apartments
8579;T3;650 000,00 €;133.70;Porto;Apartments
858;T2;185 000,00 €;94;Lisboa;Apartments
8580;T3;660 000,00 €;1 337;Porto;Apartments
8581;T2;278 900,00 €;82;Porto;Apartments
8582;T1;204 900,00 €;70;Porto;Apartments
8583;T1;174 900,00 €;58;Porto;Apartments
8584;T4;825 000,00 €;145.10;Porto;Apartments
8585;T2;299 900,00 €;89;Porto;Apartments
8586;T2;289 900,00 €;82;Porto;Apartments
8587;T2;278 000,00 €;75;Set??bal;Apartments
8588;T3;269 000,00 €;126.80;Porto;Apartments
8589;T3;419 900,00 €;130;Porto;Apartments
859;T4;445 000,00 €;115;Braga;Apartments
8590;T1;390 000,00 €;72;Porto;Apartments
8591;T1;450 000,00 €;58.40;Lisboa;Apartments
8592;T3;279 500,00 €;59.85;Porto;Apartments
8593;T1;175 000,00 €;63;Leiria;Apartments
8594;T3;530 450,00 €;135;Porto;Apartments
8595;T1;329 600,00 €;87;Porto;Apartments
8596;T4; Pre?ßosobconsulta ;157.30;Porto;Apartments
8597;T5;1 398 000,00 €;185;Porto;Apartments
8598;T3;270 000,00 €;106.61;Faro;Apartments
8599;T3;699 000,00 €;172;Porto;Apartments
86;T4;350 000,00 €;98;Lisboa;Apartments
860;T3;440 000,00 €;119;Lisboa;Apartments
8600;T3;370 000,00 €;110;Aveiro;Apartments
8601;T3;349 000,00 €;122;Porto;Apartments
8602;T3;220 000,00 €;119;Set??bal;Apartments
8603;T1;399 000,00 €;65;Lisboa;Apartments
8604;T4;4 089 191,00 €;258.63;Lisboa;Apartments
8605;T3;3 496 759,00 €;231.58;Lisboa;Apartments
8606;T3;2 798 036,00 €;181.22;Lisboa;Apartments
8607;T4;3 936 889,00 €;258.63;Lisboa;Apartments
8608;T3;3 191 073,00 €;231.58;Lisboa;Apartments
8609;T4;3 534 577,00 €;258.63;Lisboa;Apartments
861;T2;539 000,00 €;106;Lisboa;Apartments
8610;T2;2 999 700,00 €;182;Lisboa;Apartments
8611;T2;2 242 891,00 €;141.83;Lisboa;Apartments
8612;T3;2 620 219,00 €;172.61;Lisboa;Apartments
8613;T3;820 000,00 €;133.47;Porto;Apartments
8614;T2;255 000,00 €;306;Braga;Apartments
8615;T2;325 000,00 €;94;Faro;Apartments
8616;T2;375 000,00 €;90;Porto;Apartments
8617;T2;147 000,00 €;44;Set??bal;Apartments
8618;T3;807 000,00 €;154;Porto;Apartments
8619;T5;425 000,00 €;251;Coimbra;Apartments
862;T0;230 000,00 €;56.80;Porto;Apartments
8620;T3;265 000,00 €;124;Porto;Apartments
8621;T2;500 000,00 €;91;Lisboa;Apartments
8622;T3;179 000,00 €;93;Porto;Apartments
8623;T2;160 000,00 €;90;Porto;Apartments
8624;T2;2 554 794,00 €;176;Lisboa;Apartments
8625;T2;4 069 013,00 €;231.46;Lisboa;Apartments
8626;T4;4 503 569,00 €;258.63;Lisboa;Apartments
8627;T3;4 216 832,00 €;232.26;Lisboa;Apartments
8628;T3;342 000,00 €;148;Aveiro;Apartments
8629;T3;336 000,00 €;150;Aveiro;Apartments
863;T3;445 000,00 €;126;Lisboa;Apartments
8630;T4;528 000,00 €;191;Aveiro;Apartments
8631;T4;480 000,00 €;184;Aveiro;Apartments
8632;T2;1 275 000,00 €;529;Faro;Apartments
8633;T1;415 000,00 €;86;Faro;Apartments
8634;T3;905 000,00 €;196;Faro;Apartments
8635;T1;395 000,00 €;95;Faro;Apartments
8636;T2;619 000,00 €;115;Faro;Apartments
8637;T2;985 000,00 €;115;Lisboa;Apartments
8638;T2;300 000,00 €;120;Porto;Apartments
8639;T3;174 900,00 €;110;Porto;Apartments
864;T3;605 000,00 €;130.80;Faro;Apartments
8640;T3;366 000,00 €;148.06;Aveiro;Apartments
8641;T3;259 900,00 €;101;Lisboa;Apartments
8642;T4;324 500,00 €;175;Porto;Apartments
8643;T5;457 000,00 €;158.85;Faro;Apartments
8644;T1;199 500,00 €;62;Aveiro;Apartments
8645;T3;340 000,00 €;122;Aveiro;Apartments
8646;T1;172 500,00 €;81;Braga;Apartments
8647;T1;350 000,00 €;46;Lisboa;Apartments
8648;T3;269 500,00 €;117.60;Faro;Apartments
8649;T2;529 900,00 €;104;Lisboa;Apartments
865;T3;425 000,00 €;133;Porto;Apartments
8650;T0;499 800,00 €;81;Lisboa;Apartments
8651;T2;165 000,00 €;82;Porto;Apartments
8652;T3;1 590 000,00 €;129.90;Lisboa;Apartments
8653;T1;180 000,00 €;111.33;Braga;Apartments
8654;T3;3 770 646,00 €;326.67;Lisboa;Apartments
8655;T2;2 336 908,00 €;197.80;Lisboa;Apartments
8656;T2;2 199 793,00 €;177.30;Lisboa;Apartments
8657;T4;780 000,00 €;190;Set??bal;Apartments
8658;T3;138 000,00 €;88.86;Braga;Apartments
8659;T3;690 000,00 €;160;Set??bal;Apartments
866;T2;441 000,00 €;107.34;Faro;Apartments
8660;T3;450 000,00 €;130;Set??bal;Apartments
8661;T0;160 000,00 €;38.13;Faro;Apartments
8662;T2;380 000,00 €;122;Lisboa;Apartments
8663;T3;317 500,00 €;112;Porto;Apartments
8664;T1;175 000,00 €;43;Faro;Apartments
8665;T1;175 000,00 €;43;Faro;Apartments
8666;T1;175 000,00 €;43;Faro;Apartments
8667;T1;175 000,00 €;43;Faro;Apartments
8668;T1;175 000,00 €;43;Faro;Apartments
8669;T1;175 000,00 €;43;Faro;Apartments
867;T3;587 500,00 €;122.15;Faro;Apartments
8670;T1;175 000,00 €;43;Faro;Apartments
8671;T1;175 000,00 €;43;Faro;Apartments
8672;T1;175 000,00 €;43;Faro;Apartments
8673;T1;175 000,00 €;43;Faro;Apartments
8674;T1;175 000,00 €;43;Faro;Apartments
8675;T4;300 000,00 €;162;Set??bal;Apartments
8676;T1;147 500,00 €;69;Lisboa;Apartments
8677;T2;300 000,00 €;101.01;Porto;Apartments
8678;T2;255 000,00 €;97.32;Porto;Apartments
8679;T3;270 000,00 €;111.30;Coimbra;Apartments
868;T2;369 000,00 €;99.10;Faro;Apartments
8680;T3;764 000,00 €;154;Porto;Apartments
8681;T2;205 000,00 €;93.70;Porto;Apartments
8682;T1;210 000,00 €;52.33;Porto;Apartments
8683;T2;275 900,00 €;82;Porto;Apartments
8684;T2;375 000,00 €;114;Porto;Apartments
8687;T5;970 000,00 €;180;Lisboa;Apartments
8688;T3;1 200 000,00 €;185.50;Lisboa;Apartments
8689;T3;1 200 000,00 €;185.50;Lisboa;Apartments
869;T2;320 000,00 €;111;Faro;Apartments
8690;T3;785 000,00 €;138.46;Porto;Apartments
8691;T0;169 000,00 €;39;Porto;Apartments
8692;T1;470 000,00 €;56;Lisboa;Apartments
8693;T1;480 000,00 €;60;Lisboa;Apartments
8694;T2;845 000,00 €;116;Lisboa;Apartments
8695;T2;880 000,00 €;116;Lisboa;Apartments
8696;T2;915 000,00 €;116;Lisboa;Apartments
8697;T1;510 000,00 €;56;Lisboa;Apartments
8698;T1;530 000,00 €;56;Lisboa;Apartments
8699;T1;540 000,00 €;60;Lisboa;Apartments
87;T3;215 000,00 €;153;Porto;Apartments
870;T2;170 000,00 €;85;Lisboa;Apartments
8700;T2;950 000,00 €;116;Lisboa;Apartments
8701;T1;550 000,00 €;56;Lisboa;Apartments
8702;T1;560 000,00 €;58;Lisboa;Apartments
8703;T1;560 000,00 €;60;Lisboa;Apartments
8704;T2;985 000,00 €;116;Lisboa;Apartments
8705;T2;845 000,00 €;115;Lisboa;Apartments
8706;T2;810 000,00 €;116;Lisboa;Apartments
8707;T2;780 000,00 €;116;Lisboa;Apartments
8708;T2;840 000,00 €;116;Lisboa;Apartments
8709;T3;995 000,00 €;131;Lisboa;Apartments
871;T4;515 000,00 €;148;Lisboa;Apartments
8710;T2;745 000,00 €;121;Lisboa;Apartments
8711;T1;399 000,00 €;49;Lisboa;Apartments
8712;T2;840 000,00 €;97;Lisboa;Apartments
8713;T2;810 000,00 €;94;Lisboa;Apartments
8714;T1;470 000,00 €;46;Lisboa;Apartments
8715;T2;845 000,00 €;94;Lisboa;Apartments
8716;T2;880 000,00 €;94;Lisboa;Apartments
8717;T1;480 000,00 €;48;Lisboa;Apartments
8718;T1;450 000,00 €;47;Lisboa;Apartments
8719;T2;915 000,00 €;94;Lisboa;Apartments
872;T2;280 000,00 €;77;Faro;Apartments
8720;T1;490 000,00 €;47;Lisboa;Apartments
8721;T2;745 000,00 €;102;Lisboa;Apartments
8722;T1;540 000,00 €;48;Lisboa;Apartments
8723;T3;995 000,00 €;110;Lisboa;Apartments
8724;T2;880 000,00 €;94;Lisboa;Apartments
8725;T1;530 000,00 €;47;Lisboa;Apartments
8726;T1;510 000,00 €;46;Lisboa;Apartments
8727;T1;560 000,00 €;49;Lisboa;Apartments
8728;T2;915 000,00 €;94;Lisboa;Apartments
8729;T1;430 000,00 €;46;Lisboa;Apartments
873;T2;260 000,00 €;66;Faro;Apartments
8730;T2;810 000,00 €;94;Lisboa;Apartments
8731;T1;560 000,00 €;50;Lisboa;Apartments
8732;T2;950 000,00 €;94;Lisboa;Apartments
8733;T2;985 000,00 €;97;Lisboa;Apartments
8734;T1;550 000,00 €;49;Lisboa;Apartments
8735;T2;985 000,00 €;97;Lisboa;Apartments
8736;T2;780 000,00 €;94;Lisboa;Apartments
8737;T2;475 000,00 €;112;Porto;Apartments
874;T2;320 000,00 €;112;Faro;Apartments
8743;T2;295 800,00 €;103;Porto;Apartments
8744;T2;285 600,00 €;103;Porto;Apartments
8745;T2;280 000,00 €;96;Aveiro;Apartments
8746;T1;560 000,00 €;49;Lisboa;Apartments
8747;T1;550 000,00 €;48;Lisboa;Apartments
8748;T1;510 000,00 €;48;Lisboa;Apartments
8749;T1;490 000,00 €;48;Lisboa;Apartments
875;T2;331 500,00 €;117.50;Porto;Apartments
8750;T1;530 000,00 €;48;Lisboa;Apartments
8751;T1;470 000,00 €;48;Lisboa;Apartments
8752;T1;399 000,00 €;42;Lisboa;Apartments
8753;T3;995 000,00 €;111;Lisboa;Apartments
8754;T2;985 000,00 €;99;Lisboa;Apartments
8755;T2;810 000,00 €;99;Lisboa;Apartments
8756;T2;780 000,00 €;99;Lisboa;Apartments
8757;T2;745 000,00 €;103;Lisboa;Apartments
8758;T2;880 000,00 €;99;Lisboa;Apartments
8759;T2;880 000,00 €;99;Lisboa;Apartments
876;T3;219 900,00 €;116;Braga;Apartments
8760;T1;560 000,00 €;51;Lisboa;Apartments
8761;T1;480 000,00 €;51;Lisboa;Apartments
8762;T2;915 000,00 €;99;Lisboa;Apartments
8763;T2;845 000,00 €;99;Lisboa;Apartments
8764;T2;950 000,00 €;99;Lisboa;Apartments
8765;T1;540 000,00 €;51;Lisboa;Apartments
8766;T2;300 900,00 €;108;Porto;Apartments
8767;T2;270 300,00 €;103;Porto;Apartments
8768;T2;275 400,00 €;103;Porto;Apartments
8769;T3;180 000,00 €;93;Porto;Apartments
877;T2;470 000,00 €;130.74;Porto;Apartments
8770;T2;288 000,00 €;81;Faro;Apartments
8771;T3;215 000,00 €;138.70;Leiria;Apartments
8773;T2;180 000,00 €;91;Lisboa;Apartments
8774;T3;249 900,00 €;149;Lisboa;Apartments
8775;T1;315 000,00 €;50;Leiria;Apartments
8776;T2;755 000,00 €;121;Lisboa;Apartments
8777;T4;1 844 242,00 €;291;Porto;Apartments
8778;T2;299 500,00 €;72;Leiria;Apartments
8779;T3;169 000,00 €;110;Coimbra;Apartments
878;T2;185 000,00 €;85;Lisboa;Apartments
8780;T3;365 000,00 €;137;Porto;Apartments
8781;T2;250 000,00 €;90;Porto;Apartments
8782;T1;197 500,00 €;60;Porto;Apartments
8783;T4;595 000,00 €;117;Aveiro;Apartments
8784;T3;460 000,00 €;105;Aveiro;Apartments
8785;T3;390 000,00 €;100;Aveiro;Apartments
8786;T3;310 000,00 €;82;Aveiro;Apartments
8787;T0;170 000,00 €;33;Porto;Apartments
8788;T2;295 000,00 €;82;Porto;Apartments
8789;T1;161 000,00 €;62;Faro;Apartments
879;T3;485 000,00 €;131;Aveiro;Apartments
8790;T3;402 000,00 €;101;Aveiro;Apartments
8791;T2;330 000,00 €;86;Aveiro;Apartments
8792;T3;650 000,00 €;128;Porto;Apartments
8793;T3;800 000,00 €;105.05;Lisboa;Apartments
8794;T3;810 000,00 €;105.05;Lisboa;Apartments
8795;T1;160 000,00 €;46.33;Faro;Apartments
8796;T1;150 000,00 €;46.33;Faro;Apartments
8797;T3;1 350 000,00 €;175;Porto;Apartments
8798;T1;260 000,00 €;53.50;Lisboa;Apartments
8799;T1;280 000,00 €;91;Faro;Apartments
88;T3;150 000,00 €;136;Santar?©m;Apartments
880;T0;189 510,00 €;34;Porto;Apartments
8800;T3;195 000,00 €;111;Faro;Apartments
8801;T3;376 686,00 €;85;Set??bal;Apartments
8802;T2;263 250,00 €;62;Set??bal;Apartments
8803;T3;365 715,00 €;85;Set??bal;Apartments
8804;T3;348 300,00 €;85;Set??bal;Apartments
8805;T2;271 148,00 €;62;Set??bal;Apartments
8806;T2;279 282,00 €;62;Set??bal;Apartments
8807;T3;346 940,00 €;83;Set??bal;Apartments
8808;T2;235 000,00 €;73;Braga;Apartments
8809;T2;350 000,00 €;92;Faro;Apartments
881;T4;395 000,00 €;169;Set??bal;Apartments
8810;T3;460 000,00 €;104;Lisboa;Apartments
8811;T3;125 000,00 €;108;Santar?©m;Apartments
8812;T3;269 000,00 €;127;Porto;Apartments
8813;T2;255 000,00 €;72;Faro;Apartments
8814;T2;307 900,00 €;96;Porto;Apartments
8815;T3;366 000,00 €;148;Aveiro;Apartments
8816;T3;348 000,00 €;149;Aveiro;Apartments
8817;T3;372 000,00 €;149;Aveiro;Apartments
8818;T2;198 000,00 €;78;Porto;Apartments
8819;T3;342 000,00 €;148;Aveiro;Apartments
882;T3;145 000,00 €;117.60;Viana do Castelo;Apartments
8820;T4;1 844 242,00 €;291;Porto;Apartments
8821;T3;336 000,00 €;149;Aveiro;Apartments
8822;T3;348 000,00 €;149;Aveiro;Apartments
8823;T3;395 000,00 €;100;Lisboa;Apartments
8824;T3;336 000,00 €;149;Aveiro;Apartments
8825;T1;320 000,00 €;60;Porto;Apartments
8826;T4;528 000,00 €;190;Aveiro;Apartments
8827;T4;480 000,00 €;183;Aveiro;Apartments
8828;T4;528 000,00 €;190;Aveiro;Apartments
8829;T4;480 000,00 €;183;Aveiro;Apartments
883;T2;349 000,00 €;119;Braga;Apartments
8830;T2;265 200,00 €;103;Porto;Apartments
8831;T3;350 000,00 €;118;Porto;Apartments
8832;T3;195 000,00 €;104;Set??bal;Apartments
8833;T1;180 000,00 €;48;Porto;Apartments
8834;T2;495 000,00 €;94;Lisboa;Apartments
8835;T3;595 000,00 €;120;Lisboa;Apartments
8836;T2;420 000,00 €;103;Faro;Apartments
8837;T2;345 000,00 €;110;Faro;Apartments
8838;T2;385 000,00 €;103;Faro;Apartments
8839;T2;380 000,00 €;110;Faro;Apartments
884;T3;180 000,00 €;95;Set??bal;Apartments
8840;T2;495 000,00 €;70;Lisboa;Apartments
8841;T2;375 000,00 €;110;Faro;Apartments
8842;T4;750 000,00 €;160;Lisboa;Apartments
8843;T2;460 000,00 €;145.28;Faro;Apartments
8844;T2;590 000,00 €;94;Faro;Apartments
8845;T2;365 000,00 €;110;Faro;Apartments
8846;T3;400 000,00 €;123;Faro;Apartments
8847;T2;172 500,00 €;55;Lisboa;Apartments
8848;T4;540 000,00 €;218;Castelo Branco;Apartments
8849;T2;220 000,00 €;65;Lisboa;Apartments
885;T2;325 000,00 €;94;Faro;Apartments
8850;T3;229 900,00 €;74;Lisboa;Apartments
8852;T2;275 000,00 €;65;Lisboa;Apartments
8853;T3;385 000,00 €;180;Aveiro;Apartments
8854;T2;495 000,00 €;200;Lisboa;Apartments
8855;T3;1 100 000,00 €;300;Lisboa;Apartments
8856;T3;226 000,00 €;107.10;Aveiro;Apartments
8857;T3;835 000,00 €;175;Porto;Apartments
8859;T2;665 000,00 €;91.05;Lisboa;Apartments
886;T2;204 990,00 €;104;Porto;Apartments
8860;T4;2 828 364,00 €;270;Porto;Apartments
8861;T2;270 000,00 €;78;Porto;Apartments
8862;T2;240 000,00 €;58;Lisboa;Apartments
8863;T2;155 000,00 €;96;Aveiro;Apartments
8864;T3;520 000,00 €;145.50;Faro;Apartments
8865;T3;229 900,00 €;129;Braga;Apartments
8866;T2;193 000,00 €;74;Lisboa;Apartments
8867;T2;530 000,00 €;116.72;Lisboa;Apartments
8868;T3;437 500,00 €;122.77;Lisboa;Apartments
8869;T2;242 000,00 €;92;Viana do Castelo;Apartments
887;T2;242 619,00 €;69.67;Porto;Apartments
8870;T3;485 000,00 €;92;Porto;Apartments
8871;T3;730 000,00 €;138;Lisboa;Apartments
8872;T2;520 000,00 €;138;Porto;Apartments
8873;T2;395 000,00 €;89.90;Aveiro;Apartments
8874;T1;355 000,00 €;90;Lisboa;Apartments
8875;T3;215 000,00 €;78;Lisboa;Apartments
8876;T3;260 000,00 €;100;Faro;Apartments
8877;T0;124 900,00 €;34;Braga;Apartments
8878;T3;330 000,00 €;123;Aveiro;Apartments
8879;T1;420 000,00 €;102;Porto;Apartments
888;T2;154 900,00 €;76;Set??bal;Apartments
8880;T1;225 000,00 €;76;Porto;Apartments
8881;T1;320 000,00 €;60;Porto;Apartments
8882;T1;195 000,00 €;82;Porto;Apartments
8883;T2;240 000,00 €;85;Porto;Apartments
8884;T4;1 100 000,00 €;225;Porto;Apartments
8885;T3;608 000,00 €;143;Porto;Apartments
8886;T2;430 000,00 €;93;Porto;Apartments
8887;T2;191 000,00 €;94.18;Aveiro;Apartments
8888;T3;216 000,00 €;101.18;Aveiro;Apartments
8889;T3;226 000,00 €;105.41;Aveiro;Apartments
889;T1;178 000,00 €;55;Lisboa;Apartments
8890;T3;216 000,00 €;100.36;Aveiro;Apartments
8891;T2;186 000,00 €;68.76;Aveiro;Apartments
8892;T3;515 000,00 €;117;Set??bal;Apartments
8893;T2;695 000,00 €;128;Lisboa;Apartments
8894;T3;235 000,00 €;117;Santar?©m;Apartments
8895;T3;232 500,00 €;117;Santar?©m;Apartments
8896;T0;608 000,00 €;130.70;Porto;Apartments
8897;T3;440 000,00 €;151;Porto;Apartments
8898;T1;395 000,00 €;51;Porto;Apartments
8899;T0;325 000,00 €;42;Porto;Apartments
89;T2;195 000,00 €;75;Lisboa;Apartments
890;T2;185 000,00 €;93;Lisboa;Apartments
8900;T2;245 000,00 €;111.04;Braga;Apartments
8901;T2;1 100 000,00 €;123;Faro;Apartments
8902;T3;1 450 000,00 €;147;Faro;Apartments
8903;T2;245 000,00 €;99.39;Faro;Apartments
8904;T2;257 800,00 €;97.70;Braga;Apartments
8905;T3;209 500,00 €;98;Lisboa;Apartments
8906;T3;295 000,00 €;136.55;Braga;Apartments
8908;T4;1 844 242,00 €;291;Porto;Apartments
8909;T2;289 000,00 €;85;Porto;Apartments
891;T3;650 000,00 €;102;Lisboa;Apartments
8910;T3;250 500,00 €;133;Castelo Branco;Apartments
8911;T3;270 500,00 €;142;Castelo Branco;Apartments
8912;T2;225 000,00 €;83.70;Faro;Apartments
8913;T3;275 500,00 €;154;Castelo Branco;Apartments
8914;T1;172 500,00 €;63;Castelo Branco;Apartments
8915;T2;232 500,00 €;89;Castelo Branco;Apartments
8916;T2;225 000,00 €;84;Castelo Branco;Apartments
8917;T2;227 500,00 €;87;Castelo Branco;Apartments
8918;T1;165 000,00 €;67;Castelo Branco;Apartments
8919;T3;440 000,00 €;140;Braga;Apartments
892;T2;775 000,00 €;112;Faro;Apartments
8920;T3;440 000,00 €;182;Braga;Apartments
8921;T3;780 000,00 €;105.05;Lisboa;Apartments
8922;T3;1 220 000,00 €;105.05;Lisboa;Apartments
8923;T3;250 000,00 €;101;Porto;Apartments
8924;T2;195 000,00 €;66;Porto;Apartments
8925;T0;219 560,00 €;50;Porto;Apartments
8926;T1;265 600,00 €;66;Porto;Apartments
8927;T1;265 200,00 €;66;Porto;Apartments
8928;T0;222 300,00 €;49;Porto;Apartments
8929;T1;490 000,00 €;56;Lisboa;Apartments
893;T2;215 000,00 €;93;Lisboa;Apartments
8930;T1;298 400,00 €;65;Porto;Apartments
8931;T2;725 000,00 €;132.30;Faro;Apartments
8932;T0;205 000,00 €;39;Porto;Apartments
8933;T0;179 550,00 €;40;Porto;Apartments
8934;T0;232 445,00 €;50;Porto;Apartments
8935;T0;199 000,00 €;51;Porto;Apartments
8936;T2;398 000,00 €;144;Porto;Apartments
8937;T1;295 000,00 €;110;Porto;Apartments
8938;T2;670 000,00 €;91.72;Faro;Apartments
8939;T2;485 000,00 €;61.25;Lisboa;Apartments
8940;T3;1 290 000,00 €;157.01;Faro;Apartments
8941;T3;345 000,00 €;138;Porto;Apartments
8942;T2;280 000,00 €;120;Porto;Apartments
8943;T1;194 713,00 €;67;Set??bal;Apartments
8945;T1;365 000,00 €;70.58;Faro;Apartments
8946;T3;810 000,00 €;136;Lisboa;Apartments
8947;T2;735 000,00 €;127.37;Faro;Apartments
8948;T3;820 000,00 €;136;Lisboa;Apartments
8949;T3;800 000,00 €;136;Lisboa;Apartments
895;T2;575 000,00 €;95;Faro;Apartments
8950;T3;790 000,00 €;136;Lisboa;Apartments
8951;T3;770 000,00 €;136;Lisboa;Apartments
8952;T3;760 000,00 €;136;Lisboa;Apartments
8953;T3;780 000,00 €;136;Lisboa;Apartments
8954;T1;261 000,00 €;71;Porto;Apartments
8955;T3;465 000,00 €;92;Porto;Apartments
8956;T1;210 000,00 €;65.48;Faro;Apartments
8957;T3;560 000,00 €;143.50;Porto;Apartments
8958;T2;320 000,00 €;105;Faro;Apartments
8959;T2;550 000,00 €;105;Lisboa;Apartments
896;T3;215 000,00 €;106;Faro;Apartments
8960;T3;299 000,00 €;130;Porto;Apartments
8961;T4;350 000,00 €;175;Porto;Apartments
8962;T1;390 000,00 €;71;Porto;Apartments
8963;T3;780 000,00 €;105.05;Lisboa;Apartments
8964;T3;1 250 000,00 €;105.05;Lisboa;Apartments
8965;T4;650 000,00 €;184.14;Lisboa;Apartments
8966;T2;189 000,00 €;94.18;Aveiro;Apartments
8967;T3;631 250,00 €;154;Porto;Apartments
8968;T3;214 000,00 €;101.18;Aveiro;Apartments
8969;T3;224 000,00 €;107.10;Aveiro;Apartments
897;T2;325 000,00 €;80;Faro;Apartments
8970;T3;218 000,00 €;100.36;Aveiro;Apartments
8971;T2;184 000,00 €;68.76;Aveiro;Apartments
8972;T2;187 000,00 €;94.18;Aveiro;Apartments
8973;T3;216 000,00 €;101.18;Aveiro;Apartments
8974;T3;222 000,00 €;107.10;Aveiro;Apartments
8975;T3;212 000,00 €;100.36;Aveiro;Apartments
8976;T3;222 000,00 €;105.41;Aveiro;Apartments
8977;T2;182 000,00 €;68.76;Aveiro;Apartments
8978;T3;410 000,00 €;114;Lisboa;Apartments
8979;T2;315 000,00 €;90;Lisboa;Apartments
898;T3;295 000,00 €;117.50;Lisboa;Apartments
8980;T2;185 000,00 €;94.18;Aveiro;Apartments
8981;T3;770 000,00 €;105.05;Lisboa;Apartments
8982;T3;770 000,00 €;105.05;Lisboa;Apartments
8983;T3;210 000,00 €;101.18;Aveiro;Apartments
8984;T2;175 000,00 €;80;Porto;Apartments
8985;T3;760 000,00 €;105.05;Lisboa;Apartments
8986;T2;675 000,00 €;91.05;Lisboa;Apartments
8987;T3;635 000,00 €;150.50;Porto;Apartments
8988;T2;115 000,00 €;97.50;Braga;Apartments
8989;T3;220 000,00 €;107;Aveiro;Apartments
899;T1;228 510,00 €;53;Porto;Apartments
8990;T3;210 000,00 €;100.36;Aveiro;Apartments
8991;T2;299 000,00 €;105;Porto;Apartments
8992;T1;390 000,00 €;71;Porto;Apartments
8993;T2;180 000,00 €;68.76;Aveiro;Apartments
8994;T2;183 000,00 €;94.18;Aveiro;Apartments
8995;T2;178 000,00 €;90.07;Aveiro;Apartments
8996;T3;226 000,00 €;105.41;Aveiro;Apartments
8997;T1;320 000,00 €;60;Porto;Apartments
8998;T2;180 000,00 €;68.76;Aveiro;Apartments
8999;T2;185 000,00 €;84.76;Aveiro;Apartments
9;T3;295 000,00 €;154;Lisboa;Apartments
90;T2;135 500,00 €;80.80;Porto;Apartments
900;T1;170 000,00 €;48.21;Lisboa;Apartments
9000;T1;240 000,00 €;59;Porto;Apartments
9002;T2;1 280 000,00 €;146;Lisboa;Apartments
9003;T4;625 000,00 €;196;Porto;Apartments
9004;T1;550 000,00 €;81.60;Lisboa;Apartments
9006;T4;1 340 000,00 €;237.60;Porto;Apartments
9007;T2;229 000,00 €;96;Faro;Apartments
9008;T3;460 000,00 €;145.30;Set??bal;Apartments
9009;T3;460 000,00 €;145.30;Set??bal;Apartments
901;T1;498 000,00 €;57.20;Lisboa;Apartments
9010;T2;445 200,00 €;86.50;Faro;Apartments
9011;T2;455 800,00 €;100.48;Faro;Apartments
9012;T3;598 900,00 €;149;Faro;Apartments
9013;T2;455 800,00 €;86.50;Faro;Apartments
9014;T3;620 100,00 €;149;Faro;Apartments
9015;T3;609 500,00 €;149;Faro;Apartments
9016;T2;434 600,00 €;86.50;Faro;Apartments
9017;T2;424 000,00 €;100.48;Faro;Apartments
9018;T2;445 200,00 €;100.48;Faro;Apartments
9019;T2;128 000,00 €;58;Faro;Apartments
902;T2;780 000,00 €;65.62;Lisboa;Apartments
9020;T2;315 000,00 €;105;Faro;Apartments
9021;T2;330 000,00 €;105;Faro;Apartments
9022;T3;545 000,00 €;102;Porto;Apartments
9023;T2;279 000,00 €;68;Aveiro;Apartments
9025;T4;259 000,00 €;115;Porto;Apartments
9026;T2;365 000,00 €;85;Porto;Apartments
9027;T3;1 650 000,00 €;147;Faro;Apartments
9028;T1;235 000,00 €;59;Faro;Apartments
9029;T2;378 000,00 €;80;Leiria;Apartments
903;T1;210 000,00 €;102;Porto;Apartments
9030;T2;405 000,00 €;112;Lisboa;Apartments
9031;T2;330 000,00 €;114.36;Porto;Apartments
9032;T4;2 600 000,00 €;271;Lisboa;Apartments
9033;T2;264 500,00 €;75;Set??bal;Apartments
9034;T2;225 000,00 €;124;Porto;Apartments
9035;T3;295 000,00 €;122;Faro;Apartments
9036;T3;379 000,00 €;115.30;Faro;Apartments
9037;T3;1 000 000,00 €;155;Lisboa;Apartments
9038;T3;397 500,00 €;108.35;Porto;Apartments
9039;T1;375 000,00 €;70.58;Faro;Apartments
904;T2;515 000,00 €;75;Lisboa;Apartments
9040;T2;277 900,00 €;81.50;Porto;Apartments
9041;T2;308 900,00 €;96;Porto;Apartments
9042;T1;165 900,00 €;55;Porto;Apartments
9043;T3;757 000,00 €;163.50;Porto;Apartments
9044;T5;849 000,00 €;16 115;Lisboa;Apartments
9045;T2;352 775,00 €;105;Porto;Apartments
9046;T2;250 000,00 €;64;Porto;Apartments
9047;T4;1 340 000,00 €;237.60;Porto;Apartments
9048;T3;850 000,00 €;140;Porto;Apartments
9049;T5;1 150 000,00 €;230;Lisboa;Apartments
905;T3;615 000,00 €;134;Porto;Apartments
9050;T3;305 000,00 €;136;Leiria;Apartments
9052;T3;290 000,00 €;116;Faro;Apartments
9053;T3;319 000,00 €;137.62;Aveiro;Apartments
9054;T3;380 000,00 €;143.35;Set??bal;Apartments
9055;T3;365 000,00 €;127;Set??bal;Apartments
9056;T2;315 000,00 €;98.20;Set??bal;Apartments
9057;T2;345 000,00 €;116;Porto;Apartments
9058;T2;295 000,00 €;88;Porto;Apartments
9059;T2;262 000,00 €;93;Porto;Apartments
906;T2;265 000,00 €;83;Porto;Apartments
9060;T2;257 500,00 €;93;Porto;Apartments
9061;T2;262 000,00 €;65;Porto;Apartments
9062;T2;260 000,00 €;94;Porto;Apartments
9063;T2;257 000,00 €;93;Porto;Apartments
9064;T1;205 000,00 €;56;Porto;Apartments
9065;T2;277 000,00 €;105;Porto;Apartments
9066;T2;410 000,00 €;112;Porto;Apartments
9067;T2;275 000,00 €;70;Porto;Apartments
9068;T2;350 000,00 €;119;Porto;Apartments
9069;T2;300 000,00 €;101;Porto;Apartments
907;T3;315 950,00 €;133;Porto;Apartments
9070;T2;255 000,00 €;97;Porto;Apartments
9071;T3;385 000,00 €;143.35;Set??bal;Apartments
9072;T3;215 000,00 €;83.50;Set??bal;Apartments
9073;T4;485 000,00 €;176;Set??bal;Apartments
9074;T3;300 000,00 €;132;Set??bal;Apartments
9075;T3;580 000,00 €;98.25;Porto;Apartments
9076;T2;440 000,00 €;91.30;Porto;Apartments
9077;T2;280 000,00 €;77;Porto;Apartments
9078;T1;270 000,00 €;54;Faro;Apartments
9079;T3;236 000,00 €;100;Porto;Apartments
908;T2;178 000,00 €;84.50;Porto;Apartments
9080;T2;330 000,00 €;98;Faro;Apartments
9081;T3;236 000,00 €;102;Porto;Apartments
9082;T3;199 750,00 €;99.90;Braga;Apartments
9083;T2;285 000,00 €;78;Porto;Apartments
9084;T3;1 430 000,00 €;130;Lisboa;Apartments
9085;T2;245 000,00 €;92;Porto;Apartments
9086;T3;370 000,00 €;135;Porto;Apartments
9087;T1;206 000,00 €;55;Braga;Apartments
9088;T2;218 500,00 €;76;Lisboa;Apartments
9089;T1;260 000,00 €;63;Porto;Apartments
909;T3;235 000,00 €;116;Porto;Apartments
9090;T2;370 000,00 €;104;Faro;Apartments
9091;T3;1 790 000,00 €;218.40;Lisboa;Apartments
9092;T3;1 380 000,00 €;163.40;Lisboa;Apartments
9093;T3;1 310 000,00 €;151;Lisboa;Apartments
9094;T2;790 000,00 €;99;Lisboa;Apartments
9095;T1;460 000,00 €;65;Lisboa;Apartments
9096;T2;750 000,00 €;95;Lisboa;Apartments
9097;T2;375 000,00 €;80;Lisboa;Apartments
9098;T2;320 000,00 €;91;Faro;Apartments
9099;T3;299 900,00 €;99;Set??bal;Apartments
91;T3;315 000,00 €;142;Porto;Apartments
910;T3;280 000,00 €;124;Braga;Apartments
9100;T2;215 000,00 €;76.70;Porto;Apartments
9101;T2;189 500,00 €;76;Set??bal;Apartments
9102;T2;550 000,00 €;119;Porto;Apartments
9103;T3;850 000,00 €;166;Porto;Apartments
9104;T2;515 000,00 €;118;Porto;Apartments
9105;T1;415 000,00 €;97;Porto;Apartments
9106;T3;1 100 000,00 €;136;Lisboa;Apartments
9107;T2;327 000,00 €;87;Faro;Apartments
9108;T2;550 000,00 €;97;Porto;Apartments
9109;T3;137 000,00 €;111;Santar?©m;Apartments
911;T4;487 000,00 €;135;Faro;Apartments
9110;T3;235 000,00 €;117.23;Faro;Apartments
9111;T2;240 000,00 €;83;Porto;Apartments
9112;T3;4 216 832,40 €;210.61;Lisboa;Apartments
9113;T3;3 496 759,20 €;209.93;Lisboa;Apartments
9114;T2;368 000,00 €;138.90;Faro;Apartments
9115;T3;460 000,00 €;105;Aveiro;Apartments
9116;T3;3 770 646,00 €;222.40;Lisboa;Apartments
9117;T4;4 503 569,40 €;230.76;Lisboa;Apartments
9118;T1;160 000,00 €;51;Porto;Apartments
9119;T3;295 000,00 €;103;Lisboa;Apartments
912;T2;450 000,00 €;82;Lisboa;Apartments
9120;T2;398 000,00 €;108;Porto;Apartments
9121;T2;398 000,00 €;108;Porto;Apartments
9122;T3;229 900,00 €;75;Lisboa;Apartments
9123;T4;3 936 889,44 €;230.76;Lisboa;Apartments
9124;T0;79 800,00 €;54.80;Santar?©m;Apartments
9125;T2;334 000,00 €;82;Aveiro;Apartments
9126;T3;430 000,00 €;131.65;Set??bal;Apartments
9127;T2;166 000,00 €;66.53;Lisboa;Apartments
9128;T3;325 000,00 €;113;Porto;Apartments
9129;T2;380 000,00 €;108.02;Set??bal;Apartments
913;T2;250 000,00 €;71;Lisboa;Apartments
9130;T3;480 000,00 €;132.79;Set??bal;Apartments
9131;T3;320 000,00 €;113;Porto;Apartments
9132;T3;402 000,00 €;101;Aveiro;Apartments
9133;T2;310 000,00 €;82;Aveiro;Apartments
9134;T0;195 000,00 €;50;Porto;Apartments
9135;T2;169 500,00 €;75;Faro;Apartments
9137;T2;262 000,00 €;70;Aveiro;Apartments
9138;T2;345 000,00 €;88.26;Aveiro;Apartments
9139;T1;265 000,00 €;80.21;Aveiro;Apartments
914;T3;173 500,00 €;103;Set??bal;Apartments
9140;T3;690 000,00 €;148;Lisboa;Apartments
9141;T3;370 000,00 €;124;Set??bal;Apartments
9142;T3;370 000,00 €;120;Set??bal;Apartments
9143;T2;285 000,00 €;137;Set??bal;Apartments
9144;T3;335 000,00 €;121;Set??bal;Apartments
9145;T2;305 000,00 €;100;Set??bal;Apartments
9146;T3;350 000,00 €;120;Set??bal;Apartments
9147;T3;380 000,00 €;120;Set??bal;Apartments
9148;T2;637 000,00 €;115;Porto;Apartments
9149;T2;320 000,00 €;98;Faro;Apartments
915;T1;142 500,00 €;56;Porto;Apartments
9150;T3;360 000,00 €;90;Faro;Apartments
9152;T2;2 336 908,20 €;142.07;Lisboa;Apartments
9153;T2;2 554 794,00 €;175.95;Lisboa;Apartments
9154;T2;2 999 700,00 €;181.80;Lisboa;Apartments
9155;T2;2 639 736,00 €;181.80;Lisboa;Apartments
9156;T3;260 000,00 €;95;Lisboa;Apartments
9157;T4;875 000,00 €;196.60;Porto;Apartments
9158;T1;170 500,00 €;35;Lisboa;Apartments
9159;T3;895 000,00 €;177;Lisboa;Apartments
916;T2;265 000,00 €;89;Aveiro;Apartments
9160;T2;517 000,00 €;92;Lisboa;Apartments
9161;T2;200 000,00 €;85;Lisboa;Apartments
9162;T2;200 000,00 €;70;Lisboa;Apartments
9163;T1;185 000,00 €;60;Lisboa;Apartments
9165;T1;185 000,00 €;62;Lisboa;Apartments
9166;T1;129 000,00 €;55;Aveiro;Apartments
9167;T2;225 000,00 €;72;Lisboa;Apartments
9168;T2;225 000,00 €;82;Lisboa;Apartments
9169;T2;225 000,00 €;90;Lisboa;Apartments
917;T3;280 000,00 €;114;Aveiro;Apartments
9170;T1;185 000,00 €;54;Lisboa;Apartments
9171;T1;185 000,00 €;55;Lisboa;Apartments
9172;T3;260 000,00 €;99.46;Lisboa;Apartments
9173;T3;320 000,00 €;94.90;Leiria;Apartments
9174;T1;275 000,00 €;40.85;Porto;Apartments
9175;T1;280 000,00 €;40.85;Porto;Apartments
9176;T1;270 000,00 €;40.85;Porto;Apartments
9177;T1;290 000,00 €;51.78;Porto;Apartments
9178;T3;580 000,00 €;159.95;Porto;Apartments
9179;T1;275 000,00 €;48.80;Porto;Apartments
918;T1;160 000,00 €;67;Porto;Apartments
9180;T1;270 000,00 €;48.80;Porto;Apartments
9181;T1;290 000,00 €;40.85;Porto;Apartments
9182;T1;265 000,00 €;48.80;Porto;Apartments
9183;T1;285 000,00 €;40.85;Porto;Apartments
9184;T2;293 000,00 €;99;Porto;Apartments
9185;T4;365 000,00 €;170;Porto;Apartments
9186;T2;530 000,00 €;70;Lisboa;Apartments
9188;T2;1 275 000,00 €;131.76;Faro;Apartments
9189;T1;385 000,00 €;60.77;Faro;Apartments
919;T2;429 000,00 €;91;Faro;Apartments
9190;T2;725 000,00 €;127.19;Faro;Apartments
9191;T2;1 275 000,00 €;135.73;Faro;Apartments
9192;T2;660 000,00 €;120.72;Faro;Apartments
9193;T2;660 000,00 €;120.72;Faro;Apartments
9194;T2;575 000,00 €;116.71;Faro;Apartments
9195;T2;650 000,00 €;91.72;Faro;Apartments
9196;T2;1 275 000,00 €;131.76;Faro;Apartments
9197;T2;1 280 000,00 €;131.76;Faro;Apartments
9198;T2;660 000,00 €;91.72;Faro;Apartments
9199;T2;1 280 000,00 €;131.76;Faro;Apartments
92;T2;285 000,00 €;188;Porto;Apartments
920;T2;408 000,00 €;81;Faro;Apartments
9200;T1;435 000,00 €;94.46;Faro;Apartments
9201;T2;685 000,00 €;91.72;Faro;Apartments
9202;T2;1 260 000,00 €;117.75;Faro;Apartments
9203;T2;745 000,00 €;127.37;Faro;Apartments
9204;T2;1 320 000,00 €;139.14;Faro;Apartments
9205;T2;755 000,00 €;127.37;Faro;Apartments
9206;T3;1 340 000,00 €;157.01;Faro;Apartments
9207;T2;660 000,00 €;120.58;Faro;Apartments
9208;T2;1 290 000,00 €;139.14;Faro;Apartments
9209;T2;725 000,00 €;127.37;Faro;Apartments
921;T2;468 000,00 €;92;Faro;Apartments
9210;T2;1 275 000,00 €;123.63;Faro;Apartments
9211;T1;425 000,00 €;94.46;Faro;Apartments
9212;T2;675 000,00 €;83.01;Faro;Apartments
9213;T2;635 000,00 €;83.01;Faro;Apartments
9214;T1;445 000,00 €;96.21;Faro;Apartments
9215;T1;395 000,00 €;60.77;Faro;Apartments
9216;T2;680 000,00 €;132.30;Faro;Apartments
9217;T1;385 000,00 €;85.19;Faro;Apartments
9218;T2;685 000,00 €;132.30;Faro;Apartments
9219;T2;675 000,00 €;132.30;Faro;Apartments
922;T2;550 000,00 €;120;Lisboa;Apartments
9220;T1;375 000,00 €;72.15;Faro;Apartments
9222;T2;280 000,00 €;74;Porto;Apartments
9223;T2;255 000,00 €;116;Porto;Apartments
9224;T2;395 000,00 €;89;Porto;Apartments
9225;T2;400 000,00 €;96;Porto;Apartments
9226;T0;425 000,00 €;82;Lisboa;Apartments
9227;T2;405 000,00 €;107.20;Porto;Apartments
9228;T2;305 000,00 €;51.60;Porto;Apartments
9229;T2;900 000,00 €;120;Lisboa;Apartments
923;T2;162 000,00 €;67.60;Porto;Apartments
9230;T2;160 000,00 €;73;Set??bal;Apartments
9231;T2;370 000,00 €;93.50;Porto;Apartments
9232;T3;276 000,00 €;109;Aveiro;Apartments
9233;T2;244 000,00 €;103;Aveiro;Apartments
9234;T3;229 900,00 €;74;Lisboa;Apartments
9235;T3;760 000,00 €;134;Lisboa;Apartments
9236;T3;770 000,00 €;138;Lisboa;Apartments
9237;T3;760 000,00 €;138;Lisboa;Apartments
9238;T3;172 000,00 €;92;Santar?©m;Apartments
9239;T0;141 500,00 €;37;Aveiro;Apartments
924;T0;175 000,00 €;36;Porto;Apartments
9240;T3;750 000,00 €;134;Lisboa;Apartments
9241;T3;740 000,00 €;134;Lisboa;Apartments
9242;T4;2 600 000,00 €;271;Lisboa;Apartments
9243;T3;549 000,00 €;120;Porto;Apartments
9244;T2;272 000,00 €;81.70;Porto;Apartments
9245;T4;970 000,00 €;138.50;Lisboa;Apartments
9246;T3;1 207 500,00 €;139.70;Lisboa;Apartments
9247;T4;1 350 000,00 €;186;Lisboa;Apartments
9248;T3;223 500,00 €;161;Porto;Apartments
9249;T3;355 000,00 €;123.66;Coimbra;Apartments
925;T3;375 000,00 €;102.30;Porto;Apartments
9250;T3;230 000,00 €;100;Set??bal;Apartments
9251;T3;385 000,00 €;115;Lisboa;Apartments
9252;T3;349 000,00 €;132;Coimbra;Apartments
9253;T1;300 000,00 €;41;Set??bal;Apartments
9254;T3;750 000,00 €;166.50;Faro;Apartments
9255;T0;270 000,00 €;48;Aveiro;Apartments
9256;T4;1 550 000,00 €;172;Lisboa;Apartments
9257;T3;840 000,00 €;126;Lisboa;Apartments
9258;T3;505 000,00 €;99;Faro;Apartments
9259;T2;415 000,00 €;102;Leiria;Apartments
926;T3;495 000,00 €;211;Faro;Apartments
9260;T4;1 600 000,00 €;241.87;Lisboa;Apartments
9261;T1;460 000,00 €;48;Lisboa;Apartments
9262;T3;285 000,00 €;105;Faro;Apartments
9263;T3;475 000,00 €;93.50;Lisboa;Apartments
9264;T2;395 000,00 €;62.35;Lisboa;Apartments
9265;T3;445 000,00 €;93.50;Lisboa;Apartments
9266;T3;510 000,00 €;93.50;Lisboa;Apartments
9267;T1;330 000,00 €;41;Lisboa;Apartments
9268;T0;395 000,00 €;68;Lisboa;Apartments
9269;T2;725 000,00 €;113;Lisboa;Apartments
927;T4;349 000,00 €;160;Lisboa;Apartments
9270;T3;810 000,00 €;126;Lisboa;Apartments
9271;T1;380 000,00 €;54;Lisboa;Apartments
9272;T2;895 000,00 €;154;Lisboa;Apartments
9273;T2;905 000,00 €;158;Lisboa;Apartments
9274;T2;685 000,00 €;113;Lisboa;Apartments
9275;T2;765 000,00 €;141.76;Lisboa;Apartments
9276;T3;650 000,00 €;154;Porto;Apartments
9277;T0;129 900,00 €;29;Lisboa;Apartments
9278;T1;205 000,00 €;64;Viana do Castelo;Apartments
9279;T0;180 000,00 €;35;Porto;Apartments
928;T3;199 000,00 €;111;Braga;Apartments
9280;T1;258 000,00 €;57.20;Aveiro;Apartments
9281;T0;335 000,00 €;51;Porto;Apartments
9282;T3;320 000,00 €;108;Leiria;Apartments
9283;T2;175 000,00 €;87;Leiria;Apartments
9284;T3;580 000,00 €;114;Faro;Apartments
9285;T1;420 000,00 €;56;Lisboa;Apartments
9286;T2;385 000,00 €;104;Faro;Apartments
9287;T2;850 000,00 €;82.80;Lisboa;Apartments
9288;T2;1 200 000,00 €;90.90;Lisboa;Apartments
9289;T2;790 000,00 €;68;Lisboa;Apartments
929;T2;195 000,00 €;82;Porto;Apartments
9290;T3;1 500 000,00 €;129.10;Lisboa;Apartments
9291;T1;258 000,00 €;57.20;Aveiro;Apartments
9292;T1;750 000,00 €;74.80;Lisboa;Apartments
9293;T1;195 000,00 €;48;Faro;Apartments
9294;T2;385 000,00 €;62.35;Lisboa;Apartments
9295;T3;229 000,00 €;83;Lisboa;Apartments
9296;T2;799 000,00 €;122;Faro;Apartments
9297;T2;355 000,00 €;76.40;Lisboa;Apartments
9298;T2;590 000,00 €;64;Lisboa;Apartments
9299;T2;198 000,00 €;98;Porto;Apartments
93;T1;235 000,00 €;111;Porto;Apartments
930;T2;240 000,00 €;86;Lisboa;Apartments
9300;T2;249 900,00 €;96;Porto;Apartments
9301;T2;330 000,00 €;141;Faro;Apartments
9302;T2;348 000,00 €;81.80;Aveiro;Apartments
9303;T3;460 000,00 €;104.80;Aveiro;Apartments
9304;T4;550 000,00 €;117.10;Aveiro;Apartments
9305;T4;595 000,00 €;117.10;Aveiro;Apartments
9306;T3;398 000,00 €;98.60;Aveiro;Apartments
9307;T3;460 000,00 €;104.80;Aveiro;Apartments
9308;T3;402 000,00 €;100.60;Aveiro;Apartments
9309;T4;1 950 000,00 €;238;Lisboa;Apartments
931;T2;185 000,00 €;92;Porto;Apartments
9310;T2;830 855,00 €;72.50;Lisboa;Apartments
9311;T0;321 000,00 €;27.10;Lisboa;Apartments
9312;T0;428 000,00 €;49.10;Lisboa;Apartments
9313;T1;449 400,00 €;49.80;Lisboa;Apartments
9314;T1;642 000,00 €;74.80;Lisboa;Apartments
9315;T1;460 100,00 €;43.40;Lisboa;Apartments
9316;T2;695 000,00 €;108;Lisboa;Apartments
9317;T3;550 000,00 €;146;Ilha da Madeira;Apartments
9318;T3;275 000,00 €;83;Porto;Apartments
9319;T2;320 000,00 €;98;Faro;Apartments
932;T1;170 000,00 €;84;Porto;Apartments
9320;T1;215 000,00 €;55;Porto;Apartments
9321;T5;1 390 000,00 €;317;Lisboa;Apartments
9322;T1;289 900,00 €;37.50;Lisboa;Apartments
9323;T3;400 000,00 €;117;Porto;Apartments
9324;T2;199 900,00 €;89.01;Porto;Apartments
9325;T3;524 188,00 €;155;Porto;Apartments
9326;T3;581 630,00 €;180;Porto;Apartments
9327;T5;475 000,00 €;185.80;Porto;Apartments
9328;T3;532 420,00 €;142;Porto;Apartments
9329;T3;405 000,00 €;145;Faro;Apartments
933;T3;235 000,00 €;105.40;Aveiro;Apartments
9330;T3;466 000,00 €;145;Faro;Apartments
9331;T2;340 925,00 €;98;Porto;Apartments
9332;T3;1 150 000,00 €;145;Lisboa;Apartments
9333;T2;235 500,00 €;73;Porto;Apartments
9334;T2;162 500,00 €;111;Leiria;Apartments
9335;T2;310 000,00 €;81.80;Aveiro;Apartments
9336;T3;390 000,00 €;100.60;Aveiro;Apartments
9337;T3;390 000,00 €;112.40;Aveiro;Apartments
9338;T4;615 000,00 €;218;Faro;Apartments
9339;T0;199 000,00 €;42;Coimbra;Apartments
934;T1;199 000,00 €;40;Lisboa;Apartments
9340;T3;620 000,00 €;228.75;Faro;Apartments
9341;T2;355 600,00 €;96;Porto;Apartments
9342;T1;200 000,00 €;68;Faro;Apartments
9343;T1;227 500,00 €;51.08;Porto;Apartments
9344;T2;287 500,00 €;72.52;Porto;Apartments
9345;T1;227 500,00 €;52.76;Porto;Apartments
9346;T2;850 000,00 €;83;Lisboa;Apartments
9347;T2;274 500,00 €;102.62;Aveiro;Apartments
9348;T1;215 000,00 €;77.90;Aveiro;Apartments
9349;T3;335 500,00 €;104.17;Aveiro;Apartments
935;T4;2 125 000,00 €;286;Lisboa;Apartments
9350;T2;274 500,00 €;102.61;Aveiro;Apartments
9351;T2;279 500,00 €;93;Aveiro;Apartments
9352;T2;262 000,00 €;69.70;Aveiro;Apartments
9353;T1;620 000,00 €;75.22;Faro;Apartments
9354;T2;320 000,00 €;111.27;Lisboa;Apartments
9355;T3;268 000,00 €;117;Porto;Apartments
9356;T2;215 000,00 €;95;Porto;Apartments
9358;T1;215 000,00 €;40;Faro;Apartments
9359;T4;495 000,00 €;157;Porto;Apartments
936;T4;2 025 000,00 €;281;Lisboa;Apartments
9360;T2;425 000,00 €;90;Faro;Apartments
9361;T3;278 500,00 €;125;Porto;Apartments
9362;T3;299 000,00 €;103;Lisboa;Apartments
9363;T4;407 000,00 €;167;Faro;Apartments
9364;T2;279 000,00 €;68;Aveiro;Apartments
9365;T3;635 000,00 €;154.50;Porto;Apartments
9366;T4;850 000,00 €;224;Porto;Apartments
9368;T3;480 000,00 €;91;Lisboa;Apartments
9369;T1;182 000,00 €;53;Aveiro;Apartments
937;T4;290 000,00 €;179;Coimbra;Apartments
9370;T3;1 090 000,00 €;150;Porto;Apartments
9371;T2;350 000,00 €;98;Porto;Apartments
9372;T2;375 000,00 €;94;Porto;Apartments
9373;T3;465 000,00 €;92;Porto;Apartments
9374;T3;295 000,00 €;83.54;Lisboa;Apartments
9375;T3;279 900,00 €;112;Lisboa;Apartments
9376;T2;425 000,00 €;104;Porto;Apartments
9377;T3;284 500,00 €;116.15;Porto;Apartments
9379;T2;413 900,00 €;94;Porto;Apartments
938;T3;219 500,00 €;125;Porto;Apartments
9380;T1;269 000,00 €;57;Porto;Apartments
9381;T1;289 900,00 €;37;Lisboa;Apartments
9382;T2;350 000,00 €;98;Porto;Apartments
9383;T2;370 000,00 €;90;Set??bal;Apartments
9384;T4;1 450 000,00 €;181.20;Porto;Apartments
9385;T3;715 000,00 €;125.40;Porto;Apartments
9386;T3;660 000,00 €;133.70;Porto;Apartments
9387;T4;850 000,00 €;145.10;Porto;Apartments
9388;T3;715 000,00 €;136.80;Porto;Apartments
9389;T4;910 000,00 €;158.80;Porto;Apartments
939;T3;235 000,00 €;130;Set??bal;Apartments
9390;T3;745 000,00 €;136.70;Porto;Apartments
9391;T3;735 000,00 €;133.60;Porto;Apartments
9392;T3;805 000,00 €;136.70;Porto;Apartments
9393;T3;695 000,00 €;136.80;Porto;Apartments
9394;T3;805 000,00 €;136.80;Porto;Apartments
9395;T2;515 000,00 €;116;Porto;Apartments
9396;T2;475 000,00 €;89;Porto;Apartments
9397;T3;940 000,00 €;136.80;Porto;Apartments
9398;T4;1 025 000,00 €;158.80;Porto;Apartments
9399;T4;825 000,00 €;145.10;Porto;Apartments
94;T3;290 900,00 €;100;Porto;Apartments
940;T2;370 000,00 €;66;Lisboa;Apartments
9400;T3;705 000,00 €;135.70;Porto;Apartments
9401;T2;525 000,00 €;119.90;Porto;Apartments
9402;T3;650 000,00 €;135.70;Porto;Apartments
9403;T3;750 000,00 €;130.40;Porto;Apartments
9404;T2;295 000,00 €;170;Lisboa;Apartments
9405;T3;570 000,00 €;139;Lisboa;Apartments
9406;T3;550 000,00 €;139;Lisboa;Apartments
9407;T2;500 000,00 €;100;Lisboa;Apartments
9408;T2;180 000,00 €;90;Lisboa;Apartments
9409;T2;480 000,00 €;100;Lisboa;Apartments
941;T3;199 000,00 €;80;Lisboa;Apartments
9410;T3;1 080 000,00 €;136.18;Faro;Apartments
9411;T2;955 000,00 €;127.08;Faro;Apartments
9412;T1;605 000,00 €;75.22;Faro;Apartments
9413;T3;225 000,00 €;103;Set??bal;Apartments
9414;T4;1 750 000,00 €;208.53;Faro;Apartments
9415;T0;425 000,00 €;50.99;Faro;Apartments
9416;T1;580 000,00 €;68.30;Faro;Apartments
9418;T1;555 000,00 €;66.73;Faro;Apartments
9419;T3;1 190 000,00 €;145.68;Faro;Apartments
942;T2;260 000,00 €;80;Lisboa;Apartments
9420;T3;285 000,00 €;123;Braga;Apartments
9421;T3;480 000,00 €;167.45;Set??bal;Apartments
9422;T3;460 000,00 €;167.45;Set??bal;Apartments
9423;T2;360 000,00 €;129.80;Set??bal;Apartments
9424;T3;390 000,00 €;152.35;Set??bal;Apartments
9425;T3;380 000,00 €;151.55;Set??bal;Apartments
9426;T3;995 000,00 €;155.67;Lisboa;Apartments
9427;T2;310 000,00 €;103.85;Set??bal;Apartments
9428;T3;375 000,00 €;151.55;Set??bal;Apartments
9429;T3;370 000,00 €;151.55;Set??bal;Apartments
943;T1;210 000,00 €;90;Porto;Apartments
9430;T3;355 000,00 €;138.75;Set??bal;Apartments
9431;T3;360 000,00 €;142.80;Set??bal;Apartments
9432;T1;280 000,00 €;135;Lisboa;Apartments
9433;T4;1 132 000,00 €;155;Lisboa;Apartments
9434;T3;805 000,00 €;138;Lisboa;Apartments
9435;T3;690 000,00 €;135;Set??bal;Apartments
9436;T4;780 000,00 €;184.59;Set??bal;Apartments
9437;T2;190 000,00 €;75;Lisboa;Apartments
9438;T4;325 000,00 €;190;Set??bal;Apartments
9439;T0;150 000,00 €;30;Lisboa;Apartments
944;T3;155 000,00 €;126.90;Beja;Apartments
9440;T4; Pre?ßosobconsulta ;157.30;Porto;Apartments
9441;T2; Pre?ßosobconsulta ;97.10;Porto;Apartments
9442;T3; Pre?ßosobconsulta ;133.50;Porto;Apartments
9443;T2; Pre?ßosobconsulta ;97.10;Porto;Apartments
9444;T2;546 000,00 €;94.40;Lisboa;Apartments
9445;T2;600 000,00 €;99;Lisboa;Apartments
9446;T2;235 000,00 €;84;Lisboa;Apartments
9448;T3;1 950 000,00 €;175.01;Porto;Apartments
945;T2;270 000,00 €;97.87;Braga;Apartments
9450;T0;167 000,00 €;55;Lisboa;Apartments
9451;T3;432 600,00 €;130;Porto;Apartments
9452;T3;290 000,00 €;140.35;Braga;Apartments
9453;T1;508 250,00 €;58.57;Porto;Apartments
9454;T2;595 000,00 €;104;Lisboa;Apartments
9455;T5;2 200 000,00 €;286;Lisboa;Apartments
9456;T2;369 000,00 €;101;Leiria;Apartments
9457;T3;460 500,00 €;134.18;Porto;Apartments
9458;T1;188 000,00 €;52;Porto;Apartments
9459;T1;185 000,00 €;52;Porto;Apartments
946;T2;169 200,00 €;93;Aveiro;Apartments
9460;T1;157 500,00 €;45;Coimbra;Apartments
9461;T1;190 000,00 €;55.48;Braga;Apartments
9462;T2;225 000,00 €;76;Set??bal;Apartments
9463;T3;419 950,00 €;123;Porto;Apartments
9464;T4;650 000,00 €;196;Faro;Apartments
9465;T4;1 680 000,00 €;220;Lisboa;Apartments
9466;T0;171 000,00 €;41;Porto;Apartments
9467;T4;490 000,00 €;189;Porto;Apartments
9468;T4;1 685 000,00 €;208.53;Faro;Apartments
9469;T0;410 000,00 €;50.99;Faro;Apartments
947;T3;489 000,00 €;127;Porto;Apartments
9470;T1;565 000,00 €;68.30;Faro;Apartments
9471;T1;540 000,00 €;66.73;Faro;Apartments
9472;T2;200 000,00 €;85;Aveiro;Apartments
9473;T2;126 000,00 €;81;Santar?©m;Apartments
9474;T3;1 235 000,00 €;153.09;Faro;Apartments
9475;T2;215 000,00 €;92;Aveiro;Apartments
9476;T3;250 000,00 €;245;Aveiro;Apartments
9477;T1;230 000,00 €;80;Porto;Apartments
9478;T3;314 853,00 €;108.03;Porto;Apartments
948;T3;403 000,00 €;115.81;Porto;Apartments
9480;T3;445 000,00 €;140;Lisboa;Apartments
9481;T3;445 000,00 €;140;Lisboa;Apartments
9482;T2;850 000,00 €;174;Porto;Apartments
9483;T2;298 700,00 €;91;Porto;Apartments
9484;T2;890 000,00 €;111.43;Faro;Apartments
9485;T4;1 665 000,00 €;208.53;Faro;Apartments
9486;T3;1 100 000,00 €;136.18;Faro;Apartments
9487;T1;540 000,00 €;66.73;Faro;Apartments
9488;T1;550 000,00 €;68.30;Faro;Apartments
9489;T1;299 000,00 €;69;Faro;Apartments
949;T3;250 000,00 €;130;Porto;Apartments
9490;T2;430 000,00 €;78;Faro;Apartments
9491;T2;445 000,00 €;99.89;Set??bal;Apartments
9492;T3;708 000,00 €;125.67;Set??bal;Apartments
9493;T4;753 000,00 €;158.49;Set??bal;Apartments
9494;T2;435 000,00 €;99.13;Set??bal;Apartments
9495;T2;425 000,00 €;99.13;Set??bal;Apartments
9496;T2;424 000,00 €;99.89;Set??bal;Apartments
9497;T2;434 000,00 €;99.89;Set??bal;Apartments
9498;T2;423 000,00 €;82.33;Set??bal;Apartments
9499;T2;245 000,00 €;98;Lisboa;Apartments
95;T3;338 000,00 €;117;Aveiro;Apartments
950;T2;290 000,00 €;91.20;Porto;Apartments
9500;T1;300 000,00 €;76;Faro;Apartments
9501;T3;215 000,00 €;126;Coimbra;Apartments
9502;T2;140 000,00 €;71;Santar?©m;Apartments
9503;T3;352 900,00 €;110;Lisboa;Apartments
9504;T2;345 000,00 €;113.25;Aveiro;Apartments
9505;T4;395 000,00 €;183;Set??bal;Apartments
9506;T4;860 000,00 €;134;Lisboa;Apartments
9509;T3;370 000,00 €;136.64;Aveiro;Apartments
951;T1;980 000,00 €;110;Lisboa;Apartments
9511;T2;207 000,00 €;68;Coimbra;Apartments
9512;T3;429 000,00 €;125.20;Faro;Apartments
9513;T2;295 000,00 €;77.32;Aveiro;Apartments
9514;T4;610 000,00 €;226.15;Aveiro;Apartments
9515;T2;253 000,00 €;60;Leiria;Apartments
9516;T2;294 000,00 €;73;Leiria;Apartments
9517;T2;320 000,00 €;88;Set??bal;Apartments
9518;T2;275 000,00 €;68;Leiria;Apartments
9519;T3;522 500,00 €;128;Braga;Apartments
952;T4;480 000,00 €;102;Lisboa;Apartments
9520;T1;212 000,00 €;48;Leiria;Apartments
9521;T2;268 500,00 €;66;Leiria;Apartments
9522;T1;191 000,00 €;44;Leiria;Apartments
9523;T1;218 000,00 €;52;Leiria;Apartments
9524;T1;188 000,00 €;43;Leiria;Apartments
9525;T3;395 000,00 €;123;Porto;Apartments
9526;T1;360 000,00 €;75;Set??bal;Apartments
9527;T2;250 000,00 €;76;Porto;Apartments
9528;T3;428 000,00 €;105;Lisboa;Apartments
9529;T3;565 000,00 €;105;Lisboa;Apartments
953;T2;239 000,00 €;130;Porto;Apartments
9530;T2;375 000,00 €;70;Lisboa;Apartments
9531;T2;274 000,00 €;77.70;Porto;Apartments
9532;T2;272 000,00 €;77.70;Porto;Apartments
9533;T2;281 000,00 €;77.70;Porto;Apartments
9534;T2;200 000,00 €;102;Porto;Apartments
9535;T3;445 550,00 €;160;Aveiro;Apartments
9537;T2;262 500,00 €;76;Porto;Apartments
9538;T4;1 050 000,00 €;184;Porto;Apartments
9539;T1;215 000,00 €;58;Porto;Apartments
954;T4;340 000,00 €;138;Faro;Apartments
9540;T3;2 900 000,00 €;172;Lisboa;Apartments
9541;T2;699 000,00 €;91.35;Faro;Apartments
9542;T4;495 000,00 €;157;Porto;Apartments
9543;T4;710 000,00 €;188.10;Porto;Apartments
9544;T4;710 000,00 €;188.10;Porto;Apartments
9545;T1;270 000,00 €;40;Lisboa;Apartments
9547;T1;240 000,00 €;68;Porto;Apartments
9548;T3;380 000,00 €;137.70;Porto;Apartments
9549;T3;670 000,00 €;128.79;Lisboa;Apartments
955;T1;280 000,00 €;61;Lisboa;Apartments
9550;T2;298 700,00 €;91;Porto;Apartments
9551;T2;159 900,00 €;62;Set??bal;Apartments
9552;T3;545 000,00 €;152;Porto;Apartments
9553;T3;230 000,00 €;97;Leiria;Apartments
9554;T4;650 000,00 €;196;Faro;Apartments
9555;T2;249 000,00 €;72;Leiria;Apartments
9556;T3;450 000,00 €;115;Set??bal;Apartments
9557;T2;240 000,00 €;100;Leiria;Apartments
9558;T3;330 000,00 €;137;Faro;Apartments
9559;T2;840 000,00 €;140;Lisboa;Apartments
956;T2;315 000,00 €;87;Braga;Apartments
9560;T3;690 000,00 €;160;Set??bal;Apartments
9561;T1;205 000,00 €;46;Faro;Apartments
9562;T2;760 000,00 €;101;Lisboa;Apartments
9563;T2;375 000,00 €;82;Lisboa;Apartments
9564;T3;890 000,00 €;117.60;Porto;Apartments
9565;T3;735 000,00 €;117.60;Porto;Apartments
9566;T4;685 000,00 €;215;Porto;Apartments
9567;T2;158 500,00 €;105;Set??bal;Apartments
9568;T1;287 000,00 €;70;Set??bal;Apartments
9569;T4;882 000,00 €;170;Porto;Apartments
957;T3;219 900,00 €;116;Braga;Apartments
9570;T2;298 700,00 €;91;Porto;Apartments
9571;T3;250 000,00 €;115;Porto;Apartments
9572;T2;698 000,00 €;105.40;Lisboa;Apartments
9573;T2;272 500,00 €;74;Set??bal;Apartments
9574;T2;665 500,00 €;115;Porto;Apartments
9575;T1;164 000,00 €;45;Faro;Apartments
9576;T2;350 000,00 €;102.70;Coimbra;Apartments
9577;T2;367 800,00 €;80;Porto;Apartments
9578;T1;345 700,00 €;72;Porto;Apartments
9579;T1;360 100,00 €;71;Porto;Apartments
9580;T4;674 000,00 €;106.40;Porto;Apartments
9581;T2;209 000,00 €;75;Porto;Apartments
9582;T0;260 000,00 €;45.30;Porto;Apartments
9583;T2;260 000,00 €;72.80;Coimbra;Apartments
9585;T2;783 736,00 €;121;Lisboa;Apartments
9586;T3;750 000,00 €;130;Lisboa;Apartments
9587;T1;849 000,00 €;72;Lisboa;Apartments
9588;T3;490 000,00 €;143;Ilha da Madeira;Apartments
9589;T2;935 000,00 €;118;Lisboa;Apartments
959;T3;249 900,00 €;110;Braga;Apartments
9590;T2;201 000,00 €;75;Porto;Apartments
9591;T2;205 000,00 €;75;Porto;Apartments
9592;T2;207 000,00 €;75;Porto;Apartments
9593;T1;175 000,00 €;49;Porto;Apartments
9594;T2;310 000,00 €;71.50;Porto;Apartments
9595;T1;240 000,00 €;60;Braga;Apartments
9596;T2;245 000,00 €;76;Porto;Apartments
9597;T1;192 500,00 €;58;Porto;Apartments
9598;T2;380 000,00 €;82;Lisboa;Apartments
9599;T3;450 000,00 €;120;Porto;Apartments
96;T1;170 000,00 €;42.50;Aveiro;Apartments
960;T3;219 000,00 €;116;Braga;Apartments
9600;T3;160 000,00 €;102;Viana do Castelo;Apartments
9601;T5;1 090 000,00 €;218;Lisboa;Apartments
9602;T3;599 900,00 €;110;Lisboa;Apartments
9603;T2;270 000,00 €;103;Set??bal;Apartments
9604;T3;179 500,00 €;150;Leiria;Apartments
9605;T1;158 500,00 €;44;Porto;Apartments
9606;T3;298 000,00 €;122;Lisboa;Apartments
9607;T3;450 000,00 €;103.37;Set??bal;Apartments
9608;T3;235 000,00 €;82.50;Set??bal;Apartments
9609;T1;310 000,00 €;91.08;Set??bal;Apartments
961;T3;620 000,00 €;140;Lisboa;Apartments
9610;T3;235 000,00 €;104;Porto;Apartments
9611;T2;460 000,00 €;87.60;Porto;Apartments
9612;T3;265 000,00 €;96;Lisboa;Apartments
9613;T2;595 000,00 €;110;Lisboa;Apartments
9614;T0;185 000,00 €;23.45;Porto;Apartments
9615;T2;385 000,00 €;78;Lisboa;Apartments
9616;T3;465 000,00 €;117;Porto;Apartments
9617;T3;445 000,00 €;78;Lisboa;Apartments
9618;T2;205 000,00 €;82;Faro;Apartments
9619;T3;295 000,00 €;177;Porto;Apartments
962;T3;1 180 000,00 €;102.68;Lisboa;Apartments
9620;T4;1 600 000,00 €;242.26;Lisboa;Apartments
9621;T4;1 500 000,00 €;242.26;Lisboa;Apartments
9622;T3;805 000,00 €;152.48;Lisboa;Apartments
9623;T3;785 000,00 €;152.48;Lisboa;Apartments
9624;T3;765 000,00 €;152.48;Lisboa;Apartments
9625;T3;755 000,00 €;152.48;Lisboa;Apartments
9626;T3;785 000,00 €;152.48;Lisboa;Apartments
9627;T3;785 000,00 €;152.48;Lisboa;Apartments
9628;T3;750 000,00 €;152.48;Lisboa;Apartments
9629;T3;755 000,00 €;152.48;Lisboa;Apartments
963;T2;790 000,00 €;86.81;Set??bal;Apartments
9630;T3;770 000,00 €;152.48;Lisboa;Apartments
9631;T2;605 000,00 €;102.88;Lisboa;Apartments
9632;T3;735 000,00 €;152.48;Lisboa;Apartments
9633;T2;605 000,00 €;102.88;Lisboa;Apartments
9634;T3;785 000,00 €;152.48;Lisboa;Apartments
9635;T2;605 000,00 €;102.88;Lisboa;Apartments
9636;T2;585 000,00 €;102.88;Lisboa;Apartments
9637;T2;570 000,00 €;102.88;Lisboa;Apartments
9638;T2;570 000,00 €;102.88;Lisboa;Apartments
9639;T2;555 000,00 €;102.88;Lisboa;Apartments
964;T2;155 900,00 €;120;Braga;Apartments
9640;T2;555 000,00 €;102.88;Lisboa;Apartments
9641;T2;555 000,00 €;102.88;Lisboa;Apartments
9642;T2;545 000,00 €;102.88;Lisboa;Apartments
9643;T2;545 000,00 €;102.88;Lisboa;Apartments
9644;T2;555 000,00 €;102.88;Lisboa;Apartments
9645;T2;535 000,00 €;102.88;Lisboa;Apartments
9646;T2;500 000,00 €;90.93;Lisboa;Apartments
9647;T2;535 000,00 €;102.88;Lisboa;Apartments
9648;T2;500 000,00 €;90.93;Lisboa;Apartments
9649;T2;495 000,00 €;90.93;Lisboa;Apartments
965;T2;295 000,00 €;83.10;Lisboa;Apartments
9650;T2;495 000,00 €;90.93;Lisboa;Apartments
9651;T2;490 000,00 €;90.93;Lisboa;Apartments
9652;T2;485 000,00 €;90.93;Lisboa;Apartments
9653;T2;480 000,00 €;90.93;Lisboa;Apartments
9654;T2;475 000,00 €;90.93;Lisboa;Apartments
9655;T4;1 500 000,00 €;242.26;Lisboa;Apartments
9656;T4;705 000,00 €;170.40;Porto;Apartments
9657;T1;295 000,00 €;65;Braga;Apartments
9658;T4;650 000,00 €;151.82;Set??bal;Apartments
9659;T3;1 090 000,00 €;188.39;Lisboa;Apartments
966;T2;210 000,00 €;100;Braga;Apartments
9660;T1;395 000,00 €;64.95;Lisboa;Apartments
9661;T1;385 000,00 €;62.88;Lisboa;Apartments
9662;T2;615 000,00 €;94.35;Lisboa;Apartments
9663;T2;690 000,00 €;113.34;Lisboa;Apartments
9665;T3;247 000,00 €;109.40;Porto;Apartments
9666;T3;395 000,00 €;123.38;Set??bal;Apartments
9667;T3;380 000,00 €;123.38;Set??bal;Apartments
9668;T3;395 000,00 €;123.38;Set??bal;Apartments
9669;T3;370 000,00 €;123.38;Set??bal;Apartments
9670;T3;370 000,00 €;123.38;Set??bal;Apartments
9671;T2;290 000,00 €;100.95;Set??bal;Apartments
9672;T3;322 500,00 €;106.50;Faro;Apartments
9673;T3;440 000,00 €;117;Ilha da Madeira;Apartments
9674;T2;186 000,00 €;98;Porto;Apartments
9676;T1;325 000,00 €;57;Lisboa;Apartments
9677;T2;174 500,00 €;99;Porto;Apartments
9678;T2;249 000,00 €;99;Porto;Apartments
9679;T2;285 000,00 €;101;Set??bal;Apartments
968;T2;155 000,00 €;161.60;Aveiro;Apartments
9680;T1;349 000,00 €;57;Lisboa;Apartments
9681;T2;790 000,00 €;148.06;Lisboa;Apartments
9682;T2;295 000,00 €;98;Set??bal;Apartments
9683;T3;335 000,00 €;121;Set??bal;Apartments
9684;T3;340 000,00 €;121;Set??bal;Apartments
9685;T3;345 000,00 €;121;Set??bal;Apartments
9686;T3;365 000,00 €;121;Set??bal;Apartments
9687;T3;385 000,00 €;159;Set??bal;Apartments
9688;T4;1 650 000,00 €;260.33;Lisboa;Apartments
9689;T3;147 500,00 €;127.29;Santar?©m;Apartments
969;T1;31 500,00 €;70;Faro;Apartments
9690;T2;174 500,00 €;99;Porto;Apartments
9691;T3;2 300 000,00 €;290;Lisboa;Apartments
9692;T3;930 000,00 €;127.32;Porto;Apartments
9693;T2;670 000,00 €;86.42;Porto;Apartments
9694;T4;795 000,00 €;177.40;Porto;Apartments
9695;T1;249 500,00 €;54.16;Porto;Apartments
9696;T3;620 000,00 €;127.32;Porto;Apartments
9697;T4;1 165 000,00 €;177.40;Porto;Apartments
9698;T2;670 000,00 €;86.42;Porto;Apartments
9699;T1;173 250,00 €;61.95;Porto;Apartments
97;T2;224 000,00 €;68.50;Aveiro;Apartments
970;T2;219 900,00 €;72;Porto;Apartments
9700;T3;275 000,00 €;86.89;Aveiro;Apartments
9702;T3;320 000,00 €;90;Lisboa;Apartments
9703;T2;230 000,00 €;74.80;Faro;Apartments
9704;T3;535 000,00 €;160;Lisboa;Apartments
9705;T2;197 500,00 €;64;Set??bal;Apartments
9706;T2;270 000,00 €;63;Porto;Apartments
9707;T2;195 000,00 €;85;Lisboa;Apartments
9708;T2;325 000,00 €;79.95;Faro;Apartments
9709;T1;234 900,00 €;106;Lisboa;Apartments
971;T1;195 310,00 €;63.70;Porto;Apartments
9710;T3;340 000,00 €;122.89;Set??bal;Apartments
9711;T3;340 000,00 €;122.89;Set??bal;Apartments
9712;T3;730 000,00 €;121;Lisboa;Apartments
9713;T3;350 000,00 €;145;Porto;Apartments
9714;T2;79 000,00 €;76;Set??bal;Apartments
9715;T3;4 500 000,00 €;350;Lisboa;Apartments
9716;T2;265 000,00 €;110;Braga;Apartments
9717;T2;345 000,00 €;90;Porto;Apartments
9718;T1;195 000,00 €;65;Braga;Apartments
9719;T3;199 900,00 €;124;Ilha das Flores;Apartments
972;T3;284 780,00 €;87.05;Porto;Apartments
9721;T2;310 000,00 €;71;Porto;Apartments
9722;T3;459 530,00 €;160;Aveiro;Apartments
9723;T3;446 930,00 €;150;Aveiro;Apartments
9724;T0;425 000,00 €;62.74;Lisboa;Apartments
9725;T1;670 000,00 €;134.96;Lisboa;Apartments
9726;T3;260 000,00 €;127;Porto;Apartments
9727;T2;990 000,00 €;108.65;Lisboa;Apartments
9729;T3;359 500,00 €;115;Porto;Apartments
973;T2;515 000,00 €;177.95;Set??bal;Apartments
9731;T3;305 000,00 €;127;Ilha da Madeira;Apartments
9732;T4;295 000,00 €;146;Braga;Apartments
9733;T2;260 000,00 €;100;Viana do Castelo;Apartments
9734;T2;310 000,00 €;149;Porto;Apartments
9735;T2;185 000,00 €;97;Faro;Apartments
9736;T3;445 000,00 €;120;Lisboa;Apartments
9737;T3;450 000,00 €;127;Set??bal;Apartments
9738;T3;240 000,00 €;165;Porto;Apartments
9739;T3;460 000,00 €;127;Set??bal;Apartments
974;T2;649 000,00 €;104;Lisboa;Apartments
9740;T3;750 000,00 €;130;Lisboa;Apartments
9741;T3;85 000,00 €;85;Bragan?ßa;Apartments
9742;T2;85 000,00 €;94;Bragan?ßa;Apartments
9743;T3;380 000,00 €;118.45;Set??bal;Apartments
9744;T3;635 000,00 €;154.50;Porto;Apartments
9745;T2;130 000,00 €;88;Santar?©m;Apartments
9746;T3;309 500,00 €;108;Set??bal;Apartments
9747;T2;260 000,00 €;95;Viana do Castelo;Apartments
9748;T3;440 000,00 €;114.50;Ilha da Madeira;Apartments
9749;T2;147 500,00 €;111;Coimbra;Apartments
975;T2;470 010,00 €;125;Porto;Apartments
9750;T2;450 000,00 €;130;Porto;Apartments
9751;T1;230 000,00 €;65;Porto;Apartments
9752;T0;210 000,00 €;45;Porto;Apartments
9753;T2;369 000,00 €;80;Porto;Apartments
9754;T3;485 000,00 €;286;Set??bal;Apartments
9755;T2;297 500,00 €;62.49;Set??bal;Apartments
9756;T2;302 500,00 €;62.49;Set??bal;Apartments
9757;T2;290 000,00 €;62.49;Set??bal;Apartments
9758;T2;292 500,00 €;62.49;Set??bal;Apartments
9759;T3;327 500,00 €;76.12;Set??bal;Apartments
976;T3;315 000,00 €;132;Porto;Apartments
9760;T3;290 000,00 €;127;Santar?©m;Apartments
9761;T3;275 000,00 €;136;Santar?©m;Apartments
9762;T3;350 000,00 €;143.75;Santar?©m;Apartments
9763;T3;340 000,00 €;123;Set??bal;Apartments
9764;T3;300 000,00 €;127;Santar?©m;Apartments
9765;T3;260 000,00 €;129;Santar?©m;Apartments
9766;T3;340 000,00 €;122;Set??bal;Apartments
9767;T3;300 000,00 €;137;Set??bal;Apartments
9768;T3;415 000,00 €;82;Set??bal;Apartments
9769;T4;649 500,00 €;96;Lisboa;Apartments
977;T3;229 000,00 €;106;Set??bal;Apartments
9770;T4;480 000,00 €;154.56;Set??bal;Apartments
9771;T4;487 500,00 €;149.30;Set??bal;Apartments
9772;T3;475 000,00 €;115;Porto;Apartments
9773;T3;315 000,00 €;87;Set??bal;Apartments
9774;T3;345 000,00 €;107;Set??bal;Apartments
9775;T3;340 000,00 €;107;Set??bal;Apartments
9776;T2;186 000,00 €;98;Porto;Apartments
9777;T1;235 000,00 €;54;Porto;Apartments
9778;T3;440 000,00 €;182;Braga;Apartments
9779;T0;179 550,00 €;40;Porto;Apartments
978;T2;325 000,00 €;155.40;Lisboa;Apartments
9780;T1;420 000,00 €;102;Porto;Apartments
9781;T2;758 000,00 €;105;Lisboa;Apartments
9782;T2;562 500,00 €;106.55;Faro;Apartments
9783;T5;457 000,00 €;201.35;Faro;Apartments
9784;T3;1 050 000,00 €;154;Lisboa;Apartments
9785;T3;1 300 000,00 €;199;Lisboa;Apartments
9786;T2;270 000,00 €;83;Porto;Apartments
9787;T3;1 100 000,00 €;173.50;Lisboa;Apartments
9788;T0;149 900,00 €;32;Porto;Apartments
9789;T1;750 000,00 €;50;Set??bal;Apartments
979;T3;398 000,00 €;97;Lisboa;Apartments
9790;T2;265 000,00 €;105.64;Viana do Castelo;Apartments
9791;T2;682 000,00 €;78;Lisboa;Apartments
9792;T1;195 000,00 €;82;Porto;Apartments
9793;T3;1 270 000,00 €;145;Lisboa;Apartments
9794;T3;345 000,00 €;138;Porto;Apartments
9795;T3;1 149 000,00 €;128;Lisboa;Apartments
9796;T1;329 600,00 €;87;Porto;Apartments
9797;T3;330 000,00 €;123;Aveiro;Apartments
9798;T3;530 450,00 €;135;Porto;Apartments
9799;T2;240 000,00 €;85;Porto;Apartments
98;T2;195 000,00 €;93.04;Aveiro;Apartments
980;T3;217 500,00 €;93.38;Lisboa;Apartments
9800;T4;1 785 000,00 €;214;Lisboa;Apartments
9801;T2;299 500,00 €;128;Porto;Apartments
9802;T4;2 779 000,00 €;182;Lisboa;Apartments
9803;T3;1 100 000,00 €;229;Lisboa;Apartments
9804;T5;480 000,00 €;201.35;Faro;Apartments
9805;T3;545 000,00 €;148.90;Faro;Apartments
9806;T3;792 000,00 €;157.30;Porto;Apartments
9807;T3;1 195 000,00 €;133;Lisboa;Apartments
9808;T3;304 500,00 €;136.70;Faro;Apartments
9809;T1;225 000,00 €;76;Porto;Apartments
981;T4;335 000,00 €;107;Lisboa;Apartments
9810;T4;407 000,00 €;167;Faro;Apartments
9811;T1;298 400,00 €;65;Porto;Apartments
9812;T4;2 525 000,00 €;241.70;Lisboa;Apartments
9813;T1;518 000,00 €;48;Lisboa;Apartments
9814;T2;690 000,00 €;102;Lisboa;Apartments
9815;T3;990 000,00 €;131;Lisboa;Apartments
9816;T3;470 000,00 €;138.63;Faro;Apartments
9817;T3;860 000,00 €;207;Porto;Apartments
9818;T1;390 000,00 €;72;Porto;Apartments
9819;T3;1 550 000,00 €;216;Lisboa;Apartments
982;T2;315 000,00 €;101.50;Lisboa;Apartments
9820;T1;235 000,00 €;91;Porto;Apartments
9821;T2;420 000,00 €;93;Porto;Apartments
9822;T2;1 260 000,00 €;159;Lisboa;Apartments
9823;T1;180 000,00 €;50;Viana do Castelo;Apartments
9824;T2;320 000,00 €;105;Aveiro;Apartments
9825;T3;215 000,00 €;101;Set??bal;Apartments
9826;T4;425 000,00 €;214;Porto;Apartments
9827;T3;692 500,00 €;160;Porto;Apartments
9828;T2;285 600,00 €;103.40;Porto;Apartments
9829;T2;270 300,00 €;103.40;Porto;Apartments
983;T2;355 000,00 €;54.25;Lisboa;Apartments
9830;T2;275 400,00 €;103.40;Porto;Apartments
9831;T2;279 000,00 €;83.08;Aveiro;Apartments
9832;T2;270 300,00 €;103.40;Porto;Apartments
9833;T2;265 200,00 €;103.40;Porto;Apartments
9834;T2;265 200,00 €;103.40;Porto;Apartments
9835;T2;275 400,00 €;103.40;Porto;Apartments
9836;T2;285 600,00 €;103.40;Porto;Apartments
9837;T2;300 900,00 €;108.40;Porto;Apartments
9838;T1;290 000,00 €;58;Porto;Apartments
9839;T2;313 000,00 €;65;Porto;Apartments
984;T2;194 500,00 €;148.08;Porto;Apartments
9840;T1;350 000,00 €;56;Porto;Apartments
9841;T3;265 000,00 €;81;Porto;Apartments
9842;T3;1 100 000,00 €;203;Porto;Apartments
9843;T4;535 000,00 €;209;Porto;Apartments
9844;T3;167 500,00 €;78;Ilha da Madeira;Apartments
9845;T3;166 000,00 €;159;Aveiro;Apartments
9846;T3;330 000,00 €;103;Faro;Apartments
9847;T3;2 500 000,00 €;143;Faro;Apartments
9848;T3;300 000,00 €;135.35;Faro;Apartments
9849;T0;155 000,00 €;43.20;Coimbra;Apartments
985;T2;670 000,00 €;131.73;Porto;Apartments
9850;T2;206 000,00 €;100;Braga;Apartments
9851;T2;280 000,00 €;57.80;Porto;Apartments
9852;T0;400 000,00 €;70;Porto;Apartments
9853;T2;410 000,00 €;81;Lisboa;Apartments
9854;T1;215 000,00 €;66;Faro;Apartments
9855;T4;1 390 000,00 €;165;Lisboa;Apartments
9856;T2;290 000,00 €;130;Set??bal;Apartments
9857;T3;325 000,00 €;135;Set??bal;Apartments
9858;T3;320 000,00 €;135;Set??bal;Apartments
9859;T3;230 000,00 €;122.11;Porto;Apartments
986;T2;245 000,00 €;95;Lisboa;Apartments
9860;T4;495 000,00 €;224.18;Set??bal;Apartments
9861;T2;217 500,00 €;55;Set??bal;Apartments
9862;T3;310 000,00 €;147.60;Viana do Castelo;Apartments
9863;T2;178 000,00 €;88;Lisboa;Apartments
9864;T2;272 000,00 €;92;Porto;Apartments
9865;T3;425 000,00 €;117;Faro;Apartments
9866;T3;545 000,00 €;140;Porto;Apartments
9867;T2;197 500,00 €;80;Set??bal;Apartments
9868;T1;205 500,00 €;47;Set??bal;Apartments
9869;T3;1 125 000,00 €;198;Lisboa;Apartments
987;T1;520 000,00 €;95.36;Porto;Apartments
9870;T1;200 000,00 €;67;Faro;Apartments
9871;T1;425 000,00 €;88.50;Porto;Apartments
9872;T4;555 000,00 €;120;Porto;Apartments
9873;T2;199 000,00 €;65;Lisboa;Apartments
9874;T1;849 000,00 €;72;Lisboa;Apartments
9875;T4;875 000,00 €;221;Porto;Apartments
9876;T2;126 000,00 €;90;Santar?©m;Apartments
9877;T4;555 000,00 €;125.29;Set??bal;Apartments
9878;T3;895 000,00 €;142;Lisboa;Apartments
9879;T2;227 500,00 €;92;Aveiro;Apartments
988;T3;120 000,00 €;101.25;Coimbra;Apartments
9880;T2;850 000,00 €;103.84;Lisboa;Apartments
9881;T3;1 050 000,00 €;181;Lisboa;Apartments
9882;T1;289 900,00 €;50;Lisboa;Apartments
9883;T4;460 000,00 €;248;Porto;Apartments
9884;T3;920 000,00 €;122;Set??bal;Apartments
9885;T2;460 000,00 €;131;Ilha da Madeira;Apartments
9886;T2;450 000,00 €;128;Ilha da Madeira;Apartments
9887;T3;277 000,00 €;161;Set??bal;Apartments
9888;T0;175 000,00 €;38;Porto;Apartments
9889;T3;350 000,00 €;139;Porto;Apartments
989;T4;970 000,00 €;152;Porto;Apartments
9891;T4;690 000,00 €;159;Lisboa;Apartments
9892;T3;885 000,00 €;123;Lisboa;Apartments
9893;T2;283 000,00 €;84;Porto;Apartments
9894;T3;395 000,00 €;106;Porto;Apartments
9895;T4;1 895 000,00 €;200;Lisboa;Apartments
9896;T2;288 000,00 €;91;Porto;Apartments
9897;T2;420 000,00 €;79;Porto;Apartments
9898;T2;265 000,00 €;88.15;Set??bal;Apartments
9899;T2;350 000,00 €;78;Porto;Apartments
99;T1;147 000,00 €;47.94;Aveiro;Apartments
990;T1;169 900,00 €;36;Porto;Apartments
9900;T3;385 000,00 €;100.65;Set??bal;Apartments
9901;T3;465 000,00 €;99;Porto;Apartments
9902;T5;790 000,00 €;152.64;Lisboa;Apartments
9903;T3;320 000,00 €;129;Aveiro;Apartments
9904;T2;224 000,00 €;68;Porto;Apartments
9905;T2;236 775,00 €;85;Porto;Apartments
9906;T4;393 000,00 €;177.60;Porto;Apartments
9907;T2;249 000,00 €;74;Leiria;Apartments
9908;T2;255 000,00 €;85.25;Faro;Apartments
9909;T3;750 000,00 €;121;Lisboa;Apartments
991;T3;385 000,00 €;165;Faro;Apartments
9910;T3;740 000,00 €;118;Lisboa;Apartments
9911;T3;750 000,00 €;118;Lisboa;Apartments
9912;T3;760 000,00 €;118;Lisboa;Apartments
9913;T3;780 000,00 €;118;Lisboa;Apartments
9914;T3;234 900,00 €;170;Coimbra;Apartments
9915;T3;370 000,00 €;124;Set??bal;Apartments
9916;T4;1 250 000,00 €;199;Porto;Apartments
9917;T3;325 000,00 €;104;Set??bal;Apartments
9918;T3;327 500,00 €;84;Set??bal;Apartments
9919;T2;255 000,00 €;98.10;Set??bal;Apartments
992;T2;140 000,00 €;109;Set??bal;Apartments
9920;T4;252 000,00 €;155;Set??bal;Apartments
9921;T2;272 500,00 €;75;Set??bal;Apartments
9922;T2;290 000,00 €;75;Set??bal;Apartments
9923;T3;315 000,00 €;84;Set??bal;Apartments
9924;T2;370 000,00 €;90;Set??bal;Apartments
9925;T3;245 000,00 €;95;Set??bal;Apartments
9926;T2;302 500,00 €;84;Set??bal;Apartments
9927;T3;1 325 000,00 €;184.56;Lisboa;Apartments
9928;T3;1 290 000,00 €;187.05;Lisboa;Apartments
9929;T3;950 000,00 €;137.09;Lisboa;Apartments
993;T2;229 500,00 €;120;Porto;Apartments
9930;T3;945 000,00 €;138.53;Lisboa;Apartments
9931;T3;335 000,00 €;98;Faro;Apartments
9932;T2;170 000,00 €;87;Braga;Apartments
9933;T1;425 000,00 €;80;Ilha da Madeira;Apartments
9934;T2;485 000,00 €;117;Ilha da Madeira;Apartments
9935;T1;173 250,00 €;61.95;Porto;Apartments
9936;T3;350 000,00 €;138;Porto;Apartments
9937;T1;189 000,00 €;60.95;Porto;Apartments
9938;T2;200 000,00 €;72.31;Faro;Apartments
9939;T1;179 000,00 €;57.60;Porto;Apartments
994;T2;249 000,00 €;65;Set??bal;Apartments
9940;T1;178 500,00 €;61.95;Porto;Apartments
9941;T1;173 250,00 €;60.95;Porto;Apartments
9942;T1;178 500,00 €;61.95;Porto;Apartments
9943;T3;410 000,00 €;132;Braga;Apartments
9944;T4;895 000,00 €;155;Porto;Apartments
9945;T2; Pre?ßosobconsulta ;98;Set??bal;Apartments
9946;T1;173 250,00 €;60.95;Porto;Apartments
9947;T3;343 088,00 €;166;Porto;Apartments
9948;T1;270 000,00 €;80;Porto;Apartments
9949;T2;605 000,00 €;100;Porto;Apartments
995;T2;265 000,00 €;93;Porto;Apartments
9950;T1;235 000,00 €;49.93;Porto;Apartments
9951;T2;330 000,00 €;83.10;Set??bal;Apartments
9952;T2;340 000,00 €;84.60;Set??bal;Apartments
9953;T2;329 000,00 €;68.60;Set??bal;Apartments
9954;T2;330 000,00 €;56.70;Set??bal;Apartments
9955;T2;316 000,00 €;68.60;Set??bal;Apartments
9956;T2;298 000,00 €;56.70;Set??bal;Apartments
9957;T2;301 000,00 €;57.20;Set??bal;Apartments
9958;T2;336 000,00 €;68.70;Set??bal;Apartments
9959;T3;612 500,00 €;124.50;Set??bal;Apartments
996;T3;960 000,00 €;130;Lisboa;Apartments
9960;T3;592 500,00 €;124.40;Set??bal;Apartments
9961;T1;229 000,00 €;46.10;Set??bal;Apartments
9962;T2;340 000,00 €;84.60;Set??bal;Apartments
9963;T2;360 000,00 €;83.70;Set??bal;Apartments
9964;T2;335 000,00 €;84.80;Set??bal;Apartments
9965;T2;312 000,00 €;68.70;Set??bal;Apartments
9966;T2;282 500,00 €;56.70;Set??bal;Apartments
9967;T2;355 000,00 €;84.80;Set??bal;Apartments
9968;T2;322 000,00 €;68.70;Set??bal;Apartments
9969;T2;330 000,00 €;56.70;Set??bal;Apartments
997;T2;380 000,00 €;96.90;Porto;Apartments
9970;T2;329 000,00 €;68.60;Set??bal;Apartments
9971;T2;380 000,00 €;84.60;Set??bal;Apartments
9972;T2;342 500,00 €;84.80;Set??bal;Apartments
9973;T2;316 000,00 €;68.60;Set??bal;Apartments
9974;T3;592 500,00 €;124.50;Set??bal;Apartments
9975;T2;336 000,00 €;68.70;Set??bal;Apartments
9976;T2;298 000,00 €;56.70;Set??bal;Apartments
9977;T3;599 500,00 €;117;Set??bal;Apartments
9978;T2;301 000,00 €;57.20;Set??bal;Apartments
9979;T1;475 000,00 €;71.96;Lisboa;Apartments
998;T2;235 000,00 €;125;Porto;Apartments
9980;T3;580 000,00 €;100;Faro;Apartments
9981;T3;640 000,00 €;117;Faro;Apartments
9982;T3;390 000,00 €;92;Faro;Apartments
9983;T4;1 195 000,00 €;300;Lisboa;Apartments
9984;T2;665 500,00 €;115;Porto;Apartments
9985;T3;370 000,00 €;92;Faro;Apartments
9986;T1;230 000,00 €;48;Faro;Apartments
9987;T5;745 000,00 €;186;Porto;Apartments
9988;T1;349 000,00 €;67;Porto;Apartments
9989;T1;249 000,00 €;35;Porto;Apartments
999;T2;550 000,00 €;90;Lisboa;Apartments
9990;T1;270 000,00 €;55;Porto;Apartments
9991;T3;450 000,00 €;70;Set??bal;Apartments
9992;T2;490 000,00 €;110.75;Faro;Apartments
9993;T3;505 000,00 €;87;Set??bal;Apartments
9994;T3;250 000,00 €;112;Lisboa;Apartments
9995;T2;440 000,00 €;117;Ilha da Madeira;Apartments
9996;T3;370 000,00 €;186;Faro;Apartments
9997;T3;695 000,00 €;124;Faro;Apartments
9998;T2;615 000,00 €;81;Faro;Apartments
9999;T2;565 000,00 €;94;Faro;Apartments
