Index;Type; Price ;Area;Location;Property
1;Detached House;12 500,00 €;35;Aveiro;House
2;Small Farmhouse;22 000,00 €;32;Aveiro;House
3;2-Bedroom;22 500,00 €;80;Aveiro;House
4;Detached House;22 500,00 €;32;Aveiro;House
5;Detached House;25 000,00 €;211;Aveiro;House
6;3-Bedroom;35 000,00 €;500;Aveiro;House
7;Detached House;35 000,00 €;85;Aveiro;House
8;3-Bedroom;40 000,00 €;113;Aveiro;House
9;Studio;45 000,00 €;121;Aveiro;House
10;5-Bedroom;48 000,00 €;356;Aveiro;House
11;5-Bedroom;49 000,00 €;319;Aveiro;House
12;6-Bedroom;49 700,00 €;172;Aveiro;House
13;Studio;50 000,00 €;510;Aveiro;House
14;Detached House;50 000,00 €;236;Aveiro;House
15;1-Bedroom;56 000,00 €;45;Aveiro;House
16;3-Bedroom;61 636,00 €;173;Aveiro;House
17;3-Bedroom;65 000,00 €;240;Aveiro;House
18;Detached House;68 000,00 €;50;Aveiro;House
19;4-Bedroom;69 000,00 €;297;Aveiro;House
20;2-Bedroom;70 000,00 €;62;Aveiro;House
21;4-Bedroom;70 000,00 €;172;Aveiro;House
22;Detached House;76 500,00 €;863;Aveiro;House
23;2-Bedroom;79 000,00 €;260;Aveiro;House
24;2-Bedroom;79 000,00 €;260;Aveiro;House
25;Detached House;80 000,00 €;62;Aveiro;House
26;3-Bedroom;80 000,00 €;122;Aveiro;House
27;3-Bedroom;85 000,00 €;100;Aveiro;House
28;6-Bedroom;87 500,00 €;220;Aveiro;House
29;Apartment;90 000,00 €;49;Aveiro;House
30;3-Bedroom;92 000,00 €;180;Aveiro;House
31;House;95 000,00 €;Terreno 1.370;Aveiro;House
32;3-Bedroom;96 500,00 €;418;Aveiro;House
33;5-Bedroom;99 000,00 €;355;Aveiro;House
34;5-Bedroom;99 000,00 €;217;Aveiro;House
35;3-Bedroom;100 000,00 €;146;Aveiro;House
36;2-Bedroom;110 000,00 €;80;Aveiro;House
37;5-Bedroom;120 000,00 €;386;Aveiro;House
38;5-Bedroom;120 000,00 €;269;Aveiro;House
39;Detached House;120 000,00 €;300;Aveiro;House
40;3-Bedroom;120 000,00 €;252;Aveiro;House
41;2-Bedroom;125 000,00 €;122;Aveiro;House
42;6-Bedroom;125 000,00 €;488;Aveiro;House
43;5-Bedroom;130 000,00 €;318;Aveiro;House
44;8-Bedroom;130 000,00 €;308;Aveiro;House
45;Small Farmhouse;130 000,00 €;7.897;Aveiro;House
46;2-Bedroom;133 000,00 €;128;Aveiro;House
47;Detached House;133 000,00 €;132;Aveiro;House
48;4-Bedroom;135 000,00 €;338;Aveiro;House
49;House;135 000,00 €;153;Aveiro;House
50;Detached House;135 000,00 €;144;Aveiro;House
51;1-Bedroom;139 000,00 €;111;Aveiro;House
52;3-Bedroom;140 000,00 €;90;Aveiro;House
53;5-Bedroom;145 000,00 €;360;Aveiro;House
54;6-Bedroom;149 000,00 €;220;Aveiro;House
55;5-Bedroom;149 500,00 €;138;Aveiro;House
56;3-Bedroom;150 000,00 €;296;Aveiro;House
57;3-Bedroom;150 000,00 €;220;Aveiro;House
58;1-Bedroom;150 000,00 €;300;Aveiro;House
59;2-Bedroom;150 000,00 €;187;Aveiro;House
60;3+2-Bedroom;152 680,00 €;161;Aveiro;House
61;2-Bedroom;152 680,00 €;161;Aveiro;House
62;2-Bedroom;152 680,00 €;161;Aveiro;House
63;3-Bedroom;152 680,00 €;199;Aveiro;House
64;3+2-Bedroom;152 680,00 €;161;Aveiro;House
65;Studio;155 000,00 €;97;Aveiro;House
66;Detached House;155 000,00 €;140;Aveiro;House
67;3-Bedroom;155 000,00 €;305;Aveiro;House
68;Apartment;159 000,00 €;77;Aveiro;House
69;2-Bedroom;159 000,00 €;95;Aveiro;House
70;2-Bedroom;159 000,00 €;95;Aveiro;House
71;1-Bedroom;159 000,00 €;44;Aveiro;House
72;3-Bedroom;159 000,00 €;242;Aveiro;House
73;3-Bedroom;160 000,00 €;196;Aveiro;House
74;3-Bedroom;160 000,00 €;196;Aveiro;House
75;2-Bedroom;160 000,00 €;360;Aveiro;House
76;1-Bedroom;160 000,00 €;113;Aveiro;House
77;3-Bedroom;160 000,00 €;310;Aveiro;House
78;1-Bedroom;160 000,00 €;114;Aveiro;House
79;5-Bedroom;160 000,00 €;420;Aveiro;House
80;Studio;164 000,00 €;768;Aveiro;House
81;1-Bedroom;165 000,00 €;116;Aveiro;House
82;3-Bedroom;165 000,00 €;160;Aveiro;House
83;1-Bedroom;165 000,00 €;111;Aveiro;House
84;Apartment;166 000,00 €;128;Aveiro;House
85;1-Bedroom;166 000,00 €;129;Aveiro;House
86;1-Bedroom;166 000,00 €;128;Aveiro;House
87;2-Bedroom;168 500,00 €;139;Aveiro;House
88;2-Bedroom;169 000,00 €;90;Aveiro;House
89;5-Bedroom;170 000,00 €;425;Aveiro;House
90;1-Bedroom;170 000,00 €;101;Aveiro;House
91;1-Bedroom;170 000,00 €;100;Aveiro;House
92;4-Bedroom;170 000,00 €;425;Aveiro;House
93;2-Bedroom;172 000,00 €;103;Aveiro;House
94;Detached House;175 000,00 €;126;Aveiro;House
95;1-Bedroom;175 000,00 €;48;Aveiro;House
96;2-Bedroom;175 000,00 €;92;Aveiro;House
97;1-Bedroom;178 500,00 €;66;Aveiro;House
98;6-Bedroom;179 000,00 €;520;Aveiro;House
99;3-Bedroom;179 000,00 €;130;Aveiro;House
100;3-Bedroom;179 000,00 €;130;Aveiro;House
101;3-Bedroom;179 000,00 €;386;Aveiro;House
102;4-Bedroom;179 500,00 €;227;Aveiro;House
103;2-Bedroom;180 000,00 €;110;Aveiro;House
104;Detached House;180 000,00 €;766;Aveiro;House
105;1-Bedroom;180 000,00 €;91;Aveiro;House
106;Detached House;180 000,00 €;766;Aveiro;House
107;Detached House;180 000,00 €;313;Aveiro;House
108;3-Bedroom;180 000,00 €;218;Aveiro;House
109;Detached House;180 000,00 €;96;Aveiro;House
110;Apartment;180 000,00 €;14.117;Aveiro;House
111;5-Bedroom;180 000,00 €;145;Aveiro;House
112;Apartment;182 000,00 €;123;Aveiro;House
113;2-Bedroom;183 000,00 €;129;Aveiro;House
114;Detached House;183 000,00 €;137;Aveiro;House
115;Studio;184 500,00 €;61;Aveiro;House
116;1-Bedroom;184 500,00 €;61;Aveiro;House
117;Detached House;185 000,00 €;95;Aveiro;House
118;2-Bedroom;186 000,00 €;113;Aveiro;House
119;2-Bedroom;186 000,00 €;109;Aveiro;House
120;2-Bedroom;190 000,00 €;127;Aveiro;House
121;2-Bedroom;190 000,00 €;60;Aveiro;House
122;4-Bedroom;190 000,00 €;118;Aveiro;House
123;3-Bedroom;190 000,00 €;160;Aveiro;House
124;2-Bedroom;190 000,00 €;182;Aveiro;House
125;2-Bedroom;192 000,00 €;104;Aveiro;House
126;2-Bedroom;192 000,00 €;85;Aveiro;House
127;5-Bedroom;195 000,00 €;249;Aveiro;House
128;2-Bedroom;195 000,00 €;123;Aveiro;House
129;3-Bedroom;195 000,00 €;265;Aveiro;House
130;3-Bedroom;195 000,00 €;265;Aveiro;House
131;2-Bedroom;195 000,00 €;124;Aveiro;House
132;2-Bedroom;195 000,00 €;146;Aveiro;House
133;2-Bedroom;198 500,00 €;75;Aveiro;House
134;2-Bedroom;199 500,00 €;118;Aveiro;House
135;4-Bedroom;200 000,00 €;504;Aveiro;House
136;4-Bedroom;200 000,00 €;112;Aveiro;House
137;2-Bedroom;200 000,00 €;99;Aveiro;House
138;3-Bedroom;200 000,00 €;200;Aveiro;House
139;3-Bedroom;201 000,00 €;140;Aveiro;House
140;3-Bedroom;202 500,00 €;270;Aveiro;House
141;2-Bedroom;204 900,00 €;133;Aveiro;House
142;2-Bedroom;204 900,00 €;133;Aveiro;House
143;3-Bedroom;205 000,00 €;141;Aveiro;House
144;3-Bedroom;205 000,00 €;141;Aveiro;House
145;Apartment;205 000,00 €;164;Aveiro;House
146;3-Bedroom;206 000,00 €;480;Aveiro;House
147;3-Bedroom;206 000,00 €;480;Aveiro;House
148;3-Bedroom;207 000,00 €;194;Aveiro;House
149;4-Bedroom;207 500,00 €;120;Aveiro;House
150;1-Bedroom;207 900,00 €;81;Aveiro;House
151;1-Bedroom;207 900,00 €;81;Aveiro;House
152;3-Bedroom;209 500,00 €;162;Aveiro;House
153;3-Bedroom;209 500,00 €;162;Aveiro;House
154;3-Bedroom;210 000,00 €;256;Aveiro;House
155;3-Bedroom;210 000,00 €;200;Aveiro;House
156;6-Bedroom;210 000,00 €;1.234;Aveiro;House
157;2-Bedroom;210 000,00 €;139;Aveiro;House
158;3-Bedroom;214 000,00 €;154;Aveiro;House
159;1-Bedroom;215 000,00 €;57;Aveiro;House
160;2-Bedroom;215 000,00 €;153;Aveiro;House
161;2-Bedroom;215 000,00 €;148;Aveiro;House
162;3-Bedroom;215 000,00 €;148;Aveiro;House
163;3-Bedroom;215 000,00 €;175;Aveiro;House
164;Apartment;215 000,00 €;153;Aveiro;House
165;3-Bedroom;217 000,00 €;141;Aveiro;House
166;1-Bedroom;218 500,00 €;64;Aveiro;House
167;2-Bedroom;219 000,00 €;125;Aveiro;House
168;2-Bedroom;219 000,00 €;95;Aveiro;House
169;Apartment;219 900,00 €;109;Aveiro;House
170;3-Bedroom;220 000,00 €;393;Aveiro;House
171;3-Bedroom;220 000,00 €;140;Aveiro;House
172;Apartment;221 000,00 €;158;Aveiro;House
173;Apartment;221 000,00 €;158;Aveiro;House
174;1-Bedroom;221 000,00 €;144;Aveiro;House
175;2-Bedroom;221 000,00 €;144;Aveiro;House
176;1+1-Bedroom;221 000,00 €;130;Aveiro;House
177;1-Bedroom;221 666,00 €;56;Aveiro;House
178;1-Bedroom;221 666,00 €;56;Aveiro;House
179;1-Bedroom;221 666,00 €;56;Aveiro;House
180;2-Bedroom;223 900,00 €;85;Aveiro;House
181;2-Bedroom;223 900,00 €;85;Aveiro;House
182;1-Bedroom;225 000,00 €;83;Aveiro;House
183;3-Bedroom;225 000,00 €;260;Aveiro;House
184;3-Bedroom;225 000,00 €;301;Aveiro;House
185;3-Bedroom;225 000,00 €;189;Aveiro;House
186;3-Bedroom;225 000,00 €;150;Aveiro;House
187;3-Bedroom;225 000,00 €;87;Aveiro;House
188;2-Bedroom;225 000,00 €;123;Aveiro;House
189;Studio;225 000,00 €;36;Aveiro;House
190;3+2-Bedroom;225 000,00 €;119;Aveiro;House
191;3-Bedroom;227 500,00 €;129;Aveiro;House
192;1-Bedroom;229 425,00 €;64;Aveiro;House
193;1-Bedroom;229 425,00 €;64;Aveiro;House
194;1-Bedroom;229 425,00 €;64;Aveiro;House
195;Apartment;230 000,00 €;103;Aveiro;House
196;Detached House;230 000,00 €;85;Aveiro;House
197;3+1-Bedroom;230 000,00 €;490;Aveiro;House
198;2-Bedroom;230 000,00 €;150;Aveiro;House
199;Detached House;230 000,00 €;287;Aveiro;House
200;5-Bedroom;230 000,00 €;256;Aveiro;House
201;3-Bedroom;232 000,00 €;225;Aveiro;House
202;1-Bedroom;232 500,00 €;64;Aveiro;House
203;4-Bedroom;235 000,00 €;270;Aveiro;House
204;3-Bedroom;235 000,00 €;162;Aveiro;House
205;3-Bedroom;235 000,00 €;139;Aveiro;House
206;1-Bedroom;235 000,00 €;68;Aveiro;House
207;3-Bedroom;235 000,00 €;232;Aveiro;House
208;1-Bedroom;235 000,00 €;88;Aveiro;House
209;3-Bedroom;237 000,00 €;249;Aveiro;House
210;3-Bedroom;237 000,00 €;249;Aveiro;House
211;3-Bedroom;237 000,00 €;249;Aveiro;House
212;3-Bedroom;237 500,00 €;190;Aveiro;House
213;3-Bedroom;237 500,00 €;188;Aveiro;House
214;3-Bedroom;239 000,00 €;187;Aveiro;House
215;2+4-Bedroom;240 000,00 €;323;Aveiro;House
216;Apartment;240 000,00 €;96;Aveiro;House
217;Detached House;240 000,00 €;386;Aveiro;House
218;Apartment;240 000,00 €;96;Aveiro;House
219;Detached House;240 000,00 €;151;Aveiro;House
220;2-Bedroom;240 000,00 €;880;Aveiro;House
221;2-Bedroom;240 000,00 €;502;Aveiro;House
222;2-Bedroom;240 000,00 €;502;Aveiro;House
223;3-Bedroom;240 000,00 €;230;Aveiro;House
224;1-Bedroom;240 000,00 €;70;Aveiro;House
225;1-Bedroom;240 000,00 €;199;Aveiro;House
226;3-Bedroom;240 000,00 €;170;Aveiro;House
227;3-Bedroom;242 000,00 €;141;Aveiro;House
228;3-Bedroom;242 500,00 €;191;Aveiro;House
229;2-Bedroom;242 500,00 €;121;Aveiro;House
230;Apartment;243 000,00 €;100;Aveiro;House
231;3-Bedroom;245 000,00 €;180;Aveiro;House
232;Detached House;245 000,00 €;563;Aveiro;House
233;5-Bedroom;245 000,00 €;484;Aveiro;House
234;4-Bedroom;245 000,00 €;415;Aveiro;House
235;1-Bedroom;245 000,00 €;93;Aveiro;House
236;1-Bedroom;245 000,00 €;67;Aveiro;House
237;1-Bedroom;245 000,00 €;60;Aveiro;House
238;1-Bedroom;245 000,00 €;52;Aveiro;House
239;1-Bedroom;245 000,00 €;53;Aveiro;House
240;2-Bedroom;245 900,00 €;88;Aveiro;House
241;Apartment;247 000,00 €;62;Aveiro;House
242;3-Bedroom;247 000,00 €;149;Aveiro;House
243;3-Bedroom;248 000,00 €;204;Aveiro;House
244;3-Bedroom;248 000,00 €;204;Aveiro;House
245;3-Bedroom;248 000,00 €;150;Aveiro;House
246;6-Bedroom;249 000,00 €;212;Aveiro;House
247;6-Bedroom;249 000,00 €;212;Aveiro;House
248;2-Bedroom;249 900,00 €;91;Aveiro;House
249;2-Bedroom;249 990,00 €;202;Aveiro;House
250;3-Bedroom;250 000,00 €;173;Aveiro;House
251;4-Bedroom;250 000,00 €;254;Aveiro;House
252;2-Bedroom;250 000,00 €;112;Aveiro;House
253;Studio;250 000,00 €;57;Aveiro;House
254;Studio;250 000,00 €;57;Aveiro;House
255;3-Bedroom;250 000,00 €;201;Aveiro;House
256;2-Bedroom;250 000,00 €;96;Aveiro;House
257;Detached House;250 000,00 €;250;Aveiro;House
258;Detached House;250 000,00 €;250;Aveiro;House
259;3-Bedroom;250 000,00 €;244;Aveiro;House
260;Detached House;250 000,00 €;222;Aveiro;House
261;Detached House;250 000,00 €;155;Aveiro;House
262;Detached House;250 000,00 €;68;Aveiro;House
263;Detached House;250 000,00 €;248;Aveiro;House
264;1-Bedroom;250 000,00 €;66;Aveiro;House
265;4-Bedroom;250 000,00 €;236;Aveiro;House
266;2-Bedroom;250 000,00 €;132;Aveiro;House
267;1-Bedroom;250 000,00 €;73;Aveiro;House
268;2-Bedroom;250 000,00 €;88;Aveiro;House
269;2-Bedroom;250 000,00 €;246;Aveiro;House
270;1-Bedroom;250 000,00 €;6.701;Aveiro;House
271;2-Bedroom;250 000,00 €;103;Aveiro;House
272;3-Bedroom;252 000,00 €;161;Aveiro;House
273;3-Bedroom;252 500,00 €;206;Aveiro;House
274;2-Bedroom;252 500,00 €;92;Aveiro;House
275;3-Bedroom;253 000,00 €;140;Aveiro;House
276;3-Bedroom;253 000,00 €;128;Aveiro;House
277;3-Bedroom;253 000,00 €;124;Aveiro;House
278;3-Bedroom;253 000,00 €;137;Aveiro;House
279;4-Bedroom;254 800,00 €;318;Aveiro;House
280;4-Bedroom;255 000,00 €;157;Aveiro;House
281;3-Bedroom;255 000,00 €;177;Aveiro;House
282;1-Bedroom;255 000,00 €;52;Aveiro;House
283;3-Bedroom;255 000,00 €;164;Aveiro;House
284;2-Bedroom;255 000,00 €;88;Aveiro;House
285;3-Bedroom;255 000,00 €;176;Aveiro;House
286;4-Bedroom;257 000,00 €;300;Aveiro;House
287;4-Bedroom;257 000,00 €;319;Aveiro;House
288;3-Bedroom;259 000,00 €;171;Aveiro;House
289;2-Bedroom;259 900,00 €;105;Aveiro;House
290;2-Bedroom;259 900,00 €;105;Aveiro;House
291;2-Bedroom;259 900,00 €;120;Aveiro;House
292;2-Bedroom;260 000,00 €;110;Aveiro;House
293;2-Bedroom;260 000,00 €;500;Aveiro;House
294;2-Bedroom;260 000,00 €;133;Aveiro;House
295;4-Bedroom;260 000,00 €;662;Aveiro;House
296;Apartment;260 000,00 €;78;Aveiro;House
297;4+1-Bedroom;260 000,00 €;151;Aveiro;House
298;3-Bedroom;260 000,00 €;306;Aveiro;House
299;Apartment;260 000,00 €;61;Aveiro;House
300;4-Bedroom;260 000,00 €;230;Aveiro;House
301;2-Bedroom;260 000,00 €;110;Aveiro;House
302;3-Bedroom;265 000,00 €;166;Aveiro;House
303;3-Bedroom;265 000,00 €;128;Aveiro;House
304;3-Bedroom;265 000,00 €;271;Aveiro;House
305;3-Bedroom;265 000,00 €;130;Aveiro;House
306;3-Bedroom;265 000,00 €;130;Aveiro;House
307;3-Bedroom;265 000,00 €;271;Aveiro;House
308;3-Bedroom;265 000,00 €;128;Aveiro;House
309;Detached House;265 000,00 €;232;Aveiro;House
310;3-Bedroom;265 000,00 €;115;Aveiro;House
311;Apartment;265 000,00 €;78;Aveiro;House
312;3-Bedroom;265 000,00 €;186;Aveiro;House
313;3-Bedroom;265 000,00 €;151;Aveiro;House
314;2-Bedroom;265 000,00 €;80;Aveiro;House
315;3-Bedroom;265 000,00 €;152;Aveiro;House
316;3-Bedroom;265 000,00 €;269;Aveiro;House
317;2-Bedroom;265 000,00 €;155;Aveiro;House
318;3-Bedroom;265 000,00 €;151;Aveiro;House
319;3-Bedroom;265 000,00 €;166;Aveiro;House
320;2-Bedroom;265 000,00 €;124;Aveiro;House
321;Apartment;267 000,00 €;116;Aveiro;House
322;2-Bedroom;267 000,00 €;133;Aveiro;House
323;1-Bedroom;269 000,00 €;58;Aveiro;House
324;1-Bedroom;269 000,00 €;77;Aveiro;House
325;Apartment;269 000,00 €;57;Aveiro;House
326;1-Bedroom;269 000,00 €;70;Aveiro;House
327;1-Bedroom;269 500,00 €;55;Aveiro;House
328;3-Bedroom;269 500,00 €;154;Aveiro;House
329;1-Bedroom;269 500,00 €;55;Aveiro;House
330;5-Bedroom;270 000,00 €;138;Aveiro;House
331;5-Bedroom;270 000,00 €;260;Aveiro;House
332;2-Bedroom;270 000,00 €;88;Aveiro;House
333;3-Bedroom;270 000,00 €;307;Aveiro;House
334;2-Bedroom;275 000,00 €;260;Aveiro;House
335;2+1-Bedroom;275 000,00 €;135;Aveiro;House
336;1-Bedroom;275 000,00 €;82;Aveiro;House
337;3-Bedroom;275 000,00 €;211;Aveiro;House
338;4-Bedroom;275 000,00 €;162;Aveiro;House
339;2-Bedroom;276 000,00 €;130;Aveiro;House
340;1-Bedroom;278 000,00 €;57;Aveiro;House
341;4-Bedroom;279 000,00 €;396;Aveiro;House
342;Detached House;280 000,00 €;160;Aveiro;House
343;2-Bedroom;280 000,00 €;133;Aveiro;House
344;2-Bedroom;280 000,00 €;99;Aveiro;House
345;Apartment;280 000,00 €;129;Aveiro;House
346;2+1-Bedroom;280 000,00 €;162;Aveiro;House
347;Apartment;280 000,00 €;92;Aveiro;House
348;6-Bedroom;280 000,00 €;127;Aveiro;House
349;2+1-Bedroom;280 000,00 €;278;Aveiro;House
350;3-Bedroom;280 000,00 €;200;Aveiro;House
351;1-Bedroom;280 000,00 €;99;Aveiro;House
352;1-Bedroom;280 000,00 €;96;Aveiro;House
353;1-Bedroom;280 000,00 €;95;Aveiro;House
354;3-Bedroom;280 000,00 €;221;Aveiro;House
355;1-Bedroom;280 000,00 €;96;Aveiro;House
356;1-Bedroom;280 000,00 €;66;Aveiro;House
357;3-Bedroom;280 000,00 €;224;Aveiro;House
358;2-Bedroom;281 000,00 €;92;Aveiro;House
359;2-Bedroom;281 000,00 €;93;Aveiro;House
360;2-Bedroom;281 000,00 €;93;Aveiro;House
361;2-Bedroom;281 000,00 €;92;Aveiro;House
362;1-Bedroom;284 500,00 €;58;Aveiro;House
363;Apartment;284 500,00 €;57;Aveiro;House
364;1-Bedroom;284 500,00 €;101;Aveiro;House
365;2-Bedroom;285 000,00 €;85;Aveiro;House
366;3-Bedroom;285 000,00 €;155;Aveiro;House
367;2-Bedroom;285 000,00 €;99;Aveiro;House
368;5-Bedroom;285 000,00 €;226;Aveiro;House
369;4-Bedroom;285 000,00 €;96;Aveiro;House
370;2-Bedroom;286 000,00 €;93;Aveiro;House
371;2-Bedroom;286 000,00 €;92;Aveiro;House
372;2-Bedroom;286 000,00 €;97;Aveiro;House
373;2-Bedroom;286 000,00 €;93;Aveiro;House
374;1-Bedroom;286 500,00 €;52;Aveiro;House
375;2-Bedroom;288 600,00 €;119;Aveiro;House
376;3-Bedroom;289 500,00 €;150;Aveiro;House
377;4+1-Bedroom;289 900,00 €;253;Aveiro;House
378;5-Bedroom;290 000,00 €;305;Aveiro;House
379;2-Bedroom;290 000,00 €;91;Aveiro;House
380;2-Bedroom;290 000,00 €;57;Aveiro;House
381;2-Bedroom;290 000,00 €;62;Aveiro;House
382;3-Bedroom;290 000,00 €;84;Aveiro;House
383;2-Bedroom;290 000,00 €;62;Aveiro;House
384;6-Bedroom;290 000,00 €;310;Aveiro;House
385;3-Bedroom;290 000,00 €;144;Aveiro;House
386;5-Bedroom;290 000,00 €;312;Aveiro;House
387;2-Bedroom;290 000,00 €;97;Aveiro;House
388;1-Bedroom;290 000,00 €;99;Aveiro;House
389;2-Bedroom;290 000,00 €;88;Aveiro;House
390;3-Bedroom;290 000,00 €;155;Aveiro;House
391;3-Bedroom;290 000,00 €;181;Aveiro;House
392;3-Bedroom;290 000,00 €;122;Aveiro;House
393;2-Bedroom;291 000,00 €;97;Aveiro;House
394;2-Bedroom;291 000,00 €;93;Aveiro;House
395;4-Bedroom;292 500,00 €;425;Aveiro;House
396;3-Bedroom;295 000,00 €;132;Aveiro;House
397;3-Bedroom;295 000,00 €;750;Aveiro;House
398;2+1-Bedroom;295 000,00 €;75;Aveiro;House
399;1-Bedroom;295 000,00 €;59;Aveiro;House
400;2+1-Bedroom;295 000,00 €;189;Aveiro;House
401;2+1-Bedroom;295 000,00 €;187;Aveiro;House
402;2-Bedroom;295 000,00 €;188;Aveiro;House
403;Apartment;295 000,00 €;108;Aveiro;House
404;3-Bedroom;295 000,00 €;176;Aveiro;House
405;2-Bedroom;295 000,00 €;89;Aveiro;House
406;3-Bedroom;295 000,00 €;227;Aveiro;House
407;5-Bedroom;295 500,00 €;635;Aveiro;House
408;2-Bedroom;295 800,00 €;102;Aveiro;House
409;2-Bedroom;296 000,00 €;97;Aveiro;House
410;3-Bedroom;297 500,00 €;225;Aveiro;House
411;3-Bedroom;298 000,00 €;160;Aveiro;House
412;3-Bedroom;298 000,00 €;149;Aveiro;House
413;3-Bedroom;298 000,00 €;149;Aveiro;House
414;4-Bedroom;298 000,00 €;236;Aveiro;House
415;3-Bedroom;298 000,00 €;148;Aveiro;House
416;3-Bedroom;298 500,00 €;123;Aveiro;House
417;2-Bedroom;298 500,00 €;78;Aveiro;House
418;4-Bedroom;299 000,00 €;228;Aveiro;House
419;4-Bedroom;299 500,00 €;239;Aveiro;House
420;4-Bedroom;299 500,00 €;239;Aveiro;House
421;3-Bedroom;300 000,00 €;128;Aveiro;House
422;2-Bedroom;300 000,00 €;100;Aveiro;House
423;4-Bedroom;300 000,00 €;460;Aveiro;House
424;2-Bedroom;300 000,00 €;112;Aveiro;House
425;5-Bedroom;300 000,00 €;342;Aveiro;House
426;3-Bedroom;300 000,00 €;152;Aveiro;House
427;2-Bedroom;300 000,00 €;142;Aveiro;House
428;2-Bedroom;300 900,00 €;110;Aveiro;House
429;2-Bedroom;301 000,00 €;97;Aveiro;House
430;Apartment;305 000,00 €;120;Aveiro;House
431;2-Bedroom;305 000,00 €;107;Aveiro;House
432;1+1-Bedroom;305 000,00 €;71;Aveiro;House
433;3-Bedroom;305 000,00 €;170;Aveiro;House
434;2-Bedroom;306 000,00 €;95;Aveiro;House
435;1-Bedroom;307 450,00 €;85;Aveiro;House
436;1-Bedroom;308 000,00 €;78;Aveiro;House
437;2-Bedroom;310 000,00 €;123;Aveiro;House
438;2-Bedroom;310 000,00 €;214;Aveiro;House
439;3-Bedroom;310 000,00 €;180;Aveiro;House
440;4-Bedroom;310 000,00 €;374;Aveiro;House
441;Apartment;310 000,00 €;120;Aveiro;House
442;1-Bedroom;310 000,00 €;63;Aveiro;House
443;2-Bedroom;310 000,00 €;169;Aveiro;House
444;1-Bedroom;310 000,00 €;73;Aveiro;House
445;1-Bedroom;310 000,00 €;83;Aveiro;House
446;Apartment;313 000,00 €;102;Aveiro;House
447;Apartment;313 000,00 €;102;Aveiro;House
448;2-Bedroom;315 000,00 €;141;Aveiro;House
449;3-Bedroom;315 000,00 €;324;Aveiro;House
450;3-Bedroom;315 000,00 €;217;Aveiro;House
451;3-Bedroom;315 000,00 €;160;Aveiro;House
452;2-Bedroom;315 000,00 €;90;Aveiro;House
453;3-Bedroom;315 000,00 €;136;Aveiro;House
454;2-Bedroom;315 000,00 €;122;Aveiro;House
455;2-Bedroom;315 000,00 €;166;Aveiro;House
456;3-Bedroom;315 000,00 €;214;Aveiro;House
457;3-Bedroom;315 000,00 €;214;Aveiro;House
458;4-Bedroom;315 000,00 €;400;Aveiro;House
459;2-Bedroom;315 000,00 €;100;Aveiro;House
460;2-Bedroom;316 200,00 €;107;Aveiro;House
461;2-Bedroom;317 000,00 €;128;Aveiro;House
462;2-Bedroom;317 000,00 €;128;Aveiro;House
463;2-Bedroom;317 000,00 €;128;Aveiro;House
464;3+2-Bedroom;319 000,00 €;284;Aveiro;House
465;3-Bedroom;319 000,00 €;204;Aveiro;House
466;3+2-Bedroom;319 000,00 €;284;Aveiro;House
467;5-Bedroom;319 900,00 €;180;Aveiro;House
468;4+1-Bedroom;319 900,00 €;182;Aveiro;House
469;3-Bedroom;320 000,00 €;162;Aveiro;House
470;3-Bedroom;320 000,00 €;182;Aveiro;House
471;3-Bedroom;320 000,00 €;310;Aveiro;House
472;2-Bedroom;320 000,00 €;124;Aveiro;House
473;3-Bedroom;320 000,00 €;240;Aveiro;House
474;3-Bedroom;320 000,00 €;310;Aveiro;House
475;3-Bedroom;320 000,00 €;324;Aveiro;House
476;2-Bedroom;320 000,00 €;137;Aveiro;House
477;3-Bedroom;320 000,00 €;180;Aveiro;House
478;3-Bedroom;320 000,00 €;244;Aveiro;House
479;3-Bedroom;320 000,00 €;91;Aveiro;House
480;2-Bedroom;325 000,00 €;113;Aveiro;House
481;2-Bedroom;325 000,00 €;134;Aveiro;House
482;3-Bedroom;325 000,00 €;248;Aveiro;House
483;3-Bedroom;325 000,00 €;250;Aveiro;House
484;3-Bedroom;325 000,00 €;200;Aveiro;House
485;3-Bedroom;325 000,00 €;180;Aveiro;House
486;3-Bedroom;325 000,00 €;200;Aveiro;House
487;3-Bedroom;325 000,00 €;180;Aveiro;House
488;3-Bedroom;325 000,00 €;204;Aveiro;House
489;3-Bedroom;325 000,00 €;232;Aveiro;House
490;2-Bedroom;325 000,00 €;113;Aveiro;House
491;2-Bedroom;325 000,00 €;113;Aveiro;House
492;3-Bedroom;325 000,00 €;160;Aveiro;House
493;2-Bedroom;325 000,00 €;134;Aveiro;House
494;Apartment;325 000,00 €;200;Aveiro;House
495;3-Bedroom;325 000,00 €;200;Aveiro;House
496;3-Bedroom;325 000,00 €;115;Aveiro;House
497;2-Bedroom;325 000,00 €;113;Aveiro;House
498;3-Bedroom;326 430,00 €;145;Aveiro;House
499;2-Bedroom;326 550,00 €;125;Aveiro;House
500;2+1-Bedroom;326 550,00 €;110;Aveiro;House
501;2+1-Bedroom;327 075,00 €;110;Aveiro;House
502;2-Bedroom;328 600,00 €;108;Aveiro;House
503;7-Bedroom;330 000,00 €;314;Aveiro;House
504;3-Bedroom;330 000,00 €;308;Aveiro;House
505;2-Bedroom;330 000,00 €;230;Aveiro;House
506;3-Bedroom;330 000,00 €;196;Aveiro;House
507;6-Bedroom;330 000,00 €;250;Aveiro;House
508;1+1-Bedroom;330 000,00 €;78;Aveiro;House
509;2-Bedroom;330 000,00 €;174;Aveiro;House
510;3-Bedroom;330 000,00 €;299;Aveiro;House
511;2-Bedroom;330 000,00 €;108;Aveiro;House
512;3-Bedroom;330 000,00 €;413;Aveiro;House
513;2-Bedroom;332 000,00 €;84;Aveiro;House
514;3+1-Bedroom;332 500,00 €;382;Aveiro;House
515;3+1-Bedroom;332 500,00 €;382;Aveiro;House
516;3-Bedroom;332 500,00 €;382;Aveiro;House
517;3-Bedroom;334 000,00 €;283;Aveiro;House
518;2-Bedroom;334 000,00 €;82;Aveiro;House
519;3-Bedroom;334 500,00 €;283;Aveiro;House
520;3-Bedroom;334 500,00 €;283;Aveiro;House
521;2-Bedroom;334 950,00 €;104;Aveiro;House
522;2-Bedroom;334 950,00 €;160;Aveiro;House
523;2-Bedroom;335 000,00 €;143;Aveiro;House
524;2-Bedroom;335 000,00 €;115;Aveiro;House
525;4-Bedroom;335 000,00 €;255;Aveiro;House
526;2-Bedroom;335 000,00 €;115;Aveiro;House
527;4-Bedroom;335 000,00 €;255;Aveiro;House
528;4-Bedroom;335 000,00 €;255;Aveiro;House
529;2-Bedroom;335 000,00 €;173;Aveiro;House
530;3-Bedroom;335 000,00 €;196;Aveiro;House
531;Apartment;335 000,00 €;120;Aveiro;House
532;2-Bedroom;335 000,00 €;143;Aveiro;House
533;2-Bedroom;335 000,00 €;143;Aveiro;House
534;2-Bedroom;335 000,00 €;113;Aveiro;House
535;2-Bedroom;335 000,00 €;205;Aveiro;House
536;2-Bedroom;336 500,00 €;125;Aveiro;House
537;4-Bedroom;337 000,00 €;334;Aveiro;House
538;3-Bedroom;337 500,00 €;167;Aveiro;House
539;2-Bedroom;338 000,00 €;124;Aveiro;House
540;2-Bedroom;338 333,00 €;92;Aveiro;House
541;2-Bedroom;339 000,00 €;116;Aveiro;House
542;6-Bedroom;339 000,00 €;322;Aveiro;House
543;2-Bedroom;339 000,00 €;281;Aveiro;House
544;2+1-Bedroom;339 675,00 €;121;Aveiro;House
545;2-Bedroom;339 675,00 €;121;Aveiro;House
546;2+1-Bedroom;339 675,00 €;121;Aveiro;House
547;3+1-Bedroom;339 900,00 €;297;Aveiro;House
548;2-Bedroom;340 000,00 €;127;Aveiro;House
549;2-Bedroom;340 000,00 €;159;Aveiro;House
550;3-Bedroom;340 000,00 €;246;Aveiro;House
551;2+1-Bedroom;340 000,00 €;307;Aveiro;House
552;2+1-Bedroom;340 000,00 €;307;Aveiro;House
553;3-Bedroom;340 000,00 €;346;Aveiro;House
554;4-Bedroom;340 000,00 €;457;Aveiro;House
555;4-Bedroom;340 000,00 €;255;Aveiro;House
556;4-Bedroom;340 000,00 €;457;Aveiro;House
557;2-Bedroom;340 000,00 €;127;Aveiro;House
558;2-Bedroom;340 000,00 €;127;Aveiro;House
559;3-Bedroom;340 000,00 €;190;Aveiro;House
560;3-Bedroom;340 000,00 €;200;Aveiro;House
561;2-Bedroom;340 000,00 €;156;Aveiro;House
562;5-Bedroom;340 000,00 €;180;Aveiro;House
563;2+1-Bedroom;340 000,00 €;307;Aveiro;House
564;3-Bedroom;340 000,00 €;110;Aveiro;House
565;3-Bedroom;340 000,00 €;189;Aveiro;House
566;2-Bedroom;340 000,00 €;127;Aveiro;House
567;2-Bedroom;342 500,00 €;321;Aveiro;House
568;3-Bedroom;345 000,00 €;126;Aveiro;House
569;3-Bedroom;345 000,00 €;241;Aveiro;House
570;3-Bedroom;345 000,00 €;183;Aveiro;House
571;3-Bedroom;345 000,00 €;241;Aveiro;House
572;3-Bedroom;345 000,00 €;242;Aveiro;House
573;Apartment;345 000,00 €;120;Aveiro;House
574;3-Bedroom;345 000,00 €;247;Aveiro;House
575;3-Bedroom;345 000,00 €;367;Aveiro;House
576;4-Bedroom;345 000,00 €;242;Aveiro;House
577;2-Bedroom;345 000,00 €;99;Aveiro;House
578;3-Bedroom;345 000,00 €;244;Aveiro;House
579;3-Bedroom;345 000,00 €;185;Aveiro;House
580;2+1-Bedroom;345 000,00 €;149;Aveiro;House
581;Apartment;347 500,00 €;108;Aveiro;House
582;5-Bedroom;349 000,00 €;719;Aveiro;House
583;3-Bedroom;349 000,00 €;128;Aveiro;House
584;3-Bedroom;349 500,00 €;131;Aveiro;House
585;3-Bedroom;350 000,00 €;218;Aveiro;House
586;2-Bedroom;350 000,00 €;130;Aveiro;House
587;3-Bedroom;350 000,00 €;131;Aveiro;House
588;2-Bedroom;350 000,00 €;165;Aveiro;House
589;3-Bedroom;350 000,00 €;327;Aveiro;House
590;4-Bedroom;350 000,00 €;305;Aveiro;House
591;3-Bedroom;350 000,00 €;250;Aveiro;House
592;4-Bedroom;350 000,00 €;305;Aveiro;House
593;3-Bedroom;350 000,00 €;327;Aveiro;House
594;4-Bedroom;350 000,00 €;378;Aveiro;House
595;2-Bedroom;350 000,00 €;125;Aveiro;House
596;2-Bedroom;350 000,00 €;130;Aveiro;House
597;2-Bedroom;350 000,00 €;130;Aveiro;House
598;2-Bedroom;350 000,00 €;91;Aveiro;House
599;3-Bedroom;350 000,00 €;162;Aveiro;House
600;3+1-Bedroom;350 000,00 €;230;Aveiro;House
601;3-Bedroom;350 000,00 €;525;Aveiro;House
602;4-Bedroom;350 000,00 €;331;Aveiro;House
603;3-Bedroom;350 000,00 €;98;Aveiro;House
604;2+1-Bedroom;350 000,00 €;102;Aveiro;House
605;1-Bedroom;350 000,00 €;52;Aveiro;House
606;3-Bedroom;350 000,00 €;214;Aveiro;House
607;2-Bedroom;350 000,00 €;130;Aveiro;House
608;3-Bedroom;350 000,00 €;218;Aveiro;House
609;2-Bedroom;351 360,00 €;110;Aveiro;House
610;4-Bedroom;353 000,00 €;315;Aveiro;House
611;2-Bedroom;355 000,00 €;139;Aveiro;House
612;2-Bedroom;355 000,00 €;128;Aveiro;House
613;3-Bedroom;355 000,00 €;128;Aveiro;House
614;2-Bedroom;355 000,00 €;139;Aveiro;House
615;2-Bedroom;355 000,00 €;139;Aveiro;House
616;2-Bedroom;355 000,00 €;128;Aveiro;House
617;2-Bedroom;355 000,00 €;128;Aveiro;House
618;2-Bedroom;355 000,00 €;101;Aveiro;House
619;2-Bedroom;355 000,00 €;124;Aveiro;House
620;4-Bedroom;357 000,00 €;350;Aveiro;House
621;4-Bedroom;357 000,00 €;350;Aveiro;House
622;3-Bedroom;357 000,00 €;212;Aveiro;House
623;3-Bedroom;357 500,00 €;190;Aveiro;House
624;Apartment;359 900,00 €;93;Aveiro;House
625;2-Bedroom;360 000,00 €;84;Aveiro;House
626;3-Bedroom;360 000,00 €;242;Aveiro;House
627;Detached House;360 000,00 €;160;Aveiro;House
628;4-Bedroom;360 000,00 €;455;Aveiro;House
629;3-Bedroom;360 000,00 €;213;Aveiro;House
630;3-Bedroom;360 000,00 €;213;Aveiro;House
631;3-Bedroom;360 000,00 €;233;Aveiro;House
632;3-Bedroom;360 000,00 €;213;Aveiro;House
633;Apartment;360 000,00 €;142;Aveiro;House
634;2-Bedroom;361 667,00 €;92;Aveiro;House
635;2-Bedroom;365 000,00 €;88;Aveiro;House
636;2-Bedroom;365 000,00 €;88;Aveiro;House
637;3-Bedroom;365 000,00 €;125;Aveiro;House
638;4-Bedroom;365 000,00 €;255;Aveiro;House
639;3-Bedroom;365 000,00 €;334;Aveiro;House
640;3-Bedroom;365 000,00 €;192;Aveiro;House
641;3-Bedroom;365 000,00 €;128;Aveiro;House
642;2-Bedroom;368 880,00 €;110;Aveiro;House
643;3-Bedroom;370 000,00 €;Terreno 750;Aveiro;House
644;3-Bedroom;370 000,00 €;180;Aveiro;House
645;3-Bedroom;370 000,00 €;180;Aveiro;House
646;2-Bedroom;370 000,00 €;84;Aveiro;House
647;3-Bedroom;370 000,00 €;233;Aveiro;House
648;3-Bedroom;370 000,00 €;268;Aveiro;House
649;3-Bedroom;370 000,00 €;268;Aveiro;House
650;4-Bedroom;370 000,00 €;180;Aveiro;House
651;4-Bedroom;370 000,00 €;180;Aveiro;House
652;3-Bedroom;370 000,00 €;225;Aveiro;House
653;3-Bedroom;370 000,00 €;233;Aveiro;House
654;3-Bedroom;370 000,00 €;233;Aveiro;House
655;3+1-Bedroom;370 000,00 €;240;Aveiro;House
656;Detached House;375 000,00 €;260;Aveiro;House
657;4-Bedroom;375 000,00 €;252;Aveiro;House
658;3-Bedroom;375 000,00 €;248;Aveiro;House
659;3-Bedroom;375 000,00 €;248;Aveiro;House
660;4-Bedroom;375 000,00 €;277;Aveiro;House
661;3-Bedroom;375 000,00 €;418;Aveiro;House
662;3-Bedroom;375 000,00 €;155;Aveiro;House
663;3-Bedroom;375 000,00 €;155;Aveiro;House
664;4-Bedroom;375 000,00 €;280;Aveiro;House
665;3-Bedroom;375 000,00 €;155;Aveiro;House
666;3-Bedroom;375 000,00 €;162;Aveiro;House
667;2-Bedroom;375 000,00 €;97;Aveiro;House
668;4-Bedroom;375 000,00 €;350;Aveiro;House
669;4-Bedroom;375 000,00 €;522;Aveiro;House
670;2-Bedroom;375 000,00 €;241;Aveiro;House
671;2-Bedroom;375 000,00 €;116;Aveiro;House
672;4-Bedroom;375 000,00 €;279;Aveiro;House
673;3-Bedroom;375 000,00 €;200;Aveiro;House
674;4-Bedroom;375 000,00 €;544;Aveiro;House
675;2-Bedroom;375 000,00 €;127;Aveiro;House
676;2-Bedroom;375 000,00 €;91;Aveiro;House
677;5-Bedroom;377 400,00 €;400;Aveiro;House
678;2-Bedroom;379 000,00 €;117;Aveiro;House
679;2-Bedroom;379 000,00 €;117;Aveiro;House
680;2-Bedroom;379 000,00 €;117;Aveiro;House
681;3-Bedroom;379 000,00 €;276;Aveiro;House
682;2-Bedroom;379 000,00 €;161;Aveiro;House
683;2-Bedroom;379 798,00 €;103;Aveiro;House
684;4-Bedroom;380 000,00 €;111;Aveiro;House
685;Apartment;380 000,00 €;187;Aveiro;House
686;Apartment;380 000,00 €;180;Aveiro;House
687;4-Bedroom;380 000,00 €;198;Aveiro;House
688;4-Bedroom;380 000,00 €;355;Aveiro;House
689;3-Bedroom;380 000,00 €;232;Aveiro;House
690;2-Bedroom;380 000,00 €;150;Aveiro;House
691;2-Bedroom;380 000,00 €;99;Aveiro;House
692;Apartment;380 000,00 €;136;Aveiro;House
693;4+2-Bedroom;380 000,00 €;462;Aveiro;House
694;5-Bedroom;380 000,00 €;650;Aveiro;House
695;2-Bedroom;380 000,00 €;131;Aveiro;House
696;2-Bedroom;380 000,00 €;117;Aveiro;House
697;2-Bedroom;380 000,00 €;205;Aveiro;House
698;4-Bedroom;380 000,00 €;146;Aveiro;House
699;11-Bedroom;380 000,00 €;568;Aveiro;House
700;4-Bedroom;383 000,00 €;285;Aveiro;House
701;3-Bedroom;385 000,00 €;266;Aveiro;House
702;Apartment;385 000,00 €;180;Aveiro;House
703;3-Bedroom;385 000,00 €;250;Aveiro;House
704;3-Bedroom;385 000,00 €;295;Aveiro;House
705;4-Bedroom;385 000,00 €;285;Aveiro;House
706;3-Bedroom;385 000,00 €;105;Aveiro;House
707;4-Bedroom;385 000,00 €;194;Aveiro;House
708;3-Bedroom;385 000,00 €;103;Aveiro;House
709;3-Bedroom;385 000,00 €;266;Aveiro;House
710;4-Bedroom;385 000,00 €;238;Aveiro;House
711;2-Bedroom;388 800,00 €;122;Aveiro;House
712;2-Bedroom;388 800,00 €;122;Aveiro;House
713;2-Bedroom;388 800,00 €;122;Aveiro;House
714;2-Bedroom;388 800,00 €;122;Aveiro;House
715;2-Bedroom;388 800,00 €;122;Aveiro;House
716;2-Bedroom;388 800,00 €;122;Aveiro;House
717;3+1-Bedroom;389 000,00 €;264;Aveiro;House
718;2-Bedroom;389 280,00 €;122;Aveiro;House
719;2-Bedroom;389 280,00 €;122;Aveiro;House
720;2-Bedroom;389 280,00 €;122;Aveiro;House
721;2-Bedroom;389 280,00 €;122;Aveiro;House
722;2-Bedroom;390 000,00 €;184;Aveiro;House
723;Apartment;390 000,00 €;182;Aveiro;House
724;3-Bedroom;390 000,00 €;248;Aveiro;House
725;Apartment;390 000,00 €;189;Aveiro;House
726;Apartment;390 000,00 €;196;Aveiro;House
727;Apartment;390 000,00 €;196;Aveiro;House
728;4+1-Bedroom;390 000,00 €;266;Aveiro;House
729;3-Bedroom;390 000,00 €;248;Aveiro;House
730;Apartment;390 000,00 €;189;Aveiro;House
731;Apartment;390 000,00 €;182;Aveiro;House
732;Apartment;390 000,00 €;196;Aveiro;House
733;3-Bedroom;390 000,00 €;261;Aveiro;House
734;3-Bedroom;390 000,00 €;215;Aveiro;House
735;4+1-Bedroom;390 000,00 €;279;Aveiro;House
736;7-Bedroom;390 000,00 €;144;Aveiro;House
737;3+1-Bedroom;390 000,00 €;170;Aveiro;House
738;2-Bedroom;390 000,00 €;125;Aveiro;House
739;2-Bedroom;390 000,00 €;125;Aveiro;House
740;4+1-Bedroom;390 000,00 €;266;Aveiro;House
741;3-Bedroom;390 000,00 €;160;Aveiro;House
742;3-Bedroom;390 000,00 €;160;Aveiro;House
743;3-Bedroom;390 000,00 €;228;Aveiro;House
744;2-Bedroom;390 000,00 €;125;Aveiro;House
745;2-Bedroom;390 000,00 €;125;Aveiro;House
746;2-Bedroom;390 000,00 €;125;Aveiro;House
747;3-Bedroom;390 000,00 €;243;Aveiro;House
748;3-Bedroom;390 000,00 €;254;Aveiro;House
749;11-Bedroom;390 000,00 €;760;Aveiro;House
750;4+1-Bedroom;390 000,00 €;266;Aveiro;House
751;4-Bedroom;390 000,00 €;312;Aveiro;House
752;3-Bedroom;390 000,00 €;170;Aveiro;House
753;3-Bedroom;394 000,00 €;254;Aveiro;House
754;3-Bedroom;394 000,00 €;219;Aveiro;House
755;2-Bedroom;394 280,00 €;122;Aveiro;House
756;2-Bedroom;394 280,00 €;122;Aveiro;House
757;4-Bedroom;395 000,00 €;277;Aveiro;House
758;3-Bedroom;395 000,00 €;164;Aveiro;House
759;3-Bedroom;395 000,00 €;401;Aveiro;House
760;4-Bedroom;395 000,00 €;313;Aveiro;House
761;2-Bedroom;395 000,00 €;110;Aveiro;House
762;2-Bedroom;395 000,00 €;125;Aveiro;House
763;5-Bedroom;395 000,00 €;676;Aveiro;House
764;5-Bedroom;395 000,00 €;277;Aveiro;House
765;4-Bedroom;395 000,00 €;277;Aveiro;House
766;3-Bedroom;395 000,00 €;180;Aveiro;House
767;3-Bedroom;395 000,00 €;214;Aveiro;House
768;4-Bedroom;395 000,00 €;414;Aveiro;House
769;3-Bedroom;395 000,00 €;248;Aveiro;House
770;3-Bedroom;395 000,00 €;124;Aveiro;House
771;2-Bedroom;395 000,00 €;97;Aveiro;House
772;5-Bedroom;395 000,00 €;220;Aveiro;House
773;3-Bedroom;395 000,00 €;180;Aveiro;House
774;4-Bedroom;395 000,00 €;199;Aveiro;House
775;3-Bedroom;395 000,00 €;271;Aveiro;House
776;5-Bedroom;395 000,00 €;752;Aveiro;House
777;Apartment;395 000,00 €;145;Aveiro;House
778;3-Bedroom;398 000,00 €;131;Aveiro;House
779;2-Bedroom;398 179,00 €;112;Aveiro;House
780;2-Bedroom;398 750,00 €;135;Aveiro;House
781;2-Bedroom;398 750,00 €;135;Aveiro;House
782;2-Bedroom;398 800,00 €;122;Aveiro;House
783;2-Bedroom;398 800,00 €;122;Aveiro;House
784;2-Bedroom;398 800,00 €;122;Aveiro;House
785;3-Bedroom;399 000,00 €;468;Aveiro;House
786;5-Bedroom;399 000,00 €;448;Aveiro;House
787;4-Bedroom;399 000,00 €;216;Aveiro;House
788;2-Bedroom;399 000,00 €;127;Aveiro;House
789;3-Bedroom;399 000,00 €;468;Aveiro;House
790;2-Bedroom;399 280,00 €;122;Aveiro;House
791;2-Bedroom;399 280,00 €;122;Aveiro;House
792;2-Bedroom;399 280,00 €;122;Aveiro;House
793;4-Bedroom;399 900,00 €;333;Aveiro;House
794;Apartment;399 999,00 €;145;Aveiro;House
795;2-Bedroom;400 000,00 €;146;Aveiro;House
796;3-Bedroom;400 000,00 €;277;Aveiro;House
797;2-Bedroom;400 000,00 €;125;Aveiro;House
798;3-Bedroom;400 000,00 €;268;Aveiro;House
799;6-Bedroom;400 000,00 €;396;Aveiro;House
800;4-Bedroom;400 000,00 €;355;Aveiro;House
801;1-Bedroom;400 000,00 €;73;Aveiro;House
802;3-Bedroom;400 000,00 €;269;Aveiro;House
803;3-Bedroom;400 000,00 €;129;Aveiro;House
804;3-Bedroom;400 000,00 €;140;Aveiro;House
805;3-Bedroom;400 000,00 €;334;Aveiro;House
806;4-Bedroom;400 000,00 €;455;Aveiro;House
807;3-Bedroom;400 000,00 €;182;Aveiro;House
808;2-Bedroom;400 500,00 €;155;Aveiro;House
809;2-Bedroom;400 500,00 €;107;Aveiro;House
810;2-Bedroom;400 500,00 €;155;Aveiro;House
811;2-Bedroom;400 500,00 €;155;Aveiro;House
812;2-Bedroom;400 500,00 €;155;Aveiro;House
813;2-Bedroom;400 500,00 €;155;Aveiro;House
814;2-Bedroom;401 843,00 €;106;Aveiro;House
815;2-Bedroom;401 843,00 €;106;Aveiro;House
816;2-Bedroom;401 843,00 €;106;Aveiro;House
817;2-Bedroom;401 843,00 €;106;Aveiro;House
818;2-Bedroom;403 800,00 €;122;Aveiro;House
819;2-Bedroom;403 800,00 €;122;Aveiro;House
820;2-Bedroom;403 800,00 €;122;Aveiro;House
821;2-Bedroom;403 800,00 €;122;Aveiro;House
822;2-Bedroom;403 800,00 €;122;Aveiro;House
823;2-Bedroom;404 640,00 €;126;Aveiro;House
824;2-Bedroom;404 640,00 €;126;Aveiro;House
825;2-Bedroom;404 640,00 €;126;Aveiro;House
826;3-Bedroom;405 000,00 €;187;Aveiro;House
827;3-Bedroom;405 000,00 €;154;Aveiro;House
828;3-Bedroom;405 000,00 €;157;Aveiro;House
829;2-Bedroom;408 800,00 €;122;Aveiro;House
830;2-Bedroom;408 800,00 €;122;Aveiro;House
831;2-Bedroom;408 800,00 €;122;Aveiro;House
832;3-Bedroom;409 000,00 €;215;Aveiro;House
833;2-Bedroom;409 640,00 €;126;Aveiro;House
834;2-Bedroom;409 640,00 €;126;Aveiro;House
835;2-Bedroom;409 640,00 €;126;Aveiro;House
836;2-Bedroom;410 000,00 €;78;Aveiro;House
837;3-Bedroom;410 500,00 €;214;Aveiro;House
838;3-Bedroom;411 215,00 €;176;Aveiro;House
839;3-Bedroom;411 500,00 €;133;Aveiro;House
840;2-Bedroom;413 800,00 €;137;Aveiro;House
841;2-Bedroom;415 000,00 €;89;Aveiro;House
842;3-Bedroom;415 000,00 €;120;Aveiro;House
843;2-Bedroom;415 000,00 €;143;Aveiro;House
844;1-Bedroom;415 000,00 €;73;Aveiro;House
845;2-Bedroom;416 500,00 €;78;Aveiro;House
846;3-Bedroom;418 500,00 €;192;Aveiro;House
847;5-Bedroom;419 000,00 €;151;Aveiro;House
848;5-Bedroom;419 000,00 €;151;Aveiro;House
849;2-Bedroom;419 640,00 €;126;Aveiro;House
850;2-Bedroom;419 640,00 €;126;Aveiro;House
851;2-Bedroom;419 640,00 €;126;Aveiro;House
852;2-Bedroom;419 640,00 €;126;Aveiro;House
853;3-Bedroom;420 000,00 €;154;Aveiro;House
854;Detached House;420 000,00 €;400;Aveiro;House
855;3-Bedroom;420 000,00 €;154;Aveiro;House
856;3-Bedroom;420 000,00 €;154;Aveiro;House
857;2-Bedroom;420 000,00 €;126;Aveiro;House
858;2-Bedroom;420 000,00 €;142;Aveiro;House
859;3-Bedroom;420 000,00 €;167;Aveiro;House
860;2-Bedroom;420 000,00 €;146;Aveiro;House
861;2-Bedroom;420 000,00 €;146;Aveiro;House
862;3-Bedroom;420 000,00 €;154;Aveiro;House
863;4-Bedroom;422 000,00 €;490;Aveiro;House
864;3-Bedroom;422 000,00 €;137;Aveiro;House
865;3-Bedroom;424 000,00 €;302;Aveiro;House
866;3-Bedroom;424 500,00 €;133;Aveiro;House
867;3-Bedroom;425 000,00 €;153;Aveiro;House
868;3-Bedroom;425 000,00 €;134;Aveiro;House
869;4-Bedroom;425 000,00 €;238;Aveiro;House
870;4+1-Bedroom;425 000,00 €;189;Aveiro;House
871;4-Bedroom;425 000,00 €;301;Aveiro;House
872;4-Bedroom;425 000,00 €;247;Aveiro;House
873;4-Bedroom;425 000,00 €;284;Aveiro;House
874;3-Bedroom;425 000,00 €;165;Aveiro;House
875;3+1-Bedroom;425 000,00 €;330;Aveiro;House
876;3-Bedroom;425 000,00 €;313;Aveiro;House
877;3-Bedroom;425 000,00 €;245;Aveiro;House
878;3-Bedroom;425 000,00 €;153;Aveiro;House
879;3-Bedroom;425 000,00 €;153;Aveiro;House
880;2-Bedroom;425 000,00 €;148;Aveiro;House
881;2-Bedroom;425 000,00 €;142;Aveiro;House
882;2-Bedroom;425 000,00 €;137;Aveiro;House
883;3-Bedroom;425 000,00 €;160;Aveiro;House
884;3-Bedroom;425 000,00 €;160;Aveiro;House
885;4-Bedroom;425 000,00 €;248;Aveiro;House
886;3-Bedroom;425 000,00 €;154;Aveiro;House
887;4-Bedroom;425 000,00 €;330;Aveiro;House
888;2-Bedroom;425 000,00 €;105;Aveiro;House
889;3-Bedroom;425 000,00 €;134;Aveiro;House
890;4-Bedroom;425 000,00 €;230;Aveiro;House
891;3-Bedroom;425 000,00 €;134;Aveiro;House
892;Apartment;425 000,00 €;154;Aveiro;House
893;3-Bedroom;425 000,00 €;239;Aveiro;House
894;3-Bedroom;425 000,00 €;153;Aveiro;House
895;4-Bedroom;426 000,00 €;100;Aveiro;House
896;4-Bedroom;429 000,00 €;359;Aveiro;House
897;2-Bedroom;430 000,00 €;193;Aveiro;House
898;4-Bedroom;430 000,00 €;657;Aveiro;House
899;4-Bedroom;430 000,00 €;220;Aveiro;House
900;3-Bedroom;430 000,00 €;203;Aveiro;House
901;3-Bedroom;430 000,00 €;167;Aveiro;House
902;3-Bedroom;430 000,00 €;161;Aveiro;House
903;3-Bedroom;430 000,00 €;135;Aveiro;House
904;3-Bedroom;430 000,00 €;160;Aveiro;House
905;2-Bedroom;430 000,00 €;193;Aveiro;House
906;2-Bedroom;430 000,00 €;193;Aveiro;House
907;2-Bedroom;430 000,00 €;142;Aveiro;House
908;3-Bedroom;430 000,00 €;161;Aveiro;House
909;4-Bedroom;430 000,00 €;657;Aveiro;House
910;2-Bedroom;430 000,00 €;192;Aveiro;House
911;4-Bedroom;430 000,00 €;353;Aveiro;House
912;2-Bedroom;430 000,00 €;125;Aveiro;House
913;2-Bedroom;430 000,00 €;93;Aveiro;House
914;3-Bedroom;430 000,00 €;128;Aveiro;House
915;2-Bedroom;430 000,00 €;193;Aveiro;House
916;3-Bedroom;431 000,00 €;42;Aveiro;House
917;3-Bedroom;432 000,00 €;139;Aveiro;House
918;4-Bedroom;434 000,00 €;98;Aveiro;House
919;3-Bedroom;434 000,00 €;99;Aveiro;House
920;Apartment;435 000,00 €;247;Aveiro;House
921;3-Bedroom;435 000,00 €;160;Aveiro;House
922;3-Bedroom;435 000,00 €;135;Aveiro;House
923;4-Bedroom;435 000,00 €;476;Aveiro;House
924;Farmhouse;435 000,00 €;230;Aveiro;House
925;3-Bedroom;439 000,00 €;220;Aveiro;House
926;3-Bedroom;439 000,00 €;220;Aveiro;House
927;3-Bedroom;439 000,00 €;220;Aveiro;House
928;3-Bedroom;439 000,00 €;139;Aveiro;House
929;2-Bedroom;440 000,00 €;192;Aveiro;House
930;5-Bedroom;440 000,00 €;650;Aveiro;House
931;3-Bedroom;440 000,00 €;160;Aveiro;House
932;4-Bedroom;440 000,00 €;Terreno 322;Aveiro;House
933;3-Bedroom;440 000,00 €;160;Aveiro;House
934;3-Bedroom;440 000,00 €;160;Aveiro;House
935;2-Bedroom;440 000,00 €;192;Aveiro;House
936;2-Bedroom;440 000,00 €;192;Aveiro;House
937;3-Bedroom;440 000,00 €;160;Aveiro;House
938;3-Bedroom;442 500,00 €;152;Aveiro;House
939;2-Bedroom;445 000,00 €;187;Aveiro;House
940;Apartment;445 000,00 €;286;Aveiro;House
941;Apartment;445 000,00 €;251;Aveiro;House
942;3-Bedroom;445 000,00 €;237;Aveiro;House
943;2-Bedroom;445 000,00 €;78;Aveiro;House
944;5-Bedroom;445 000,00 €;700;Aveiro;House
945;3-Bedroom;445 000,00 €;220;Aveiro;House
946;2-Bedroom;445 000,00 €;187;Aveiro;House
947;2-Bedroom;445 000,00 €;187;Aveiro;House
948;2-Bedroom;445 000,00 €;146;Aveiro;House
949;3-Bedroom;445 000,00 €;224;Aveiro;House
950;3-Bedroom;447 000,00 €;131;Aveiro;House
951;3-Bedroom;447 000,00 €;140;Aveiro;House
952;3-Bedroom;447 500,00 €;125;Aveiro;House
953;4-Bedroom;449 000,00 €;327;Aveiro;House
954;4-Bedroom;450 000,00 €;467;Aveiro;House
955;3-Bedroom;450 000,00 €;193;Aveiro;House
956;2-Bedroom;450 000,00 €;132;Aveiro;House
957;3-Bedroom;450 000,00 €;237;Aveiro;House
958;2-Bedroom;450 000,00 €;109;Aveiro;House
959;3-Bedroom;450 000,00 €;135;Aveiro;House
960;2-Bedroom;450 000,00 €;168;Aveiro;House
961;3-Bedroom;450 000,00 €;135;Aveiro;House
962;3-Bedroom;450 000,00 €;226;Aveiro;House
963;3+1-Bedroom;450 000,00 €;300;Aveiro;House
964;2-Bedroom;450 000,00 €;153;Aveiro;House
965;2-Bedroom;450 000,00 €;153;Aveiro;House
966;2-Bedroom;450 000,00 €;159;Aveiro;House
967;3-Bedroom;450 000,00 €;168;Aveiro;House
968;3-Bedroom;450 000,00 €;212;Aveiro;House
969;4-Bedroom;450 000,00 €;248;Aveiro;House
970;12-Bedroom;450 000,00 €;702;Aveiro;House
971;3-Bedroom;450 000,00 €;195;Aveiro;House
972;2-Bedroom;450 000,00 €;144;Aveiro;House
973;3-Bedroom;455 000,00 €;166;Aveiro;House
974;3-Bedroom;455 000,00 €;168;Aveiro;House
975;3-Bedroom;458 000,00 €;115;Aveiro;House
976;3-Bedroom;458 000,00 €;120;Aveiro;House
977;4-Bedroom;458 000,00 €;114;Aveiro;House
978;3+1-Bedroom;460 000,00 €;182;Aveiro;House
979;2-Bedroom;460 000,00 €;154;Aveiro;House
980;2-Bedroom;460 000,00 €;150;Aveiro;House
981;4-Bedroom;465 000,00 €;225;Aveiro;House
982;4-Bedroom;465 000,00 €;168;Aveiro;House
983;3-Bedroom;465 120,00 €;145;Aveiro;House
984;3-Bedroom;465 120,00 €;145;Aveiro;House
985;3-Bedroom;465 120,00 €;145;Aveiro;House
986;3-Bedroom;465 120,00 €;160;Aveiro;House
987;2-Bedroom;466 900,00 €;135;Aveiro;House
988;2-Bedroom;466 900,00 €;136;Aveiro;House
989;2-Bedroom;466 900,00 €;135;Aveiro;House
990;2-Bedroom;466 900,00 €;135;Aveiro;House
991;2-Bedroom;466 900,00 €;136;Aveiro;House
992;2-Bedroom;466 900,00 €;136;Aveiro;House
993;2-Bedroom;470 000,00 €;203;Aveiro;House
994;4-Bedroom;470 000,00 €;630;Aveiro;House
995;2-Bedroom;470 000,00 €;203;Aveiro;House
996;2-Bedroom;470 000,00 €;165;Aveiro;House
997;3-Bedroom;470 000,00 €;162;Aveiro;House
998;3-Bedroom;470 120,00 €;145;Aveiro;House
999;3-Bedroom;470 120,00 €;145;Aveiro;House
1000;3-Bedroom;470 120,00 €;145;Aveiro;House
1001;3-Bedroom;470 120,00 €;145;Aveiro;House
1002;3-Bedroom;470 120,00 €;145;Aveiro;House
1003;3-Bedroom;475 000,00 €;258;Aveiro;House
1004;4-Bedroom;475 000,00 €;252;Aveiro;House
1005;3-Bedroom;475 000,00 €;258;Aveiro;House
1006;3-Bedroom;475 000,00 €;258;Aveiro;House
1007;2-Bedroom;475 000,00 €;158;Aveiro;House
1008;3+1-Bedroom;475 000,00 €;300;Aveiro;House
1009;4-Bedroom;475 000,00 €;2.132;Aveiro;House
1010;3-Bedroom;475 000,00 €;171;Aveiro;House
1011;4-Bedroom;475 000,00 €;252;Aveiro;House
1012;3-Bedroom;475 120,00 €;145;Aveiro;House
1013;3-Bedroom;475 120,00 €;145;Aveiro;House
1014;3-Bedroom;475 120,00 €;145;Aveiro;House
1015;3-Bedroom;475 120,00 €;145;Aveiro;House
1016;3-Bedroom;475 120,00 €;145;Aveiro;House
1017;3-Bedroom;479 000,00 €;149;Aveiro;House
1018;3-Bedroom;479 000,00 €;149;Aveiro;House
1019;3-Bedroom;480 000,00 €;300;Aveiro;House
1020;2-Bedroom;480 000,00 €;167;Aveiro;House
1021;2-Bedroom;480 000,00 €;164;Aveiro;House
1022;3-Bedroom;480 000,00 €;170;Aveiro;House
1023;4-Bedroom;480 000,00 €;350;Aveiro;House
1024;2-Bedroom;480 000,00 €;82;Aveiro;House
1025;3-Bedroom;480 120,00 €;145;Aveiro;House
1026;3-Bedroom;480 120,00 €;145;Aveiro;House
1027;3-Bedroom;480 900,00 €;168;Aveiro;House
1028;3-Bedroom;480 900,00 €;195;Aveiro;House
1029;3+1-Bedroom;480 900,00 €;168;Aveiro;House
1030;3-Bedroom;481 280,00 €;150;Aveiro;House
1031;3-Bedroom;481 280,00 €;150;Aveiro;House
1032;3-Bedroom;481 280,00 €;150;Aveiro;House
1033;3-Bedroom;481 950,00 €;168;Aveiro;House
1034;3-Bedroom;481 950,00 €;168;Aveiro;House
1035;3-Bedroom;481 950,00 €;168;Aveiro;House
1036;4-Bedroom;485 000,00 €;213;Aveiro;House
1037;4-Bedroom;485 000,00 €;310;Aveiro;House
1038;4+1-Bedroom;485 000,00 €;268;Aveiro;House
1039;3-Bedroom;485 500,00 €;226;Aveiro;House
1040;Detached House;485 500,00 €;430;Aveiro;House
1041;3-Bedroom;486 280,00 €;150;Aveiro;House
1042;4-Bedroom;490 000,00 €;290;Aveiro;House
1043;Apartment;490 000,00 €;237;Aveiro;House
1044;Apartment;490 000,00 €;246;Aveiro;House
1045;Apartment;490 000,00 €;237;Aveiro;House
1046;3-Bedroom;490 000,00 €;519;Aveiro;House
1047;3-Bedroom;490 000,00 €;519;Aveiro;House
1048;3-Bedroom;490 000,00 €;519;Aveiro;House
1049;3-Bedroom;490 000,00 €;215;Aveiro;House
1050;3-Bedroom;490 000,00 €;330;Aveiro;House
1051;3-Bedroom;491 280,00 €;150;Aveiro;House
1052;3-Bedroom;491 280,00 €;150;Aveiro;House
1053;3-Bedroom;495 000,00 €;293;Aveiro;House
1054;3-Bedroom;495 000,00 €;162;Aveiro;House
1055;4-Bedroom;495 000,00 €;244;Aveiro;House
1056;5-Bedroom;495 000,00 €;384;Aveiro;House
1057;4-Bedroom;495 000,00 €;244;Aveiro;House
1058;3-Bedroom;495 000,00 €;293;Aveiro;House
1059;4-Bedroom;495 000,00 €;313;Aveiro;House
1060;2-Bedroom;495 000,00 €;120;Aveiro;House
1061;3-Bedroom;496 280,00 €;150;Aveiro;House
1062;3-Bedroom;496 280,00 €;150;Aveiro;House
1063;3-Bedroom;496 280,00 €;150;Aveiro;House
1064;Detached House;498 000,00 €;236;Aveiro;House
1065;Detached House;498 000,00 €;236;Aveiro;House
1066;3-Bedroom;498 000,00 €;194;Aveiro;House
1067;4-Bedroom;498 000,00 €;313;Aveiro;House
1068;3-Bedroom;498 600,00 €;197;Aveiro;House
1069;4-Bedroom;499 000,00 €;288;Aveiro;House
1070;3-Bedroom;499 000,00 €;340;Aveiro;House
1071;5-Bedroom;499 000,00 €;260;Aveiro;House
1072;4-Bedroom;499 000,00 €;352;Aveiro;House
1073;4-Bedroom;499 000,00 €;475;Aveiro;House
1074;4-Bedroom;499 000,00 €;313;Aveiro;House
1075;3-Bedroom;499 000,00 €;204;Aveiro;House
1076;4-Bedroom;499 000,00 €;313;Aveiro;House
1077;4-Bedroom;499 000,00 €;313;Aveiro;House
1078;4-Bedroom;499 000,00 €;313;Aveiro;House
1079;4-Bedroom;499 000,00 €;313;Aveiro;House
1080;10-Bedroom;499 500,00 €;234;Aveiro;House
1081;3-Bedroom;499 900,00 €;177;Aveiro;House
1082;3-Bedroom;500 000,00 €;163;Aveiro;House
1083;4-Bedroom;500 000,00 €;369;Aveiro;House
1084;5-Bedroom;500 000,00 €;1.200;Aveiro;House
1085;2-Bedroom;500 000,00 €;145;Aveiro;House
1086;4-Bedroom;500 000,00 €;271;Aveiro;House
1087;2-Bedroom;500 000,00 €;111;Aveiro;House
1088;3-Bedroom;500 000,00 €;158;Aveiro;House
1089;3-Bedroom;500 000,00 €;249;Aveiro;House
1090;3-Bedroom;500 000,00 €;313;Aveiro;House
1091;3-Bedroom;500 000,00 €;163;Aveiro;House
1092;3-Bedroom;500 000,00 €;163;Aveiro;House
1093;3-Bedroom;500 000,00 €;163;Aveiro;House
1094;3-Bedroom;500 000,00 €;142;Aveiro;House
1095;4-Bedroom;500 000,00 €;258;Aveiro;House
1096;4-Bedroom;500 000,00 €;271;Aveiro;House
1097;3-Bedroom;500 000,00 €;160;Aveiro;House
1098;4-Bedroom;500 000,00 €;450;Aveiro;House
1099;3-Bedroom;500 640,00 €;156;Aveiro;House
1100;3-Bedroom;500 640,00 €;156;Aveiro;House
1101;3-Bedroom;501 280,00 €;150;Aveiro;House
1102;3-Bedroom;501 280,00 €;150;Aveiro;House
1103;3-Bedroom;505 000,00 €;151;Aveiro;House
1104;3-Bedroom;505 000,00 €;203;Aveiro;House
1105;3-Bedroom;505 000,00 €;203;Aveiro;House
1106;3-Bedroom;505 000,00 €;156;Aveiro;House
1107;3-Bedroom;506 280,00 €;150;Aveiro;House
1108;3-Bedroom;506 280,00 €;150;Aveiro;House
1109;3-Bedroom;506 280,00 €;150;Aveiro;House
1110;3+1-Bedroom;510 000,00 €;196;Aveiro;House
1111;4-Bedroom;510 000,00 €;300;Aveiro;House
1112;3-Bedroom;510 000,00 €;519;Aveiro;House
1113;4-Bedroom;510 000,00 €;418;Aveiro;House
1114;3-Bedroom;510 000,00 €;178;Aveiro;House
1115;3-Bedroom;517 650,00 €;247;Aveiro;House
1116;3-Bedroom;517 935,00 €;148;Aveiro;House
1117;3-Bedroom;517 935,00 €;179;Aveiro;House
1118;3-Bedroom;520 000,00 €;190;Aveiro;House
1119;2-Bedroom;520 000,00 €;91;Aveiro;House
1120;3-Bedroom;520 000,00 €;250;Aveiro;House
1121;Detached House;520 000,00 €;238;Aveiro;House
1122;6-Bedroom;520 000,00 €;442;Aveiro;House
1123;3-Bedroom;520 435,00 €;148;Aveiro;House
1124;3-Bedroom;520 435,00 €;179;Aveiro;House
1125;4-Bedroom;525 000,00 €;305;Aveiro;House
1126;3+2-Bedroom;525 000,00 €;230;Aveiro;House
1127;3-Bedroom;525 000,00 €;172;Aveiro;House
1128;4-Bedroom;525 000,00 €;290;Aveiro;House
1129;4-Bedroom;525 000,00 €;313;Aveiro;House
1130;4-Bedroom;525 000,00 €;252;Aveiro;House
1131;4-Bedroom;525 000,00 €;314;Aveiro;House
1132;3-Bedroom;526 280,00 €;122;Aveiro;House
1133;2-Bedroom;530 000,00 €;78;Aveiro;House
1134;3-Bedroom;530 060,00 €;215;Aveiro;House
1135;2-Bedroom;532 000,00 €;78;Aveiro;House
1136;4-Bedroom;535 000,00 €;264;Aveiro;House
1137;2-Bedroom;535 000,00 €;91;Aveiro;House
1138;3-Bedroom;535 500,00 €;280;Aveiro;House
1139;Detached House;535 500,00 €;306;Aveiro;House
1140;4-Bedroom;540 000,00 €;292;Aveiro;House
1141;6-Bedroom;540 000,00 €;300;Aveiro;House
1142;4-Bedroom;540 000,00 €;319;Aveiro;House
1143;3-Bedroom;541 050,00 €;221;Aveiro;House
1144;Apartment;545 000,00 €;300;Aveiro;House
1145;3-Bedroom;545 000,00 €;240;Aveiro;House
1146;4-Bedroom;545 000,00 €;265;Aveiro;House
1147;4-Bedroom;548 500,00 €;152;Aveiro;House
1148;4-Bedroom;549 000,00 €;418;Aveiro;House
1149;6-Bedroom;549 000,00 €;739;Aveiro;House
1150;3+1-Bedroom;549 900,00 €;295;Aveiro;House
1151;4+1-Bedroom;549 900,00 €;471;Aveiro;House
1152;4-Bedroom;550 000,00 €;470;Aveiro;House
1153;5-Bedroom;550 000,00 €;300;Aveiro;House
1154;3+1-Bedroom;550 000,00 €;451;Aveiro;House
1155;3-Bedroom;550 000,00 €;152;Aveiro;House
1156;4-Bedroom;550 000,00 €;209;Aveiro;House
1157;3-Bedroom;550 000,00 €;728;Aveiro;House
1158;3-Bedroom;550 000,00 €;152;Aveiro;House
1159;4-Bedroom;550 000,00 €;514;Aveiro;House
1160;4-Bedroom;550 000,00 €;260;Aveiro;House
1161;2-Bedroom;550 000,00 €;236;Aveiro;House
1162;Studio;550 000,00 €;1.272;Aveiro;House
1163;4-Bedroom;550 000,00 €;283;Aveiro;House
1164;9-Bedroom;550 000,00 €;321;Aveiro;House
1165;3-Bedroom;553 050,00 €;214;Aveiro;House
1166;4-Bedroom;555 000,00 €;283;Aveiro;House
1167;4-Bedroom;555 000,00 €;283;Aveiro;House
1168;4-Bedroom;555 000,00 €;283;Aveiro;House
1169;4-Bedroom;555 000,00 €;283;Aveiro;House
1170;4-Bedroom;555 000,00 €;283;Aveiro;House
1171;4-Bedroom;555 000,00 €;283;Aveiro;House
1172;4-Bedroom;555 000,00 €;283;Aveiro;House
1173;4-Bedroom;555 000,00 €;283;Aveiro;House
1174;3-Bedroom;555 000,00 €;336;Aveiro;House
1175;4-Bedroom;555 000,00 €;283;Aveiro;House
1176;4-Bedroom;555 000,00 €;289;Aveiro;House
1177;4-Bedroom;555 000,00 €;283;Aveiro;House
1178;4-Bedroom;555 000,00 €;283;Aveiro;House
1179;4-Bedroom;555 000,00 €;283;Aveiro;House
1180;4-Bedroom;555 000,00 €;283;Aveiro;House
1181;3-Bedroom;560 000,00 €;223;Aveiro;House
1182;3-Bedroom;565 000,00 €;200;Aveiro;House
1183;3-Bedroom;565 000,00 €;197;Aveiro;House
1184;3-Bedroom;565 000,00 €;197;Aveiro;House
1185;3-Bedroom;570 000,00 €;260;Aveiro;House
1186;3-Bedroom;572 272,00 €;108;Aveiro;House
1187;3-Bedroom;572 272,00 €;182;Aveiro;House
1188;3-Bedroom;575 000,00 €;192;Aveiro;House
1189;3-Bedroom;575 000,00 €;192;Aveiro;House
1190;6-Bedroom;575 000,00 €;337;Aveiro;House
1191;6-Bedroom;575 000,00 €;337;Aveiro;House
1192;3-Bedroom;575 000,00 €;399;Aveiro;House
1193;3-Bedroom;577 272,00 €;182;Aveiro;House
1194;3-Bedroom;579 000,00 €;215;Aveiro;House
1195;6-Bedroom;579 850,00 €;625;Aveiro;House
1196;6-Bedroom;579 850,00 €;625;Aveiro;House
1197;3-Bedroom;582 272,00 €;184;Aveiro;House
1198;3-Bedroom;584 000,00 €;209;Aveiro;House
1199;3-Bedroom;584 000,00 €;118;Aveiro;House
1200;3-Bedroom;586 760,00 €;176;Aveiro;House
1201;3-Bedroom;587 000,00 €;429;Aveiro;House
1202;3-Bedroom;587 000,00 €;429;Aveiro;House
1203;4-Bedroom;589 000,00 €;159;Aveiro;House
1204;2+1-Bedroom;590 000,00 €;195;Aveiro;House
1205;3-Bedroom;590 000,00 €;270;Aveiro;House
1206;3-Bedroom;590 000,00 €;141;Aveiro;House
1207;4-Bedroom;590 000,00 €;300;Aveiro;House
1208;3-Bedroom;590 000,00 €;193;Aveiro;House
1209;4-Bedroom;590 000,00 €;300;Aveiro;House
1210;3-Bedroom;590 000,00 €;141;Aveiro;House
1211;3-Bedroom;590 000,00 €;243;Aveiro;House
1212;2+1-Bedroom;590 000,00 €;195;Aveiro;House
1213;3-Bedroom;595 000,00 €;293;Aveiro;House
1214;4-Bedroom;595 000,00 €;222;Aveiro;House
1215;3-Bedroom;595 000,00 €;158;Aveiro;House
1216;3-Bedroom;595 000,00 €;290;Aveiro;House
1217;4-Bedroom;595 000,00 €;261;Aveiro;House
1218;4-Bedroom;595 000,00 €;330;Aveiro;House
1219;4-Bedroom;595 000,00 €;330;Aveiro;House
1220;5-Bedroom;595 000,00 €;340;Aveiro;House
1221;6-Bedroom;595 000,00 €;Terreno 2.171;Aveiro;House
1222;4-Bedroom;595 000,00 €;222;Aveiro;House
1223;3-Bedroom;595 000,00 €;293;Aveiro;House
1224;3-Bedroom;595 000,00 €;293;Aveiro;House
1225;4-Bedroom;595 000,00 €;320;Aveiro;House
1226;3-Bedroom;595 000,00 €;233;Aveiro;House
1227;4-Bedroom;595 000,00 €;235;Aveiro;House
1228;4-Bedroom;595 000,00 €;280;Aveiro;House
1229;Detached House;598 500,00 €;232;Aveiro;House
1230;3-Bedroom;599 000,00 €;231;Aveiro;House
1231;4-Bedroom;599 000,00 €;200;Aveiro;House
1232;4-Bedroom;599 000,00 €;300;Aveiro;House
1233;4-Bedroom;599 000,00 €;238;Aveiro;House
1234;3-Bedroom;600 000,00 €;299;Aveiro;House
1235;3-Bedroom;600 000,00 €;170;Aveiro;House
1236;5-Bedroom;600 000,00 €;294;Aveiro;House
1237;3-Bedroom;600 000,00 €;170;Aveiro;House
1238;3-Bedroom;600 000,00 €;299;Aveiro;House
1239;3-Bedroom;600 000,00 €;299;Aveiro;House
1240;3-Bedroom;600 000,00 €;170;Aveiro;House
1241;3-Bedroom;600 000,00 €;170;Aveiro;House
1242;3-Bedroom;600 000,00 €;252;Aveiro;House
1243;3-Bedroom;600 000,00 €;164;Aveiro;House
1244;3-Bedroom;605 000,00 €;164;Aveiro;House
1245;3-Bedroom;607 500,00 €;308;Aveiro;House
1246;4-Bedroom;612 000,00 €;431;Aveiro;House
1247;4-Bedroom;612 000,00 €;330;Aveiro;House
1248;4-Bedroom;612 000,00 €;287;Aveiro;House
1249;3-Bedroom;615 000,00 €;305;Aveiro;House
1250;4-Bedroom;615 000,00 €;387;Aveiro;House
1251;3-Bedroom;620 000,00 €;282;Aveiro;House
1252;House;620 000,00 €;196;Aveiro;House
1253;3-Bedroom;620 000,00 €;282;Aveiro;House
1254;3-Bedroom;620 000,00 €;282;Aveiro;House
1255;3-Bedroom;620 000,00 €;200;Aveiro;House
1256;3-Bedroom;620 000,00 €;207;Aveiro;House
1257;3-Bedroom;624 500,00 €;194;Aveiro;House
1258;3-Bedroom;624 500,00 €;206;Aveiro;House
1259;3-Bedroom;624 500,00 €;194;Aveiro;House
1260;3-Bedroom;624 500,00 €;194;Aveiro;House
1261;3-Bedroom;624 500,00 €;194;Aveiro;House
1262;3-Bedroom;624 500,00 €;206;Aveiro;House
1263;3-Bedroom;625 000,00 €;287;Aveiro;House
1264;4-Bedroom;625 000,00 €;610;Aveiro;House
1265;3-Bedroom;625 000,00 €;146;Aveiro;House
1266;3-Bedroom;625 000,00 €;222;Aveiro;House
1267;3-Bedroom;625 000,00 €;287;Aveiro;House
1268;3-Bedroom;625 000,00 €;287;Aveiro;House
1269;3-Bedroom;625 000,00 €;282;Aveiro;House
1270;3-Bedroom;640 000,00 €;358;Aveiro;House
1271;3-Bedroom;640 000,00 €;222;Aveiro;House
1272;4-Bedroom;645 000,00 €;636;Aveiro;House
1273;3-Bedroom;645 000,00 €;636;Aveiro;House
1274;3-Bedroom;645 000,00 €;636;Aveiro;House
1275;3-Bedroom;645 000,00 €;636;Aveiro;House
1276;4-Bedroom;645 000,00 €;636;Aveiro;House
1277;3-Bedroom;649 000,00 €;289;Aveiro;House
1278;3-Bedroom;650 000,00 €;172;Aveiro;House
1279;3-Bedroom;650 000,00 €;358;Aveiro;House
1280;3-Bedroom;650 000,00 €;233;Aveiro;House
1281;3-Bedroom;650 000,00 €;297;Aveiro;House
1282;4-Bedroom;650 000,00 €;450;Aveiro;House
1283;7-Bedroom;650 000,00 €;912;Aveiro;House
1284;3-Bedroom;650 000,00 €;358;Aveiro;House
1285;3-Bedroom;650 000,00 €;172;Aveiro;House
1286;3-Bedroom;650 000,00 €;358;Aveiro;House
1287;3-Bedroom;650 000,00 €;358;Aveiro;House
1288;4-Bedroom;650 000,00 €;418;Aveiro;House
1289;3-Bedroom;650 000,00 €;386;Aveiro;House
1290;3-Bedroom;650 000,00 €;172;Aveiro;House
1291;4-Bedroom;650 000,00 €;368;Aveiro;House
1292;4-Bedroom;653 000,00 €;134;Aveiro;House
1293;4-Bedroom;653 000,00 €;197;Aveiro;House
1294;2-Bedroom;675 000,00 €;176;Aveiro;House
1295;3-Bedroom;680 000,00 €;136;Aveiro;House
1296;3-Bedroom;680 000,00 €;190;Aveiro;House
1297;3-Bedroom;680 000,00 €;222;Aveiro;House
1298;Apartment;689 000,00 €;127;Aveiro;House
1299;4+1-Bedroom;690 000,00 €;276;Aveiro;House
1300;5-Bedroom;690 000,00 €;276;Aveiro;House
1301;4+1-Bedroom;690 000,00 €;276;Aveiro;House
1302;4-Bedroom;690 000,00 €;291;Aveiro;House
1303;3-Bedroom;690 000,00 €;270;Aveiro;House
1304;4-Bedroom;690 000,00 €;276;Aveiro;House
1305;4+1-Bedroom;690 000,00 €;398;Aveiro;House
1306;3-Bedroom;695 000,00 €;188;Aveiro;House
1307;6-Bedroom;696 600,00 €;417;Aveiro;House
1308;3-Bedroom;700 000,00 €;198;Aveiro;House
1309;3-Bedroom;700 000,00 €;549;Aveiro;House
1310;3-Bedroom;700 000,00 €;210;Aveiro;House
1311;4-Bedroom;714 000,00 €;431;Aveiro;House
1312;4-Bedroom;714 000,00 €;377;Aveiro;House
1313;4-Bedroom;720 000,00 €;293;Aveiro;House
1314;4+1-Bedroom;720 000,00 €;292;Aveiro;House
1315;4+1-Bedroom;720 000,00 €;292;Aveiro;House
1316;3+1-Bedroom;720 000,00 €;249;Aveiro;House
1317;4-Bedroom;720 000,00 €;291;Aveiro;House
1318;Apartment;724 000,00 €;137;Aveiro;House
1319;3+1-Bedroom;739 500,00 €;234;Aveiro;House
1320;4-Bedroom;750 000,00 €;228;Aveiro;House
1321;4-Bedroom;750 000,00 €;299;Aveiro;House
1322;4-Bedroom;750 000,00 €;159;Aveiro;House
1323;3-Bedroom;750 000,00 €;293;Aveiro;House
1324;Detached House;750 000,00 €;243;Aveiro;House
1325;3-Bedroom;750 000,00 €;306;Aveiro;House
1326;5-Bedroom;750 000,00 €;440;Aveiro;House
1327;3-Bedroom;750 000,00 €;207;Aveiro;House
1328;4-Bedroom;750 000,00 €;584;Aveiro;House
1329;4-Bedroom;750 000,00 €;439;Aveiro;House
1330;4-Bedroom;750 000,00 €;306;Aveiro;House
1331;4-Bedroom;758 333,00 €;385;Aveiro;House
1332;4-Bedroom;758 333,00 €;385;Aveiro;House
1333;4-Bedroom;765 000,00 €;292;Aveiro;House
1334;3-Bedroom;780 000,00 €;135;Aveiro;House
1335;3-Bedroom;780 000,00 €;268;Aveiro;House
1336;4-Bedroom;790 000,00 €;386;Aveiro;House
1337;4+1-Bedroom;790 000,00 €;386;Aveiro;House
1338;4-Bedroom;790 000,00 €;386;Aveiro;House
1339;4-Bedroom;790 000,00 €;386;Aveiro;House
1340;4+1-Bedroom;790 000,00 €;386;Aveiro;House
1341;3-Bedroom;795 000,00 €;707;Aveiro;House
1342;Detached House;796 250,00 €;461;Aveiro;House
1343;Detached House;800 000,00 €;260;Aveiro;House
1344;4-Bedroom;800 000,00 €;252;Aveiro;House
1345;4-Bedroom;800 000,00 €;252;Aveiro;House
1346;4-Bedroom;800 000,00 €;161;Aveiro;House
1347;4-Bedroom;800 000,00 €;450;Aveiro;House
1348;4-Bedroom;805 000,00 €;546;Aveiro;House
1349;4-Bedroom;820 000,00 €;327;Aveiro;House
1350;4-Bedroom;820 000,00 €;322;Aveiro;House
1351;4+1-Bedroom;820 000,00 €;327;Aveiro;House
1352;4-Bedroom;820 000,00 €;327;Aveiro;House
1353;4-Bedroom;820 000,00 €;327;Aveiro;House
1354;4-Bedroom;820 000,00 €;327;Aveiro;House
1355;4+1-Bedroom;820 000,00 €;327;Aveiro;House
1356;3-Bedroom;820 000,00 €;167;Aveiro;House
1357;4-Bedroom;820 000,00 €;324;Aveiro;House
1358;4-Bedroom;825 000,00 €;327;Aveiro;House
1359;Detached House;825 000,00 €;327;Aveiro;House
1360;4-Bedroom;825 000,00 €;327;Aveiro;House
1361;4-Bedroom;835 000,00 €;400;Aveiro;House
1362;3-Bedroom;840 000,00 €;168;Aveiro;House
1363;3-Bedroom;840 000,00 €;168;Aveiro;House
1364;3-Bedroom;850 000,00 €;602;Aveiro;House
1365;5-Bedroom;850 000,00 €;286;Aveiro;House
1366;Farmhouse;850 000,00 €;16.200;Aveiro;House
1367;3-Bedroom;850 000,00 €;602;Aveiro;House
1368;6-Bedroom;850 000,00 €;824;Aveiro;House
1369;6-Bedroom;855 000,00 €;350;Aveiro;House
1370;3-Bedroom;860 000,00 €;168;Aveiro;House
1371;7+1-Bedroom;865 000,00 €;1.190;Aveiro;House
1372;7-Bedroom;865 000,00 €;1.190;Aveiro;House
1373;4-Bedroom;866 250,00 €;212;Aveiro;House
1374;4-Bedroom;866 250,00 €;242;Aveiro;House
1375;5-Bedroom;875 000,00 €;346;Aveiro;House
1376;3-Bedroom;880 000,00 €;166;Aveiro;House
1377;6-Bedroom;890 000,00 €;1.085;Aveiro;House
1378;3-Bedroom;895 000,00 €;386;Aveiro;House
1379;3-Bedroom;895 000,00 €;386;Aveiro;House
1380;7-Bedroom;895 000,00 €;611;Aveiro;House
1381;3-Bedroom;900 000,00 €;218;Aveiro;House
1382;3-Bedroom;900 000,00 €;168;Aveiro;House
1383;3-Bedroom;900 000,00 €;242;Aveiro;House
1384;3-Bedroom;900 000,00 €;282;Aveiro;House
1385;3-Bedroom;905 000,00 €;205;Aveiro;House
1386;5-Bedroom;915 000,00 €;765;Aveiro;House
1387;Detached House;930 000,00 €;349;Aveiro;House
1388;4-Bedroom;930 000,00 €;390;Aveiro;House
1389;4-Bedroom;950 000,00 €;245;Aveiro;House
1390;3-Bedroom;950 000,00 €;433;Aveiro;House
1391;13-Bedroom;950 000,00 €;600;Aveiro;House
1392;4-Bedroom;950 000,00 €;245;Aveiro;House
1393;4-Bedroom;950 000,00 €;245;Aveiro;House
1394;4-Bedroom;950 000,00 €;245;Aveiro;House
1395;11-Bedroom;950 000,00 €;400;Aveiro;House
1396;3-Bedroom;950 000,00 €;360;Aveiro;House
1397;3-Bedroom;960 000,00 €;433;Aveiro;House
1398;3-Bedroom;960 000,00 €;478;Aveiro;House
1399;3-Bedroom;960 000,00 €;433;Aveiro;House
1400;3-Bedroom;960 000,00 €;433;Aveiro;House
1401;3-Bedroom;960 000,00 €;478;Aveiro;House
1402;3-Bedroom;960 000,00 €;433;Aveiro;House
1403;3-Bedroom;960 000,00 €;478;Aveiro;House
1404;3-Bedroom;960 000,00 €;433;Aveiro;House
1405;3-Bedroom;960 000,00 €;433;Aveiro;House
1406;3-Bedroom;960 000,00 €;400;Aveiro;House
1407;3-Bedroom;960 000,00 €;478;Aveiro;House
1408;3-Bedroom;960 000,00 €;478;Aveiro;House
1409;3-Bedroom;960 000,00 €;478;Aveiro;House
1410;4-Bedroom;980 000,00 €;757;Aveiro;House
1411;4-Bedroom;980 000,00 €;758;Aveiro;House
1412;4-Bedroom;985 000,00 €;374;Aveiro;House
1413;4-Bedroom;985 000,00 €;320;Aveiro;House
1414;4-Bedroom;985 000,00 €;320;Aveiro;House
1415;4-Bedroom;985 000,00 €;389;Aveiro;House
1416;4-Bedroom;990 000,00 €;14.751;Aveiro;House
1417;3-Bedroom;995 000,00 €;360;Aveiro;House
1418;6-Bedroom;997 500,00 €;475;Aveiro;House
1419;4-Bedroom;1 000 000,00 €;883;Aveiro;House
1420;4-Bedroom;1 023 750,00 €;329;Aveiro;House
1421;4-Bedroom;1 023 750,00 €;359;Aveiro;House
1422;6-Bedroom;1 060 000,00 €;431;Aveiro;House
1423;4-Bedroom;1 080 000,00 €;442;Aveiro;House
1424;13-Bedroom;1 100 000,00 €;147.647;Aveiro;House
1425;3-Bedroom;1 100 000,00 €;205;Aveiro;House
1426;3-Bedroom;1 100 000,00 €;295;Aveiro;House
1427;3-Bedroom;1 150 000,00 €;693;Aveiro;House
1428;4-Bedroom;1 150 000,00 €;692;Aveiro;House
1429;4-Bedroom;1 150 000,00 €;693;Aveiro;House
1430;4-Bedroom;1 155 000,00 €;385;Aveiro;House
1431;4-Bedroom;1 155 000,00 €;264;Aveiro;House
1432;4-Bedroom;1 160 000,00 €;236;Aveiro;House
1433;4-Bedroom;1 180 000,00 €;236;Aveiro;House
1434;6-Bedroom;1 195 000,00 €;510;Aveiro;House
1435;3-Bedroom;1 200 000,00 €;377;Aveiro;House
1436;4-Bedroom;1 200 000,00 €;300;Aveiro;House
1437;4-Bedroom;1 200 000,00 €;236;Aveiro;House
1438;3-Bedroom;1 200 000,00 €;377;Aveiro;House
1439;4+1-Bedroom;1 200 000,00 €;361;Aveiro;House
1440;4-Bedroom;1 250 000,00 €;236;Aveiro;House
1441;4-Bedroom;1 300 000,00 €;393;Aveiro;House
1442;4-Bedroom;1 350 000,00 €;304;Aveiro;House
1443;4-Bedroom;1 350 000,00 €;393;Aveiro;House
1444;Detached House;1 350 000,00 €;392;Aveiro;House
1445;4-Bedroom;1 350 000,00 €;393;Aveiro;House
1446;4-Bedroom;1 350 000,00 €;304;Aveiro;House
1447;Apartment;1 432 000,00 €;222;Aveiro;House
1448;4-Bedroom;1 450 000,00 €;299;Aveiro;House
1449;4-Bedroom;1 500 000,00 €;654;Aveiro;House
1450;5-Bedroom;1 500 000,00 €;826;Aveiro;House
1451;4-Bedroom;1 500 000,00 €;654;Aveiro;House
1452;4-Bedroom;1 500 000,00 €;654;Aveiro;House
1453;4-Bedroom;1 500 000,00 €;654;Aveiro;House
1454;7-Bedroom;1 550 000,00 €;664;Aveiro;House
1455;3-Bedroom;1 650 000,00 €;730;Aveiro;House
1456;14-Bedroom;1 650 000,00 €;2.340;Aveiro;House
1457;3-Bedroom;1 750 000,00 €;298;Aveiro;House
1458;3-Bedroom;1 750 000,00 €;273;Aveiro;House
1459;3-Bedroom;1 750 000,00 €;191;Aveiro;House
1460;Farmhouse;1 750 000,00 €;399;Aveiro;House
1461;5-Bedroom;1 790 000,00 €;399;Aveiro;House
1462;Farmhouse;1 850 000,00 €;556;Aveiro;House
1463;7-Bedroom;1 900 000,00 €;2.735;Aveiro;House
1464;9-Bedroom;1 900 000,00 €;2.735;Aveiro;House
1465;10-Bedroom;1 990 000,00 €;1.167;Aveiro;House
1466;Estate;1 999 000,00 €;838;Aveiro;House
1467;8-Bedroom;1 999 999,00 €;838;Aveiro;House
1468;Detached House;2 000 000,00 €;257;Aveiro;House
1469;6-Bedroom;2 200 000,00 €;588;Aveiro;House
1470;10-Bedroom;2 800 000,00 €;1.169;Aveiro;House
1471;T16;3 200 000,00 €;1.350;Aveiro;House
1472;5-Bedroom;4 980 000,00 €;810;Aveiro;House
1473;12-Bedroom;5 500 000,00 €;59.100;Aveiro;House
1474;4-Bedroom;5 500 000,00 €;735;Aveiro;House
1475;8-Bedroom;5 500 000,00 €;11.400;Aveiro;House
1476;11-Bedroom;5 500 000,00 €;735;Aveiro;House
1477;Detached House;8 026 000,00 €;3.150;Aveiro;House
1478;Detached House;7 000,00 €;22;Beja;House
1479;2-Bedroom;15 000,00 €;55;Beja;House
1480;1-Bedroom;15 000,00 €;35;Beja;House
1481;2-Bedroom;16 500,00 €;49;Beja;House
1482;Ruin;17 500,00 €;48;Beja;House
1483;2-Bedroom;17 500,00 €;80;Beja;House
1484;1-Bedroom;18 500,00 €;37;Beja;House
1485;House;18 500,00 €;37;Beja;House
1486;1-Bedroom;18 500,00 €;26;Beja;House
1487;House;18 500,00 €;80;Beja;House
1488;House;18 500,00 €;37;Beja;House
1489;3-Bedroom;19 900,00 €;44;Beja;House
1490;House;19 900,00 €;44;Beja;House
1491;1-Bedroom;19 900,00 €;31;Beja;House
1492;Detached House;20 000,00 €;44;Beja;House
1493;1-Bedroom;20 000,00 €;405;Beja;House
1494;1-Bedroom;22 000,00 €;104;Beja;House
1495;2-Bedroom;22 500,00 €;39;Beja;House
1496;3-Bedroom;22 500,00 €;46;Beja;House
1497;2-Bedroom;24 000,00 €;85;Beja;House
1498;2-Bedroom;24 000,00 €;68;Beja;House
1499;House;25 000,00 €;140;Beja;House
1500;House;25 000,00 €;30;Beja;House
1501;Detached House;26 000,00 €;80;Beja;House
1502;Farmhouse;26 900,00 €;42;Beja;House
1503;Detached House;27 500,00 €;30;Beja;House
1504;House;27 500,00 €;56;Beja;House
1505;2-Bedroom;27 500,00 €;42;Beja;House
1506;Ruin;27 500,00 €;63;Beja;House
1507;1-Bedroom;29 000,00 €;78;Beja;House
1508;2-Bedroom;29 000,00 €;85;Beja;House
1509;2-Bedroom;29 500,00 €;76;Beja;House
1510;2-Bedroom;29 500,00 €;55;Beja;House
1511;2-Bedroom;29 500,00 €;76;Beja;House
1512;House;29 500,00 €;28;Beja;House
1513;Small Farmhouse;29 500,00 €;44;Beja;House
1514;Detached House;29 900,00 €;48;Beja;House
1515;House;29 900,00 €;64;Beja;House
1516;House;29 900,00 €;99;Beja;House
1517;Studio;30 000,00 €;76;Beja;House
1518;2-Bedroom;30 000,00 €;63;Beja;House
1519;3-Bedroom;32 000,00 €;134;Beja;House
1520;3-Bedroom;32 000,00 €;134;Beja;House
1521;2-Bedroom;32 500,00 €;52;Beja;House
1522;2-Bedroom;33 000,00 €;72;Beja;House
1523;Detached House;34 500,00 €;76;Beja;House
1524;2-Bedroom;35 000,00 €;150;Beja;House
1525;2-Bedroom;35 000,00 €;150;Beja;House
1526;Detached House;35 000,00 €;98;Beja;House
1527;Detached House;35 500,00 €;138;Beja;House
1528;2-Bedroom;37 500,00 €;104;Beja;House
1529;1-Bedroom;37 500,00 €;43;Beja;House
1530;Detached House;37 500,00 €;42;Beja;House
1531;1+1-Bedroom;38 500,00 €;44;Beja;House
1532;3-Bedroom;39 000,00 €;208;Beja;House
1533;2-Bedroom;39 500,00 €;158;Beja;House
1534;2-Bedroom;39 500,00 €;158;Beja;House
1535;2-Bedroom;39 500,00 €;63;Beja;House
1536;1-Bedroom;39 900,00 €;36;Beja;House
1537;1-Bedroom;39 900,00 €;52;Beja;House
1538;2-Bedroom;40 000,00 €;104;Beja;House
1539;3-Bedroom;40 000,00 €;72;Beja;House
1540;3-Bedroom;42 000,00 €;137;Beja;House
1541;3-Bedroom;42 000,00 €;137;Beja;House
1542;Country Estate;42 500,00 €;140;Beja;House
1543;2-Bedroom;42 800,00 €;67;Beja;House
1544;2-Bedroom;43 000,00 €;40;Beja;House
1545;2-Bedroom;44 000,00 €;90;Beja;House
1546;4-Bedroom;44 000,00 €;166;Beja;House
1547;2-Bedroom;44 800,00 €;101;Beja;House
1548;2-Bedroom;44 800,00 €;100;Beja;House
1549;2-Bedroom;44 900,00 €;56;Beja;House
1550;Detached House;45 000,00 €;228;Beja;House
1551;1-Bedroom;45 000,00 €;51;Beja;House
1552;House;45 000,00 €;142;Beja;House
1553;2-Bedroom;45 000,00 €;52;Beja;House
1554;House;45 000,00 €;192;Beja;House
1555;2-Bedroom;45 000,00 €;83;Beja;House
1556;3-Bedroom;45 000,00 €;160;Beja;House
1557;1-Bedroom;49 500,00 €;77;Beja;House
1558;2-Bedroom;49 500,00 €;51;Beja;House
1559;5+2-Bedroom;49 900,00 €;147;Beja;House
1560;Detached House;49 900,00 €;40;Beja;House
1561;1-Bedroom;50 000,00 €;73;Beja;House
1562;2-Bedroom;50 000,00 €;100;Beja;House
1563;2-Bedroom;50 000,00 €;84;Beja;House
1564;2-Bedroom;50 000,00 €;70;Beja;House
1565;Small Farmhouse;50 000,00 €;185;Beja;House
1566;3-Bedroom;50 000,00 €;223;Beja;House
1567;3-Bedroom;51 150,00 €;123;Beja;House
1568;2-Bedroom;51 500,00 €;100;Beja;House
1569;1-Bedroom;52 000,00 €;43;Beja;House
1570;1-Bedroom;52 000,00 €;43;Beja;House
1571;Detached House;52 000,00 €;68;Beja;House
1572;3-Bedroom;52 000,00 €;148;Beja;House
1573;1-Bedroom;54 000,00 €;45;Beja;House
1574;2-Bedroom;54 900,00 €;105;Beja;House
1575;1-Bedroom;55 000,00 €;22;Beja;House
1576;Detached House;55 000,00 €;142;Beja;House
1577;2-Bedroom;55 000,00 €;84;Beja;House
1578;4-Bedroom;55 000,00 €;244;Beja;House
1579;3-Bedroom;57 000,00 €;72;Beja;House
1580;3-Bedroom;57 500,00 €;60;Beja;House
1581;3-Bedroom;57 500,00 €;60;Beja;House
1582;1-Bedroom;58 000,00 €;66;Beja;House
1583;2-Bedroom;58 000,00 €;42;Beja;House
1584;2-Bedroom;58 400,00 €;234;Beja;House
1585;2-Bedroom;58 500,00 €;86;Beja;House
1586;Detached House;59 000,00 €;235;Beja;House
1587;3-Bedroom;59 000,00 €;129;Beja;House
1588;1-Bedroom;59 000,00 €;65;Beja;House
1589;3-Bedroom;59 500,00 €;130;Beja;House
1590;2-Bedroom;59 500,00 €;130;Beja;House
1591;1-Bedroom;59 800,00 €;40;Beja;House
1592;Detached House;59 900,00 €;87;Beja;House
1593;4-Bedroom;60 000,00 €;100;Beja;House
1594;4-Bedroom;60 000,00 €;150;Beja;House
1595;House;60 000,00 €;50;Beja;House
1596;2-Bedroom;61 150,00 €;50;Beja;House
1597;2-Bedroom;62 000,00 €;77;Beja;House
1598;2-Bedroom;62 000,00 €;120;Beja;House
1599;3-Bedroom;62 500,00 €;52;Beja;House
1600;Detached House;62 500,00 €;125;Beja;House
1601;3-Bedroom;63 000,00 €;43;Beja;House
1602;Farmhouse;64 500,00 €;173;Beja;House
1603;1-Bedroom;65 000,00 €;34;Beja;House
1604;3-Bedroom;65 000,00 €;149;Beja;House
1605;5-Bedroom;65 000,00 €;140;Beja;House
1606;Studio;65 000,00 €;15.800;Beja;House
1607;2+2-Bedroom;65 000,00 €;123;Beja;House
1608;2+2-Bedroom;65 000,00 €;123;Beja;House
1609;1-Bedroom;65 000,00 €;99;Beja;House
1610;Detached House;65 000,00 €;88;Beja;House
1611;3-Bedroom;65 000,00 €;120;Beja;House
1612;4-Bedroom;66 900,00 €;191;Beja;House
1613;3-Bedroom;67 000,00 €;180;Beja;House
1614;2-Bedroom;67 000,00 €;56;Beja;House
1615;2-Bedroom;67 440,00 €;50;Beja;House
1616;Detached House;67 500,00 €;162;Beja;House
1617;2-Bedroom;67 500,00 €;85;Beja;House
1618;3-Bedroom;68 000,00 €;150;Beja;House
1619;2-Bedroom;68 500,00 €;56;Beja;House
1620;1-Bedroom;69 000,00 €;93;Beja;House
1621;4-Bedroom;69 500,00 €;100;Beja;House
1622;2-Bedroom;69 500,00 €;60;Beja;House
1623;Small Farmhouse;69 500,00 €;96;Beja;House
1624;Country Estate;69 900,00 €;40;Beja;House
1625;2-Bedroom;70 000,00 €;69;Beja;House
1626;3-Bedroom;70 000,00 €;116;Beja;House
1627;Detached House;72 000,00 €;70;Beja;House
1628;3-Bedroom;75 000,00 €;117;Beja;House
1629;2-Bedroom;75 000,00 €;58;Beja;House
1630;1-Bedroom;75 000,00 €;53;Beja;House
1631;3-Bedroom;76 000,00 €;80;Beja;House
1632;2-Bedroom;76 500,00 €;100;Beja;House
1633;3-Bedroom;77 500,00 €;190;Beja;House
1634;Detached House;77 500,00 €;103;Beja;House
1635;Ruin;78 000,00 €;85;Beja;House
1636;8-Bedroom;78 000,00 €;174;Beja;House
1637;Detached House;78 000,00 €;80;Beja;House
1638;Detached House;78 600,00 €;315;Beja;House
1639;3-Bedroom;79 000,00 €;130;Beja;House
1640;3-Bedroom;79 000,00 €;101;Beja;House
1641;3-Bedroom;79 000,00 €;130;Beja;House
1642;Detached House;79 000,00 €;114;Beja;House
1643;2-Bedroom;79 500,00 €;64;Beja;House
1644;2-Bedroom;79 900,00 €;83;Beja;House
1645;Detached House;79 900,00 €;62;Beja;House
1646;1-Bedroom;79 900,00 €;43;Beja;House
1647;3-Bedroom;80 000,00 €;110;Beja;House
1648;3-Bedroom;80 000,00 €;89;Beja;House
1649;2-Bedroom;81 000,00 €;220;Beja;House
1650;4-Bedroom;81 000,00 €;182;Beja;House
1651;Detached House;82 000,00 €;115;Beja;House
1652;Studio;85 000,00 €;40;Beja;House
1653;Detached House;85 000,00 €;134;Beja;House
1654;1-Bedroom;85 000,00 €;60;Beja;House
1655;Detached House;85 000,00 €;134;Beja;House
1656;Detached House;85 000,00 €;417;Beja;House
1657;2-Bedroom;85 000,00 €;54;Beja;House
1658;5-Bedroom;85 000,00 €;227;Beja;House
1659;Detached House;85 000,00 €;121;Beja;House
1660;Detached House;85 000,00 €;91;Beja;House
1661;5-Bedroom;85 000,00 €;205;Beja;House
1662;3+3-Bedroom;85 000,00 €;265;Beja;House
1663;3-Bedroom;85 000,00 €;120;Beja;House
1664;Detached House;86 900,00 €;139;Beja;House
1665;Detached House;86 900,00 €;139;Beja;House
1666;Detached House;87 000,00 €;94;Beja;House
1667;4-Bedroom;87 000,00 €;115;Beja;House
1668;2-Bedroom;87 500,00 €;102;Beja;House
1669;Detached House;89 000,00 €;97;Beja;House
1670;2-Bedroom;89 000,00 €;284;Beja;House
1671;2-Bedroom;89 000,00 €;104;Beja;House
1672;1-Bedroom;89 000,00 €;81;Beja;House
1673;2-Bedroom;89 500,00 €;97;Beja;House
1674;3-Bedroom;89 900,00 €;144;Beja;House
1675;3-Bedroom;90 000,00 €;153;Beja;House
1676;3-Bedroom;90 000,00 €;100;Beja;House
1677;2-Bedroom;90 000,00 €;126;Beja;House
1678;3-Bedroom;90 000,00 €;101;Beja;House
1679;Studio;90 000,00 €;403;Beja;House
1680;3-Bedroom;90 000,00 €;93;Beja;House
1681;6-Bedroom;90 000,00 €;277;Beja;House
1682;3-Bedroom;90 000,00 €;93;Beja;House
1683;3-Bedroom;90 000,00 €;114;Beja;House
1684;2-Bedroom;90 000,00 €;64;Beja;House
1685;2-Bedroom;90 000,00 €;114;Beja;House
1686;3-Bedroom;91 000,00 €;168;Beja;House
1687;2-Bedroom;94 500,00 €;49;Beja;House
1688;4-Bedroom;95 000,00 €;100;Beja;House
1689;2-Bedroom;95 000,00 €;74;Beja;House
1690;1-Bedroom;95 000,00 €;36;Beja;House
1691;4-Bedroom;95 000,00 €;144;Beja;House
1692;2-Bedroom;95 000,00 €;99;Beja;House
1693;1-Bedroom;95 000,00 €;226;Beja;House
1694;1-Bedroom;95 000,00 €;51;Beja;House
1695;2-Bedroom;96 000,00 €;74;Beja;House
1696;2-Bedroom;96 000,00 €;81;Beja;House
1697;2-Bedroom;98 500,00 €;60;Beja;House
1698;2-Bedroom;99 000,00 €;78;Beja;House
1699;4-Bedroom;99 000,00 €;114;Beja;House
1700;3-Bedroom;99 000,00 €;128;Beja;House
1701;2-Bedroom;99 500,00 €;118;Beja;House
1702;2-Bedroom;99 500,00 €;20;Beja;House
1703;2-Bedroom;99 500,00 €;21.750;Beja;House
1704;3-Bedroom;99 500,00 €;119;Beja;House
1705;3-Bedroom;99 500,00 €;126;Beja;House
1706;2-Bedroom;100 000,00 €;50;Beja;House
1707;2-Bedroom;100 000,00 €;82;Beja;House
1708;1-Bedroom;105 000,00 €;45;Beja;House
1709;2-Bedroom;105 000,00 €;80;Beja;House
1710;1-Bedroom;105 000,00 €;104;Beja;House
1711;2-Bedroom;107 500,00 €;189;Beja;House
1712;5-Bedroom;108 000,00 €;116;Beja;House
1713;Detached House;110 000,00 €;88;Beja;House
1714;1-Bedroom;110 000,00 €;79;Beja;House
1715;2-Bedroom;110 000,00 €;61;Beja;House
1716;5-Bedroom;110 000,00 €;181;Beja;House
1717;4-Bedroom;110 000,00 €;105;Beja;House
1718;3-Bedroom;110 000,00 €;88;Beja;House
1719;2-Bedroom;112 000,00 €;30;Beja;House
1720;2-Bedroom;112 000,00 €;30;Beja;House
1721;3-Bedroom;112 500,00 €;107;Beja;House
1722;Ruin;114 000,00 €;255;Beja;House
1723;2-Bedroom;115 000,00 €;98;Beja;House
1724;2-Bedroom;115 000,00 €;169;Beja;House
1725;2-Bedroom;115 000,00 €;169;Beja;House
1726;3-Bedroom;115 000,00 €;110;Beja;House
1727;3-Bedroom;115 000,00 €;120;Beja;House
1728;3-Bedroom;116 900,00 €;96;Beja;House
1729;4-Bedroom;118 750,00 €;156;Beja;House
1730;Detached House;120 000,00 €;72;Beja;House
1731;4-Bedroom;120 000,00 €;166;Beja;House
1732;6-Bedroom;120 000,00 €;212;Beja;House
1733;Detached House;120 000,00 €;121;Beja;House
1734;3-Bedroom;120 000,00 €;207;Beja;House
1735;3-Bedroom;124 800,00 €;234;Beja;House
1736;4-Bedroom;125 000,00 €;200;Beja;House
1737;1-Bedroom;125 000,00 €;46;Beja;House
1738;2-Bedroom;125 000,00 €;75;Beja;House
1739;House;127 500,00 €;198;Beja;House
1740;3-Bedroom;128 000,00 €;79;Beja;House
1741;3-Bedroom;128 000,00 €;36;Beja;House
1742;3-Bedroom;128 000,00 €;79;Beja;House
1743;2-Bedroom;129 000,00 €;79;Beja;House
1744;Detached House;130 000,00 €;126;Beja;House
1745;2-Bedroom;130 000,00 €;144;Beja;House
1746;Country Estate;130 000,00 €;306;Beja;House
1747;2-Bedroom;130 000,00 €;247;Beja;House
1748;6-Bedroom;130 000,00 €;287;Beja;House
1749;3-Bedroom;130 000,00 €;260;Beja;House
1750;3-Bedroom;130 000,00 €;206;Beja;House
1751;9-Bedroom;130 000,00 €;321;Beja;House
1752;3-Bedroom;130 000,00 €;200;Beja;House
1753;4-Bedroom;130 800,00 €;124;Beja;House
1754;Apartment;132 500,00 €;101;Beja;House
1755;5-Bedroom;132 500,00 €;620;Beja;House
1756;2-Bedroom;134 000,00 €;103;Beja;House
1757;2-Bedroom;134 000,00 €;99;Beja;House
1758;2-Bedroom;134 000,00 €;110;Beja;House
1759;2-Bedroom;134 000,00 €;100;Beja;House
1760;2-Bedroom;135 000,00 €;95;Beja;House
1761;1-Bedroom;135 000,00 €;64;Beja;House
1762;Apartment;135 000,00 €;36;Beja;House
1763;Detached House;139 000,00 €;90;Beja;House
1764;3-Bedroom;139 000,00 €;237;Beja;House
1765;5-Bedroom;139 000,00 €;158;Beja;House
1766;4-Bedroom;139 000,00 €;211;Beja;House
1767;9-Bedroom;139 500,00 €;495;Beja;House
1768;6-Bedroom;140 000,00 €;316;Beja;House
1769;1-Bedroom;140 000,00 €;132;Beja;House
1770;3-Bedroom;140 000,00 €;83;Beja;House
1771;3-Bedroom;140 000,00 €;153;Beja;House
1772;6-Bedroom;140 000,00 €;317;Beja;House
1773;5-Bedroom;140 000,00 €;125;Beja;House
1774;6-Bedroom;140 000,00 €;317;Beja;House
1775;Studio;140 000,00 €;34;Beja;House
1776;Farmhouse;140 000,00 €;13.250;Beja;House
1777;3-Bedroom;141 000,00 €;176;Beja;House
1778;Apartment;141 150,00 €;75;Beja;House
1779;Detached House;142 500,00 €;270;Beja;House
1780;3-Bedroom;144 900,00 €;114;Beja;House
1781;2-Bedroom;145 000,00 €;70;Beja;House
1782;Studio;145 000,00 €;211;Beja;House
1783;5-Bedroom;145 000,00 €;150;Beja;House
1784;3-Bedroom;145 000,00 €;172;Beja;House
1785;5-Bedroom;147 500,00 €;11.750;Beja;House
1786;4-Bedroom;148 000,00 €;143;Beja;House
1787;3-Bedroom;148 000,00 €;144;Beja;House
1788;Detached House;148 900,00 €;102;Beja;House
1789;9-Bedroom;149 000,00 €;230;Beja;House
1790;6-Bedroom;149 000,00 €;223;Beja;House
1791;5-Bedroom;149 000,00 €;224;Beja;House
1792;3-Bedroom;149 500,00 €;7.875;Beja;House
1793;1-Bedroom;149 500,00 €;110;Beja;House
1794;2-Bedroom;149 750,00 €;74;Beja;House
1795;2-Bedroom;149 900,00 €;88;Beja;House
1796;4-Bedroom;150 000,00 €;72;Beja;House
1797;1-Bedroom;150 000,00 €;90;Beja;House
1798;Farmhouse;150 000,00 €;65;Beja;House
1799;2-Bedroom;150 000,00 €;72;Beja;House
1800;2-Bedroom;150 000,00 €;72;Beja;House
1801;2-Bedroom;150 000,00 €;76;Beja;House
1802;3-Bedroom;150 000,00 €;121;Beja;House
1803;4-Bedroom;150 000,00 €;160;Beja;House
1804;4-Bedroom;150 000,00 €;215;Beja;House
1805;4-Bedroom;150 000,00 €;263;Beja;House
1806;2-Bedroom;155 000,00 €;158;Beja;House
1807;4-Bedroom;155 000,00 €;285;Beja;House
1808;4-Bedroom;155 000,00 €;285;Beja;House
1809;4-Bedroom;155 000,00 €;170;Beja;House
1810;2-Bedroom;155 000,00 €;148;Beja;House
1811;3-Bedroom;155 000,00 €;132;Beja;House
1812;3-Bedroom;158 000,00 €;86;Beja;House
1813;3-Bedroom;159 000,00 €;220;Beja;House
1814;3-Bedroom;159 000,00 €;220;Beja;House
1815;Apartment;160 000,00 €;200.500;Beja;House
1816;Small Farmhouse;160 000,00 €;20;Beja;House
1817;4-Bedroom;160 000,00 €;24.665;Beja;House
1818;4-Bedroom;160 000,00 €;240;Beja;House
1819;2-Bedroom;160 000,00 €;80;Beja;House
1820;3-Bedroom;160 000,00 €;100;Beja;House
1821;2-Bedroom;160 000,00 €;80;Beja;House
1822;3-Bedroom;160 000,00 €;261;Beja;House
1823;3-Bedroom;160 000,00 €;92;Beja;House
1824;2-Bedroom;160 000,00 €;85;Beja;House
1825;4-Bedroom;160 000,00 €;84;Beja;House
1826;4-Bedroom;165 000,00 €;120;Beja;House
1827;4-Bedroom;165 000,00 €;195;Beja;House
1828;3-Bedroom;165 000,00 €;158;Beja;House
1829;3-Bedroom;165 000,00 €;96;Beja;House
1830;4-Bedroom;165 000,00 €;408;Beja;House
1831;3-Bedroom;168 000,00 €;93;Beja;House
1832;2-Bedroom;169 000,00 €;104;Beja;House
1833;Detached House;169 900,00 €;217;Beja;House
1834;3-Bedroom;170 000,00 €;86;Beja;House
1835;4-Bedroom;170 000,00 €;272;Beja;House
1836;3-Bedroom;170 000,00 €;89;Beja;House
1837;3-Bedroom;170 000,00 €;128;Beja;House
1838;4-Bedroom;170 000,00 €;565;Beja;House
1839;5-Bedroom;170 000,00 €;203;Beja;House
1840;4-Bedroom;170 000,00 €;565;Beja;House
1841;5-Bedroom;170 000,00 €;203;Beja;House
1842;4-Bedroom;170 000,00 €;155;Beja;House
1843;2-Bedroom;170 000,00 €;113;Beja;House
1844;3-Bedroom;170 000,00 €;309;Beja;House
1845;2-Bedroom;170 000,00 €;59;Beja;House
1846;3-Bedroom;172 000,00 €;105;Beja;House
1847;3-Bedroom;174 900,00 €;90;Beja;House
1848;3-Bedroom;175 000,00 €;200;Beja;House
1849;4-Bedroom;175 000,00 €;120;Beja;House
1850;2-Bedroom;175 000,00 €;90;Beja;House
1851;5-Bedroom;175 000,00 €;128;Beja;House
1852;5-Bedroom;175 000,00 €;128;Beja;House
1853;5-Bedroom;175 000,00 €;170;Beja;House
1854;3-Bedroom;176 000,00 €;111;Beja;House
1855;2-Bedroom;177 000,00 €;126;Beja;House
1856;3-Bedroom;179 000,00 €;106;Beja;House
1857;4-Bedroom;179 000,00 €;166;Beja;House
1858;3-Bedroom;179 000,00 €;106;Beja;House
1859;4-Bedroom;179 000,00 €;166;Beja;House
1860;4-Bedroom;179 000,00 €;171;Beja;House
1861;1-Bedroom;179 000,00 €;28;Beja;House
1862;2-Bedroom;180 000,00 €;95;Beja;House
1863;Detached House;180 000,00 €;200;Beja;House
1864;Detached House;180 000,00 €;375;Beja;House
1865;Studio;185 000,00 €;116;Beja;House
1866;3+2-Bedroom;185 000,00 €;261;Beja;House
1867;1-Bedroom;185 000,00 €;82;Beja;House
1868;6-Bedroom;185 000,00 €;215;Beja;House
1869;6-Bedroom;185 000,00 €;215;Beja;House
1870;2-Bedroom;185 000,00 €;310;Beja;House
1871;Country Estate;185 000,00 €;160;Beja;House
1872;2-Bedroom;188 500,00 €;90;Beja;House
1873;2-Bedroom;189 000,00 €;107;Beja;House
1874;3-Bedroom;189 000,00 €;123;Beja;House
1875;3-Bedroom;190 000,00 €;140;Beja;House
1876;1-Bedroom;192 000,00 €;70;Beja;House
1877;Detached House;195 000,00 €;220;Beja;House
1878;4-Bedroom;195 000,00 €;170;Beja;House
1879;3-Bedroom;197 500,00 €;45;Beja;House
1880;4-Bedroom;198 500,00 €;62;Beja;House
1881;8-Bedroom;199 000,00 €;300;Beja;House
1882;Detached House;200 000,00 €;555;Beja;House
1883;3-Bedroom;200 000,00 €;140;Beja;House
1884;7-Bedroom;200 000,00 €;288;Beja;House
1885;3-Bedroom;200 000,00 €;263;Beja;House
1886;3-Bedroom;200 000,00 €;263;Beja;House
1887;5-Bedroom;200 000,00 €;898;Beja;House
1888;8-Bedroom;207 000,00 €;250;Beja;House
1889;5-Bedroom;209 000,00 €;180;Beja;House
1890;5-Bedroom;209 000,00 €;180;Beja;House
1891;3-Bedroom;210 000,00 €;207;Beja;House
1892;2-Bedroom;210 000,00 €;55;Beja;House
1893;Detached House;214 000,00 €;157;Beja;House
1894;Detached House;215 000,00 €;109;Beja;House
1895;1+1-Bedroom;215 000,00 €;70;Beja;House
1896;3-Bedroom;215 000,00 €;90;Beja;House
1897;2-Bedroom;215 000,00 €;140;Beja;House
1898;Detached House;215 000,00 €;65;Beja;House
1899;3-Bedroom;215 000,00 €;102;Beja;House
1900;2-Bedroom;215 900,00 €;70;Beja;House
1901;6-Bedroom;217 000,00 €;234;Beja;House
1902;4-Bedroom;219 000,00 €;122;Beja;House
1903;5-Bedroom;220 000,00 €;188;Beja;House
1904;3-Bedroom;220 000,00 €;121;Beja;House
1905;2-Bedroom;220 000,00 €;183;Beja;House
1906;4-Bedroom;220 000,00 €;169;Beja;House
1907;3-Bedroom;220 000,00 €;304;Beja;House
1908;4-Bedroom;220 000,00 €;163;Beja;House
1909;3-Bedroom;220 000,00 €;169;Beja;House
1910;3-Bedroom;225 000,00 €;443;Beja;House
1911;5-Bedroom;225 000,00 €;276;Beja;House
1912;6-Bedroom;225 000,00 €;130;Beja;House
1913;3-Bedroom;225 000,00 €;199;Beja;House
1914;3-Bedroom;229 000,00 €;135;Beja;House
1915;6-Bedroom;230 000,00 €;120;Beja;House
1916;2+3-Bedroom;230 000,00 €;90;Beja;House
1917;3-Bedroom;230 000,00 €;110;Beja;House
1918;Farmhouse;230 000,00 €;86;Beja;House
1919;2-Bedroom;230 000,00 €;222;Beja;House
1920;3-Bedroom;230 000,00 €;110;Beja;House
1921;4-Bedroom;230 000,00 €;237;Beja;House
1922;4-Bedroom;230 000,00 €;148;Beja;House
1923;3-Bedroom;230 000,00 €;201;Beja;House
1924;4-Bedroom;230 000,00 €;237;Beja;House
1925;4-Bedroom;230 000,00 €;110;Beja;House
1926;3-Bedroom;230 000,00 €;75;Beja;House
1927;2-Bedroom;230 000,00 €;112;Beja;House
1928;3-Bedroom;235 000,00 €;109;Beja;House
1929;3-Bedroom;235 000,00 €;313;Beja;House
1930;2-Bedroom;240 000,00 €;128;Beja;House
1931;3-Bedroom;240 000,00 €;145;Beja;House
1932;Estate;240 000,00 €;77;Beja;House
1933;4-Bedroom;245 000,00 €;153;Beja;House
1934;7-Bedroom;245 000,00 €;344;Beja;House
1935;Detached House;246 500,00 €;94;Beja;House
1936;2-Bedroom;247 000,00 €;96;Beja;House
1937;5-Bedroom;249 900,00 €;119;Beja;House
1938;5-Bedroom;249 900,00 €;119;Beja;House
1939;Detached House;250 000,00 €;181;Beja;House
1940;Detached House;250 000,00 €;54;Beja;House
1941;Farmhouse;250 000,00 €;47;Beja;House
1942;5-Bedroom;250 000,00 €;405;Beja;House
1943;8-Bedroom;250 000,00 €;220;Beja;House
1944;5-Bedroom;250 000,00 €;211;Beja;House
1945;6-Bedroom;250 000,00 €;323;Beja;House
1946;3-Bedroom;250 000,00 €;157;Beja;House
1947;5-Bedroom;250 000,00 €;150;Beja;House
1948;Detached House;250 000,00 €;159;Beja;House
1949;Country Estate;250 000,00 €;168;Beja;House
1950;Detached House;250 000,00 €;260;Beja;House
1951;2-Bedroom;252 000,00 €;101;Beja;House
1952;2-Bedroom;255 000,00 €;260;Beja;House
1953;5-Bedroom;259 000,00 €;728;Beja;House
1954;2-Bedroom;260 000,00 €;36;Beja;House
1955;2-Bedroom;260 000,00 €;157;Beja;House
1956;1-Bedroom;260 000,00 €;56.750;Beja;House
1957;Detached House;265 000,00 €;408;Beja;House
1958;Detached House;265 000,00 €;300;Beja;House
1959;3-Bedroom;267 000,00 €;204;Beja;House
1960;4-Bedroom;267 000,00 €;275;Beja;House
1961;4-Bedroom;268 000,00 €;116;Beja;House
1962;4-Bedroom;268 000,00 €;201;Beja;House
1963;4-Bedroom;269 000,00 €;190;Beja;House
1964;4-Bedroom;269 500,00 €;160;Beja;House
1965;4-Bedroom;269 500,00 €;160;Beja;House
1966;2+1-Bedroom;275 000,00 €;115;Beja;House
1967;5-Bedroom;275 000,00 €;210;Beja;House
1968;5-Bedroom;275 000,00 €;163;Beja;House
1969;Detached House;275 000,00 €;192;Beja;House
1970;4-Bedroom;275 000,00 €;778;Beja;House
1971;3-Bedroom;279 500,00 €;288;Beja;House
1972;Studio;280 000,00 €;40;Beja;House
1973;Farmhouse;280 000,00 €;78.000;Beja;House
1974;3-Bedroom;280 000,00 €;233;Beja;House
1975;3-Bedroom;280 000,00 €;233;Beja;House
1976;4-Bedroom;280 000,00 €;313;Beja;House
1977;5-Bedroom;280 000,00 €;523;Beja;House
1978;6-Bedroom;280 000,00 €;540;Beja;House
1979;3-Bedroom;285 000,00 €;194;Beja;House
1980;Studio;285 000,00 €;40;Beja;House
1981;1-Bedroom;285 000,00 €;120;Beja;House
1982;6-Bedroom;285 000,00 €;126;Beja;House
1983;3-Bedroom;285 000,00 €;173;Beja;House
1984;3-Bedroom;290 000,00 €;300;Beja;House
1985;3-Bedroom;290 000,00 €;100;Beja;House
1986;3-Bedroom;295 000,00 €;81;Beja;House
1987;3-Bedroom;295 000,00 €;310;Beja;House
1988;4-Bedroom;295 000,00 €;344;Beja;House
1989;4-Bedroom;299 000,00 €;310;Beja;House
1990;3-Bedroom;300 000,00 €;138;Beja;House
1991;7-Bedroom;300 000,00 €;470;Beja;House
1992;3-Bedroom;300 000,00 €;86;Beja;House
1993;4-Bedroom;308 000,00 €;170;Beja;House
1994;4-Bedroom;310 000,00 €;170;Beja;House
1995;2-Bedroom;310 000,00 €;5.000;Beja;House
1996;2-Bedroom;310 000,00 €;5.000;Beja;House
1997;3+1-Bedroom;312 500,00 €;156;Beja;House
1998;4-Bedroom;320 000,00 €;115;Beja;House
1999;3-Bedroom;320 000,00 €;180;Beja;House
2000;6-Bedroom;320 000,00 €;421;Beja;House
2001;4-Bedroom;320 000,00 €;115;Beja;House
2002;Small Farmhouse;320 000,00 €;65;Beja;House
2003;5-Bedroom;325 000,00 €;180;Beja;House
2004;3-Bedroom;325 000,00 €;221;Beja;House
2005;4-Bedroom;339 000,00 €;189;Beja;House
2006;4-Bedroom;345 000,00 €;200;Beja;House
2007;1-Bedroom;348 000,00 €;477;Beja;House
2008;4-Bedroom;349 500,00 €;152;Beja;House
2009;Detached House;350 000,00 €;58;Beja;House
2010;5-Bedroom;350 000,00 €;118;Beja;House
2011;3-Bedroom;350 000,00 €;231;Beja;House
2012;4-Bedroom;350 000,00 €;299;Beja;House
2013;2-Bedroom;350 000,00 €;208;Beja;House
2014;4-Bedroom;350 000,00 €;311;Beja;House
2015;4-Bedroom;350 000,00 €;311;Beja;House
2016;5-Bedroom;350 000,00 €;245;Beja;House
2017;8-Bedroom;350 000,00 €;465;Beja;House
2018;Country Estate;350 000,00 €;176;Beja;House
2019;Detached House;350 000,00 €;255;Beja;House
2020;4-Bedroom;350 000,00 €;226;Beja;House
2021;Estate;350 000,00 €;222;Beja;House
2022;3-Bedroom;360 000,00 €;105;Beja;House
2023;3-Bedroom;360 000,00 €;210;Beja;House
2024;3+1-Bedroom;360 000,00 €;287;Beja;House
2025;5-Bedroom;365 000,00 €;242;Beja;House
2026;4-Bedroom;370 000,00 €;430;Beja;House
2027;Small Farmhouse;370 000,00 €;260;Beja;House
2028;4-Bedroom;372 000,00 €;430;Beja;House
2029;3-Bedroom;375 000,00 €;120;Beja;House
2030;3-Bedroom;375 000,00 €;150;Beja;House
2031;3-Bedroom;375 000,00 €;110;Beja;House
2032;2+1-Bedroom;375 000,00 €;394;Beja;House
2033;3-Bedroom;379 000,00 €;242;Beja;House
2034;2-Bedroom;380 000,00 €;125;Beja;House
2035;2-Bedroom;380 000,00 €;125;Beja;House
2036;5-Bedroom;380 000,00 €;422;Beja;House
2037;2-Bedroom;380 000,00 €;122;Beja;House
2038;5-Bedroom;380 000,00 €;422;Beja;House
2039;Farmhouse;380 000,00 €;156;Beja;House
2040;5-Bedroom;385 000,00 €;197;Beja;House
2041;4-Bedroom;385 000,00 €;109;Beja;House
2042;3-Bedroom;395 000,00 €;175;Beja;House
2043;4-Bedroom;395 000,00 €;200;Beja;House
2044;4-Bedroom;395 000,00 €;200;Beja;House
2045;2-Bedroom;395 000,00 €;100;Beja;House
2046;5-Bedroom;395 000,00 €;110;Beja;House
2047;4+1-Bedroom;395 000,00 €;800;Beja;House
2048;3-Bedroom;398 000,00 €;141;Beja;House
2049;3-Bedroom;399 000,00 €;120;Beja;House
2050;3-Bedroom;399 900,00 €;120;Beja;House
2051;9-Bedroom;400 000,00 €;208;Beja;House
2052;3-Bedroom;410 000,00 €;146;Beja;House
2053;5-Bedroom;420 000,00 €;160;Beja;House
2054;4-Bedroom;420 000,00 €;290;Beja;House
2055;5-Bedroom;425 000,00 €;247;Beja;House
2056;4-Bedroom;430 000,00 €;280;Beja;House
2057;Country Estate;435 000,00 €;1.011;Beja;House
2058;3-Bedroom;440 000,00 €;962;Beja;House
2059;Estate;440 000,00 €;1;Beja;House
2060;5-Bedroom;450 000,00 €;221;Beja;House
2061;4-Bedroom;450 000,00 €;331;Beja;House
2062;4-Bedroom;450 000,00 €;190;Beja;House
2063;1-Bedroom;450 000,00 €;64;Beja;House
2064;2-Bedroom;450 000,00 €;96;Beja;House
2065;4-Bedroom;450 000,00 €;436;Beja;House
2066;1-Bedroom;450 000,00 €;64;Beja;House
2067;4-Bedroom;450 000,00 €;436;Beja;House
2068;6-Bedroom;450 000,00 €;221.184;Beja;House
2069;1-Bedroom;450 000,00 €;64;Beja;House
2070;5-Bedroom;450 000,00 €;331;Beja;House
2071;4-Bedroom;450 000,00 €;274;Beja;House
2072;3-Bedroom;450 000,00 €;158;Beja;House
2073;2-Bedroom;450 000,00 €;500;Beja;House
2074;Estate;450 000,00 €;393;Beja;House
2075;1-Bedroom;455 000,00 €;64;Beja;House
2076;1-Bedroom;455 000,00 €;64;Beja;House
2077;1-Bedroom;455 000,00 €;64;Beja;House
2078;1-Bedroom;455 000,00 €;64;Beja;House
2079;1-Bedroom;455 000,00 €;64;Beja;House
2080;1-Bedroom;455 000,00 €;64;Beja;House
2081;1-Bedroom;455 000,00 €;64;Beja;House
2082;5-Bedroom;460 000,00 €;300;Beja;House
2083;1-Bedroom;460 000,00 €;64;Beja;House
2084;1-Bedroom;460 000,00 €;64;Beja;House
2085;1-Bedroom;460 000,00 €;64;Beja;House
2086;1-Bedroom;460 000,00 €;64;Beja;House
2087;1-Bedroom;460 000,00 €;64;Beja;House
2088;1-Bedroom;460 000,00 €;64;Beja;House
2089;4-Bedroom;465 000,00 €;209;Beja;House
2090;2-Bedroom;470 000,00 €;160;Beja;House
2091;5-Bedroom;475 000,00 €;247;Beja;House
2092;9-Bedroom;480 000,00 €;740;Beja;House
2093;3-Bedroom;480 000,00 €;320;Beja;House
2094;Estate;485 000,00 €;26;Beja;House
2095;5-Bedroom;490 000,00 €;190;Beja;House
2096;4-Bedroom;495 000,00 €;195;Beja;House
2097;3-Bedroom;495 000,00 €;145;Beja;House
2098;5-Bedroom;495 000,00 €;196;Beja;House
2099;12-Bedroom;495 000,00 €;1.928;Beja;House
2100;5-Bedroom;495 000,00 €;366;Beja;House
2101;1-Bedroom;497 250,00 €;7.000;Beja;House
2102;4-Bedroom;499 000,00 €;135;Beja;House
2103;4-Bedroom;499 000,00 €;207;Beja;House
2104;8-Bedroom;500 000,00 €;860;Beja;House
2105;4-Bedroom;500 000,00 €;224;Beja;House
2106;5-Bedroom;500 000,00 €;500;Beja;House
2107;5-Bedroom;500 000,00 €;500;Beja;House
2108;Estate;500 000,00 €;216;Beja;House
2109;4-Bedroom;507 000,00 €;272;Beja;House
2110;4-Bedroom;510 000,00 €;337.770;Beja;House
2111;3-Bedroom;520 000,00 €;135;Beja;House
2112;3-Bedroom;520 000,00 €;135;Beja;House
2113;5-Bedroom;525 000,00 €;168;Beja;House
2114;5-Bedroom;525 000,00 €;168;Beja;House
2115;4-Bedroom;540 000,00 €;464;Beja;House
2116;4-Bedroom;540 000,00 €;318;Beja;House
2117;3-Bedroom;545 000,00 €;1.333;Beja;House
2118;3-Bedroom;545 000,00 €;150;Beja;House
2119;6-Bedroom;545 000,00 €;240;Beja;House
2120;3-Bedroom;549 000,00 €;560;Beja;House
2121;4-Bedroom;549 500,00 €;339;Beja;House
2122;4-Bedroom;550 000,00 €;140;Beja;House
2123;3-Bedroom;550 000,00 €;107;Beja;House
2124;3-Bedroom;550 000,00 €;167;Beja;House
2125;4-Bedroom;550 000,00 €;395;Beja;House
2126;6-Bedroom;550 000,00 €;330;Beja;House
2127;2-Bedroom;550 000,00 €;66;Beja;House
2128;12-Bedroom;550 000,00 €;810;Beja;House
2129;4-Bedroom;550 000,00 €;172;Beja;House
2130;5-Bedroom;550 000,00 €;600;Beja;House
2131;3-Bedroom;550 000,00 €;166;Beja;House
2132;4-Bedroom;550 000,00 €;604;Beja;House
2133;3-Bedroom;550 000,00 €;165;Beja;House
2134;12-Bedroom;570 000,00 €;1.187;Beja;House
2135;4-Bedroom;570 000,00 €;900;Beja;House
2136;Farmhouse;580 000,00 €;2.135;Beja;House
2137;4-Bedroom;580 000,00 €;325;Beja;House
2138;5-Bedroom;580 000,00 €;168;Beja;House
2139;3-Bedroom;584 000,00 €;20.000;Beja;House
2140;4-Bedroom;586 000,00 €;207;Beja;House
2141;5-Bedroom;590 000,00 €;222;Beja;House
2142;6-Bedroom;590 000,00 €;252;Beja;House
2143;6-Bedroom;590 000,00 €;252;Beja;House
2144;5-Bedroom;590 000,00 €;354;Beja;House
2145;3-Bedroom;595 000,00 €;129;Beja;House
2146;3-Bedroom;595 000,00 €;323;Beja;House
2147;6-Bedroom;595 000,00 €;167;Beja;House
2148;3-Bedroom;595 000,00 €;128;Beja;House
2149;6-Bedroom;595 000,00 €;321;Beja;House
2150;3-Bedroom;597 000,00 €;1.141;Beja;House
2151;1-Bedroom;600 000,00 €;110;Beja;House
2152;4-Bedroom;600 000,00 €;306;Beja;House
2153;5-Bedroom;600 000,00 €;460;Beja;House
2154;3-Bedroom;600 000,00 €;150;Beja;House
2155;8-Bedroom;610 000,00 €;600;Beja;House
2156;1-Bedroom;610 000,00 €;89;Beja;House
2157;1-Bedroom;610 000,00 €;89;Beja;House
2158;1-Bedroom;610 000,00 €;89;Beja;House
2159;Studio;619 000,00 €;538.750;Beja;House
2160;Detached House;620 000,00 €;146;Beja;House
2161;2-Bedroom;620 000,00 €;141;Beja;House
2162;4+1-Bedroom;630 000,00 €;210;Beja;House
2163;4-Bedroom;630 000,00 €;220;Beja;House
2164;9-Bedroom;630 000,00 €;600;Beja;House
2165;Detached House;638 000,00 €;330;Beja;House
2166;4-Bedroom;649 000,00 €;191;Beja;House
2167;Manor House;650 000,00 €;215;Beja;House
2168;4-Bedroom;650 000,00 €;91;Beja;House
2169;4-Bedroom;650 000,00 €;242;Beja;House
2170;Estate;650 000,00 €;18;Beja;House
2171;3-Bedroom;650 000,00 €;157;Beja;House
2172;8-Bedroom;650 000,00 €;138;Beja;House
2173;Estate;650 000,00 €;153;Beja;House
2174;7-Bedroom;680 000,00 €;230;Beja;House
2175;7-Bedroom;680 000,00 €;230;Beja;House
2176;4-Bedroom;690 000,00 €;170;Beja;House
2177;3-Bedroom;690 000,00 €;166;Beja;House
2178;3-Bedroom;690 000,00 €;166;Beja;House
2179;Farmhouse;690 000,00 €;193;Beja;House
2180;4-Bedroom;690 000,00 €;329;Beja;House
2181;3-Bedroom;690 000,00 €;268;Beja;House
2182;5-Bedroom;690 000,00 €;318;Beja;House
2183;Farmhouse;700 000,00 €;40;Beja;House
2184;Estate;700 000,00 €;40.000;Beja;House
2185;Studio;700 000,00 €;384.750;Beja;House
2186;Farmhouse;700 000,00 €;40;Beja;House
2187;4-Bedroom;725 000,00 €;165;Beja;House
2188;4-Bedroom;725 000,00 €;165;Beja;House
2189;Estate;745 000,00 €;210;Beja;House
2190;8-Bedroom;750 000,00 €;466;Beja;House
2191;Farmhouse;750 000,00 €;292;Beja;House
2192;11-Bedroom;750 000,00 €;272;Beja;House
2193;3+3-Bedroom;750 000,00 €;270;Beja;House
2194;Farmhouse;760 000,00 €;190.000;Beja;House
2195;4-Bedroom;760 000,00 €;281;Beja;House
2196;Farmhouse;770 000,00 €;65;Beja;House
2197;5-Bedroom;780 000,00 €;4.000;Beja;House
2198;7-Bedroom;790 000,00 €;313;Beja;House
2199;7-Bedroom;790 000,00 €;313;Beja;House
2200;6-Bedroom;790 000,00 €;200;Beja;House
2201;5-Bedroom;790 000,00 €;356;Beja;House
2202;Farmhouse;795 000,00 €;318;Beja;House
2203;7-Bedroom;795 000,00 €;520;Beja;House
2204;Estate;799 000,00 €;336;Beja;House
2205;6-Bedroom;800 000,00 €;200;Beja;House
2206;Studio;800 000,00 €;300;Beja;House
2207;T30;800 000,00 €;1.914;Beja;House
2208;4-Bedroom;800 000,00 €;56;Beja;House
2209;3-Bedroom;810 000,00 €;461;Beja;House
2210;5-Bedroom;840 000,00 €;504;Beja;House
2211;5-Bedroom;840 000,00 €;504;Beja;House
2212;9-Bedroom;849 000,00 €;1.080;Beja;House
2213;3-Bedroom;850 000,00 €;127;Beja;House
2214;Estate;850 000,00 €;531.441;Beja;House
2215;4+3-Bedroom;850 000,00 €;819;Beja;House
2216;2-Bedroom;850 000,00 €;124;Beja;House
2217;2-Bedroom;850 000,00 €;124;Beja;House
2218;2-Bedroom;850 000,00 €;124;Beja;House
2219;2-Bedroom;850 000,00 €;124;Beja;House
2220;2-Bedroom;850 000,00 €;124;Beja;House
2221;2-Bedroom;850 000,00 €;124;Beja;House
2222;7-Bedroom;890 000,00 €;491;Beja;House
2223;8-Bedroom;890 000,00 €;540;Beja;House
2224;Farmhouse;900 000,00 €;186;Beja;House
2225;Studio;900 000,00 €;204;Beja;House
2226;1-Bedroom;900 000,00 €;500;Beja;House
2227;3-Bedroom;950 000,00 €;230;Beja;House
2228;5-Bedroom;960 000,00 €;308;Beja;House
2229;5-Bedroom;960 000,00 €;308;Beja;House
2230;5-Bedroom;975 000,00 €;79.000;Beja;House
2231;Farmhouse;975 000,00 €;129;Beja;House
2232;6-Bedroom;980 000,00 €;249;Beja;House
2233;Estate;980 000,00 €;1.830.000;Beja;House
2234;Estate;990 000,00 €;922.900;Beja;House
2235;Estate;990 000,00 €;2.360.000;Beja;House
2236;5-Bedroom;995 000,00 €;200;Beja;House
2237;10-Bedroom;998 000,00 €;378;Beja;House
2238;Studio;999 000,00 €;170;Beja;House
2239;5-Bedroom;1 000 000,00 €;980;Beja;House
2240;House;1 000 000,00 €;531.441;Beja;House
2241;Estate;1 000 000,00 €;324;Beja;House
2242;4-Bedroom;1 050 000,00 €;216;Beja;House
2243;9-Bedroom;1 050 000,00 €;609;Beja;House
2244;Farmhouse;1 075 000,00 €;690;Beja;House
2245;6-Bedroom;1 100 000,00 €;350;Beja;House
2246;7-Bedroom;1 100 000,00 €;575;Beja;House
2247;7-Bedroom;1 100 000,00 €;575;Beja;House
2248;4-Bedroom;1 150 000,00 €;274.000;Beja;House
2249;4-Bedroom;1 150 000,00 €;230;Beja;House
2250;4-Bedroom;1 150 000,00 €;150;Beja;House
2251;13-Bedroom;1 190 000,00 €;886;Beja;House
2252;5-Bedroom;1 190 000,00 €;1.416;Beja;House
2253;1-Bedroom;1 200 000,00 €;106;Beja;House
2254;9-Bedroom;1 200 000,00 €;1.500;Beja;House
2255;6-Bedroom;1 200 000,00 €;555;Beja;House
2256;10-Bedroom;1 200 000,00 €;1.059;Beja;House
2257;Farmhouse;1 200 000,00 €;604;Beja;House
2258;9-Bedroom;1 200 000,00 €;1.500;Beja;House
2259;11-Bedroom;1 200 000,00 €;723;Beja;House
2260;11-Bedroom;1 200 000,00 €;723;Beja;House
2261;11-Bedroom;1 200 000,00 €;1.059;Beja;House
2262;Estate;1 200 000,00 €;500;Beja;House
2263;Studio;1 240 000,00 €;498;Beja;House
2264;T15;1 300 000,00 €;2.880;Beja;House
2265;7-Bedroom;1 300 000,00 €;2.690;Beja;House
2266;Farmhouse;1 300 000,00 €;2.880;Beja;House
2267;3-Bedroom;1 300 000,00 €;1.200;Beja;House
2268;3-Bedroom;1 400 000,00 €;310;Beja;House
2269;4-Bedroom;1 400 000,00 €;500;Beja;House
2270;3-Bedroom;1 400 000,00 €;310;Beja;House
2271;10-Bedroom;1 400 000,00 €;530;Beja;House
2272;10-Bedroom;1 400 000,00 €;530;Beja;House
2273;10-Bedroom;1 400 000,00 €;530;Beja;House
2274;3-Bedroom;1 400 000,00 €;466;Beja;House
2275;House;1 450 000,00 €;121;Beja;House
2276;Estate;1 450 000,00 €;801.300;Beja;House
2277;5-Bedroom;1 495 000,00 €;889;Beja;House
2278;3+1-Bedroom;1 495 000,00 €;550;Beja;House
2279;5-Bedroom;1 495 000,00 €;697;Beja;House
2280;4-Bedroom;1 495 000,00 €;550;Beja;House
2281;4-Bedroom;1 495 000,00 €;550;Beja;House
2282;5-Bedroom;1 495 000,00 €;1.780.000;Beja;House
2283;3-Bedroom;1 500 000,00 €;226;Beja;House
2284;Small Farmhouse;1 500 000,00 €;291;Beja;House
2285;8-Bedroom;1 550 000,00 €;526;Beja;House
2286;5-Bedroom;1 650 000,00 €;479;Beja;House
2287;4-Bedroom;1 680 000,00 €;174;Beja;House
2288;4-Bedroom;1 680 000,00 €;174;Beja;House
2289;Farmhouse;1 680 000,00 €;1.408;Beja;House
2290;Estate;1 700 000,00 €;1.782;Beja;House
2291;1-Bedroom;1 800 000,00 €;341;Beja;House
2292;4-Bedroom;1 800 000,00 €;500;Beja;House
2293;6-Bedroom;1 950 000,00 €;2.300;Beja;House
2294;3-Bedroom;1 995 000,00 €;457;Beja;House
2295;1-Bedroom;2 000 000,00 €;96;Beja;House
2296;9-Bedroom;2 100 000,00 €;420;Beja;House
2297;Estate;2 100 000,00 €;400;Beja;House
2298;Detached House;2 200 000,00 €;275;Beja;House
2299;Detached House;2 200 000,00 €;275;Beja;House
2300;3-Bedroom;2 330 000,00 €;210;Beja;House
2301;Estate;2 420 000,00 €;315;Beja;House
2302;5-Bedroom;2 475 000,00 €;3.357.500;Beja;House
2303;T30;2 480 000,00 €;1.060;Beja;House
2304;House;2 850 000,00 €;277;Beja;House
2305;10-Bedroom;2 880 000,00 €;211;Beja;House
2306;9-Bedroom;2 950 000,00 €;386;Beja;House
2307;T16;2 950 000,00 €;460;Beja;House
2308;T16;2 950 000,00 €;442;Beja;House
2309;T16;2 950 000,00 €;460;Beja;House
2310;10-Bedroom;3 000 000,00 €;53.670;Beja;House
2311;Estate;3 000 000,00 €;405;Beja;House
2312;7-Bedroom;3 150 000,00 €;1.938;Beja;House
2313;10-Bedroom;3 150 000,00 €;790;Beja;House
2314;5-Bedroom;3 150 000,00 €;790;Beja;House
2315;4-Bedroom;3 150 000,00 €;470;Beja;House
2316;7-Bedroom;3 150 000,00 €;470;Beja;House
2317;10-Bedroom;3 150 000,00 €;481;Beja;House
2318;4-Bedroom;3 150 000,00 €;790;Beja;House
2319;8-Bedroom;3 200 000,00 €;321;Beja;House
2320;T16;3 250 000,00 €;442;Beja;House
2321;10-Bedroom;3 300 000,00 €;440.000;Beja;House
2322;10-Bedroom;3 300 000,00 €;1.065;Beja;House
2323;6-Bedroom;3 300 000,00 €;373;Beja;House
2324;10-Bedroom;3 300 000,00 €;990;Beja;House
2325;4-Bedroom;3 300 000,00 €;400;Beja;House
2326;Farmhouse;3 300 000,00 €;1.000;Beja;House
2327;8-Bedroom;3 490 000,00 €;1.600;Beja;House
2328;T18;3 700 000,00 €;1.550;Beja;House
2329;T18;3 700 000,00 €;1.550;Beja;House
2330;5-Bedroom;3 700 000,00 €;1.749;Beja;House
2331;4-Bedroom;4 000 000,00 €;1.000;Beja;House
2332;Estate;4 150 000,00 €;301;Beja;House
2333;Estate;4 200 000,00 €;1.500;Beja;House
2334;Farmhouse;4 215 000,00 €;1.702;Beja;House
2335;7-Bedroom;4 500 000,00 €;779;Beja;House
2336;7-Bedroom;4 500 000,00 €;840;Beja;House
2337;8-Bedroom;4 650 000,00 €;1.700;Beja;House
2338;Estate;4 700 000,00 €;1;Beja;House
2339;Estate;4 900 000,00 €;1.300;Beja;House
2340;Estate;5 200 000,00 €;810;Beja;House
2341;4-Bedroom;5 440 000,00 €;160;Beja;House
2342;4-Bedroom;5 440 000,00 €;8.000.000;Beja;House
2343;Estate;5 440 000,00 €;350;Beja;House
2344;Estate;5 440 000,00 €;100;Beja;House
2345;Estate;5 500 000,00 €;12.864.200;Beja;House
2346;Estate;5 500 000,00 €;200;Beja;House
2347;Estate;5 500 000,00 €;1;Beja;House
2348;Estate;6 000 000,00 €;86.000;Beja;House
2349;10-Bedroom;7 000 000,00 €;1.200;Beja;House
2350;Estate;7 440 000,00 €;800;Beja;House
2351;4-Bedroom;7 580 000,00 €;1.457;Beja;House
2352;1-Bedroom;7 700 000,00 €;214;Beja;House
2353;Estate;8 500 000,00 €;1.000;Beja;House
2354;1-Bedroom;9 000 000,00 €;1.593;Beja;House
2355;6-Bedroom;10 000 000,00 €;20.000;Beja;House
2356;Estate;12 000 000,00 €;1.250;Beja;House
2357;Estate;13 000 000,00 €;3.000;Beja;House
2358;Studio;19 000,00 €;90;Braga;House
2359;House;25 000,00 €;48;Braga;House
2360;Detached House;25 000,00 €;35;Braga;House
2361;Studio;30 000,00 €;143;Braga;House
2362;Detached House;33 000,00 €;87;Braga;House
2363;2-Bedroom;35 000,00 €;121;Braga;House
2364;1-Bedroom;35 000,00 €;18;Braga;House
2365;Detached House;36 000,00 €;40;Braga;House
2366;3-Bedroom;37 000,00 €;121;Braga;House
2367;Detached House;37 500,00 €;247;Braga;House
2368;Detached House;37 500,00 €;137;Braga;House
2369;3-Bedroom;37 500,00 €;450;Braga;House
2370;House;40 000,00 €;70;Braga;House
2371;Detached House;40 000,00 €;148;Braga;House
2372;Detached House;41 000,00 €;300;Braga;House
2373;5-Bedroom;42 500,00 €;200;Braga;House
2374;1-Bedroom;44 900,00 €;40;Braga;House
2375;Detached House;45 000,00 €;70;Braga;House
2376;1-Bedroom;46 000,00 €;40;Braga;House
2377;Detached House;49 000,00 €;64;Braga;House
2378;Detached House;49 900,00 €;111;Braga;House
2379;1-Bedroom;52 000,00 €;289;Braga;House
2380;3-Bedroom;55 000,00 €;117;Braga;House
2381;Detached House;55 000,00 €;75;Braga;House
2382;4-Bedroom;55 000,00 €;92;Braga;House
2383;1-Bedroom;55 000,00 €;60;Braga;House
2384;4-Bedroom;55 500,00 €;239;Braga;House
2385;Detached House;56 000,00 €;140;Braga;House
2386;Detached House;57 900,00 €;25;Braga;House
2387;Detached House;59 000,00 €;125;Braga;House
2388;Studio;59 000,00 €;155;Braga;House
2389;2-Bedroom;59 500,00 €;140;Braga;House
2390;2-Bedroom;60 000,00 €;180;Braga;House
2391;Studio;60 000,00 €;98;Braga;House
2392;3-Bedroom;60 000,00 €;120;Braga;House
2393;4-Bedroom;60 000,00 €;232;Braga;House
2394;3-Bedroom;64 000,00 €;132;Braga;House
2395;3-Bedroom;64 000,00 €;132;Braga;House
2396;Detached House;69 000,00 €;116;Braga;House
2397;1-Bedroom;72 000,00 €;64;Braga;House
2398;Farmhouse;75 000,00 €;112;Braga;House
2399;2-Bedroom;77 500,00 €;121;Braga;House
2400;Detached House;79 000,00 €;106;Braga;House
2401;Detached House;79 000,00 €;79;Braga;House
2402;Detached House;79 900,00 €;86;Braga;House
2403;Farmhouse;79 900,00 €;216;Braga;House
2404;3-Bedroom;82 500,00 €;140;Braga;House
2405;3-Bedroom;84 000,00 €;60;Braga;House
2406;Detached House;85 000,00 €;160;Braga;House
2407;1-Bedroom;85 000,00 €;226;Braga;House
2408;2-Bedroom;87 500,00 €;99;Braga;House
2409;Studio;87 500,00 €;170;Braga;House
2410;Detached House;89 000,00 €;39;Braga;House
2411;2-Bedroom;89 000,00 €;190;Braga;House
2412;Detached House;89 900,00 €;352;Braga;House
2413;Detached House;89 900,00 €;84;Braga;House
2414;2-Bedroom;90 000,00 €;170;Braga;House
2415;3-Bedroom;92 500,00 €;439;Braga;House
2416;Farmhouse;95 000,00 €;133;Braga;House
2417;5-Bedroom;95 900,00 €;566;Braga;House
2418;3-Bedroom;96 100,00 €;251;Braga;House
2419;1-Bedroom;96 500,00 €;61;Braga;House
2420;4-Bedroom;99 000,00 €;297;Braga;House
2421;Farmhouse;99 000,00 €;154;Braga;House
2422;Detached House;99 000,00 €;400;Braga;House
2423;Detached House;99 000,00 €;70;Braga;House
2424;3-Bedroom;99 000,00 €;141;Braga;House
2425;Detached House;99 900,00 €;190;Braga;House
2426;2-Bedroom;100 000,00 €;88;Braga;House
2427;Detached House;100 000,00 €;350;Braga;House
2428;2-Bedroom;100 000,00 €;89;Braga;House
2429;3-Bedroom;105 000,00 €;160;Braga;House
2430;4-Bedroom;106 500,00 €;110;Braga;House
2431;Detached House;107 000,00 €;51;Braga;House
2432;5-Bedroom;107 500,00 €;128;Braga;House
2433;Studio;109 000,00 €;100;Braga;House
2434;3-Bedroom;110 000,00 €;230;Braga;House
2435;Farmhouse;110 000,00 €;154;Braga;House
2436;3-Bedroom;110 000,00 €;250;Braga;House
2437;3-Bedroom;114 900,00 €;147;Braga;House
2438;5-Bedroom;120 000,00 €;140;Braga;House
2439;2-Bedroom;120 000,00 €;60;Braga;House
2440;2-Bedroom;120 000,00 €;130;Braga;House
2441;Studio;125 000,00 €;43;Braga;House
2442;2-Bedroom;125 000,00 €;109;Braga;House
2443;2-Bedroom;125 000,00 €;112;Braga;House
2444;Farmhouse;125 000,00 €;200;Braga;House
2445;Farmhouse;125 000,00 €;103;Braga;House
2446;Farmhouse;125 000,00 €;238;Braga;House
2447;3-Bedroom;125 000,00 €;145;Braga;House
2448;2-Bedroom;129 500,00 €;300;Braga;House
2449;3-Bedroom;130 000,00 €;280;Braga;House
2450;1-Bedroom;130 000,00 €;66;Braga;House
2451;Detached House;132 000,00 €;212;Braga;House
2452;3-Bedroom;135 000,00 €;75;Braga;House
2453;1-Bedroom;137 500,00 €;56;Braga;House
2454;2-Bedroom;138 000,00 €;172;Braga;House
2455;Studio;138 000,00 €;131;Braga;House
2456;Detached House;138 000,00 €;270;Braga;House
2457;Apartment;139 000,00 €;45;Braga;House
2458;Detached House;139 000,00 €;80;Braga;House
2459;3-Bedroom;139 900,00 €;221;Braga;House
2460;1-Bedroom;140 000,00 €;73;Braga;House
2461;1-Bedroom;140 000,00 €;56;Braga;House
2462;2-Bedroom;140 000,00 €;69;Braga;House
2463;3-Bedroom;140 000,00 €;138;Braga;House
2464;2-Bedroom;141 450,00 €;84;Braga;House
2465;1-Bedroom;145 000,00 €;52;Braga;House
2466;2-Bedroom;145 000,00 €;121;Braga;House
2467;2-Bedroom;145 000,00 €;121;Braga;House
2468;Studio;149 000,00 €;43;Braga;House
2469;3-Bedroom;149 000,00 €;148;Braga;House
2470;Studio;149 900,00 €;155;Braga;House
2471;Apartment;150 000,00 €;30;Braga;House
2472;Detached House;150 000,00 €;160;Braga;House
2473;1-Bedroom;150 000,00 €;52;Braga;House
2474;1-Bedroom;150 000,00 €;74;Braga;House
2475;1-Bedroom;155 000,00 €;65;Braga;House
2476;4-Bedroom;157 500,00 €;216;Braga;House
2477;Detached House;159 000,00 €;48;Braga;House
2478;Studio;159 000,00 €;52;Braga;House
2479;Detached House;159 000,00 €;45;Braga;House
2480;2-Bedroom;159 500,00 €;358;Braga;House
2481;2-Bedroom;160 000,00 €;125;Braga;House
2482;Detached House;160 000,00 €;180;Braga;House
2483;Studio;165 000,00 €;41;Braga;House
2484;1-Bedroom;165 000,00 €;53;Braga;House
2485;2-Bedroom;165 000,00 €;58;Braga;House
2486;Studio;165 000,00 €;41;Braga;House
2487;3-Bedroom;169 000,00 €;160;Braga;House
2488;Detached House;169 000,00 €;120;Braga;House
2489;Detached House;169 000,00 €;50;Braga;House
2490;2-Bedroom;169 990,00 €;60;Braga;House
2491;1-Bedroom;170 000,00 €;80;Braga;House
2492;2-Bedroom;170 000,00 €;69;Braga;House
2493;Studio;170 000,00 €;37;Braga;House
2494;Ruin;170 000,00 €;80;Braga;House
2495;2-Bedroom;172 000,00 €;100;Braga;House
2496;Apartment;174 000,00 €;34;Braga;House
2497;Apartment;174 900,00 €;104;Braga;House
2498;Apartment;174 900,00 €;56;Braga;House
2499;Apartment;175 000,00 €;93;Braga;House
2500;Detached House;175 000,00 €;209;Braga;House
2501;6-Bedroom;175 000,00 €;224;Braga;House
2502;3-Bedroom;179 000,00 €;244;Braga;House
2503;3-Bedroom;179 000,00 €;244;Braga;House
2504;1-Bedroom;180 000,00 €;66;Braga;House
2505;Studio;180 000,00 €;36;Braga;House
2506;1-Bedroom;180 000,00 €;65;Braga;House
2507;1-Bedroom;180 000,00 €;65;Braga;House
2508;3-Bedroom;180 000,00 €;201;Braga;House
2509;Detached House;180 000,00 €;150;Braga;House
2510;2-Bedroom;182 000,00 €;88;Braga;House
2511;2-Bedroom;182 500,00 €;86;Braga;House
2512;3-Bedroom;185 000,00 €;186;Braga;House
2513;5-Bedroom;185 000,00 €;450;Braga;House
2514;3-Bedroom;185 000,00 €;122;Braga;House
2515;5-Bedroom;185 000,00 €;200;Braga;House
2516;Duplex;187 500,00 €;320;Braga;House
2517;2-Bedroom;189 000,00 €;140;Braga;House
2518;2-Bedroom;189 000,00 €;140;Braga;House
2519;4-Bedroom;189 000,00 €;482;Braga;House
2520;1-Bedroom;189 000,00 €;40;Braga;House
2521;Apartment;189 900,00 €;105;Braga;House
2522;2-Bedroom;189 900,00 €;84;Braga;House
2523;3-Bedroom;190 000,00 €;140;Braga;House
2524;4-Bedroom;190 000,00 €;208;Braga;House
2525;5-Bedroom;190 000,00 €;230;Braga;House
2526;3-Bedroom;190 000,00 €;140;Braga;House
2527;Studio;191 070,00 €;100;Braga;House
2528;2-Bedroom;194 245,00 €;158;Braga;House
2529;2-Bedroom;195 000,00 €;86;Braga;House
2530;Detached House;195 000,00 €;297;Braga;House
2531;Detached House;195 000,00 €;250;Braga;House
2532;Apartment;195 000,00 €;102;Braga;House
2533;Detached House;195 000,00 €;56;Braga;House
2534;Detached House;195 000,00 €;297;Braga;House
2535;3-Bedroom;195 000,00 €;145;Braga;House
2536;1-Bedroom;195 000,00 €;33;Braga;House
2537;1-Bedroom;195 000,00 €;35;Braga;House
2538;1-Bedroom;195 000,00 €;120;Braga;House
2539;1-Bedroom;196 000,00 €;76;Braga;House
2540;1-Bedroom;196 000,00 €;78;Braga;House
2541;1-Bedroom;196 000,00 €;62;Braga;House
2542;1-Bedroom;196 000,00 €;76;Braga;House
2543;1-Bedroom;196 000,00 €;78;Braga;House
2544;1-Bedroom;196 000,00 €;50;Braga;House
2545;1-Bedroom;196 000,00 €;81;Braga;House
2546;1-Bedroom;196 000,00 €;74;Braga;House
2547;1-Bedroom;196 000,00 €;77;Braga;House
2548;3-Bedroom;197 500,00 €;250;Braga;House
2549;Detached House;198 000,00 €;85;Braga;House
2550;5-Bedroom;198 000,00 €;195;Braga;House
2551;1-Bedroom;199 000,00 €;49;Braga;House
2552;Detached House;199 000,00 €;120;Braga;House
2553;2-Bedroom;199 000,00 €;194;Braga;House
2554;2-Bedroom;199 500,00 €;170;Braga;House
2555;3-Bedroom;199 900,00 €;135;Braga;House
2556;4-Bedroom;199 900,00 €;144;Braga;House
2557;2-Bedroom;199 900,00 €;117;Braga;House
2558;2-Bedroom;199 900,00 €;92;Braga;House
2559;3-Bedroom;199 999,00 €;111;Braga;House
2560;1-Bedroom;200 000,00 €;62;Braga;House
2561;3-Bedroom;200 000,00 €;310;Braga;House
2562;1-Bedroom;201 400,00 €;64;Braga;House
2563;1-Bedroom;201 400,00 €;64;Braga;House
2564;1-Bedroom;201 400,00 €;64;Braga;House
2565;1-Bedroom;201 400,00 €;64;Braga;House
2566;1-Bedroom;201 400,00 €;64;Braga;House
2567;1-Bedroom;201 400,00 €;77;Braga;House
2568;1-Bedroom;202 240,00 €;64;Braga;House
2569;1-Bedroom;202 240,00 €;64;Braga;House
2570;1-Bedroom;202 240,00 €;64;Braga;House
2571;1-Bedroom;202 240,00 €;64;Braga;House
2572;1-Bedroom;202 240,00 €;64;Braga;House
2573;1-Bedroom;202 240,00 €;64;Braga;House
2574;1-Bedroom;202 240,00 €;64;Braga;House
2575;1-Bedroom;202 240,00 €;64;Braga;House
2576;1-Bedroom;202 240,00 €;79;Braga;House
2577;1-Bedroom;202 240,00 €;77;Braga;House
2578;1-Bedroom;202 240,00 €;77;Braga;House
2579;1-Bedroom;202 240,00 €;76;Braga;House
2580;1-Bedroom;202 240,00 €;77;Braga;House
2581;2-Bedroom;202 500,00 €;97;Braga;House
2582;1-Bedroom;202 900,00 €;64;Braga;House
2583;1-Bedroom;202 900,00 €;64;Braga;House
2584;1-Bedroom;202 900,00 €;64;Braga;House
2585;1-Bedroom;202 900,00 €;79;Braga;House
2586;2-Bedroom;205 000,00 €;60;Braga;House
2587;Apartment;205 000,00 €;77;Braga;House
2588;Apartment;206 000,00 €;77;Braga;House
2589;Apartment;206 500,00 €;80;Braga;House
2590;3-Bedroom;207 000,00 €;115;Braga;House
2591;Apartment;207 000,00 €;77;Braga;House
2592;1-Bedroom;208 000,00 €;66;Braga;House
2593;3-Bedroom;209 000,00 €;276;Braga;House
2594;1-Bedroom;209 000,00 €;56;Braga;House
2595;3-Bedroom;209 900,00 €;220;Braga;House
2596;4-Bedroom;210 000,00 €;377;Braga;House
2597;Apartment;210 000,00 €;108;Braga;House
2598;3-Bedroom;210 000,00 €;232;Braga;House
2599;3-Bedroom;210 000,00 €;232;Braga;House
2600;2-Bedroom;210 000,00 €;142;Braga;House
2601;2-Bedroom;210 000,00 €;106;Braga;House
2602;3-Bedroom;210 000,00 €;232;Braga;House
2603;3-Bedroom;210 000,00 €;97;Braga;House
2604;4-Bedroom;210 000,00 €;377;Braga;House
2605;1-Bedroom;211 330,00 €;67;Braga;House
2606;1-Bedroom;211 330,00 €;67;Braga;House
2607;Apartment;213 000,00 €;123;Braga;House
2608;3-Bedroom;213 000,00 €;141;Braga;House
2609;3-Bedroom;213 000,00 €;96;Braga;House
2610;3-Bedroom;213 000,00 €;100;Braga;House
2611;1-Bedroom;215 000,00 €;90;Braga;House
2612;1-Bedroom;215 000,00 €;72;Braga;House
2613;3-Bedroom;215 000,00 €;110;Braga;House
2614;2-Bedroom;215 000,00 €;107;Braga;House
2615;Detached House;215 000,00 €;136;Braga;House
2616;Detached House;215 000,00 €;136;Braga;House
2617;Apartment;215 000,00 €;116;Braga;House
2618;3-Bedroom;215 000,00 €;137;Braga;House
2619;1-Bedroom;215 000,00 €;89;Braga;House
2620;1-Bedroom;215 000,00 €;65;Braga;House
2621;3-Bedroom;215 000,00 €;135;Braga;House
2622;1-Bedroom;215 000,00 €;56;Braga;House
2623;3-Bedroom;215 000,00 €;160;Braga;House
2624;3-Bedroom;215 000,00 €;170;Braga;House
2625;1-Bedroom;215 000,00 €;90;Braga;House
2626;3-Bedroom;215 000,00 €;170;Braga;House
2627;Detached House;215 000,00 €;240;Braga;House
2628;3-Bedroom;215 000,00 €;135;Braga;House
2629;Apartment;217 000,00 €;154;Braga;House
2630;Apartment;219 000,00 €;90;Braga;House
2631;2-Bedroom;219 000,00 €;116;Braga;House
2632;3-Bedroom;219 000,00 €;227;Braga;House
2633;2-Bedroom;219 900,00 €;106;Braga;House
2634;4-Bedroom;219 900,00 €;312;Braga;House
2635;3-Bedroom;220 000,00 €;313;Braga;House
2636;2-Bedroom;220 000,00 €;194;Braga;House
2637;1-Bedroom;220 000,00 €;55;Braga;House
2638;2-Bedroom;220 000,00 €;105;Braga;House
2639;4-Bedroom;220 000,00 €;287;Braga;House
2640;2-Bedroom;220 000,00 €;115;Braga;House
2641;2-Bedroom;220 000,00 €;86;Braga;House
2642;1-Bedroom;220 000,00 €;55;Braga;House
2643;1-Bedroom;220 000,00 €;63;Braga;House
2644;1-Bedroom;220 000,00 €;75;Braga;House
2645;1-Bedroom;220 000,00 €;55;Braga;House
2646;2-Bedroom;220 000,00 €;87;Braga;House
2647;1-Bedroom;220 000,00 €;74;Braga;House
2648;3-Bedroom;222 915,00 €;180;Braga;House
2649;Detached House;225 000,00 €;153;Braga;House
2650;1+1-Bedroom;225 000,00 €;46;Braga;House
2651;2-Bedroom;225 000,00 €;69;Braga;House
2652;1+1-Bedroom;225 000,00 €;46;Braga;House
2653;2-Bedroom;225 000,00 €;250;Braga;House
2654;Studio+1;225 000,00 €;79;Braga;House
2655;Studio+1;225 000,00 €;67;Braga;House
2656;1-Bedroom;225 000,00 €;46;Braga;House
2657;1-Bedroom;227 000,00 €;77;Braga;House
2658;Apartment;227 500,00 €;52;Braga;House
2659;5-Bedroom;229 000,00 €;600;Braga;House
2660;5-Bedroom;229 800,00 €;4.394;Braga;House
2661;1-Bedroom;229 900,00 €;70;Braga;House
2662;Apartment;229 900,00 €;100;Braga;House
2663;3-Bedroom;229 900,00 €;176;Braga;House
2664;1-Bedroom;229 900,00 €;70;Braga;House
2665;1-Bedroom;229 900,00 €;70;Braga;House
2666;7-Bedroom;229 900,00 €;312;Braga;House
2667;1-Bedroom;229 900,00 €;70;Braga;House
2668;2+2-Bedroom;230 000,00 €;181;Braga;House
2669;8-Bedroom;230 000,00 €;170;Braga;House
2670;4-Bedroom;230 000,00 €;156;Braga;House
2671;1-Bedroom;230 000,00 €;102;Braga;House
2672;Apartment;230 000,00 €;145;Braga;House
2673;2-Bedroom;230 000,00 €;95;Braga;House
2674;2-Bedroom;230 000,00 €;125;Braga;House
2675;5-Bedroom;230 000,00 €;230;Braga;House
2676;1-Bedroom;230 000,00 €;69;Braga;House
2677;1-Bedroom;230 000,00 €;56;Braga;House
2678;2-Bedroom;230 000,00 €;97;Braga;House
2679;2-Bedroom;230 000,00 €;97;Braga;House
2680;2-Bedroom;230 000,00 €;119;Braga;House
2681;3-Bedroom;230 000,00 €;240;Braga;House
2682;2-Bedroom;230 000,00 €;96;Braga;House
2683;2-Bedroom;230 000,00 €;96;Braga;House
2684;2-Bedroom;230 000,00 €;118;Braga;House
2685;2-Bedroom;230 000,00 €;82;Braga;House
2686;5-Bedroom;230 000,00 €;285;Braga;House
2687;2-Bedroom;230 000,00 €;96;Braga;House
2688;3-Bedroom;230 000,00 €;153;Braga;House
2689;2-Bedroom;230 000,00 €;122;Braga;House
2690;2-Bedroom;230 000,00 €;118;Braga;House
2691;1-Bedroom;230 000,00 €;69;Braga;House
2692;2-Bedroom;234 000,00 €;112;Braga;House
2693;1-Bedroom;235 000,00 €;70;Braga;House
2694;2+1-Bedroom;235 000,00 €;110;Braga;House
2695;1-Bedroom;235 000,00 €;47;Braga;House
2696;2-Bedroom;235 000,00 €;122;Braga;House
2697;1-Bedroom;235 000,00 €;190;Braga;House
2698;2-Bedroom;237 000,00 €;106;Braga;House
2699;3-Bedroom;239 000,00 €;130;Braga;House
2700;5-Bedroom;239 100,00 €;410;Braga;House
2701;3-Bedroom;239 900,00 €;149;Braga;House
2702;4-Bedroom;239 900,00 €;410;Braga;House
2703;2-Bedroom;240 000,00 €;69;Braga;House
2704;3-Bedroom;240 000,00 €;130;Braga;House
2705;3-Bedroom;240 000,00 €;140;Braga;House
2706;3-Bedroom;240 000,00 €;98;Braga;House
2707;2+1-Bedroom;240 000,00 €;140;Braga;House
2708;3-Bedroom;240 000,00 €;131;Braga;House
2709;1-Bedroom;240 000,00 €;84;Braga;House
2710;2-Bedroom;240 000,00 €;50;Braga;House
2711;2-Bedroom;245 000,00 €;96;Braga;House
2712;6-Bedroom;245 000,00 €;370;Braga;House
2713;3-Bedroom;245 000,00 €;163;Braga;House
2714;2-Bedroom;245 000,00 €;125;Braga;House
2715;3-Bedroom;245 000,00 €;156;Braga;House
2716;3-Bedroom;245 000,00 €;386;Braga;House
2717;3-Bedroom;245 000,00 €;130;Braga;House
2718;2-Bedroom;245 000,00 €;118;Braga;House
2719;2-Bedroom;245 000,00 €;100;Braga;House
2720;3-Bedroom;245 000,00 €;289;Braga;House
2721;2-Bedroom;245 000,00 €;102;Braga;House
2722;2-Bedroom;245 900,00 €;153;Braga;House
2723;Farmhouse;249 000,00 €;160;Braga;House
2724;2-Bedroom;249 000,00 €;73;Braga;House
2725;2-Bedroom;249 000,00 €;162;Braga;House
2726;4-Bedroom;249 000,00 €;160;Braga;House
2727;5-Bedroom;249 000,00 €;800;Braga;House
2728;Detached House;249 900,00 €;234;Braga;House
2729;5-Bedroom;249 900,00 €;234;Braga;House
2730;Apartment;250 000,00 €;103;Braga;House
2731;2-Bedroom;250 000,00 €;115;Braga;House
2732;2-Bedroom;250 000,00 €;110;Braga;House
2733;2-Bedroom;250 000,00 €;84;Braga;House
2734;2-Bedroom;250 000,00 €;104;Braga;House
2735;3-Bedroom;250 000,00 €;555;Braga;House
2736;4-Bedroom;250 000,00 €;186;Braga;House
2737;2-Bedroom;250 000,00 €;117;Braga;House
2738;2-Bedroom;250 000,00 €;95;Braga;House
2739;8-Bedroom;250 000,00 €;250;Braga;House
2740;Studio;250 000,00 €;112;Braga;House
2741;2-Bedroom;250 000,00 €;84;Braga;House
2742;Studio;250 000,00 €;6.500;Braga;House
2743;14-Bedroom;250 000,00 €;212;Braga;House
2744;2-Bedroom;250 000,00 €;167;Braga;House
2745;2-Bedroom;250 000,00 €;50;Braga;House
2746;2-Bedroom;250 000,00 €;118;Braga;House
2747;2-Bedroom;250 000,00 €;132;Braga;House
2748;2-Bedroom;250 000,00 €;96;Braga;House
2749;2-Bedroom;250 000,00 €;118;Braga;House
2750;2-Bedroom;250 000,00 €;118;Braga;House
2751;2-Bedroom;250 000,00 €;132;Braga;House
2752;2-Bedroom;252 500,00 €;104;Braga;House
2753;2-Bedroom;252 500,00 €;93;Braga;House
2754;2-Bedroom;252 500,00 €;113;Braga;House
2755;2-Bedroom;252 500,00 €;120;Braga;House
2756;Farmhouse;254 400,00 €;298;Braga;House
2757;3-Bedroom;254 900,00 €;1.950;Braga;House
2758;2-Bedroom;255 000,00 €;120;Braga;House
2759;Apartment;255 000,00 €;119;Braga;House
2760;2-Bedroom;255 000,00 €;120;Braga;House
2761;Apartment;255 000,00 €;132;Braga;House
2762;Apartment;257 500,00 €;111;Braga;House
2763;Apartment;258 000,00 €;120;Braga;House
2764;4-Bedroom;259 000,00 €;340;Braga;House
2765;Detached House;259 000,00 €;100;Braga;House
2766;4-Bedroom;259 000,00 €;291;Braga;House
2767;Detached House;259 900,00 €;201;Braga;House
2768;4-Bedroom;260 000,00 €;175;Braga;House
2769;3-Bedroom;260 000,00 €;274;Braga;House
2770;3+1-Bedroom;260 000,00 €;166;Braga;House
2771;3-Bedroom;260 000,00 €;140;Braga;House
2772;3-Bedroom;260 000,00 €;130;Braga;House
2773;1-Bedroom;260 000,00 €;780;Braga;House
2774;3-Bedroom;260 000,00 €;172;Braga;House
2775;2-Bedroom;260 000,00 €;118;Braga;House
2776;3-Bedroom;260 000,00 €;143;Braga;House
2777;4-Bedroom;260 000,00 €;175;Braga;House
2778;2-Bedroom;262 000,00 €;105;Braga;House
2779;Detached House;262 500,00 €;54;Braga;House
2780;4-Bedroom;262 500,00 €;180;Braga;House
2781;3-Bedroom;265 000,00 €;175;Braga;House
2782;3-Bedroom;265 000,00 €;120;Braga;House
2783;2-Bedroom;265 000,00 €;93;Braga;House
2784;3-Bedroom;265 000,00 €;223;Braga;House
2785;3-Bedroom;265 000,00 €;148;Braga;House
2786;3-Bedroom;265 000,00 €;233;Braga;House
2787;3-Bedroom;265 000,00 €;125;Braga;House
2788;3-Bedroom;265 000,00 €;129;Braga;House
2789;3-Bedroom;265 000,00 €;130;Braga;House
2790;3-Bedroom;265 000,00 €;163;Braga;House
2791;2-Bedroom;265 000,00 €;213;Braga;House
2792;Farmhouse;265 000,00 €;33;Braga;House
2793;2-Bedroom;265 000,00 €;141;Braga;House
2794;3-Bedroom;265 000,00 €;129;Braga;House
2795;4-Bedroom;265 500,00 €;362;Braga;House
2796;5-Bedroom;266 000,00 €;236;Braga;House
2797;2-Bedroom;267 000,00 €;105;Braga;House
2798;3-Bedroom;267 500,00 €;128;Braga;House
2799;Detached House;267 500,00 €;333;Braga;House
2800;3-Bedroom;267 500,00 €;135;Braga;House
2801;Detached House;268 000,00 €;150;Braga;House
2802;3-Bedroom;268 950,00 €;162;Braga;House
2803;3-Bedroom;269 000,00 €;184;Braga;House
2804;3-Bedroom;269 000,00 €;166;Braga;House
2805;4-Bedroom;269 900,00 €;240;Braga;House
2806;2-Bedroom;270 000,00 €;104;Braga;House
2807;3-Bedroom;270 000,00 €;431;Braga;House
2808;3-Bedroom;270 000,00 €;431;Braga;House
2809;3-Bedroom;270 000,00 €;226;Braga;House
2810;2-Bedroom;270 000,00 €;83;Braga;House
2811;2-Bedroom;270 000,00 €;99;Braga;House
2812;4-Bedroom;270 000,00 €;150;Braga;House
2813;3-Bedroom;270 000,00 €;196;Braga;House
2814;4-Bedroom;270 000,00 €;130;Braga;House
2815;3-Bedroom;270 000,00 €;167;Braga;House
2816;3-Bedroom;274 900,00 €;280;Braga;House
2817;2-Bedroom;275 000,00 €;105;Braga;House
2818;3-Bedroom;275 000,00 €;188;Braga;House
2819;2-Bedroom;275 000,00 €;110;Braga;House
2820;2-Bedroom;275 000,00 €;105;Braga;House
2821;3-Bedroom;275 000,00 €;250;Braga;House
2822;Detached House;275 000,00 €;184;Braga;House
2823;Detached House;275 000,00 €;154;Braga;House
2824;4-Bedroom;275 000,00 €;124;Braga;House
2825;4-Bedroom;275 000,00 €;230;Braga;House
2826;2-Bedroom;275 000,00 €;84;Braga;House
2827;2+1-Bedroom;275 000,00 €;184;Braga;House
2828;2-Bedroom;275 000,00 €;101;Braga;House
2829;3-Bedroom;275 000,00 €;169;Braga;House
2830;2-Bedroom;275 000,00 €;135;Braga;House
2831;Apartment;275 000,00 €;123;Braga;House
2832;2-Bedroom;275 000,00 €;105;Braga;House
2833;Apartment;276 000,00 €;149;Braga;House
2834;4-Bedroom;276 000,00 €;189;Braga;House
2835;Apartment;277 500,00 €;112;Braga;House
2836;Apartment;277 500,00 €;112;Braga;House
2837;2-Bedroom;279 000,00 €;135;Braga;House
2838;3-Bedroom;279 000,00 €;275;Braga;House
2839;3-Bedroom;279 900,00 €;374;Braga;House
2840;4-Bedroom;279 900,00 €;317;Braga;House
2841;2-Bedroom;280 000,00 €;81;Braga;House
2842;1-Bedroom;280 000,00 €;139;Braga;House
2843;Detached House;280 000,00 €;220;Braga;House
2844;3-Bedroom;280 000,00 €;170;Braga;House
2845;3-Bedroom;280 000,00 €;112;Braga;House
2846;3-Bedroom;280 000,00 €;127;Braga;House
2847;6-Bedroom;280 000,00 €;460;Braga;House
2848;6-Bedroom;280 000,00 €;460;Braga;House
2849;3-Bedroom;280 000,00 €;108;Braga;House
2850;4-Bedroom;280 000,00 €;258;Braga;House
2851;3-Bedroom;280 000,00 €;168;Braga;House
2852;3-Bedroom;280 000,00 €;152;Braga;House
2853;3-Bedroom;280 000,00 €;232;Braga;House
2854;3-Bedroom;280 000,00 €;145;Braga;House
2855;3-Bedroom;280 000,00 €;310;Braga;House
2856;3-Bedroom;280 000,00 €;176;Braga;House
2857;3-Bedroom;280 500,00 €;168;Braga;House
2858;2-Bedroom;281 500,00 €;124;Braga;House
2859;3-Bedroom;284 000,00 €;196;Braga;House
2860;3-Bedroom;285 000,00 €;125;Braga;House
2861;3-Bedroom;285 000,00 €;388;Braga;House
2862;3+1-Bedroom;285 000,00 €;240;Braga;House
2863;2-Bedroom;285 000,00 €;117;Braga;House
2864;2-Bedroom;285 000,00 €;94;Braga;House
2865;Farmhouse;285 000,00 €;141;Braga;House
2866;3-Bedroom;285 000,00 €;219;Braga;House
2867;3-Bedroom;285 000,00 €;219;Braga;House
2868;1-Bedroom;285 000,00 €;153;Braga;House
2869;Apartment;285 000,00 €;133;Braga;House
2870;Apartment;285 000,00 €;130;Braga;House
2871;5-Bedroom;285 000,00 €;270;Braga;House
2872;2-Bedroom;285 000,00 €;97;Braga;House
2873;4-Bedroom;289 000,00 €;160;Braga;House
2874;Detached House;289 000,00 €;300;Braga;House
2875;2-Bedroom;289 900,00 €;139;Braga;House
2876;3-Bedroom;290 000,00 €;232;Braga;House
2877;5-Bedroom;290 000,00 €;322;Braga;House
2878;6-Bedroom;290 000,00 €;280;Braga;House
2879;4-Bedroom;290 000,00 €;246;Braga;House
2880;2+1-Bedroom;290 000,00 €;170;Braga;House
2881;3-Bedroom;290 000,00 €;150;Braga;House
2882;Apartment;290 000,00 €;133;Braga;House
2883;4-Bedroom;290 000,00 €;255;Braga;House
2884;4-Bedroom;290 000,00 €;255;Braga;House
2885;3-Bedroom;290 000,00 €;177;Braga;House
2886;2-Bedroom;290 000,00 €;113;Braga;House
2887;Apartment;292 000,00 €;133;Braga;House
2888;3-Bedroom;294 000,00 €;225;Braga;House
2889;Apartment;294 500,00 €;133;Braga;House
2890;2-Bedroom;295 000,00 €;142;Braga;House
2891;3-Bedroom;295 000,00 €;126;Braga;House
2892;5-Bedroom;295 000,00 €;168;Braga;House
2893;3-Bedroom;295 000,00 €;165;Braga;House
2894;4-Bedroom;295 000,00 €;144;Braga;House
2895;2-Bedroom;295 000,00 €;116;Braga;House
2896;2-Bedroom;295 000,00 €;116;Braga;House
2897;4-Bedroom;295 000,00 €;144;Braga;House
2898;2-Bedroom;295 000,00 €;118;Braga;House
2899;Detached House;295 000,00 €;57;Braga;House
2900;2-Bedroom;295 000,00 €;116;Braga;House
2901;3-Bedroom;295 000,00 €;193;Braga;House
2902;2-Bedroom;295 000,00 €;95;Braga;House
2903;3-Bedroom;295 000,00 €;192;Braga;House
2904;2-Bedroom;295 000,00 €;97;Braga;House
2905;3-Bedroom;295 000,00 €;232;Braga;House
2906;2-Bedroom;295 000,00 €;97;Braga;House
2907;2-Bedroom;295 000,00 €;98;Braga;House
2908;2-Bedroom;295 000,00 €;126;Braga;House
2909;Detached House;295 000,00 €;630;Braga;House
2910;3-Bedroom;295 000,00 €;309;Braga;House
2911;3-Bedroom;295 000,00 €;145;Braga;House
2912;3-Bedroom;295 000,00 €;158;Braga;House
2913;2-Bedroom;297 000,00 €;104;Braga;House
2914;3-Bedroom;297 000,00 €;135;Braga;House
2915;Apartment;297 000,00 €;133;Braga;House
2916;3-Bedroom;297 500,00 €;195;Braga;House
2917;3-Bedroom;297 500,00 €;107;Braga;House
2918;3-Bedroom;298 000,00 €;276;Braga;House
2919;4-Bedroom;298 000,00 €;140;Braga;House
2920;3-Bedroom;298 500,00 €;150;Braga;House
2921;3-Bedroom;298 500,00 €;150;Braga;House
2922;Apartment;299 000,00 €;124;Braga;House
2923;6-Bedroom;299 000,00 €;1.000;Braga;House
2924;Detached House;299 000,00 €;170;Braga;House
2925;Detached House;299 000,00 €;540;Braga;House
2926;T33;299 000,00 €;125;Braga;House
2927;3-Bedroom;299 000,00 €;151;Braga;House
2928;3-Bedroom;299 500,00 €;139;Braga;House
2929;4-Bedroom;299 500,00 €;253;Braga;House
2930;3-Bedroom;299 900,00 €;116;Braga;House
2931;3-Bedroom;299 900,00 €;301;Braga;House
2932;3-Bedroom;299 900,00 €;165;Braga;House
2933;2-Bedroom;299 900,00 €;5.200;Braga;House
2934;3-Bedroom;299 900,00 €;120;Braga;House
2935;Studio;299 900,00 €;286;Braga;House
2936;3-Bedroom;300 000,00 €;135;Braga;House
2937;5-Bedroom;300 000,00 €;131;Braga;House
2938;3-Bedroom;300 000,00 €;135;Braga;House
2939;4-Bedroom;300 000,00 €;161;Braga;House
2940;2+1-Bedroom;300 000,00 €;170;Braga;House
2941;2-Bedroom;300 000,00 €;240;Braga;House
2942;Apartment;300 000,00 €;131;Braga;House
2943;3-Bedroom;300 000,00 €;120;Braga;House
2944;3+1-Bedroom;300 000,00 €;134;Braga;House
2945;3-Bedroom;300 000,00 €;135;Braga;House
2946;Apartment;305 000,00 €;131;Braga;House
2947;Apartment;305 000,00 €;151;Braga;House
2948;Detached House;305 000,00 €;160;Braga;House
2949;6-Bedroom;306 500,00 €;198;Braga;House
2950;4-Bedroom;309 000,00 €;535;Braga;House
2951;Farmhouse;309 000,00 €;535;Braga;House
2952;2-Bedroom;309 900,00 €;84;Braga;House
2953;2-Bedroom;310 000,00 €;94;Braga;House
2954;2-Bedroom;310 000,00 €;76;Braga;House
2955;3-Bedroom;310 000,00 €;160;Braga;House
2956;3-Bedroom;310 000,00 €;185;Braga;House
2957;3-Bedroom;310 000,00 €;151;Braga;House
2958;3-Bedroom;310 000,00 €;161;Braga;House
2959;2-Bedroom;310 000,00 €;78;Braga;House
2960;Apartment;310 000,00 €;131;Braga;House
2961;3-Bedroom;310 000,00 €;220;Braga;House
2962;2-Bedroom;310 000,00 €;95;Braga;House
2963;3-Bedroom;311 000,00 €;122;Braga;House
2964;4-Bedroom;315 000,00 €;211;Braga;House
2965;2-Bedroom;315 000,00 €;118;Braga;House
2966;3-Bedroom;315 000,00 €;140;Braga;House
2967;2-Bedroom;315 000,00 €;118;Braga;House
2968;Apartment;315 000,00 €;133;Braga;House
2969;2-Bedroom;315 000,00 €;150;Braga;House
2970;2-Bedroom;315 000,00 €;149;Braga;House
2971;3-Bedroom;315 000,00 €;230;Braga;House
2972;2-Bedroom;315 000,00 €;118;Braga;House
2973;Apartment;317 000,00 €;133;Braga;House
2974;4-Bedroom;317 500,00 €;160;Braga;House
2975;2-Bedroom;317 500,00 €;125;Braga;House
2976;Detached House;319 000,00 €;250;Braga;House
2977;2-Bedroom;319 000,00 €;94;Braga;House
2978;Detached House;319 000,00 €;110;Braga;House
2979;3-Bedroom;319 900,00 €;117;Braga;House
2980;Apartment;319 900,00 €;147;Braga;House
2981;4-Bedroom;320 000,00 €;380;Braga;House
2982;4-Bedroom;320 000,00 €;459;Braga;House
2983;Studio;320 000,00 €;162;Braga;House
2984;3-Bedroom;320 000,00 €;262;Braga;House
2985;7-Bedroom;320 000,00 €;586;Braga;House
2986;3-Bedroom;320 000,00 €;230;Braga;House
2987;3-Bedroom;320 000,00 €;246;Braga;House
2988;3-Bedroom;320 000,00 €;202;Braga;House
2989;2-Bedroom;320 000,00 €;98;Braga;House
2990;2-Bedroom;320 000,00 €;144;Braga;House
2991;4-Bedroom;320 000,00 €;400;Braga;House
2992;6-Bedroom;320 000,00 €;152;Braga;House
2993;4-Bedroom;320 000,00 €;100;Braga;House
2994;2-Bedroom;320 000,00 €;128;Braga;House
2995;2-Bedroom;320 000,00 €;132;Braga;House
2996;Apartment;320 000,00 €;133;Braga;House
2997;3-Bedroom;320 000,00 €;163;Braga;House
2998;4-Bedroom;320 000,00 €;458;Braga;House
2999;3-Bedroom;320 000,00 €;150;Braga;House
3000;3-Bedroom;320 000,00 €;203;Braga;House
3001;4-Bedroom;320 000,00 €;458;Braga;House
3002;3-Bedroom;320 000,00 €;1.300;Braga;House
3003;3-Bedroom;322 500,00 €;136;Braga;House
3004;Apartment;324 000,00 €;163;Braga;House
3005;3-Bedroom;324 500,00 €;168;Braga;House
3006;2-Bedroom;325 000,00 €;179;Braga;House
3007;2-Bedroom;325 000,00 €;116;Braga;House
3008;4-Bedroom;325 000,00 €;258;Braga;House
3009;4-Bedroom;325 000,00 €;138;Braga;House
3010;4-Bedroom;325 000,00 €;134;Braga;House
3011;4-Bedroom;325 000,00 €;175;Braga;House
3012;2-Bedroom;325 000,00 €;181;Braga;House
3013;3+1-Bedroom;325 000,00 €;250;Braga;House
3014;3-Bedroom;325 000,00 €;135;Braga;House
3015;3-Bedroom;325 000,00 €;151;Braga;House
3016;3-Bedroom;325 000,00 €;135;Braga;House
3017;2+1-Bedroom;325 000,00 €;170;Braga;House
3018;3-Bedroom;325 000,00 €;124;Braga;House
3019;3-Bedroom;325 000,00 €;212;Braga;House
3020;2+1-Bedroom;325 000,00 €;170;Braga;House
3021;3-Bedroom;325 000,00 €;233;Braga;House
3022;4-Bedroom;325 000,00 €;267;Braga;House
3023;Apartment;325 000,00 €;133;Braga;House
3024;3-Bedroom;325 000,00 €;195;Braga;House
3025;6-Bedroom;325 000,00 €;220;Braga;House
3026;4-Bedroom;325 000,00 €;100.000;Braga;House
3027;4-Bedroom;329 000,00 €;250;Braga;House
3028;3-Bedroom;329 900,00 €;132;Braga;House
3029;3-Bedroom;329 900,00 €;145;Braga;House
3030;3-Bedroom;330 000,00 €;200;Braga;House
3031;3-Bedroom;330 000,00 €;128;Braga;House
3032;3-Bedroom;330 000,00 €;139;Braga;House
3033;3-Bedroom;330 000,00 €;210;Braga;House
3034;1-Bedroom;330 000,00 €;108;Braga;House
3035;Detached House;330 000,00 €;110;Braga;House
3036;3-Bedroom;330 000,00 €;214;Braga;House
3037;3-Bedroom;330 000,00 €;226;Braga;House
3038;5-Bedroom;330 000,00 €;350;Braga;House
3039;3-Bedroom;330 000,00 €;132;Braga;House
3040;2-Bedroom;330 000,00 €;122;Braga;House
3041;3-Bedroom;330 000,00 €;153;Braga;House
3042;3-Bedroom;330 000,00 €;133;Braga;House
3043;Detached House;334 900,00 €;236;Braga;House
3044;3-Bedroom;335 000,00 €;310;Braga;House
3045;4-Bedroom;335 000,00 €;207;Braga;House
3046;2-Bedroom;335 000,00 €;130;Braga;House
3047;4-Bedroom;335 000,00 €;270;Braga;House
3048;2-Bedroom;335 000,00 €;130;Braga;House
3049;3-Bedroom;335 000,00 €;351;Braga;House
3050;3-Bedroom;335 000,00 €;273;Braga;House
3051;3-Bedroom;335 000,00 €;240;Braga;House
3052;2-Bedroom;335 000,00 €;111;Braga;House
3053;2-Bedroom;335 000,00 €;67;Braga;House
3054;2-Bedroom;335 000,00 €;111;Braga;House
3055;3-Bedroom;335 000,00 €;153;Braga;House
3056;3-Bedroom;335 000,00 €;270;Braga;House
3057;3-Bedroom;335 000,00 €;153;Braga;House
3058;3-Bedroom;335 000,00 €;170;Braga;House
3059;3-Bedroom;335 900,00 €;246;Braga;House
3060;5-Bedroom;336 000,00 €;348;Braga;House
3061;2-Bedroom;338 000,00 €;121;Braga;House
3062;2-Bedroom;338 000,00 €;113;Braga;House
3063;2-Bedroom;338 000,00 €;112;Braga;House
3064;3-Bedroom;338 000,00 €;15;Braga;House
3065;Detached House;339 000,00 €;289;Braga;House
3066;3-Bedroom;340 000,00 €;107;Braga;House
3067;3-Bedroom;340 000,00 €;220;Braga;House
3068;4-Bedroom;340 000,00 €;190;Braga;House
3069;3-Bedroom;340 000,00 €;125;Braga;House
3070;3-Bedroom;340 000,00 €;145;Braga;House
3071;2-Bedroom;340 000,00 €;145;Braga;House
3072;2-Bedroom;340 000,00 €;145;Braga;House
3073;4-Bedroom;340 000,00 €;144;Braga;House
3074;4-Bedroom;340 000,00 €;220;Braga;House
3075;3-Bedroom;340 000,00 €;159;Braga;House
3076;3-Bedroom;340 000,00 €;220;Braga;House
3077;3-Bedroom;340 000,00 €;163;Braga;House
3078;3-Bedroom;340 000,00 €;160;Braga;House
3079;3-Bedroom;340 000,00 €;157;Braga;House
3080;3-Bedroom;340 000,00 €;180;Braga;House
3081;3-Bedroom;340 000,00 €;107;Braga;House
3082;3-Bedroom;342 000,00 €;137;Braga;House
3083;3-Bedroom;342 500,00 €;267;Braga;House
3084;3-Bedroom;342 500,00 €;267;Braga;House
3085;3-Bedroom;345 000,00 €;147;Braga;House
3086;3+1-Bedroom;345 000,00 €;250;Braga;House
3087;3-Bedroom;345 000,00 €;147;Braga;House
3088;3-Bedroom;345 000,00 €;230;Braga;House
3089;3-Bedroom;345 000,00 €;270;Braga;House
3090;4-Bedroom;345 000,00 €;306;Braga;House
3091;Apartment;345 000,00 €;150;Braga;House
3092;2-Bedroom;345 000,00 €;69;Braga;House
3093;3-Bedroom;345 000,00 €;162;Braga;House
3094;3-Bedroom;345 000,00 €;280;Braga;House
3095;3-Bedroom;345 000,00 €;280;Braga;House
3096;Apartment;347 000,00 €;150;Braga;House
3097;3-Bedroom;348 000,00 €;180;Braga;House
3098;Apartment;349 000,00 €;119;Braga;House
3099;6-Bedroom;349 000,00 €;200;Braga;House
3100;3-Bedroom;349 000,00 €;749;Braga;House
3101;Apartment;349 000,00 €;119;Braga;House
3102;3-Bedroom;349 250,00 €;261;Braga;House
3103;3-Bedroom;349 250,00 €;261;Braga;House
3104;3-Bedroom;349 500,00 €;195;Braga;House
3105;5-Bedroom;349 900,00 €;278;Braga;House
3106;3-Bedroom;349 900,00 €;80;Braga;House
3107;4-Bedroom;349 900,00 €;179;Braga;House
3108;Apartment;349 900,00 €;127;Braga;House
3109;6-Bedroom;350 000,00 €;428;Braga;House
3110;3-Bedroom;350 000,00 €;127;Braga;House
3111;3-Bedroom;350 000,00 €;147;Braga;House
3112;2-Bedroom;350 000,00 €;140;Braga;House
3113;3-Bedroom;350 000,00 €;290;Braga;House
3114;3-Bedroom;350 000,00 €;140;Braga;House
3115;2-Bedroom;350 000,00 €;105;Braga;House
3116;3-Bedroom;350 000,00 €;128;Braga;House
3117;3-Bedroom;350 000,00 €;210;Braga;House
3118;3-Bedroom;350 000,00 €;270;Braga;House
3119;3-Bedroom;350 000,00 €;92;Braga;House
3120;3-Bedroom;350 000,00 €;126;Braga;House
3121;2-Bedroom;350 000,00 €;119;Braga;House
3122;3-Bedroom;350 000,00 €;6.477;Braga;House
3123;Detached House;350 000,00 €;452;Braga;House
3124;Detached House;350 000,00 €;170;Braga;House
3125;3-Bedroom;350 000,00 €;340;Braga;House
3126;3-Bedroom;350 000,00 €;180;Braga;House
3127;Apartment;350 000,00 €;140;Braga;House
3128;Studio;350 000,00 €;185;Braga;House
3129;4-Bedroom;350 000,00 €;360;Braga;House
3130;Farmhouse;350 000,00 €;3;Braga;House
3131;3-Bedroom;350 000,00 €;212;Braga;House
3132;3-Bedroom;350 000,00 €;212;Braga;House
3133;3-Bedroom;350 000,00 €;160;Braga;House
3134;2-Bedroom;350 000,00 €;112;Braga;House
3135;3-Bedroom;350 000,00 €;128;Braga;House
3136;Apartment;350 000,00 €;163;Braga;House
3137;Apartment;350 000,00 €;140;Braga;House
3138;3-Bedroom;350 000,00 €;330;Braga;House
3139;3-Bedroom;350 000,00 €;258;Braga;House
3140;5-Bedroom;350 000,00 €;164;Braga;House
3141;Detached House;350 000,00 €;180;Braga;House
3142;2-Bedroom;350 000,00 €;146;Braga;House
3143;3-Bedroom;350 000,00 €;500;Braga;House
3144;3-Bedroom;350 000,00 €;387;Braga;House
3145;3-Bedroom;350 000,00 €;330;Braga;House
3146;3-Bedroom;350 000,00 €;134;Braga;House
3147;Apartment;352 000,00 €;163;Braga;House
3148;3-Bedroom;352 250,00 €;164;Braga;House
3149;3-Bedroom;354 250,00 €;261;Braga;House
3150;Apartment;354 500,00 €;163;Braga;House
3151;3-Bedroom;354 800,00 €;218;Braga;House
3152;Apartment;355 000,00 €;128;Braga;House
3153;2-Bedroom;355 000,00 €;67;Braga;House
3154;Apartment;355 000,00 €;128;Braga;House
3155;3-Bedroom;355 000,00 €;115;Braga;House
3156;3-Bedroom;355 000,00 €;675;Braga;House
3157;3-Bedroom;355 000,00 €;164;Braga;House
3158;3-Bedroom;355 000,00 €;150;Braga;House
3159;3-Bedroom;355 000,00 €;148;Braga;House
3160;3-Bedroom;355 000,00 €;148;Braga;House
3161;Apartment;358 000,00 €;163;Braga;House
3162;3-Bedroom;359 000,00 €;334;Braga;House
3163;3-Bedroom;359 000,00 €;126;Braga;House
3164;4-Bedroom;359 000,00 €;290;Braga;House
3165;Detached House;359 000,00 €;183;Braga;House
3166;3-Bedroom;359 000,00 €;168;Braga;House
3167;4-Bedroom;359 000,00 €;144;Braga;House
3168;3-Bedroom;359 900,00 €;310;Braga;House
3169;3-Bedroom;359 900,00 €;310;Braga;House
3170;3-Bedroom;360 000,00 €;210;Braga;House
3171;4-Bedroom;360 000,00 €;236;Braga;House
3172;Detached House;360 000,00 €;400;Braga;House
3173;3-Bedroom;360 000,00 €;252;Braga;House
3174;3-Bedroom;360 000,00 €;291;Braga;House
3175;3+1-Bedroom;360 000,00 €;300;Braga;House
3176;3-Bedroom;360 000,00 €;252;Braga;House
3177;3-Bedroom;360 000,00 €;252;Braga;House
3178;Apartment;360 000,00 €;143;Braga;House
3179;4-Bedroom;360 000,00 €;133;Braga;House
3180;3-Bedroom;360 000,00 €;252;Braga;House
3181;Apartment;360 000,00 €;128;Braga;House
3182;Apartment;360 000,00 €;140;Braga;House
3183;4-Bedroom;360 000,00 €;220;Braga;House
3184;Apartment;360 000,00 €;140;Braga;House
3185;3-Bedroom;360 000,00 €;250;Braga;House
3186;4-Bedroom;360 000,00 €;220;Braga;House
3187;3-Bedroom;360 000,00 €;191;Braga;House
3188;3-Bedroom;360 000,00 €;297;Braga;House
3189;3-Bedroom;360 000,00 €;148;Braga;House
3190;3-Bedroom;360 000,00 €;126;Braga;House
3191;3-Bedroom;361 900,00 €;246;Braga;House
3192;3-Bedroom;361 900,00 €;246;Braga;House
3193;Apartment;363 000,00 €;178;Braga;House
3194;Apartment;364 500,00 €;164;Braga;House
3195;3-Bedroom;364 900,00 €;141;Braga;House
3196;Apartment;365 000,00 €;113;Braga;House
3197;3-Bedroom;365 000,00 €;187;Braga;House
3198;3-Bedroom;365 000,00 €;322;Braga;House
3199;4-Bedroom;365 000,00 €;203;Braga;House
3200;3-Bedroom;365 000,00 €;322;Braga;House
3201;3-Bedroom;365 000,00 €;180;Braga;House
3202;3-Bedroom;365 000,00 €;220;Braga;House
3203;3-Bedroom;365 000,00 €;262;Braga;House
3204;3-Bedroom;365 000,00 €;337;Braga;House
3205;4-Bedroom;365 000,00 €;288;Braga;House
3206;3-Bedroom;365 000,00 €;245;Braga;House
3207;5-Bedroom;365 000,00 €;337;Braga;House
3208;Apartment;366 500,00 €;128;Braga;House
3209;3-Bedroom;366 500,00 €;115;Braga;House
3210;3-Bedroom;367 000,00 €;205;Braga;House
3211;Apartment;367 000,00 €;163;Braga;House
3212;3-Bedroom;367 500,00 €;305;Braga;House
3213;3-Bedroom;368 500,00 €;255;Braga;House
3214;4-Bedroom;368 500,00 €;300;Braga;House
3215;3-Bedroom;369 000,00 €;161;Braga;House
3216;3-Bedroom;369 000,00 €;161;Braga;House
3217;Apartment;369 500,00 €;126;Braga;House
3218;3-Bedroom;369 900,00 €;246;Braga;House
3219;3-Bedroom;369 900,00 €;246;Braga;House
3220;4-Bedroom;370 000,00 €;278;Braga;House
3221;3-Bedroom;370 000,00 €;190;Braga;House
3222;4-Bedroom;370 000,00 €;290;Braga;House
3223;3-Bedroom;370 000,00 €;146;Braga;House
3224;3-Bedroom;370 000,00 €;252;Braga;House
3225;3-Bedroom;370 000,00 €;252;Braga;House
3226;3-Bedroom;370 000,00 €;2.000;Braga;House
3227;Apartment;370 000,00 €;140;Braga;House
3228;3-Bedroom;370 000,00 €;285;Braga;House
3229;3-Bedroom;370 000,00 €;176;Braga;House
3230;Studio;370 000,00 €;364;Braga;House
3231;Studio;370 000,00 €;292;Braga;House
3232;4-Bedroom;370 000,00 €;278;Braga;House
3233;4-Bedroom;370 000,00 €;278;Braga;House
3234;Detached House;372 000,00 €;284;Braga;House
3235;Apartment;372 500,00 €;177;Braga;House
3236;3-Bedroom;374 900,00 €;161;Braga;House
3237;3-Bedroom;375 000,00 €;184;Braga;House
3238;3-Bedroom;375 000,00 €;149;Braga;House
3239;3-Bedroom;375 000,00 €;300;Braga;House
3240;3-Bedroom;375 000,00 €;196;Braga;House
3241;3-Bedroom;375 000,00 €;255;Braga;House
3242;3-Bedroom;375 000,00 €;188;Braga;House
3243;3-Bedroom;375 000,00 €;245;Braga;House
3244;3-Bedroom;375 000,00 €;162;Braga;House
3245;3-Bedroom;375 000,00 €;245;Braga;House
3246;Detached House;375 000,00 €;135;Braga;House
3247;3-Bedroom;375 000,00 €;135;Braga;House
3248;3-Bedroom;375 000,00 €;135;Braga;House
3249;2-Bedroom;375 000,00 €;107;Braga;House
3250;3-Bedroom;375 000,00 €;270;Braga;House
3251;2-Bedroom;375 000,00 €;106;Braga;House
3252;2-Bedroom;375 000,00 €;125;Braga;House
3253;5-Bedroom;375 000,00 €;300;Braga;House
3254;3-Bedroom;375 000,00 €;149;Braga;House
3255;5-Bedroom;375 000,00 €;300;Braga;House
3256;2-Bedroom;375 000,00 €;125;Braga;House
3257;3-Bedroom;375 000,00 €;16.000;Braga;House
3258;3-Bedroom;375 000,00 €;260;Braga;House
3259;3-Bedroom;375 000,00 €;150;Braga;House
3260;Apartment;375 000,00 €;92;Braga;House
3261;3-Bedroom;375 000,00 €;122;Braga;House
3262;3-Bedroom;375 000,00 €;184;Braga;House
3263;Studio;375 000,00 €;315;Braga;House
3264;3-Bedroom;375 000,00 €;150;Braga;House
3265;4-Bedroom;375 500,00 €;260;Braga;House
3266;3-Bedroom;379 000,00 €;181;Braga;House
3267;3-Bedroom;379 000,00 €;272;Braga;House
3268;5-Bedroom;379 000,00 €;253;Braga;House
3269;4-Bedroom;379 900,00 €;400;Braga;House
3270;4-Bedroom;380 000,00 €;315;Braga;House
3271;3-Bedroom;380 000,00 €;288;Braga;House
3272;3-Bedroom;380 000,00 €;290;Braga;House
3273;3+1-Bedroom;380 000,00 €;273;Braga;House
3274;3-Bedroom;380 000,00 €;290;Braga;House
3275;4-Bedroom;380 000,00 €;285;Braga;House
3276;3-Bedroom;380 000,00 €;112;Braga;House
3277;4-Bedroom;380 000,00 €;210;Braga;House
3278;Apartment;380 000,00 €;235;Braga;House
3279;4-Bedroom;380 000,00 €;327;Braga;House
3280;3-Bedroom;380 000,00 €;150;Braga;House
3281;3-Bedroom;380 000,00 €;288;Braga;House
3282;Apartment;380 000,00 €;140;Braga;House
3283;3-Bedroom;380 000,00 €;200;Braga;House
3284;Apartment;380 000,00 €;176;Braga;House
3285;6-Bedroom;380 000,00 €;220;Braga;House
3286;4-Bedroom;380 000,00 €;315;Braga;House
3287;3-Bedroom;384 000,00 €;200;Braga;House
3288;3-Bedroom;385 000,00 €;177;Braga;House
3289;3-Bedroom;385 000,00 €;228;Braga;House
3290;3-Bedroom;385 000,00 €;195;Braga;House
3291;3-Bedroom;385 000,00 €;300;Braga;House
3292;3-Bedroom;387 000,00 €;128;Braga;House
3293;Detached House;388 000,00 €;208;Braga;House
3294;Detached House;388 500,00 €;226;Braga;House
3295;3-Bedroom;389 000,00 €;190;Braga;House
3296;5-Bedroom;389 000,00 €;354;Braga;House
3297;5-Bedroom;389 000,00 €;354;Braga;House
3298;3-Bedroom;389 000,00 €;176;Braga;House
3299;4-Bedroom;389 900,00 €;375;Braga;House
3300;4-Bedroom;390 000,00 €;300;Braga;House
3301;3-Bedroom;390 000,00 €;293;Braga;House
3302;Farmhouse;390 000,00 €;32.925;Braga;House
3303;Detached House;390 000,00 €;300;Braga;House
3304;Detached House;390 000,00 €;135;Braga;House
3305;3-Bedroom;390 000,00 €;160;Braga;House
3306;2-Bedroom;390 000,00 €;96;Braga;House
3307;2-Bedroom;390 000,00 €;96;Braga;House
3308;1-Bedroom;390 000,00 €;79;Braga;House
3309;3-Bedroom;390 000,00 €;254;Braga;House
3310;3-Bedroom;390 000,00 €;471;Braga;House
3311;3-Bedroom;390 000,00 €;200;Braga;House
3312;4-Bedroom;390 000,00 €;338;Braga;House
3313;4-Bedroom;390 000,00 €;324;Braga;House
3314;3-Bedroom;390 000,00 €;300;Braga;House
3315;3-Bedroom;395 000,00 €;182;Braga;House
3316;5-Bedroom;395 000,00 €;150;Braga;House
3317;4-Bedroom;395 000,00 €;300;Braga;House
3318;3-Bedroom;395 000,00 €;208;Braga;House
3319;3-Bedroom;395 000,00 €;181;Braga;House
3320;3-Bedroom;395 000,00 €;194;Braga;House
3321;3-Bedroom;395 000,00 €;208;Braga;House
3322;3-Bedroom;395 000,00 €;170;Braga;House
3323;4-Bedroom;395 000,00 €;176;Braga;House
3324;Detached House;395 000,00 €;91;Braga;House
3325;3-Bedroom;395 000,00 €;213;Braga;House
3326;3-Bedroom;395 000,00 €;480;Braga;House
3327;3-Bedroom;395 000,00 €;166;Braga;House
3328;3-Bedroom;395 000,00 €;208;Braga;House
3329;3-Bedroom;396 000,00 €;210;Braga;House
3330;4-Bedroom;398 000,00 €;285;Braga;House
3331;4-Bedroom;398 000,00 €;380;Braga;House
3332;3-Bedroom;398 000,00 €;264;Braga;House
3333;4-Bedroom;399 000,00 €;247;Braga;House
3334;3-Bedroom;399 000,00 €;166;Braga;House
3335;Detached House;399 000,00 €;550;Braga;House
3336;Farmhouse;399 000,00 €;180;Braga;House
3337;Farmhouse;399 000,00 €;528;Braga;House
3338;3-Bedroom;399 000,00 €;394;Braga;House
3339;Detached House;399 000,00 €;230;Braga;House
3340;3-Bedroom;399 000,00 €;184;Braga;House
3341;4-Bedroom;399 000,00 €;79;Braga;House
3342;10-Bedroom;399 000,00 €;452;Braga;House
3343;4-Bedroom;399 000,00 €;294;Braga;House
3344;Detached House;399 000,00 €;596;Braga;House
3345;3-Bedroom;399 500,00 €;210;Braga;House
3346;3-Bedroom;399 900,00 €;261;Braga;House
3347;Farmhouse;399 900,00 €;500;Braga;House
3348;6-Bedroom;400 000,00 €;200;Braga;House
3349;4-Bedroom;400 000,00 €;246;Braga;House
3350;4-Bedroom;400 000,00 €;460;Braga;House
3351;3-Bedroom;400 000,00 €;293;Braga;House
3352;4-Bedroom;400 000,00 €;291;Braga;House
3353;3-Bedroom;400 000,00 €;200;Braga;House
3354;3-Bedroom;400 000,00 €;237;Braga;House
3355;3-Bedroom;400 000,00 €;138;Braga;House
3356;3-Bedroom;400 000,00 €;264;Braga;House
3357;3-Bedroom;400 000,00 €;252;Braga;House
3358;4-Bedroom;400 000,00 €;218;Braga;House
3359;3-Bedroom;400 000,00 €;236;Braga;House
3360;3-Bedroom;402 500,00 €;137;Braga;House
3361;4-Bedroom;403 400,00 €;398;Braga;House
3362;Apartment;407 000,00 €;140;Braga;House
3363;Apartment;407 000,00 €;140;Braga;House
3364;Apartment;407 000,00 €;140;Braga;House
3365;3-Bedroom;407 000,00 €;115;Braga;House
3366;3-Bedroom;407 000,00 €;148;Braga;House
3367;4-Bedroom;410 000,00 €;230;Braga;House
3368;3-Bedroom;414 000,00 €;300;Braga;House
3369;4-Bedroom;415 000,00 €;170;Braga;House
3370;4-Bedroom;415 000,00 €;156;Braga;House
3371;4-Bedroom;415 000,00 €;217;Braga;House
3372;4-Bedroom;415 000,00 €;156;Braga;House
3373;4-Bedroom;415 000,00 €;156;Braga;House
3374;4-Bedroom;415 000,00 €;175;Braga;House
3375;4-Bedroom;415 000,00 €;223;Braga;House
3376;3-Bedroom;419 900,00 €;235;Braga;House
3377;4-Bedroom;420 000,00 €;212;Braga;House
3378;6-Bedroom;420 000,00 €;388;Braga;House
3379;3-Bedroom;420 000,00 €;160;Braga;House
3380;4-Bedroom;420 000,00 €;212;Braga;House
3381;3-Bedroom;420 000,00 €;295;Braga;House
3382;4-Bedroom;420 000,00 €;474;Braga;House
3383;3-Bedroom;420 000,00 €;230;Braga;House
3384;9-Bedroom;420 000,00 €;377;Braga;House
3385;4-Bedroom;422 000,00 €;214;Braga;House
3386;3-Bedroom;425 000,00 €;188;Braga;House
3387;Apartment;425 000,00 €;175;Braga;House
3388;3-Bedroom;425 000,00 €;297;Braga;House
3389;4-Bedroom;425 000,00 €;300;Braga;House
3390;Studio;429 500,00 €;104;Braga;House
3391;3-Bedroom;429 900,00 €;300;Braga;House
3392;3-Bedroom;429 900,00 €;159;Braga;House
3393;12-Bedroom;429 900,00 €;646;Braga;House
3394;12-Bedroom;429 900,00 €;646;Braga;House
3395;Apartment;430 000,00 €;178;Braga;House
3396;5-Bedroom;430 000,00 €;554;Braga;House
3397;4-Bedroom;430 000,00 €;218;Braga;House
3398;3-Bedroom;430 000,00 €;450;Braga;House
3399;3-Bedroom;430 000,00 €;288;Braga;House
3400;3-Bedroom;430 000,00 €;319;Braga;House
3401;3-Bedroom;430 000,00 €;182;Braga;House
3402;4-Bedroom;430 000,00 €;262;Braga;House
3403;8-Bedroom;430 000,00 €;410;Braga;House
3404;3-Bedroom;430 000,00 €;294;Braga;House
3405;2-Bedroom;430 000,00 €;116;Braga;House
3406;5-Bedroom;430 000,00 €;714;Braga;House
3407;4-Bedroom;435 000,00 €;294;Braga;House
3408;4-Bedroom;435 000,00 €;132;Braga;House
3409;4-Bedroom;435 000,00 €;138;Braga;House
3410;3-Bedroom;435 000,00 €;145;Braga;House
3411;Detached House;438 000,00 €;241;Braga;House
3412;Detached House;439 000,00 €;378;Braga;House
3413;Detached House;440 000,00 €;378;Braga;House
3414;3-Bedroom;440 000,00 €;259;Braga;House
3415;Detached House;440 000,00 €;378;Braga;House
3416;3-Bedroom;445 000,00 €;276;Braga;House
3417;4-Bedroom;445 000,00 €;230;Braga;House
3418;3-Bedroom;445 000,00 €;210;Braga;House
3419;4-Bedroom;445 000,00 €;275;Braga;House
3420;Detached House;445 000,00 €;275;Braga;House
3421;Detached House;445 000,00 €;275;Braga;House
3422;Detached House;445 000,00 €;275;Braga;House
3423;Detached House;445 000,00 €;275;Braga;House
3424;3-Bedroom;445 000,00 €;573;Braga;House
3425;Detached House;445 000,00 €;275;Braga;House
3426;Detached House;445 000,00 €;275;Braga;House
3427;14-Bedroom;448 000,00 €;952;Braga;House
3428;3-Bedroom;449 000,00 €;227;Braga;House
3429;3-Bedroom;449 000,00 €;540;Braga;House
3430;3-Bedroom;449 000,00 €;540;Braga;House
3431;3-Bedroom;450 000,00 €;240;Braga;House
3432;5-Bedroom;450 000,00 €;82;Braga;House
3433;4+1-Bedroom;450 000,00 €;476;Braga;House
3434;3-Bedroom;450 000,00 €;279;Braga;House
3435;4-Bedroom;450 000,00 €;189;Braga;House
3436;4-Bedroom;450 000,00 €;488;Braga;House
3437;3-Bedroom;450 000,00 €;240;Braga;House
3438;Farmhouse;450 000,00 €;500;Braga;House
3439;5-Bedroom;450 000,00 €;378;Braga;House
3440;4-Bedroom;450 000,00 €;300;Braga;House
3441;5-Bedroom;450 000,00 €;365;Braga;House
3442;3-Bedroom;450 000,00 €;416;Braga;House
3443;3+1-Bedroom;450 000,00 €;198;Braga;House
3444;3-Bedroom;450 000,00 €;300;Braga;House
3445;3-Bedroom;450 000,00 €;799;Braga;House
3446;4-Bedroom;450 000,00 €;192;Braga;House
3447;3-Bedroom;450 000,00 €;141;Braga;House
3448;3-Bedroom;450 000,00 €;322;Braga;House
3449;3-Bedroom;450 000,00 €;242;Braga;House
3450;3-Bedroom;450 000,00 €;250;Braga;House
3451;3-Bedroom;450 000,00 €;150;Braga;House
3452;3-Bedroom;450 000,00 €;350;Braga;House
3453;3-Bedroom;450 000,00 €;360;Braga;House
3454;3-Bedroom;450 000,00 €;230;Braga;House
3455;3-Bedroom;450 000,00 €;300;Braga;House
3456;3-Bedroom;450 000,00 €;250;Braga;House
3457;3-Bedroom;450 000,00 €;153;Braga;House
3458;3-Bedroom;450 000,00 €;300;Braga;House
3459;3-Bedroom;450 000,00 €;250;Braga;House
3460;3-Bedroom;450 000,00 €;165;Braga;House
3461;3-Bedroom;455 000,00 €;280;Braga;House
3462;3-Bedroom;455 000,00 €;258;Braga;House
3463;4-Bedroom;465 000,00 €;350;Braga;House
3464;3-Bedroom;465 000,00 €;239;Braga;House
3465;3-Bedroom;470 000,00 €;242;Braga;House
3466;3-Bedroom;470 000,00 €;380;Braga;House
3467;3+1-Bedroom;470 000,00 €;245;Braga;House
3468;3-Bedroom;470 000,00 €;342;Braga;House
3469;4-Bedroom;470 000,00 €;800;Braga;House
3470;3-Bedroom;475 000,00 €;140;Braga;House
3471;3-Bedroom;475 000,00 €;308;Braga;House
3472;3-Bedroom;475 000,00 €;221;Braga;House
3473;3+1-Bedroom;475 000,00 €;176;Braga;House
3474;4-Bedroom;475 000,00 €;176;Braga;House
3475;3-Bedroom;475 000,00 €;308;Braga;House
3476;3-Bedroom;475 000,00 €;308;Braga;House
3477;3-Bedroom;475 000,00 €;163;Braga;House
3478;3-Bedroom;475 000,00 €;308;Braga;House
3479;4-Bedroom;475 000,00 €;344;Braga;House
3480;4-Bedroom;480 000,00 €;432;Braga;House
3481;4-Bedroom;480 000,00 €;180;Braga;House
3482;3-Bedroom;480 000,00 €;332;Braga;House
3483;4-Bedroom;480 000,00 €;284;Braga;House
3484;3-Bedroom;480 000,00 €;300;Braga;House
3485;4-Bedroom;480 000,00 €;231;Braga;House
3486;3+1-Bedroom;480 000,00 €;242;Braga;House
3487;4-Bedroom;480 000,00 €;620;Braga;House
3488;4-Bedroom;480 000,00 €;169;Braga;House
3489;4-Bedroom;480 000,00 €;270;Braga;House
3490;4-Bedroom;480 000,00 €;270;Braga;House
3491;4-Bedroom;480 000,00 €;270;Braga;House
3492;3-Bedroom;480 500,00 €;174;Braga;House
3493;3-Bedroom;480 500,00 €;184;Braga;House
3494;3-Bedroom;480 500,00 €;168;Braga;House
3495;3-Bedroom;480 500,00 €;168;Braga;House
3496;3-Bedroom;480 500,00 €;533;Braga;House
3497;3-Bedroom;480 500,00 €;168;Braga;House
3498;3-Bedroom;480 500,00 €;174;Braga;House
3499;3-Bedroom;480 500,00 €;174;Braga;House
3500;3-Bedroom;480 500,00 €;174;Braga;House
3501;3-Bedroom;480 500,00 €;174;Braga;House
3502;3-Bedroom;485 000,00 €;421;Braga;House
3503;3-Bedroom;485 000,00 €;387;Braga;House
3504;3-Bedroom;485 000,00 €;308;Braga;House
3505;4-Bedroom;485 000,00 €;500;Braga;House
3506;2-Bedroom;489 000,00 €;102;Braga;House
3507;3-Bedroom;490 000,00 €;200;Braga;House
3508;3-Bedroom;490 000,00 €;290;Braga;House
3509;3-Bedroom;490 000,00 €;142;Braga;House
3510;3-Bedroom;490 000,00 €;183;Braga;House
3511;4-Bedroom;490 000,00 €;207;Braga;House
3512;3-Bedroom;490 000,00 €;210;Braga;House
3513;3-Bedroom;490 000,00 €;141;Braga;House
3514;4-Bedroom;490 000,00 €;200;Braga;House
3515;3-Bedroom;491 500,00 €;187;Braga;House
3516;3-Bedroom;491 500,00 €;187;Braga;House
3517;4-Bedroom;495 000,00 €;502;Braga;House
3518;4-Bedroom;495 000,00 €;250;Braga;House
3519;3-Bedroom;495 000,00 €;283;Braga;House
3520;4-Bedroom;495 000,00 €;254;Braga;House
3521;3-Bedroom;495 000,00 €;343;Braga;House
3522;3-Bedroom;495 000,00 €;283;Braga;House
3523;3-Bedroom;495 000,00 €;283;Braga;House
3524;3-Bedroom;497 500,00 €;230;Braga;House
3525;3-Bedroom;497 500,00 €;240;Braga;House
3526;4-Bedroom;498 000,00 €;300;Braga;House
3527;Detached House;499 000,00 €;2.387;Braga;House
3528;5-Bedroom;499 000,00 €;160;Braga;House
3529;3-Bedroom;499 000,00 €;152;Braga;House
3530;3-Bedroom;499 000,00 €;385;Braga;House
3531;2-Bedroom;499 000,00 €;102;Braga;House
3532;4-Bedroom;500 000,00 €;290;Braga;House
3533;3-Bedroom;500 000,00 €;221;Braga;House
3534;6-Bedroom;500 000,00 €;1.118;Braga;House
3535;4-Bedroom;500 000,00 €;218;Braga;House
3536;3-Bedroom;500 000,00 €;169;Braga;House
3537;3-Bedroom;501 500,00 €;181;Braga;House
3538;3-Bedroom;501 500,00 €;168;Braga;House
3539;3-Bedroom;501 500,00 €;181;Braga;House
3540;3-Bedroom;501 500,00 €;181;Braga;House
3541;3-Bedroom;505 000,00 €;311;Braga;House
3542;3-Bedroom;505 000,00 €;308;Braga;House
3543;3-Bedroom;505 000,00 €;311;Braga;House
3544;3-Bedroom;510 000,00 €;255;Braga;House
3545;3-Bedroom;512 500,00 €;187;Braga;House
3546;3-Bedroom;512 500,00 €;171;Braga;House
3547;3-Bedroom;515 000,00 €;332;Braga;House
3548;3-Bedroom;515 000,00 €;332;Braga;House
3549;Detached House;515 000,00 €;312;Braga;House
3550;4-Bedroom;515 000,00 €;354;Braga;House
3551;3-Bedroom;515 000,00 €;332;Braga;House
3552;3-Bedroom;515 000,00 €;331;Braga;House
3553;3-Bedroom;515 000,00 €;331;Braga;House
3554;3-Bedroom;515 000,00 €;332;Braga;House
3555;4-Bedroom;515 000,00 €;246;Braga;House
3556;3-Bedroom;515 000,00 €;332;Braga;House
3557;3-Bedroom;515 000,00 €;332;Braga;House
3558;Detached House;520 000,00 €;350;Braga;House
3559;Detached House;520 000,00 €;350;Braga;House
3560;Detached House;520 000,00 €;350;Braga;House
3561;Detached House;520 000,00 €;350;Braga;House
3562;Detached House;520 000,00 €;350;Braga;House
3563;3-Bedroom;522 500,00 €;187;Braga;House
3564;3-Bedroom;522 500,00 €;168;Braga;House
3565;3-Bedroom;525 000,00 €;293;Braga;House
3566;5-Bedroom;525 000,00 €;315;Braga;House
3567;4-Bedroom;525 000,00 €;200;Braga;House
3568;3-Bedroom;525 000,00 €;332;Braga;House
3569;2-Bedroom;525 000,00 €;131;Braga;House
3570;4-Bedroom;525 000,00 €;266;Braga;House
3571;3-Bedroom;525 000,00 €;183;Braga;House
3572;4-Bedroom;529 000,00 €;300;Braga;House
3573;4-Bedroom;529 500,00 €;470;Braga;House
3574;Detached House;530 000,00 €;350;Braga;House
3575;Detached House;530 000,00 €;200;Braga;House
3576;6-Bedroom;530 000,00 €;418;Braga;House
3577;4-Bedroom;530 000,00 €;290;Braga;House
3578;3-Bedroom;532 500,00 €;187;Braga;House
3579;8-Bedroom;535 000,00 €;426;Braga;House
3580;Detached House;535 000,00 €;293;Braga;House
3581;3-Bedroom;535 000,00 €;168;Braga;House
3582;5-Bedroom;539 000,00 €;353;Braga;House
3583;4-Bedroom;540 000,00 €;360;Braga;House
3584;4-Bedroom;540 000,00 €;269;Braga;House
3585;5-Bedroom;540 000,00 €;1.044;Braga;House
3586;Detached House;540 000,00 €;350;Braga;House
3587;4-Bedroom;544 800,00 €;361;Braga;House
3588;Detached House;545 000,00 €;450;Braga;House
3589;Detached House;545 000,00 €;350;Braga;House
3590;4-Bedroom;548 000,00 €;485;Braga;House
3591;Detached House;549 000,00 €;350;Braga;House
3592;3-Bedroom;549 500,00 €;386;Braga;House
3593;4-Bedroom;549 900,00 €;596;Braga;House
3594;3-Bedroom;550 000,00 €;331;Braga;House
3595;4-Bedroom;550 000,00 €;274;Braga;House
3596;3-Bedroom;550 000,00 €;563;Braga;House
3597;3-Bedroom;550 000,00 €;318;Braga;House
3598;4-Bedroom;550 000,00 €;276;Braga;House
3599;4-Bedroom;550 000,00 €;274;Braga;House
3600;4-Bedroom;550 000,00 €;357;Braga;House
3601;3-Bedroom;550 000,00 €;375;Braga;House
3602;4-Bedroom;550 000,00 €;407;Braga;House
3603;3-Bedroom;550 000,00 €;405;Braga;House
3604;4-Bedroom;550 000,00 €;250;Braga;House
3605;3-Bedroom;550 000,00 €;331;Braga;House
3606;Detached House;550 000,00 €;416;Braga;House
3607;Detached House;550 000,00 €;416;Braga;House
3608;3-Bedroom;550 000,00 €;332;Braga;House
3609;Detached House;550 000,00 €;415;Braga;House
3610;Detached House;550 000,00 €;416;Braga;House
3611;3-Bedroom;550 000,00 €;332;Braga;House
3612;3-Bedroom;550 000,00 €;540;Braga;House
3613;4-Bedroom;550 000,00 €;480;Braga;House
3614;Detached House;550 000,00 €;416;Braga;House
3615;3-Bedroom;550 000,00 €;236;Braga;House
3616;4-Bedroom;550 000,00 €;274;Braga;House
3617;3-Bedroom;550 000,00 €;332;Braga;House
3618;3-Bedroom;550 000,00 €;650;Braga;House
3619;4-Bedroom;550 000,00 €;357;Braga;House
3620;4-Bedroom;550 000,00 €;189;Braga;House
3621;5-Bedroom;550 000,00 €;544;Braga;House
3622;4-Bedroom;550 000,00 €;163;Braga;House
3623;3-Bedroom;550 000,00 €;236;Braga;House
3624;4-Bedroom;550 000,00 €;335;Braga;House
3625;5-Bedroom;550 000,00 €;218;Braga;House
3626;3-Bedroom;550 000,00 €;331;Braga;House
3627;4-Bedroom;558 500,00 €;293;Braga;House
3628;4-Bedroom;560 000,00 €;285;Braga;House
3629;Detached House;560 000,00 €;350;Braga;House
3630;4-Bedroom;564 800,00 €;480;Braga;House
3631;3-Bedroom;565 000,00 €;359;Braga;House
3632;4+1-Bedroom;575 000,00 €;366;Braga;House
3633;Detached House;575 000,00 €;449;Braga;House
3634;7-Bedroom;575 000,00 €;218;Braga;House
3635;4-Bedroom;575 000,00 €;611;Braga;House
3636;4-Bedroom;575 000,00 €;300;Braga;House
3637;4-Bedroom;575 000,00 €;398;Braga;House
3638;3-Bedroom;575 000,00 €;281;Braga;House
3639;4-Bedroom;580 000,00 €;378;Braga;House
3640;3-Bedroom;580 000,00 €;398;Braga;House
3641;4-Bedroom;580 000,00 €;272;Braga;House
3642;Apartment;580 000,00 €;187;Braga;House
3643;3-Bedroom;580 000,00 €;310;Braga;House
3644;3-Bedroom;580 000,00 €;171;Braga;House
3645;6+1-Bedroom;580 000,00 €;233;Braga;House
3646;5-Bedroom;590 000,00 €;675;Braga;House
3647;4-Bedroom;590 000,00 €;268;Braga;House
3648;3-Bedroom;590 000,00 €;422;Braga;House
3649;3-Bedroom;590 000,00 €;168;Braga;House
3650;4-Bedroom;595 000,00 €;384;Braga;House
3651;3-Bedroom;595 000,00 €;294;Braga;House
3652;5-Bedroom;595 000,00 €;251;Braga;House
3653;3-Bedroom;595 000,00 €;375;Braga;House
3654;Detached House;595 000,00 €;215;Braga;House
3655;4+1-Bedroom;595 000,00 €;343;Braga;House
3656;3-Bedroom;595 000,00 €;239;Braga;House
3657;5-Bedroom;595 000,00 €;251;Braga;House
3658;4-Bedroom;596 500,00 €;220;Braga;House
3659;3-Bedroom;597 000,00 €;240;Braga;House
3660;4-Bedroom;598 000,00 €;212;Braga;House
3661;3-Bedroom;600 000,00 €;444;Braga;House
3662;3-Bedroom;600 000,00 €;300;Braga;House
3663;3-Bedroom;600 000,00 €;288;Braga;House
3664;Detached House;600 000,00 €;416;Braga;House
3665;Detached House;600 000,00 €;416;Braga;House
3666;Detached House;600 000,00 €;416;Braga;House
3667;Detached House;600 000,00 €;416;Braga;House
3668;Detached House;600 000,00 €;416;Braga;House
3669;Detached House;600 000,00 €;416;Braga;House
3670;Detached House;600 000,00 €;416;Braga;House
3671;Detached House;600 000,00 €;416;Braga;House
3672;Detached House;600 000,00 €;416;Braga;House
3673;Detached House;600 000,00 €;416;Braga;House
3674;Detached House;600 000,00 €;416;Braga;House
3675;Detached House;600 000,00 €;416;Braga;House
3676;3-Bedroom;600 000,00 €;415;Braga;House
3677;3-Bedroom;600 000,00 €;170;Braga;House
3678;4-Bedroom;600 000,00 €;306;Braga;House
3679;Detached House;600 000,00 €;416;Braga;House
3680;7-Bedroom;610 000,00 €;250;Braga;House
3681;3-Bedroom;620 000,00 €;445;Braga;House
3682;Detached House;620 000,00 €;416;Braga;House
3683;Detached House;620 000,00 €;416;Braga;House
3684;Detached House;620 000,00 €;416;Braga;House
3685;Detached House;620 000,00 €;416;Braga;House
3686;Detached House;620 000,00 €;416;Braga;House
3687;3+1-Bedroom;625 000,00 €;280;Braga;House
3688;Detached House;625 000,00 €;280;Braga;House
3689;3-Bedroom;625 000,00 €;181;Braga;House
3690;3-Bedroom;625 000,00 €;280;Braga;House
3691;3-Bedroom;625 000,00 €;280;Braga;House
3692;3-Bedroom;625 000,00 €;300;Braga;House
3693;4-Bedroom;625 000,00 €;276;Braga;House
3694;3-Bedroom;625 000,00 €;257;Braga;House
3695;Detached House;625 000,00 €;292;Braga;House
3696;Detached House;625 000,00 €;292;Braga;House
3697;Detached House;625 000,00 €;292;Braga;House
3698;Detached House;625 000,00 €;292;Braga;House
3699;3-Bedroom;625 000,00 €;280;Braga;House
3700;Detached House;625 000,00 €;292;Braga;House
3701;Detached House;625 000,00 €;292;Braga;House
3702;4-Bedroom;625 000,00 €;292;Braga;House
3703;4-Bedroom;625 000,00 €;223;Braga;House
3704;4-Bedroom;625 000,00 €;276;Braga;House
3705;3-Bedroom;625 000,00 €;300;Braga;House
3706;4-Bedroom;625 000,00 €;276;Braga;House
3707;4-Bedroom;625 000,00 €;276;Braga;House
3708;3+1-Bedroom;625 000,00 €;280;Braga;House
3709;3-Bedroom;639 900,00 €;244;Braga;House
3710;4-Bedroom;640 000,00 €;390;Braga;House
3711;8-Bedroom;640 000,00 €;761;Braga;House
3712;5-Bedroom;640 000,00 €;485;Braga;House
3713;8-Bedroom;640 000,00 €;761;Braga;House
3714;4-Bedroom;643 000,00 €;1.065;Braga;House
3715;3-Bedroom;649 000,00 €;432;Braga;House
3716;3-Bedroom;649 000,00 €;442;Braga;House
3717;3-Bedroom;649 000,00 €;300;Braga;House
3718;3-Bedroom;649 900,00 €;200;Braga;House
3719;3+1-Bedroom;650 000,00 €;327;Braga;House
3720;4-Bedroom;650 000,00 €;345;Braga;House
3721;4-Bedroom;650 000,00 €;310;Braga;House
3722;4-Bedroom;650 000,00 €;276;Braga;House
3723;4-Bedroom;650 000,00 €;384;Braga;House
3724;Detached House;650 000,00 €;762;Braga;House
3725;4-Bedroom;650 000,00 €;327;Braga;House
3726;4-Bedroom;650 000,00 €;276;Braga;House
3727;4-Bedroom;650 000,00 €;300;Braga;House
3728;Detached House;650 000,00 €;332;Braga;House
3729;4-Bedroom;650 000,00 €;548;Braga;House
3730;Detached House;650 000,00 €;332;Braga;House
3731;Detached House;650 000,00 €;332;Braga;House
3732;Detached House;650 000,00 €;332;Braga;House
3733;4-Bedroom;650 000,00 €;276;Braga;House
3734;4-Bedroom;650 000,00 €;223;Braga;House
3735;Detached House;650 000,00 €;329;Braga;House
3736;4-Bedroom;650 000,00 €;513;Braga;House
3737;Detached House;659 000,00 €;300;Braga;House
3738;3-Bedroom;660 000,00 €;316;Braga;House
3739;6-Bedroom;665 000,00 €;989;Braga;House
3740;3-Bedroom;665 000,00 €;355;Braga;House
3741;4-Bedroom;670 000,00 €;300;Braga;House
3742;3-Bedroom;670 000,00 €;336;Braga;House
3743;3-Bedroom;670 000,00 €;240;Braga;House
3744;4-Bedroom;680 000,00 €;527;Braga;House
3745;4-Bedroom;680 000,00 €;356;Braga;House
3746;4-Bedroom;680 000,00 €;356;Braga;House
3747;4-Bedroom;680 000,00 €;527;Braga;House
3748;Farmhouse;685 000,00 €;550;Braga;House
3749;Farmhouse;685 000,00 €;550;Braga;House
3750;5-Bedroom;690 000,00 €;246;Braga;House
3751;5-Bedroom;690 000,00 €;1.068;Braga;House
3752;3-Bedroom;690 000,00 €;432;Braga;House
3753;Detached House;695 000,00 €;166;Braga;House
3754;3-Bedroom;695 000,00 €;188;Braga;House
3755;8-Bedroom;695 000,00 €;630;Braga;House
3756;4-Bedroom;699 000,00 €;465;Braga;House
3757;3-Bedroom;699 000,00 €;601;Braga;House
3758;3-Bedroom;699 000,00 €;607;Braga;House
3759;4-Bedroom;699 950,00 €;278;Braga;House
3760;4-Bedroom;700 000,00 €;283;Braga;House
3761;4-Bedroom;700 000,00 €;208;Braga;House
3762;3-Bedroom;700 000,00 €;231;Braga;House
3763;4-Bedroom;715 000,00 €;360;Braga;House
3764;4-Bedroom;715 000,00 €;305;Braga;House
3765;4-Bedroom;715 000,00 €;360;Braga;House
3766;5+1-Bedroom;725 000,00 €;424;Braga;House
3767;5-Bedroom;730 000,00 €;296;Braga;House
3768;5-Bedroom;730 000,00 €;448;Braga;House
3769;4-Bedroom;735 000,00 €;314;Braga;House
3770;4-Bedroom;745 000,00 €;450;Braga;House
3771;5-Bedroom;745 000,00 €;795;Braga;House
3772;3-Bedroom;750 000,00 €;449;Braga;House
3773;6-Bedroom;750 000,00 €;695;Braga;House
3774;Detached House;750 000,00 €;578;Braga;House
3775;6-Bedroom;750 000,00 €;546;Braga;House
3776;3-Bedroom;750 000,00 €;383;Braga;House
3777;4-Bedroom;750 000,00 €;365;Braga;House
3778;6-Bedroom;750 000,00 €;580;Braga;House
3779;4-Bedroom;750 000,00 €;419;Braga;House
3780;3-Bedroom;750 000,00 €;113;Braga;House
3781;3-Bedroom;750 000,00 €;449;Braga;House
3782;4-Bedroom;756 000,00 €;594;Braga;House
3783;4-Bedroom;759 900,00 €;340;Braga;House
3784;10-Bedroom;770 000,00 €;710;Braga;House
3785;5-Bedroom;775 000,00 €;687;Braga;House
3786;5-Bedroom;775 000,00 €;687;Braga;House
3787;4-Bedroom;785 000,00 €;330;Braga;House
3788;4-Bedroom;788 000,00 €;291;Braga;House
3789;3-Bedroom;795 000,00 €;430;Braga;House
3790;4-Bedroom;797 500,00 €;400;Braga;House
3791;Detached House;799 000,00 €;335;Braga;House
3792;4-Bedroom;799 900,00 €;380;Braga;House
3793;4-Bedroom;800 000,00 €;717;Braga;House
3794;4-Bedroom;800 000,00 €;342;Braga;House
3795;3-Bedroom;800 000,00 €;189;Braga;House
3796;4-Bedroom;800 000,00 €;342;Braga;House
3797;Apartment;800 000,00 €;273;Braga;House
3798;4-Bedroom;800 000,00 €;300;Braga;House
3799;Detached House;800 000,00 €;457;Braga;House
3800;5-Bedroom;800 000,00 €;344;Braga;House
3801;3-Bedroom;820 000,00 €;302;Braga;House
3802;3-Bedroom;820 000,00 €;300;Braga;House
3803;7-Bedroom;820 000,00 €;490;Braga;House
3804;4-Bedroom;820 000,00 €;385;Braga;House
3805;4-Bedroom;825 000,00 €;472;Braga;House
3806;4-Bedroom;835 000,00 €;440;Braga;House
3807;4-Bedroom;840 000,00 €;440;Braga;House
3808;3-Bedroom;849 000,00 €;454;Braga;House
3809;4-Bedroom;849 990,00 €;255;Braga;House
3810;4-Bedroom;849 990,00 €;298;Braga;House
3811;4-Bedroom;849 990,00 €;221;Braga;House
3812;3-Bedroom;850 000,00 €;302;Braga;House
3813;3-Bedroom;850 000,00 €;302;Braga;House
3814;3-Bedroom;850 000,00 €;302;Braga;House
3815;Detached House;850 000,00 €;488;Braga;House
3816;3-Bedroom;850 000,00 €;302;Braga;House
3817;4-Bedroom;850 000,00 €;186;Braga;House
3818;5-Bedroom;869 000,00 €;250;Braga;House
3819;4+1-Bedroom;870 000,00 €;422;Braga;House
3820;6-Bedroom;875 000,00 €;380;Braga;House
3821;4-Bedroom;880 000,00 €;490;Braga;House
3822;4-Bedroom;880 000,00 €;344;Braga;House
3823;8-Bedroom;889 900,00 €;552;Braga;House
3824;8-Bedroom;889 900,00 €;552;Braga;House
3825;3-Bedroom;890 000,00 €;357;Braga;House
3826;3-Bedroom;890 000,00 €;357;Braga;House
3827;7+1-Bedroom;899 900,00 €;558;Braga;House
3828;3-Bedroom;899 900,00 €;162;Braga;House
3829;4-Bedroom;900 000,00 €;471;Braga;House
3830;5-Bedroom;900 000,00 €;393;Braga;House
3831;4-Bedroom;950 000,00 €;239;Braga;House
3832;7-Bedroom;950 000,00 €;86;Braga;House
3833;5-Bedroom;955 000,00 €;559;Braga;House
3834;Detached House;980 000,00 €;254;Braga;House
3835;Detached House;980 000,00 €;254;Braga;House
3836;3-Bedroom;980 000,00 €;190;Braga;House
3837;7-Bedroom;985 000,00 €;748;Braga;House
3838;7-Bedroom;985 000,00 €;748;Braga;House
3839;9-Bedroom;990 000,00 €;304;Braga;House
3840;Farmhouse;995 000,00 €;1.178;Braga;House
3841;5-Bedroom;995 000,00 €;974;Braga;House
3842;4-Bedroom;995 000,00 €;450;Braga;House
3843;Detached House;999 000,00 €;250;Braga;House
3844;3-Bedroom;999 000,00 €;450;Braga;House
3845;Farmhouse;999 000,00 €;12.112;Braga;House
3846;Detached House;999 000,00 €;250;Braga;House
3847;Farmhouse;1 000 000,00 €;1.173;Braga;House
3848;Detached House;1 000 000,00 €;457;Braga;House
3849;3-Bedroom;1 000 000,00 €;780;Braga;House
3850;3-Bedroom;1 100 000,00 €;430;Braga;House
3851;Detached House;1 100 000,00 €;325;Braga;House
3852;4-Bedroom;1 125 000,00 €;560;Braga;House
3853;5-Bedroom;1 125 000,00 €;559;Braga;House
3854;3-Bedroom;1 150 000,00 €;404;Braga;House
3855;8-Bedroom;1 150 000,00 €;782;Braga;House
3856;8-Bedroom;1 150 000,00 €;375;Braga;House
3857;3-Bedroom;1 180 000,00 €;546;Braga;House
3858;8-Bedroom;1 190 000,00 €;2.280;Braga;House
3859;8-Bedroom;1 190 000,00 €;2.280;Braga;House
3860;7-Bedroom;1 200 000,00 €;436;Braga;House
3861;6-Bedroom;1 200 000,00 €;436;Braga;House
3862;4-Bedroom;1 200 000,00 €;490;Braga;House
3863;4-Bedroom;1 200 000,00 €;611;Braga;House
3864;Detached House;1 245 000,00 €;1.606;Braga;House
3865;4-Bedroom;1 250 000,00 €;990;Braga;House
3866;Manor House;1 250 000,00 €;489;Braga;House
3867;3-Bedroom;1 250 000,00 €;376;Braga;House
3868;3-Bedroom;1 250 000,00 €;376;Braga;House
3869;4-Bedroom;1 250 000,00 €;671;Braga;House
3870;4-Bedroom;1 300 000,00 €;533;Braga;House
3871;4-Bedroom;1 300 000,00 €;533;Braga;House
3872;4-Bedroom;1 300 000,00 €;533;Braga;House
3873;4-Bedroom;1 300 000,00 €;533;Braga;House
3874;3-Bedroom;1 300 000,00 €;611;Braga;House
3875;5-Bedroom;1 300 000,00 €;783;Braga;House
3876;3-Bedroom;1 300 000,00 €;840;Braga;House
3877;4-Bedroom;1 300 000,00 €;533;Braga;House
3878;4+2-Bedroom;1 300 000,00 €;320;Braga;House
3879;4-Bedroom;1 300 000,00 €;514;Braga;House
3880;9-Bedroom;1 300 000,00 €;683;Braga;House
3881;6-Bedroom;1 300 000,00 €;730;Braga;House
3882;4-Bedroom;1 300 000,00 €;514;Braga;House
3883;6-Bedroom;1 300 000,00 €;16.057;Braga;House
3884;4-Bedroom;1 300 000,00 €;533;Braga;House
3885;4-Bedroom;1 300 000,00 €;533;Braga;House
3886;4-Bedroom;1 300 000,00 €;533;Braga;House
3887;4-Bedroom;1 300 000,00 €;533;Braga;House
3888;Villa;1 315 000,00 €;Terreno 2.100;Braga;House
3889;5-Bedroom;1 347 349,00 €;509;Braga;House
3890;5-Bedroom;1 400 000,00 €;516;Braga;House
3891;T20;1 450 000,00 €;835;Braga;House
3892;6-Bedroom;1 450 000,00 €;1.144;Braga;House
3893;5-Bedroom;1 450 000,00 €;452;Braga;House
3894;5-Bedroom;1 450 000,00 €;330;Braga;House
3895;7-Bedroom;1 450 000,00 €;311;Braga;House
3896;3-Bedroom;1 490 000,00 €;480;Braga;House
3897;4-Bedroom;1 500 000,00 €;374;Braga;House
3898;5-Bedroom;1 500 000,00 €;380;Braga;House
3899;5-Bedroom;1 500 000,00 €;973;Braga;House
3900;Farmhouse;1 500 000,00 €;700;Braga;House
3901;10-Bedroom;1 500 000,00 €;976;Braga;House
3902;3-Bedroom;1 500 000,00 €;180;Braga;House
3903;7-Bedroom;1 500 000,00 €;50.000;Braga;House
3904;4-Bedroom;1 550 000,00 €;476;Braga;House
3905;4-Bedroom;1 550 000,00 €;476;Braga;House
3906;Farmhouse;1 580 000,00 €;453;Braga;House
3907;5-Bedroom;1 600 000,00 €;339;Braga;House
3908;3-Bedroom;1 600 000,00 €;478;Braga;House
3909;6-Bedroom;1 750 000,00 €;802;Braga;House
3910;4-Bedroom;1 750 000,00 €;669;Braga;House
3911;6-Bedroom;1 750 000,00 €;802;Braga;House
3912;5-Bedroom;1 750 000,00 €;787;Braga;House
3913;5-Bedroom;1 750 000,00 €;1.245;Braga;House
3914;5-Bedroom;1 750 000,00 €;389;Braga;House
3915;4-Bedroom;1 800 000,00 €;450;Braga;House
3916;4-Bedroom;1 800 000,00 €;448;Braga;House
3917;4-Bedroom;1 900 000,00 €;1.279;Braga;House
3918;5-Bedroom;2 000 000,00 €;1.219;Braga;House
3919;4-Bedroom;2 100 000,00 €;300;Braga;House
3920;4-Bedroom;2 350 000,00 €;595;Braga;House
3921;Farmhouse;2 500 000,00 €;758;Braga;House
3922;3-Bedroom;2 500 000,00 €;420;Braga;House
3923;13-Bedroom;2 500 000,00 €;277;Braga;House
3924;Farmhouse;2 500 000,00 €;758;Braga;House
3925;T21;2 600 000,00 €;1.203;Braga;House
3926;5-Bedroom;2 650 000,00 €;762;Braga;House
3927;Detached House;2 700 000,00 €;984;Braga;House
3928;6-Bedroom;2 850 000,00 €;510;Braga;House
3929;Farmhouse;2 900 000,00 €;2.230;Braga;House
3930;5-Bedroom;2 950 000,00 €;417;Braga;House
3931;4-Bedroom;3 750 000,00 €;746;Braga;House
3932;1-Bedroom;3 800 000,00 €;560;Braga;House
3933;10-Bedroom;4 000 000,00 €;360;Braga;House
3934;Farmhouse;4 500 000,00 €;817;Braga;House
3935;2-Bedroom;10 000,00 €;52;Braganca;House
3936;2-Bedroom;10 000,00 €;192;Braganca;House
3937;Studio;10 000,00 €;1.040;Braganca;House
3938;Studio;11 000,00 €;109;Braganca;House
3939;Studio;12 000,00 €;900;Braganca;House
3940;Studio;13 000,00 €;1.800;Braganca;House
3941;2-Bedroom;15 000,00 €;89;Braganca;House
3942;Studio;15 000,00 €;2.500;Braganca;House
3943;1-Bedroom;17 500,00 €;Terreno 800;Braganca;House
3944;2-Bedroom;18 000,00 €;156;Braganca;House
3945;Detached House;19 000,00 €;78;Braganca;House
3946;2-Bedroom;20 000,00 €;146;Braganca;House
3947;1+1-Bedroom;20 000,00 €;83;Braganca;House
3948;3-Bedroom;23 000,00 €;Terreno 142;Braganca;House
3949;2-Bedroom;25 000,00 €;Terreno 4.700;Braganca;House
3950;2-Bedroom;25 000,00 €;172;Braganca;House
3951;1+1-Bedroom;25 000,00 €;Terreno 20;Braganca;House
3952;2-Bedroom;25 000,00 €;98;Braganca;House
3953;2-Bedroom;25 000,00 €;240;Braganca;House
3954;2-Bedroom;25 000,00 €;98;Braganca;House
3955;2-Bedroom;25 000,00 €;176;Braganca;House
3956;3-Bedroom;27 000,00 €;93;Braganca;House
3957;2-Bedroom;28 000,00 €;80;Braganca;House
3958;2-Bedroom;32 000,00 €;188;Braganca;House
3959;3-Bedroom;32 500,00 €;180;Braganca;House
3960;Studio;33 000,00 €;400;Braganca;House
3961;5-Bedroom;34 000,00 €;Terreno 158;Braganca;House
3962;3-Bedroom;35 000,00 €;300;Braganca;House
3963;1-Bedroom;35 000,00 €;30;Braganca;House
3964;3-Bedroom;35 000,00 €;110;Braganca;House
3965;3-Bedroom;39 000,00 €;132;Braganca;House
3966;4-Bedroom;39 900,00 €;116;Braganca;House
3967;2+1-Bedroom;40 000,00 €;108;Braganca;House
3968;4-Bedroom;44 800,00 €;270;Braganca;House
3969;Detached House;44 800,00 €;132;Braganca;House
3970;3-Bedroom;45 000,00 €;100;Braganca;House
3971;4-Bedroom;45 000,00 €;418;Braganca;House
3972;3+1-Bedroom;45 000,00 €;160;Braganca;House
3973;3-Bedroom;48 000,00 €;234;Braganca;House
3974;6-Bedroom;50 000,00 €;320;Braganca;House
3975;3-Bedroom;50 000,00 €;148;Braganca;House
3976;4-Bedroom;52 000,00 €;180;Braganca;House
3977;5-Bedroom;54 000,00 €;210;Braganca;House
3978;1+1-Bedroom;55 000,00 €;200;Braganca;House
3979;3-Bedroom;55 000,00 €;189;Braganca;House
3980;3-Bedroom;57 500,00 €;Terreno 127;Braganca;House
3981;4-Bedroom;59 000,00 €;113;Braganca;House
3982;3-Bedroom;60 000,00 €;136;Braganca;House
3983;3-Bedroom;60 000,00 €;160;Braganca;House
3984;4-Bedroom;60 000,00 €;140;Braganca;House
3985;3-Bedroom;64 000,00 €;98;Braganca;House
3986;2-Bedroom;65 000,00 €;110;Braganca;House
3987;2-Bedroom;65 000,00 €;122;Braganca;House
3988;3-Bedroom;65 000,00 €;80;Braganca;House
3989;3-Bedroom;68 000,00 €;200;Braganca;House
3990;3+1-Bedroom;69 990,00 €;229;Braganca;House
3991;3-Bedroom;70 000,00 €;227;Braganca;House
3992;2-Bedroom;70 000,00 €;135;Braganca;House
3993;3-Bedroom;73 000,00 €;220;Braganca;House
3994;3-Bedroom;73 000,00 €;113;Braganca;House
3995;2-Bedroom;75 000,00 €;256;Braganca;House
3996;2+1-Bedroom;75 000,00 €;92;Braganca;House
3997;4-Bedroom;75 000,00 €;160;Braganca;House
3998;3-Bedroom;75 000,00 €;120;Braganca;House
3999;3-Bedroom;77 000,00 €;139;Braganca;House
4000;3-Bedroom;78 500,00 €;120;Braganca;House
4001;2+1-Bedroom;80 000,00 €;126;Braganca;House
4002;4-Bedroom;80 000,00 €;216;Braganca;House
4003;2-Bedroom;80 000,00 €;82;Braganca;House
4004;4+1-Bedroom;80 000,00 €;264;Braganca;House
4005;2-Bedroom;80 000,00 €;95;Braganca;House
4006;3-Bedroom;80 000,00 €;154;Braganca;House
4007;4-Bedroom;81 500,00 €;135;Braganca;House
4008;2-Bedroom;85 000,00 €;88;Braganca;House
4009;2-Bedroom;85 000,00 €;73;Braganca;House
4010;2+1-Bedroom;85 000,00 €;117;Braganca;House
4011;2-Bedroom;85 000,00 €;70;Braganca;House
4012;2+1-Bedroom;85 000,00 €;90;Braganca;House
4013;2-Bedroom;85 000,00 €;62;Braganca;House
4014;3-Bedroom;85 000,00 €;90;Braganca;House
4015;3-Bedroom;85 000,00 €;80;Braganca;House
4016;2-Bedroom;85 000,00 €;70;Braganca;House
4017;3-Bedroom;85 000,00 €;94;Braganca;House
4018;2-Bedroom;85 000,00 €;80;Braganca;House
4019;3-Bedroom;85 000,00 €;90;Braganca;House
4020;2-Bedroom;85 000,00 €;73;Braganca;House
4021;3-Bedroom;85 000,00 €;93;Braganca;House
4022;2-Bedroom;85 000,00 €;67;Braganca;House
4023;2-Bedroom;85 000,00 €;90;Braganca;House
4024;2-Bedroom;85 000,00 €;80;Braganca;House
4025;2-Bedroom;85 000,00 €;69;Braganca;House
4026;3-Bedroom;85 000,00 €;80;Braganca;House
4027;3-Bedroom;85 000,00 €;96;Braganca;House
4028;3-Bedroom;85 000,00 €;80;Braganca;House
4029;2-Bedroom;85 000,00 €;70;Braganca;House
4030;2-Bedroom;85 000,00 €;62;Braganca;House
4031;2-Bedroom;85 000,00 €;70;Braganca;House
4032;2-Bedroom;85 000,00 €;85;Braganca;House
4033;3-Bedroom;85 000,00 €;90;Braganca;House
4034;2-Bedroom;85 000,00 €;67;Braganca;House
4035;2-Bedroom;85 000,00 €;61;Braganca;House
4036;2-Bedroom;85 000,00 €;89;Braganca;House
4037;2-Bedroom;85 000,00 €;73;Braganca;House
4038;2-Bedroom;85 000,00 €;84;Braganca;House
4039;3-Bedroom;85 000,00 €;84;Braganca;House
4040;2-Bedroom;85 000,00 €;61;Braganca;House
4041;2-Bedroom;85 000,00 €;61;Braganca;House
4042;2-Bedroom;85 000,00 €;80;Braganca;House
4043;2-Bedroom;85 000,00 €;61;Braganca;House
4044;2-Bedroom;85 000,00 €;117;Braganca;House
4045;2-Bedroom;85 000,00 €;88;Braganca;House
4046;2-Bedroom;85 000,00 €;69;Braganca;House
4047;2-Bedroom;85 000,00 €;72;Braganca;House
4048;2-Bedroom;85 000,00 €;69;Braganca;House
4049;2-Bedroom;85 000,00 €;79;Braganca;House
4050;2-Bedroom;85 000,00 €;72;Braganca;House
4051;2-Bedroom;85 000,00 €;69;Braganca;House
4052;2-Bedroom;85 000,00 €;84;Braganca;House
4053;3-Bedroom;85 000,00 €;96;Braganca;House
4054;3-Bedroom;85 000,00 €;993;Braganca;House
4055;2-Bedroom;85 000,00 €;70;Braganca;House
4056;3-Bedroom;85 000,00 €;146;Braganca;House
4057;2-Bedroom;85 000,00 €;78;Braganca;House
4058;2-Bedroom;89 500,00 €;130;Braganca;House
4059;Detached House;90 000,00 €;40;Braganca;House
4060;2-Bedroom;90 000,00 €;68;Braganca;House
4061;4-Bedroom;90 000,00 €;149;Braganca;House
4062;Detached House;90 000,00 €;98;Braganca;House
4063;3-Bedroom;90 000,00 €;81;Braganca;House
4064;2-Bedroom;90 000,00 €;71;Braganca;House
4065;3-Bedroom;90 000,00 €;187;Braganca;House
4066;2-Bedroom;90 000,00 €;88;Braganca;House
4067;3-Bedroom;92 000,00 €;80;Braganca;House
4068;3-Bedroom;93 000,00 €;165;Braganca;House
4069;3-Bedroom;93 000,00 €;165;Braganca;House
4070;2-Bedroom;93 000,00 €;77;Braganca;House
4071;4-Bedroom;95 000,00 €;130;Braganca;House
4072;3-Bedroom;95 000,00 €;267;Braganca;House
4073;3-Bedroom;95 000,00 €;78;Braganca;House
4074;Detached House;95 000,00 €;116;Braganca;House
4075;5-Bedroom;95 000,00 €;267;Braganca;House
4076;3-Bedroom;97 000,00 €;97;Braganca;House
4077;6-Bedroom;100 000,00 €;170;Braganca;House
4078;3-Bedroom;100 000,00 €;128;Braganca;House
4079;5-Bedroom;100 000,00 €;189;Braganca;House
4080;2-Bedroom;100 000,00 €;480;Braganca;House
4081;3-Bedroom;106 000,00 €;222;Braganca;House
4082;2-Bedroom;110 000,00 €;96;Braganca;House
4083;2-Bedroom;110 000,00 €;107;Braganca;House
4084;1-Bedroom;110 000,00 €;1.000;Braganca;House
4085;4-Bedroom;110 000,00 €;80;Braganca;House
4086;Small Farmhouse;110 000,00 €;1.000;Braganca;House
4087;3-Bedroom;114 000,00 €;134;Braganca;House
4088;3-Bedroom;115 000,00 €;140;Braganca;House
4089;5+2-Bedroom;120 000,00 €;500;Braganca;House
4090;Studio;120 000,00 €;290;Braganca;House
4091;4-Bedroom;120 000,00 €;327;Braganca;House
4092;6-Bedroom;125 000,00 €;379;Braganca;House
4093;2-Bedroom;125 000,00 €;115;Braganca;House
4094;2-Bedroom;125 000,00 €;184;Braganca;House
4095;5-Bedroom;127 000,00 €;143;Braganca;House
4096;6-Bedroom;128 000,00 €;258;Braganca;House
4097;6-Bedroom;128 000,00 €;265;Braganca;House
4098;2-Bedroom;130 000,00 €;79;Braganca;House
4099;2-Bedroom;132 000,00 €;129;Braganca;House
4100;3-Bedroom;135 000,00 €;120;Braganca;House
4101;3-Bedroom;137 500,00 €;101;Braganca;House
4102;3-Bedroom;138 000,00 €;85;Braganca;House
4103;2-Bedroom;139 000,00 €;150;Braganca;House
4104;5-Bedroom;140 000,00 €;164;Braganca;House
4105;3-Bedroom;140 000,00 €;100.000;Braganca;House
4106;3-Bedroom;140 000,00 €;120;Braganca;House
4107;4-Bedroom;140 000,00 €;176;Braganca;House
4108;Studio;145 000,00 €;590;Braganca;House
4109;4-Bedroom;145 000,00 €;119;Braganca;House
4110;4+1-Bedroom;148 000,00 €;104;Braganca;House
4111;Detached House;149 900,00 €;201;Braganca;House
4112;3-Bedroom;150 000,00 €;200;Braganca;House
4113;3-Bedroom;150 000,00 €;166;Braganca;House
4114;4-Bedroom;152 000,00 €;192;Braganca;House
4115;4-Bedroom;155 000,00 €;156;Braganca;House
4116;4-Bedroom;155 000,00 €;156;Braganca;House
4117;4-Bedroom;155 000,00 €;156;Braganca;House
4118;4-Bedroom;155 000,00 €;156;Braganca;House
4119;2-Bedroom;155 000,00 €;93;Braganca;House
4120;3-Bedroom;160 000,00 €;146;Braganca;House
4121;8-Bedroom;160 000,00 €;444;Braganca;House
4122;3-Bedroom;164 000,00 €;300;Braganca;House
4123;5-Bedroom;165 000,00 €;380;Braganca;House
4124;4-Bedroom;165 000,00 €;154;Braganca;House
4125;4-Bedroom;165 000,00 €;154;Braganca;House
4126;2-Bedroom;165 000,00 €;96;Braganca;House
4127;2-Bedroom;168 000,00 €;149;Braganca;House
4128;4-Bedroom;170 000,00 €;346;Braganca;House
4129;3-Bedroom;170 000,00 €;140;Braganca;House
4130;3-Bedroom;170 000,00 €;200;Braganca;House
4131;4-Bedroom;175 000,00 €;200;Braganca;House
4132;3-Bedroom;175 000,00 €;150;Braganca;House
4133;2-Bedroom;175 000,00 €;88;Braganca;House
4134;2-Bedroom;179 000,00 €;13.000;Braganca;House
4135;3-Bedroom;190 000,00 €;190;Braganca;House
4136;4-Bedroom;195 000,00 €;Terreno 751;Braganca;House
4137;4-Bedroom;196 000,00 €;175;Braganca;House
4138;4-Bedroom;198 000,00 €;492;Braganca;House
4139;4-Bedroom;200 000,00 €;226;Braganca;House
4140;4-Bedroom;200 000,00 €;400;Braganca;House
4141;4-Bedroom;210 000,00 €;191;Braganca;House
4142;5-Bedroom;215 000,00 €;39.800;Braganca;House
4143;3-Bedroom;218 500,00 €;348;Braganca;House
4144;6-Bedroom;220 000,00 €;431;Braganca;House
4145;1-Bedroom;225 000,00 €;200;Braganca;House
4146;Studio;225 000,00 €;200;Braganca;House
4147;6-Bedroom;225 000,00 €;1.422;Braganca;House
4148;4-Bedroom;227 500,00 €;337;Braganca;House
4149;3-Bedroom;229 000,00 €;Terreno 2.000;Braganca;House
4150;4-Bedroom;235 000,00 €;136;Braganca;House
4151;4-Bedroom;240 000,00 €;280;Braganca;House
4152;4-Bedroom;250 000,00 €;Terreno 3.000;Braganca;House
4153;T15;289 000,00 €;1.230;Braganca;House
4154;3-Bedroom;290 000,00 €;274;Braganca;House
4155;2-Bedroom;295 000,00 €;36.418;Braganca;House
4156;4-Bedroom;295 000,00 €;318.476;Braganca;House
4157;3-Bedroom;300 000,00 €;324;Braganca;House
4158;7-Bedroom;300 000,00 €;280;Braganca;House
4159;4-Bedroom;300 000,00 €;322;Braganca;House
4160;3-Bedroom;310 000,00 €;167;Braganca;House
4161;3-Bedroom;310 000,00 €;400;Braganca;House
4162;4-Bedroom;315 000,00 €;306;Braganca;House
4163;5-Bedroom;320 000,00 €;427;Braganca;House
4164;4-Bedroom;320 000,00 €;319;Braganca;House
4165;5-Bedroom;330 000,00 €;372;Braganca;House
4166;5-Bedroom;350 000,00 €;265;Braganca;House
4167;4-Bedroom;350 000,00 €;245;Braganca;House
4168;4-Bedroom;350 000,00 €;500;Braganca;House
4169;5-Bedroom;350 000,00 €;320;Braganca;House
4170;4-Bedroom;375 000,00 €;356;Braganca;House
4171;4-Bedroom;380 000,00 €;240;Braganca;House
4172;5-Bedroom;380 000,00 €;450;Braganca;House
4173;3-Bedroom;389 000,00 €;220;Braganca;House
4174;4-Bedroom;390 000,00 €;338;Braganca;House
4175;8-Bedroom;390 000,00 €;480;Braganca;House
4176;2-Bedroom;399 000,00 €;280;Braganca;House
4177;2-Bedroom;399 000,00 €;169;Braganca;House
4178;5-Bedroom;400 000,00 €;710;Braganca;House
4179;4-Bedroom;400 000,00 €;Terreno 1.215;Braganca;House
4180;8-Bedroom;425 000,00 €;294;Braganca;House
4181;T18;440 000,00 €;1.764;Braganca;House
4182;4-Bedroom;472 500,00 €;28.000;Braganca;House
4183;3-Bedroom;475 000,00 €;184;Braganca;House
4184;3-Bedroom;490 000,00 €;178;Braganca;House
4185;Detached House;495 000,00 €;568;Braganca;House
4186;5-Bedroom;495 000,00 €;300;Braganca;House
4187;4-Bedroom;500 000,00 €;580;Braganca;House
4188;5-Bedroom;550 000,00 €;462;Braganca;House
4189;Farmhouse;580 000,00 €;400.000;Braganca;House
4190;7-Bedroom;590 000,00 €;494;Braganca;House
4191;4-Bedroom;595 000,00 €;392;Braganca;House
4192;Farmhouse;595 000,00 €;592;Braganca;House
4193;Farmhouse;650 000,00 €;129.073;Braganca;House
4194;8-Bedroom;650 000,00 €;500;Braganca;House
4195;9-Bedroom;700 000,00 €;514;Braganca;House
4196;11-Bedroom;700 000,00 €;940;Braganca;House
4197;4-Bedroom;750 000,00 €;600;Braganca;House
4198;Farmhouse;850 000,00 €;742;Braganca;House
4199;Studio;1 000 000,00 €;2.123;Braganca;House
4200;7-Bedroom;1 100 000,00 €;16.635;Braganca;House
4201;9-Bedroom;1 200 000,00 €;3.334;Braganca;House
4202;7-Bedroom;1 400 000,00 €;1.252;Braganca;House
4203;14-Bedroom;2 400 000,00 €;1.314;Braganca;House
4204;5-Bedroom;2 500 000,00 €;400;Braganca;House
4205;Farmhouse;2 500 000,00 €;500.000;Braganca;House
4206;T20;2 750 000,00 €;2.000;Braganca;House
4207;3-Bedroom;3 950 000,00 €;280;Braganca;House
4208;T30;7 000 000,00 €;1.200;Braganca;House
4209;Studio;5 900,00 €;60;Castelo-branco;House
4210;Studio;5 900,00 €;60;Castelo-branco;House
4211;1-Bedroom;6 800,00 €;54;Castelo-branco;House
4212;Detached House;7 000,00 €;20;Castelo-branco;House
4213;Studio;7 500,00 €;78;Castelo-branco;House
4214;Small Farmhouse;7 750,00 €;1.680;Castelo-branco;House
4215;2-Bedroom;8 000,00 €;93;Castelo-branco;House
4216;Studio;8 800,00 €;70;Castelo-branco;House
4217;1-Bedroom;8 950,00 €;100;Castelo-branco;House
4218;3-Bedroom;9 900,00 €;108;Castelo-branco;House
4219;1-Bedroom;9 900,00 €;50;Castelo-branco;House
4220;1-Bedroom;10 000,00 €;22;Castelo-branco;House
4221;1-Bedroom;10 500,00 €;140;Castelo-branco;House
4222;1-Bedroom;12 000,00 €;68;Castelo-branco;House
4223;Studio;12 000,00 €;100;Castelo-branco;House
4224;1-Bedroom;12 000,00 €;33;Castelo-branco;House
4225;Small Farmhouse;12 500,00 €;1.440;Castelo-branco;House
4226;1-Bedroom;12 500,00 €;24;Castelo-branco;House
4227;2-Bedroom;13 000,00 €;76;Castelo-branco;House
4228;2-Bedroom;13 000,00 €;160;Castelo-branco;House
4229;1-Bedroom;14 000,00 €;36;Castelo-branco;House
4230;Detached House;14 000,00 €;20;Castelo-branco;House
4231;2-Bedroom;14 000,00 €;60;Castelo-branco;House
4232;Ruin;14 000,00 €;85;Castelo-branco;House
4233;1-Bedroom;14 500,00 €;63;Castelo-branco;House
4234;2-Bedroom;14 900,00 €;140;Castelo-branco;House
4235;Studio;14 980,00 €;30;Castelo-branco;House
4236;Ruin;15 000,00 €;60;Castelo-branco;House
4237;4+2-Bedroom;15 000,00 €;222;Castelo-branco;House
4238;4-Bedroom;15 000,00 €;122;Castelo-branco;House
4239;Detached House;15 000,00 €;65;Castelo-branco;House
4240;Studio;15 000,00 €;36;Castelo-branco;House
4241;2-Bedroom;15 000,00 €;99;Castelo-branco;House
4242;Detached House;15 000,00 €;32;Castelo-branco;House
4243;1-Bedroom;15 000,00 €;79;Castelo-branco;House
4244;1-Bedroom;15 000,00 €;78;Castelo-branco;House
4245;2-Bedroom;15 000,00 €;140;Castelo-branco;House
4246;2-Bedroom;15 000,00 €;56;Castelo-branco;House
4247;3-Bedroom;15 000,00 €;123;Castelo-branco;House
4248;2-Bedroom;15 000,00 €;84;Castelo-branco;House
4249;2-Bedroom;15 000,00 €;84;Castelo-branco;House
4250;House;15 000,00 €;60;Castelo-branco;House
4251;2-Bedroom;15 000,00 €;450;Castelo-branco;House
4252;1-Bedroom;15 000,00 €;72;Castelo-branco;House
4253;2-Bedroom;16 000,00 €;184;Castelo-branco;House
4254;House;16 000,00 €;86;Castelo-branco;House
4255;1-Bedroom;16 150,00 €;35;Castelo-branco;House
4256;1-Bedroom;17 000,00 €;18;Castelo-branco;House
4257;2-Bedroom;17 000,00 €;39;Castelo-branco;House
4258;Studio;17 500,00 €;33;Castelo-branco;House
4259;2-Bedroom;17 500,00 €;90;Castelo-branco;House
4260;Studio;17 500,00 €;16;Castelo-branco;House
4261;Detached House;18 000,00 €;49;Castelo-branco;House
4262;2-Bedroom;18 500,00 €;40;Castelo-branco;House
4263;1-Bedroom;18 500,00 €;46;Castelo-branco;House
4264;Studio;18 650,00 €;3.750;Castelo-branco;House
4265;Studio;18 690,00 €;88;Castelo-branco;House
4266;1-Bedroom;18 750,00 €;117;Castelo-branco;House
4267;Studio;19 000,00 €;71;Castelo-branco;House
4268;Detached House;19 000,00 €;18;Castelo-branco;House
4269;4-Bedroom;19 000,00 €;34;Castelo-branco;House
4270;Small Farmhouse;19 000,00 €;60;Castelo-branco;House
4271;2-Bedroom;19 500,00 €;64;Castelo-branco;House
4272;Studio;19 500,00 €;47;Castelo-branco;House
4273;3-Bedroom;19 500,00 €;204;Castelo-branco;House
4274;3-Bedroom;19 900,00 €;120;Castelo-branco;House
4275;2-Bedroom;19 900,00 €;46;Castelo-branco;House
4276;House;20 000,00 €;Terreno 4.308;Castelo-branco;House
4277;Detached House;20 000,00 €;36;Castelo-branco;House
4278;2-Bedroom;20 000,00 €;158;Castelo-branco;House
4279;3-Bedroom;20 000,00 €;58;Castelo-branco;House
4280;Detached House;20 150,00 €;67;Castelo-branco;House
4281;Studio;21 000,00 €;90;Castelo-branco;House
4282;Farmhouse;21 750,00 €;23.240;Castelo-branco;House
4283;1-Bedroom;22 000,00 €;224;Castelo-branco;House
4284;3-Bedroom;22 000,00 €;256;Castelo-branco;House
4285;1-Bedroom;22 500,00 €;52;Castelo-branco;House
4286;2-Bedroom;23 000,00 €;200;Castelo-branco;House
4287;Studio;23 000,00 €;122;Castelo-branco;House
4288;2-Bedroom;23 500,00 €;44;Castelo-branco;House
4289;2-Bedroom;23 500,00 €;212;Castelo-branco;House
4290;2-Bedroom;23 500,00 €;1.375;Castelo-branco;House
4291;3-Bedroom;24 000,00 €;100;Castelo-branco;House
4292;2-Bedroom;24 500,00 €;97;Castelo-branco;House
4293;3-Bedroom;25 000,00 €;147;Castelo-branco;House
4294;Studio;25 000,00 €;140;Castelo-branco;House
4295;2-Bedroom;25 000,00 €;82;Castelo-branco;House
4296;3-Bedroom;25 000,00 €;178;Castelo-branco;House
4297;3-Bedroom;25 000,00 €;70;Castelo-branco;House
4298;2-Bedroom;25 000,00 €;100;Castelo-branco;House
4299;2-Bedroom;25 000,00 €;160;Castelo-branco;House
4300;3-Bedroom;25 000,00 €;96;Castelo-branco;House
4301;1-Bedroom;25 000,00 €;36;Castelo-branco;House
4302;Ruin;25 000,00 €;55;Castelo-branco;House
4303;3-Bedroom;25 000,00 €;117;Castelo-branco;House
4304;3-Bedroom;25 000,00 €;125;Castelo-branco;House
4305;3-Bedroom;25 000,00 €;73;Castelo-branco;House
4306;1-Bedroom;25 000,00 €;56;Castelo-branco;House
4307;1-Bedroom;25 000,00 €;20;Castelo-branco;House
4308;Farmhouse;25 000,00 €;30;Castelo-branco;House
4309;3-Bedroom;25 000,00 €;221;Castelo-branco;House
4310;Detached House;25 000,00 €;138;Castelo-branco;House
4311;2-Bedroom;25 000,00 €;40;Castelo-branco;House
4312;2-Bedroom;25 600,00 €;153;Castelo-branco;House
4313;2-Bedroom;25 750,00 €;129;Castelo-branco;House
4314;3-Bedroom;26 000,00 €;120;Castelo-branco;House
4315;1-Bedroom;26 400,00 €;160;Castelo-branco;House
4316;Detached House;26 500,00 €;50;Castelo-branco;House
4317;3-Bedroom;26 500,00 €;48;Castelo-branco;House
4318;3-Bedroom;26 500,00 €;48;Castelo-branco;House
4319;1-Bedroom;27 500,00 €;80;Castelo-branco;House
4320;Detached House;27 500,00 €;36;Castelo-branco;House
4321;2-Bedroom;27 500,00 €;84;Castelo-branco;House
4322;1-Bedroom;27 500,00 €;12.000;Castelo-branco;House
4323;3-Bedroom;27 500,00 €;85;Castelo-branco;House
4324;Studio;27 500,00 €;240;Castelo-branco;House
4325;2-Bedroom;27 500,00 €;54;Castelo-branco;House
4326;Farmhouse;27 750,00 €;8.120;Castelo-branco;House
4327;5-Bedroom;28 000,00 €;291;Castelo-branco;House
4328;3-Bedroom;28 000,00 €;128;Castelo-branco;House
4329;Studio;28 000,00 €;156;Castelo-branco;House
4330;2-Bedroom;28 500,00 €;88;Castelo-branco;House
4331;1-Bedroom;28 500,00 €;111;Castelo-branco;House
4332;Detached House;28 500,00 €;80;Castelo-branco;House
4333;2-Bedroom;28 900,00 €;150;Castelo-branco;House
4334;3-Bedroom;29 000,00 €;57;Castelo-branco;House
4335;1-Bedroom;29 000,00 €;118;Castelo-branco;House
4336;4-Bedroom;29 500,00 €;127;Castelo-branco;House
4337;2-Bedroom;29 500,00 €;98;Castelo-branco;House
4338;3-Bedroom;29 500,00 €;40;Castelo-branco;House
4339;Farmhouse;29 500,00 €;23.080;Castelo-branco;House
4340;2-Bedroom;29 500,00 €;94;Castelo-branco;House
4341;2-Bedroom;29 500,00 €;59;Castelo-branco;House
4342;Small Farmhouse;29 500,00 €;23.000;Castelo-branco;House
4343;House;29 750,00 €;105;Castelo-branco;House
4344;1-Bedroom;29 950,00 €;60;Castelo-branco;House
4345;2-Bedroom;30 000,00 €;70;Castelo-branco;House
4346;2-Bedroom;30 000,00 €;64;Castelo-branco;House
4347;2-Bedroom;30 000,00 €;56;Castelo-branco;House
4348;5-Bedroom;30 500,00 €;180;Castelo-branco;House
4349;5-Bedroom;30 565,00 €;181;Castelo-branco;House
4350;Small Farmhouse;31 000,00 €;22;Castelo-branco;House
4351;1-Bedroom;31 500,00 €;79;Castelo-branco;House
4352;Small Farmhouse;31 500,00 €;15;Castelo-branco;House
4353;Studio;32 000,00 €;270;Castelo-branco;House
4354;Small Farmhouse;32 000,00 €;15;Castelo-branco;House
4355;4-Bedroom;32 000,00 €;42;Castelo-branco;House
4356;3-Bedroom;32 000,00 €;150;Castelo-branco;House
4357;Studio;32 500,00 €;16.858;Castelo-branco;House
4358;3-Bedroom;32 900,00 €;138;Castelo-branco;House
4359;1-Bedroom;33 000,00 €;25;Castelo-branco;House
4360;2-Bedroom;33 000,00 €;120;Castelo-branco;House
4361;3-Bedroom;33 500,00 €;87;Castelo-branco;House
4362;3-Bedroom;34 000,00 €;764;Castelo-branco;House
4363;4-Bedroom;34 900,00 €;52;Castelo-branco;House
4364;2-Bedroom;35 000,00 €;33;Castelo-branco;House
4365;2-Bedroom;35 000,00 €;118;Castelo-branco;House
4366;2-Bedroom;35 000,00 €;52;Castelo-branco;House
4367;Small Farmhouse;35 000,00 €;48;Castelo-branco;House
4368;4-Bedroom;35 000,00 €;222;Castelo-branco;House
4369;2-Bedroom;35 000,00 €;131;Castelo-branco;House
4370;2-Bedroom;35 000,00 €;71;Castelo-branco;House
4371;4-Bedroom;35 000,00 €;135;Castelo-branco;House
4372;3-Bedroom;35 000,00 €;110;Castelo-branco;House
4373;2-Bedroom;35 000,00 €;128;Castelo-branco;House
4374;Detached House;35 000,00 €;50;Castelo-branco;House
4375;Detached House;35 000,00 €;Terreno 263;Castelo-branco;House
4376;2-Bedroom;35 000,00 €;409;Castelo-branco;House
4377;6-Bedroom;35 000,00 €;105;Castelo-branco;House
4378;3-Bedroom;36 000,00 €;118;Castelo-branco;House
4379;2-Bedroom;36 500,00 €;50;Castelo-branco;House
4380;2-Bedroom;36 500,00 €;45;Castelo-branco;House
4381;5-Bedroom;36 500,00 €;136;Castelo-branco;House
4382;3-Bedroom;37 000,00 €;76;Castelo-branco;House
4383;2-Bedroom;37 000,00 €;164;Castelo-branco;House
4384;2-Bedroom;37 000,00 €;92;Castelo-branco;House
4385;2-Bedroom;37 500,00 €;90;Castelo-branco;House
4386;2-Bedroom;37 500,00 €;90;Castelo-branco;House
4387;2-Bedroom;37 500,00 €;90;Castelo-branco;House
4388;4-Bedroom;37 500,00 €;267;Castelo-branco;House
4389;2-Bedroom;37 500,00 €;190;Castelo-branco;House
4390;2-Bedroom;37 500,00 €;132;Castelo-branco;House
4391;1-Bedroom;37 500,00 €;41;Castelo-branco;House
4392;1-Bedroom;37 500,00 €;48;Castelo-branco;House
4393;1-Bedroom;37 500,00 €;132;Castelo-branco;House
4394;Studio;37 500,00 €;106;Castelo-branco;House
4395;2-Bedroom;37 500,00 €;99;Castelo-branco;House
4396;3-Bedroom;38 000,00 €;130;Castelo-branco;House
4397;2-Bedroom;38 000,00 €;88;Castelo-branco;House
4398;4-Bedroom;38 000,00 €;165;Castelo-branco;House
4399;4-Bedroom;39 000,00 €;260;Castelo-branco;House
4400;3-Bedroom;39 000,00 €;200;Castelo-branco;House
4401;Detached House;39 000,00 €;81;Castelo-branco;House
4402;3-Bedroom;39 000,00 €;143;Castelo-branco;House
4403;Studio;39 000,00 €;54;Castelo-branco;House
4404;Studio;39 000,00 €;234;Castelo-branco;House
4405;4+1-Bedroom;39 900,00 €;74;Castelo-branco;House
4406;2-Bedroom;39 995,00 €;5.280;Castelo-branco;House
4407;Studio;40 000,00 €;6.250;Castelo-branco;House
4408;4-Bedroom;40 000,00 €;135;Castelo-branco;House
4409;Studio;40 000,00 €;30;Castelo-branco;House
4410;Ruin;40 000,00 €;24;Castelo-branco;House
4411;Farmhouse;42 000,00 €;77;Castelo-branco;House
4412;2-Bedroom;42 000,00 €;122;Castelo-branco;House
4413;2-Bedroom;42 500,00 €;65;Castelo-branco;House
4414;3-Bedroom;43 000,00 €;75;Castelo-branco;House
4415;5-Bedroom;44 500,00 €;201;Castelo-branco;House
4416;4-Bedroom;45 000,00 €;162;Castelo-branco;House
4417;3-Bedroom;45 000,00 €;77;Castelo-branco;House
4418;3-Bedroom;45 000,00 €;77;Castelo-branco;House
4419;Detached House;45 000,00 €;203;Castelo-branco;House
4420;3-Bedroom;45 000,00 €;47;Castelo-branco;House
4421;4-Bedroom;45 000,00 €;115;Castelo-branco;House
4422;Studio;45 000,00 €;200;Castelo-branco;House
4423;2-Bedroom;45 000,00 €;79;Castelo-branco;House
4424;Studio;45 000,00 €;370;Castelo-branco;House
4425;2-Bedroom;45 000,00 €;92;Castelo-branco;House
4426;1-Bedroom;45 000,00 €;53;Castelo-branco;House
4427;2-Bedroom;45 000,00 €;213;Castelo-branco;House
4428;Studio;45 000,00 €;48;Castelo-branco;House
4429;1-Bedroom;45 500,00 €;33;Castelo-branco;House
4430;4-Bedroom;46 000,00 €;112;Castelo-branco;House
4431;5-Bedroom;46 000,00 €;114;Castelo-branco;House
4432;5-Bedroom;46 000,00 €;114;Castelo-branco;House
4433;4-Bedroom;46 000,00 €;112;Castelo-branco;House
4434;Studio;46 150,00 €;36;Castelo-branco;House
4435;2-Bedroom;46 500,00 €;78;Castelo-branco;House
4436;Detached House;46 500,00 €;96;Castelo-branco;House
4437;4-Bedroom;47 000,00 €;140;Castelo-branco;House
4438;Small Farmhouse;47 000,00 €;87;Castelo-branco;House
4439;Small Farmhouse;47 000,00 €;26;Castelo-branco;House
4440;3-Bedroom;47 000,00 €;68;Castelo-branco;House
4441;3-Bedroom;47 400,00 €;113;Castelo-branco;House
4442;3-Bedroom;47 500,00 €;164;Castelo-branco;House
4443;2-Bedroom;47 500,00 €;210;Castelo-branco;House
4444;5-Bedroom;47 500,00 €;281;Castelo-branco;House
4445;4-Bedroom;47 500,00 €;135;Castelo-branco;House
4446;2-Bedroom;47 500,00 €;248;Castelo-branco;House
4447;Farmhouse;47 500,00 €;30.120;Castelo-branco;House
4448;2-Bedroom;48 000,00 €;60;Castelo-branco;House
4449;House;48 000,00 €;48;Castelo-branco;House
4450;2-Bedroom;48 000,00 €;53;Castelo-branco;House
4451;1-Bedroom;48 000,00 €;104;Castelo-branco;House
4452;2-Bedroom;48 500,00 €;42;Castelo-branco;House
4453;1-Bedroom;48 500,00 €;601;Castelo-branco;House
4454;3-Bedroom;48 500,00 €;50;Castelo-branco;House
4455;3-Bedroom;49 000,00 €;Terreno 79;Castelo-branco;House
4456;2-Bedroom;49 000,00 €;52;Castelo-branco;House
4457;3-Bedroom;49 500,00 €;102;Castelo-branco;House
4458;1-Bedroom;49 500,00 €;170;Castelo-branco;House
4459;Studio;49 500,00 €;160;Castelo-branco;House
4460;1-Bedroom;49 500,00 €;170;Castelo-branco;House
4461;3-Bedroom;49 900,00 €;156;Castelo-branco;House
4462;1-Bedroom;49 920,00 €;24;Castelo-branco;House
4463;2-Bedroom;49 950,00 €;70;Castelo-branco;House
4464;5-Bedroom;49 950,00 €;316;Castelo-branco;House
4465;Farmhouse;49 995,00 €;24.000;Castelo-branco;House
4466;1-Bedroom;50 000,00 €;134;Castelo-branco;House
4467;Studio;50 000,00 €;60;Castelo-branco;House
4468;Studio;50 000,00 €;35;Castelo-branco;House
4469;House;50 000,00 €;102;Castelo-branco;House
4470;Studio;50 000,00 €;170;Castelo-branco;House
4471;5-Bedroom;52 000,00 €;305;Castelo-branco;House
4472;Detached House;52 000,00 €;170;Castelo-branco;House
4473;3-Bedroom;52 000,00 €;118;Castelo-branco;House
4474;1-Bedroom;52 000,00 €;76;Castelo-branco;House
4475;3-Bedroom;52 500,00 €;300;Castelo-branco;House
4476;Studio;52 500,00 €;340;Castelo-branco;House
4477;2-Bedroom;53 000,00 €;48;Castelo-branco;House
4478;2-Bedroom;55 000,00 €;167;Castelo-branco;House
4479;2-Bedroom;55 000,00 €;82;Castelo-branco;House
4480;2-Bedroom;55 000,00 €;167;Castelo-branco;House
4481;2-Bedroom;55 000,00 €;78;Castelo-branco;House
4482;5-Bedroom;55 000,00 €;40;Castelo-branco;House
4483;3-Bedroom;55 000,00 €;223;Castelo-branco;House
4484;Studio;55 000,00 €;4.500;Castelo-branco;House
4485;Ruin;55 000,00 €;167;Castelo-branco;House
4486;3-Bedroom;56 000,00 €;227;Castelo-branco;House
4487;5-Bedroom;57 000,00 €;143;Castelo-branco;House
4488;5-Bedroom;57 000,00 €;163;Castelo-branco;House
4489;3-Bedroom;57 000,00 €;201;Castelo-branco;House
4490;1-Bedroom;57 000,00 €;5.000;Castelo-branco;House
4491;2-Bedroom;57 500,00 €;50;Castelo-branco;House
4492;3-Bedroom;57 500,00 €;67;Castelo-branco;House
4493;2-Bedroom;58 000,00 €;117;Castelo-branco;House
4494;2-Bedroom;58 000,00 €;50;Castelo-branco;House
4495;2-Bedroom;58 500,00 €;55;Castelo-branco;House
4496;2-Bedroom;59 000,00 €;48;Castelo-branco;House
4497;4-Bedroom;59 000,00 €;240;Castelo-branco;House
4498;1-Bedroom;59 000,00 €;26.400;Castelo-branco;House
4499;4-Bedroom;59 500,00 €;160;Castelo-branco;House
4500;3-Bedroom;59 500,00 €;138;Castelo-branco;House
4501;3-Bedroom;59 500,00 €;122;Castelo-branco;House
4502;3-Bedroom;59 500,00 €;122;Castelo-branco;House
4503;2-Bedroom;59 900,00 €;122;Castelo-branco;House
4504;3-Bedroom;59 950,00 €;169;Castelo-branco;House
4505;7-Bedroom;59 950,00 €;120;Castelo-branco;House
4506;Detached House;59 990,00 €;98;Castelo-branco;House
4507;Small Farmhouse;60 000,00 €;87;Castelo-branco;House
4508;3-Bedroom;60 000,00 €;50;Castelo-branco;House
4509;3-Bedroom;60 000,00 €;90;Castelo-branco;House
4510;Small Farmhouse;60 000,00 €;23;Castelo-branco;House
4511;2-Bedroom;60 000,00 €;72;Castelo-branco;House
4512;4-Bedroom;60 000,00 €;80;Castelo-branco;House
4513;Small Farmhouse;60 000,00 €;23;Castelo-branco;House
4514;Detached House;60 000,00 €;184;Castelo-branco;House
4515;Small Farmhouse;60 000,00 €;60;Castelo-branco;House
4516;4-Bedroom;60 000,00 €;226;Castelo-branco;House
4517;3-Bedroom;60 000,00 €;180;Castelo-branco;House
4518;2-Bedroom;60 000,00 €;99;Castelo-branco;House
4519;Studio;60 000,00 €;20;Castelo-branco;House
4520;3-Bedroom;60 000,00 €;178;Castelo-branco;House
4521;6-Bedroom;60 000,00 €;208;Castelo-branco;House
4522;Studio;60 000,00 €;95;Castelo-branco;House
4523;2-Bedroom;60 000,00 €;120;Castelo-branco;House
4524;3-Bedroom;61 150,00 €;126;Castelo-branco;House
4525;3-Bedroom;61 150,00 €;100;Castelo-branco;House
4526;Detached House;62 000,00 €;192;Castelo-branco;House
4527;4-Bedroom;62 000,00 €;192;Castelo-branco;House
4528;1-Bedroom;62 500,00 €;146;Castelo-branco;House
4529;1-Bedroom;63 000,00 €;55;Castelo-branco;House
4530;Farmhouse;64 900,00 €;23;Castelo-branco;House
4531;Farmhouse;64 900,00 €;23;Castelo-branco;House
4532;6-Bedroom;65 000,00 €;312;Castelo-branco;House
4533;4-Bedroom;65 000,00 €;160;Castelo-branco;House
4534;4-Bedroom;65 000,00 €;230;Castelo-branco;House
4535;2-Bedroom;65 000,00 €;167;Castelo-branco;House
4536;12-Bedroom;65 000,00 €;240;Castelo-branco;House
4537;2-Bedroom;65 000,00 €;167;Castelo-branco;House
4538;2-Bedroom;65 000,00 €;1;Castelo-branco;House
4539;12-Bedroom;65 000,00 €;240;Castelo-branco;House
4540;Studio;65 000,00 €;90;Castelo-branco;House
4541;4-Bedroom;65 000,00 €;54;Castelo-branco;House
4542;Small Farmhouse;65 000,00 €;30.720;Castelo-branco;House
4543;Farmhouse;65 000,00 €;183;Castelo-branco;House
4544;8-Bedroom;65 000,00 €;256;Castelo-branco;House
4545;1-Bedroom;66 000,00 €;72;Castelo-branco;House
4546;2-Bedroom;66 000,00 €;76;Castelo-branco;House
4547;1-Bedroom;66 000,00 €;68;Castelo-branco;House
4548;2-Bedroom;67 000,00 €;196;Castelo-branco;House
4549;3-Bedroom;67 500,00 €;320;Castelo-branco;House
4550;2-Bedroom;67 500,00 €;62;Castelo-branco;House
4551;3-Bedroom;67 500,00 €;84;Castelo-branco;House
4552;2-Bedroom;68 000,00 €;54;Castelo-branco;House
4553;2-Bedroom;68 000,00 €;54;Castelo-branco;House
4554;2-Bedroom;68 000,00 €;103;Castelo-branco;House
4555;2-Bedroom;68 000,00 €;114;Castelo-branco;House
4556;3-Bedroom;69 000,00 €;91;Castelo-branco;House
4557;1-Bedroom;69 500,00 €;70;Castelo-branco;House
4558;Farmhouse;69 900,00 €;100;Castelo-branco;House
4559;1-Bedroom;69 900,00 €;63;Castelo-branco;House
4560;3-Bedroom;69 900,00 €;278;Castelo-branco;House
4561;2-Bedroom;69 900,00 €;89;Castelo-branco;House
4562;5-Bedroom;69 990,00 €;301;Castelo-branco;House
4563;2-Bedroom;70 000,00 €;84;Castelo-branco;House
4564;1+1-Bedroom;70 000,00 €;40;Castelo-branco;House
4565;3-Bedroom;70 000,00 €;176;Castelo-branco;House
4566;10-Bedroom;70 000,00 €;455;Castelo-branco;House
4567;3-Bedroom;70 000,00 €;161;Castelo-branco;House
4568;3-Bedroom;70 000,00 €;95;Castelo-branco;House
4569;Small Farmhouse;70 000,00 €;152;Castelo-branco;House
4570;5-Bedroom;71 000,00 €;Terreno 1.061;Castelo-branco;House
4571;2-Bedroom;71 000,00 €;60;Castelo-branco;House
4572;4-Bedroom;72 000,00 €;239;Castelo-branco;House
4573;3-Bedroom;72 500,00 €;30;Castelo-branco;House
4574;3-Bedroom;72 500,00 €;60;Castelo-branco;House
4575;3-Bedroom;73 000,00 €;180;Castelo-branco;House
4576;3-Bedroom;73 000,00 €;54;Castelo-branco;House
4577;3-Bedroom;74 500,00 €;90;Castelo-branco;House
4578;Small Farmhouse;75 000,00 €;98;Castelo-branco;House
4579;3-Bedroom;75 000,00 €;132;Castelo-branco;House
4580;1-Bedroom;75 000,00 €;60;Castelo-branco;House
4581;3-Bedroom;75 000,00 €;Terreno 2.235;Castelo-branco;House
4582;Farmhouse;75 000,00 €;21.000;Castelo-branco;House
4583;3-Bedroom;75 000,00 €;Terreno 2.235;Castelo-branco;House
4584;Farmhouse;75 000,00 €;21.000;Castelo-branco;House
4585;2-Bedroom;75 000,00 €;Terreno 85;Castelo-branco;House
4586;Farmhouse;75 000,00 €;10.315;Castelo-branco;House
4587;1-Bedroom;75 000,00 €;220;Castelo-branco;House
4588;4-Bedroom;75 000,00 €;140;Castelo-branco;House
4589;2-Bedroom;75 000,00 €;49;Castelo-branco;House
4590;4-Bedroom;75 000,00 €;136;Castelo-branco;House
4591;2-Bedroom;75 600,00 €;84;Castelo-branco;House
4592;2-Bedroom;75 600,00 €;84;Castelo-branco;House
4593;Studio;77 000,00 €;80;Castelo-branco;House
4594;Studio;77 000,00 €;80;Castelo-branco;House
4595;2-Bedroom;77 500,00 €;147;Castelo-branco;House
4596;Studio;77 500,00 €;25;Castelo-branco;House
4597;1-Bedroom;77 500,00 €;29;Castelo-branco;House
4598;10-Bedroom;79 000,00 €;270;Castelo-branco;House
4599;10-Bedroom;79 000,00 €;270;Castelo-branco;House
4600;9-Bedroom;79 000,00 €;270;Castelo-branco;House
4601;4+1-Bedroom;79 000,00 €;61;Castelo-branco;House
4602;1-Bedroom;80 000,00 €;34;Castelo-branco;House
4603;2-Bedroom;80 000,00 €;50;Castelo-branco;House
4604;1-Bedroom;80 000,00 €;60;Castelo-branco;House
4605;5-Bedroom;80 000,00 €;172;Castelo-branco;House
4606;3-Bedroom;80 000,00 €;108;Castelo-branco;House
4607;1-Bedroom;80 000,00 €;60;Castelo-branco;House
4608;3-Bedroom;80 000,00 €;94;Castelo-branco;House
4609;3-Bedroom;80 000,00 €;72;Castelo-branco;House
4610;4-Bedroom;80 000,00 €;331;Castelo-branco;House
4611;3-Bedroom;80 000,00 €;68;Castelo-branco;House
4612;2-Bedroom;80 000,00 €;60;Castelo-branco;House
4613;4-Bedroom;80 500,00 €;100;Castelo-branco;House
4614;4-Bedroom;82 000,00 €;372;Castelo-branco;House
4615;1-Bedroom;83 000,00 €;2.308;Castelo-branco;House
4616;1-Bedroom;83 000,00 €;2.308;Castelo-branco;House
4617;Farmhouse;84 000,00 €;50;Castelo-branco;House
4618;4-Bedroom;84 000,00 €;160;Castelo-branco;House
4619;1-Bedroom;85 000,00 €;109;Castelo-branco;House
4620;2-Bedroom;85 000,00 €;134;Castelo-branco;House
4621;1-Bedroom;85 000,00 €;110;Castelo-branco;House
4622;3-Bedroom;85 000,00 €;112;Castelo-branco;House
4623;3-Bedroom;87 500,00 €;90;Castelo-branco;House
4624;3-Bedroom;87 500,00 €;136;Castelo-branco;House
4625;3-Bedroom;87 500,00 €;97;Castelo-branco;House
4626;2-Bedroom;87 500,00 €;79;Castelo-branco;House
4627;2-Bedroom;88 000,00 €;60;Castelo-branco;House
4628;3-Bedroom;89 000,00 €;117;Castelo-branco;House
4629;3-Bedroom;89 900,00 €;108;Castelo-branco;House
4630;3-Bedroom;90 000,00 €;52;Castelo-branco;House
4631;1-Bedroom;90 000,00 €;49;Castelo-branco;House
4632;3-Bedroom;90 000,00 €;48;Castelo-branco;House
4633;3-Bedroom;90 000,00 €;115;Castelo-branco;House
4634;1-Bedroom;90 000,00 €;49;Castelo-branco;House
4635;Studio;90 000,00 €;16.420;Castelo-branco;House
4636;3-Bedroom;90 000,00 €;171;Castelo-branco;House
4637;2-Bedroom;90 000,00 €;76;Castelo-branco;House
4638;3-Bedroom;90 000,00 €;120;Castelo-branco;House
4639;4-Bedroom;91 000,00 €;170;Castelo-branco;House
4640;4-Bedroom;91 000,00 €;170;Castelo-branco;House
4641;3-Bedroom;91 000,00 €;180;Castelo-branco;House
4642;3-Bedroom;94 000,00 €;72;Castelo-branco;House
4643;3-Bedroom;95 000,00 €;61;Castelo-branco;House
4644;2-Bedroom;95 000,00 €;129;Castelo-branco;House
4645;3-Bedroom;95 000,00 €;150;Castelo-branco;House
4646;5-Bedroom;95 000,00 €;672;Castelo-branco;House
4647;3-Bedroom;95 000,00 €;150;Castelo-branco;House
4648;3-Bedroom;95 000,00 €;210;Castelo-branco;House
4649;3-Bedroom;95 000,00 €;48;Castelo-branco;House
4650;3-Bedroom;95 000,00 €;162;Castelo-branco;House
4651;3-Bedroom;95 000,00 €;68;Castelo-branco;House
4652;4-Bedroom;95 000,00 €;61;Castelo-branco;House
4653;4-Bedroom;95 000,00 €;90;Castelo-branco;House
4654;3-Bedroom;95 500,00 €;196;Castelo-branco;House
4655;5-Bedroom;96 500,00 €;330;Castelo-branco;House
4656;1-Bedroom;97 450,00 €;205;Castelo-branco;House
4657;2-Bedroom;97 500,00 €;180;Castelo-branco;House
4658;4-Bedroom;98 000,00 €;92;Castelo-branco;House
4659;4-Bedroom;98 000,00 €;184;Castelo-branco;House
4660;2-Bedroom;98 000,00 €;76;Castelo-branco;House
4661;4+2-Bedroom;98 000,00 €;165;Castelo-branco;House
4662;3+1-Bedroom;98 000,00 €;169;Castelo-branco;House
4663;1-Bedroom;98 000,00 €;38;Castelo-branco;House
4664;3-Bedroom;98 000,00 €;155;Castelo-branco;House
4665;1-Bedroom;98 500,00 €;48;Castelo-branco;House
4666;3-Bedroom;99 000,00 €;77;Castelo-branco;House
4667;1-Bedroom;99 000,00 €;70;Castelo-branco;House
4668;Small Farmhouse;99 950,00 €;20.000;Castelo-branco;House
4669;5+1-Bedroom;100 000,00 €;92;Castelo-branco;House
4670;Studio;100 000,00 €;150;Castelo-branco;House
4671;1-Bedroom;100 000,00 €;33.700;Castelo-branco;House
4672;4-Bedroom;100 000,00 €;92;Castelo-branco;House
4673;3-Bedroom;100 000,00 €;119;Castelo-branco;House
4674;2-Bedroom;100 000,00 €;93;Castelo-branco;House
4675;Studio;100 000,00 €;4.375;Castelo-branco;House
4676;House;100 000,00 €;86;Castelo-branco;House
4677;2-Bedroom;106 500,00 €;84;Castelo-branco;House
4678;4-Bedroom;107 000,00 €;142;Castelo-branco;House
4679;4-Bedroom;107 000,00 €;142;Castelo-branco;House
4680;1-Bedroom;107 000,00 €;54;Castelo-branco;House
4681;2-Bedroom;109 530,00 €;172;Castelo-branco;House
4682;2-Bedroom;110 000,00 €;162;Castelo-branco;House
4683;6-Bedroom;110 000,00 €;414;Castelo-branco;House
4684;1-Bedroom;110 000,00 €;117;Castelo-branco;House
4685;2-Bedroom;110 000,00 €;48;Castelo-branco;House
4686;2-Bedroom;110 000,00 €;162;Castelo-branco;House
4687;1-Bedroom;111 380,00 €;332;Castelo-branco;House
4688;2-Bedroom;112 500,00 €;106;Castelo-branco;House
4689;1-Bedroom;115 000,00 €;40;Castelo-branco;House
4690;Studio;115 000,00 €;45;Castelo-branco;House
4691;Studio;115 000,00 €;96;Castelo-branco;House
4692;2-Bedroom;115 000,00 €;45;Castelo-branco;House
4693;5-Bedroom;115 000,00 €;280;Castelo-branco;House
4694;4-Bedroom;116 500,00 €;185;Castelo-branco;House
4695;5-Bedroom;117 500,00 €;126;Castelo-branco;House
4696;2-Bedroom;118 000,00 €;240;Castelo-branco;House
4697;2-Bedroom;118 000,00 €;72;Castelo-branco;House
4698;Apartment;118 000,00 €;80;Castelo-branco;House
4699;Studio;118 000,00 €;24.000;Castelo-branco;House
4700;4-Bedroom;118 500,00 €;40;Castelo-branco;House
4701;5-Bedroom;119 000,00 €;420;Castelo-branco;House
4702;3+2-Bedroom;120 000,00 €;250;Castelo-branco;House
4703;5-Bedroom;120 000,00 €;250;Castelo-branco;House
4704;Farmhouse;120 000,00 €;15;Castelo-branco;House
4705;5-Bedroom;120 000,00 €;112;Castelo-branco;House
4706;1-Bedroom;120 000,00 €;150;Castelo-branco;House
4707;4-Bedroom;120 000,00 €;92;Castelo-branco;House
4708;7-Bedroom;120 000,00 €;400;Castelo-branco;House
4709;2-Bedroom;120 000,00 €;111;Castelo-branco;House
4710;4-Bedroom;120 000,00 €;194;Castelo-branco;House
4711;4-Bedroom;120 000,00 €;2.457;Castelo-branco;House
4712;Farmhouse;122 000,00 €;120;Castelo-branco;House
4713;Apartment;122 500,00 €;80;Castelo-branco;House
4714;5-Bedroom;125 000,00 €;198;Castelo-branco;House
4715;4+1-Bedroom;125 000,00 €;Terreno 10.000;Castelo-branco;House
4716;3-Bedroom;125 000,00 €;210;Castelo-branco;House
4717;1-Bedroom;125 000,00 €;67;Castelo-branco;House
4718;4+1-Bedroom;125 000,00 €;Terreno 10.000;Castelo-branco;House
4719;1-Bedroom;125 000,00 €;70;Castelo-branco;House
4720;3-Bedroom;125 000,00 €;92;Castelo-branco;House
4721;2-Bedroom;125 000,00 €;88;Castelo-branco;House
4722;3-Bedroom;125 000,00 €;105;Castelo-branco;House
4723;5-Bedroom;127 000,00 €;158;Castelo-branco;House
4724;2-Bedroom;127 500,00 €;87;Castelo-branco;House
4725;4-Bedroom;127 500,00 €;66;Castelo-branco;House
4726;3-Bedroom;128 000,00 €;195;Castelo-branco;House
4727;1-Bedroom;128 000,00 €;10.000;Castelo-branco;House
4728;Detached House;129 000,00 €;225;Castelo-branco;House
4729;2-Bedroom;129 000,00 €;222;Castelo-branco;House
4730;3-Bedroom;129 000,00 €;290;Castelo-branco;House
4731;3-Bedroom;129 000,00 €;111;Castelo-branco;House
4732;2-Bedroom;129 000,00 €;83;Castelo-branco;House
4733;3-Bedroom;129 900,00 €;108;Castelo-branco;House
4734;4-Bedroom;129 900,00 €;142;Castelo-branco;House
4735;3-Bedroom;130 000,00 €;126;Castelo-branco;House
4736;5-Bedroom;130 000,00 €;125;Castelo-branco;House
4737;3-Bedroom;130 000,00 €;213;Castelo-branco;House
4738;3-Bedroom;130 000,00 €;179;Castelo-branco;House
4739;4-Bedroom;130 000,00 €;220;Castelo-branco;House
4740;3-Bedroom;130 000,00 €;131;Castelo-branco;House
4741;3-Bedroom;130 000,00 €;125;Castelo-branco;House
4742;3-Bedroom;130 000,00 €;113;Castelo-branco;House
4743;6+2-Bedroom;130 000,00 €;328;Castelo-branco;House
4744;3-Bedroom;132 000,00 €;98;Castelo-branco;House
4745;3-Bedroom;132 000,00 €;98;Castelo-branco;House
4746;6-Bedroom;132 000,00 €;280;Castelo-branco;House
4747;3+1-Bedroom;135 000,00 €;62;Castelo-branco;House
4748;Studio;135 000,00 €;1;Castelo-branco;House
4749;3-Bedroom;135 000,00 €;221;Castelo-branco;House
4750;3-Bedroom;135 000,00 €;97;Castelo-branco;House
4751;Olive Press House;135 000,00 €;263;Castelo-branco;House
4752;3+1-Bedroom;135 000,00 €;90;Castelo-branco;House
4753;4-Bedroom;135 000,00 €;148;Castelo-branco;House
4754;3-Bedroom;137 500,00 €;300;Castelo-branco;House
4755;3-Bedroom;137 500,00 €;300;Castelo-branco;House
4756;1-Bedroom;139 000,00 €;64;Castelo-branco;House
4757;2-Bedroom;139 000,00 €;113;Castelo-branco;House
4758;5-Bedroom;139 500,00 €;180;Castelo-branco;House
4759;6-Bedroom;139 500,00 €;150;Castelo-branco;House
4760;3-Bedroom;140 000,00 €;72;Castelo-branco;House
4761;3-Bedroom;140 000,00 €;94;Castelo-branco;House
4762;3-Bedroom;140 000,00 €;72;Castelo-branco;House
4763;3-Bedroom;140 000,00 €;94;Castelo-branco;House
4764;2-Bedroom;140 000,00 €;185;Castelo-branco;House
4765;2-Bedroom;140 000,00 €;120;Castelo-branco;House
4766;3+2-Bedroom;140 000,00 €;288;Castelo-branco;House
4767;3-Bedroom;140 000,00 €;204;Castelo-branco;House
4768;2-Bedroom;141 150,00 €;79;Castelo-branco;House
4769;Apartment;143 500,00 €;74;Castelo-branco;House
4770;3-Bedroom;145 000,00 €;110;Castelo-branco;House
4771;4-Bedroom;145 000,00 €;48;Castelo-branco;House
4772;4-Bedroom;145 000,00 €;48;Castelo-branco;House
4773;2-Bedroom;145 000,00 €;81;Castelo-branco;House
4774;2-Bedroom;145 000,00 €;100;Castelo-branco;House
4775;Detached House;145 000,00 €;154;Castelo-branco;House
4776;3-Bedroom;145 000,00 €;56;Castelo-branco;House
4777;3-Bedroom;147 500,00 €;91;Castelo-branco;House
4778;3-Bedroom;148 000,00 €;140;Castelo-branco;House
4779;5-Bedroom;148 000,00 €;162;Castelo-branco;House
4780;Apartment;149 000,00 €;102;Castelo-branco;House
4781;6-Bedroom;149 000,00 €;126;Castelo-branco;House
4782;3-Bedroom;149 000,00 €;102;Castelo-branco;House
4783;1-Bedroom;149 000,00 €;31.000;Castelo-branco;House
4784;3-Bedroom;149 500,00 €;115;Castelo-branco;House
4785;8-Bedroom;149 995,00 €;309;Castelo-branco;House
4786;4-Bedroom;150 000,00 €;164;Castelo-branco;House
4787;5-Bedroom;150 000,00 €;144;Castelo-branco;House
4788;Studio;150 000,00 €;500;Castelo-branco;House
4789;5-Bedroom;150 000,00 €;144;Castelo-branco;House
4790;3-Bedroom;150 000,00 €;340;Castelo-branco;House
4791;3-Bedroom;150 000,00 €;340;Castelo-branco;House
4792;5-Bedroom;150 000,00 €;144;Castelo-branco;House
4793;4-Bedroom;150 000,00 €;180;Castelo-branco;House
4794;4-Bedroom;150 000,00 €;144;Castelo-branco;House
4795;Studio;150 000,00 €;90;Castelo-branco;House
4796;Studio;150 000,00 €;30;Castelo-branco;House
4797;3-Bedroom;150 000,00 €;111;Castelo-branco;House
4798;3-Bedroom;153 000,00 €;100;Castelo-branco;House
4799;3-Bedroom;153 000,00 €;117;Castelo-branco;House
4800;3-Bedroom;155 000,00 €;122;Castelo-branco;House
4801;4+2-Bedroom;155 000,00 €;261;Castelo-branco;House
4802;4-Bedroom;157 000,00 €;387;Castelo-branco;House
4803;2-Bedroom;157 000,00 €;34;Castelo-branco;House
4804;3-Bedroom;157 000,00 €;137;Castelo-branco;House
4805;2-Bedroom;158 500,00 €;104;Castelo-branco;House
4806;2-Bedroom;159 000,00 €;102;Castelo-branco;House
4807;4-Bedroom;159 000,00 €;350;Castelo-branco;House
4808;3-Bedroom;159 000,00 €;224;Castelo-branco;House
4809;3-Bedroom;159 500,00 €;300;Castelo-branco;House
4810;4-Bedroom;159 900,00 €;58;Castelo-branco;House
4811;1-Bedroom;159 950,00 €;70;Castelo-branco;House
4812;2-Bedroom;160 000,00 €;52;Castelo-branco;House
4813;2-Bedroom;160 000,00 €;70;Castelo-branco;House
4814;1-Bedroom;160 000,00 €;41;Castelo-branco;House
4815;4-Bedroom;160 000,00 €;96;Castelo-branco;House
4816;1-Bedroom;160 000,00 €;65;Castelo-branco;House
4817;1-Bedroom;165 000,00 €;20.061;Castelo-branco;House
4818;1-Bedroom;165 000,00 €;79;Castelo-branco;House
4819;3-Bedroom;165 000,00 €;70;Castelo-branco;House
4820;1-Bedroom;165 000,00 €;109;Castelo-branco;House
4821;3-Bedroom;165 000,00 €;124;Castelo-branco;House
4822;1-Bedroom;165 500,00 €;138;Castelo-branco;House
4823;4-Bedroom;165 660,00 €;702;Castelo-branco;House
4824;3-Bedroom;170 000,00 €;190;Castelo-branco;House
4825;3-Bedroom;170 000,00 €;214;Castelo-branco;House
4826;3-Bedroom;170 000,00 €;140;Castelo-branco;House
4827;3-Bedroom;170 000,00 €;144;Castelo-branco;House
4828;1-Bedroom;170 000,00 €;198;Castelo-branco;House
4829;1-Bedroom;170 000,00 €;198;Castelo-branco;House
4830;5-Bedroom;170 000,00 €;92;Castelo-branco;House
4831;3-Bedroom;170 000,00 €;Terreno 92;Castelo-branco;House
4832;1-Bedroom;172 500,00 €;60;Castelo-branco;House
4833;1-Bedroom;172 500,00 €;60;Castelo-branco;House
4834;1-Bedroom;172 500,00 €;51;Castelo-branco;House
4835;1-Bedroom;175 000,00 €;65;Castelo-branco;House
4836;4-Bedroom;175 000,00 €;302;Castelo-branco;House
4837;3-Bedroom;175 000,00 €;180;Castelo-branco;House
4838;3-Bedroom;175 000,00 €;180;Castelo-branco;House
4839;11-Bedroom;175 000,00 €;890;Castelo-branco;House
4840;1-Bedroom;175 000,00 €;190;Castelo-branco;House
4841;3-Bedroom;175 000,00 €;220;Castelo-branco;House
4842;1-Bedroom;175 000,00 €;54;Castelo-branco;House
4843;3-Bedroom;177 000,00 €;90;Castelo-branco;House
4844;3-Bedroom;179 000,00 €;311;Castelo-branco;House
4845;Detached House;180 000,00 €;150;Castelo-branco;House
4846;7-Bedroom;180 000,00 €;434;Castelo-branco;House
4847;1-Bedroom;180 000,00 €;83;Castelo-branco;House
4848;4-Bedroom;180 000,00 €;100;Castelo-branco;House
4849;3-Bedroom;180 000,00 €;238;Castelo-branco;House
4850;6-Bedroom;180 000,00 €;170;Castelo-branco;House
4851;4-Bedroom;180 000,00 €;100;Castelo-branco;House
4852;6-Bedroom;180 000,00 €;121;Castelo-branco;House
4853;Studio;180 000,00 €;29.090;Castelo-branco;House
4854;5+2-Bedroom;180 000,00 €;210;Castelo-branco;House
4855;1-Bedroom;180 000,00 €;67;Castelo-branco;House
4856;5-Bedroom;182 000,00 €;372;Castelo-branco;House
4857;Detached House;184 800,00 €;103;Castelo-branco;House
4858;2-Bedroom;185 000,00 €;91;Castelo-branco;House
4859;3-Bedroom;185 000,00 €;167;Castelo-branco;House
4860;3-Bedroom;185 000,00 €;180;Castelo-branco;House
4861;3-Bedroom;185 000,00 €;180;Castelo-branco;House
4862;3-Bedroom;185 000,00 €;167;Castelo-branco;House
4863;3-Bedroom;185 000,00 €;180;Castelo-branco;House
4864;3-Bedroom;185 000,00 €;63;Castelo-branco;House
4865;1-Bedroom;185 000,00 €;63;Castelo-branco;House
4866;3-Bedroom;185 000,00 €;123;Castelo-branco;House
4867;5-Bedroom;187 500,00 €;172;Castelo-branco;House
4868;Apartment;189 000,00 €;127;Castelo-branco;House
4869;3-Bedroom;189 000,00 €;126;Castelo-branco;House
4870;3-Bedroom;189 000,00 €;130;Castelo-branco;House
4871;3-Bedroom;190 000,00 €;261;Castelo-branco;House
4872;1-Bedroom;190 000,00 €;125;Castelo-branco;House
4873;3-Bedroom;190 000,00 €;189;Castelo-branco;House
4874;3-Bedroom;190 000,00 €;159;Castelo-branco;House
4875;6-Bedroom;190 000,00 €;706;Castelo-branco;House
4876;3-Bedroom;190 000,00 €;169;Castelo-branco;House
4877;10-Bedroom;190 000,00 €;706;Castelo-branco;House
4878;4-Bedroom;190 000,00 €;125;Castelo-branco;House
4879;4+2-Bedroom;190 000,00 €;274;Castelo-branco;House
4880;2-Bedroom;190 000,00 €;93;Castelo-branco;House
4881;6-Bedroom;193 000,00 €;335;Castelo-branco;House
4882;3-Bedroom;195 000,00 €;126;Castelo-branco;House
4883;3-Bedroom;195 000,00 €;126;Castelo-branco;House
4884;3-Bedroom;195 000,00 €;64;Castelo-branco;House
4885;4+1-Bedroom;195 000,00 €;185;Castelo-branco;House
4886;2-Bedroom;195 000,00 €;116.450;Castelo-branco;House
4887;5+3-Bedroom;195 000,00 €;507;Castelo-branco;House
4888;5-Bedroom;197 500,00 €;330;Castelo-branco;House
4889;1-Bedroom;199 000,00 €;15.691;Castelo-branco;House
4890;5-Bedroom;199 000,00 €;377;Castelo-branco;House
4891;4-Bedroom;199 000,00 €;239;Castelo-branco;House
4892;1-Bedroom;199 000,00 €;15.691;Castelo-branco;House
4893;5-Bedroom;199 000,00 €;377;Castelo-branco;House
4894;4-Bedroom;199 000,00 €;239;Castelo-branco;House
4895;6+3-Bedroom;199 990,00 €;333;Castelo-branco;House
4896;4-Bedroom;199 990,00 €;223;Castelo-branco;House
4897;4-Bedroom;199 990,00 €;223;Castelo-branco;House
4898;2-Bedroom;200 000,00 €;85;Castelo-branco;House
4899;Studio;200 000,00 €;648;Castelo-branco;House
4900;Detached House;200 000,00 €;Terreno 690;Castelo-branco;House
4901;4-Bedroom;200 000,00 €;223;Castelo-branco;House
4902;7-Bedroom;200 000,00 €;567;Castelo-branco;House
4903;3-Bedroom;200 000,00 €;137;Castelo-branco;House
4904;Detached House;200 000,00 €;80;Castelo-branco;House
4905;3-Bedroom;200 000,00 €;145;Castelo-branco;House
4906;3-Bedroom;200 000,00 €;145;Castelo-branco;House
4907;3-Bedroom;200 000,00 €;138;Castelo-branco;House
4908;5-Bedroom;202 800,00 €;400;Castelo-branco;House
4909;4-Bedroom;205 000,00 €;Terreno 403;Castelo-branco;House
4910;3-Bedroom;210 000,00 €;214;Castelo-branco;House
4911;3-Bedroom;210 000,00 €;214;Castelo-branco;House
4912;6-Bedroom;210 000,00 €;400;Castelo-branco;House
4913;Apartment;210 000,00 €;113;Castelo-branco;House
4914;3-Bedroom;210 000,00 €;360;Castelo-branco;House
4915;Apartment;214 500,00 €;108;Castelo-branco;House
4916;2-Bedroom;215 000,00 €;101;Castelo-branco;House
4917;Apartment;215 000,00 €;128;Castelo-branco;House
4918;3-Bedroom;218 000,00 €;138;Castelo-branco;House
4919;3-Bedroom;219 900,00 €;124;Castelo-branco;House
4920;3-Bedroom;220 000,00 €;266;Castelo-branco;House
4921;6-Bedroom;220 000,00 €;276;Castelo-branco;House
4922;3-Bedroom;220 000,00 €;266;Castelo-branco;House
4923;3-Bedroom;220 000,00 €;133;Castelo-branco;House
4924;6-Bedroom;220 000,00 €;276;Castelo-branco;House
4925;8-Bedroom;220 000,00 €;282;Castelo-branco;House
4926;6-Bedroom;220 000,00 €;276;Castelo-branco;House
4927;3-Bedroom;220 000,00 €;133;Castelo-branco;House
4928;8-Bedroom;220 000,00 €;282;Castelo-branco;House
4929;6-Bedroom;220 000,00 €;141;Castelo-branco;House
4930;6-Bedroom;220 000,00 €;325;Castelo-branco;House
4931;3-Bedroom;220 000,00 €;266;Castelo-branco;House
4932;3-Bedroom;220 000,00 €;145;Castelo-branco;House
4933;3-Bedroom;222 222,00 €;139;Castelo-branco;House
4934;4+2-Bedroom;225 000,00 €;160;Castelo-branco;House
4935;3-Bedroom;225 000,00 €;598;Castelo-branco;House
4936;3-Bedroom;225 000,00 €;111;Castelo-branco;House
4937;6-Bedroom;225 000,00 €;320;Castelo-branco;House
4938;2-Bedroom;227 500,00 €;20.061;Castelo-branco;House
4939;3-Bedroom;230 000,00 €;190;Castelo-branco;House
4940;3-Bedroom;230 000,00 €;150;Castelo-branco;House
4941;2-Bedroom;230 000,00 €;103;Castelo-branco;House
4942;3-Bedroom;235 000,00 €;243;Castelo-branco;House
4943;2-Bedroom;235 000,00 €;243;Castelo-branco;House
4944;5-Bedroom;235 000,00 €;235;Castelo-branco;House
4945;Holiday Village;235 000,00 €;1.300;Castelo-branco;House
4946;Holiday Village;235 000,00 €;1.300;Castelo-branco;House
4947;5-Bedroom;235 000,00 €;329;Castelo-branco;House
4948;2-Bedroom;240 000,00 €;83;Castelo-branco;House
4949;2-Bedroom;240 000,00 €;89;Castelo-branco;House
4950;5+1-Bedroom;240 000,00 €;390;Castelo-branco;House
4951;5+1-Bedroom;240 000,00 €;390;Castelo-branco;House
4952;2-Bedroom;240 000,00 €;84;Castelo-branco;House
4953;2-Bedroom;240 000,00 €;84;Castelo-branco;House
4954;2-Bedroom;242 000,00 €;88;Castelo-branco;House
4955;2-Bedroom;242 500,00 €;87;Castelo-branco;House
4956;2-Bedroom;242 500,00 €;87;Castelo-branco;House
4957;5-Bedroom;243 500,00 €;172;Castelo-branco;House
4958;5-Bedroom;244 500,00 €;261;Castelo-branco;House
4959;3-Bedroom;245 000,00 €;104;Castelo-branco;House
4960;5-Bedroom;245 000,00 €;89;Castelo-branco;House
4961;3-Bedroom;245 000,00 €;178;Castelo-branco;House
4962;3-Bedroom;245 000,00 €;280;Castelo-branco;House
4963;2-Bedroom;245 000,00 €;67;Castelo-branco;House
4964;3-Bedroom;245 000,00 €;138;Castelo-branco;House
4965;3-Bedroom;245 000,00 €;105;Castelo-branco;House
4966;3-Bedroom;245 000,00 €;105;Castelo-branco;House
4967;2-Bedroom;245 000,00 €;88;Castelo-branco;House
4968;4-Bedroom;247 500,00 €;332;Castelo-branco;House
4969;3-Bedroom;247 500,00 €;197;Castelo-branco;House
4970;3-Bedroom;247 500,00 €;197;Castelo-branco;House
4971;2-Bedroom;247 500,00 €;88;Castelo-branco;House
4972;5-Bedroom;250 000,00 €;612;Castelo-branco;House
4973;Detached House;250 000,00 €;187;Castelo-branco;House
4974;4-Bedroom;250 000,00 €;413;Castelo-branco;House
4975;2-Bedroom;250 000,00 €;126;Castelo-branco;House
4976;3-Bedroom;250 000,00 €;390;Castelo-branco;House
4977;4-Bedroom;250 000,00 €;381;Castelo-branco;House
4978;5+1-Bedroom;250 000,00 €;380;Castelo-branco;House
4979;Studio;250 000,00 €;56;Castelo-branco;House
4980;4-Bedroom;252 500,00 €;199;Castelo-branco;House
4981;4-Bedroom;255 000,00 €;413;Castelo-branco;House
4982;2-Bedroom;255 000,00 €;89;Castelo-branco;House
4983;5-Bedroom;259 000,00 €;Terreno 1.493;Castelo-branco;House
4984;5-Bedroom;259 000,00 €;Terreno 1.493;Castelo-branco;House
4985;3-Bedroom;260 000,00 €;166;Castelo-branco;House
4986;3+1-Bedroom;260 000,00 €;203;Castelo-branco;House
4987;4-Bedroom;260 000,00 €;359;Castelo-branco;House
4988;3+1-Bedroom;260 000,00 €;203;Castelo-branco;House
4989;4-Bedroom;260 000,00 €;359;Castelo-branco;House
4990;3-Bedroom;261 250,00 €;180;Castelo-branco;House
4991;5-Bedroom;262 500,00 €;420;Castelo-branco;House
4992;10-Bedroom;265 000,00 €;293;Castelo-branco;House
4993;7-Bedroom;265 000,00 €;200;Castelo-branco;House
4994;10-Bedroom;265 000,00 €;293;Castelo-branco;House
4995;3-Bedroom;265 000,00 €;150;Castelo-branco;House
4996;10-Bedroom;265 000,00 €;200;Castelo-branco;House
4997;2-Bedroom;265 000,00 €;87;Castelo-branco;House
4998;2-Bedroom;265 000,00 €;81;Castelo-branco;House
4999;4-Bedroom;266 000,00 €;175;Castelo-branco;House
5000;Apartment;267 000,00 €;198;Castelo-branco;House
5001;4-Bedroom;268 000,00 €;462;Castelo-branco;House
5002;4-Bedroom;268 000,00 €;462;Castelo-branco;House
5003;4-Bedroom;270 000,00 €;199;Castelo-branco;House
5004;4-Bedroom;275 000,00 €;412;Castelo-branco;House
5005;3-Bedroom;275 000,00 €;130;Castelo-branco;House
5006;3-Bedroom;275 000,00 €;141;Castelo-branco;House
5007;3-Bedroom;275 000,00 €;333;Castelo-branco;House
5008;3-Bedroom;275 000,00 €;390;Castelo-branco;House
5009;4-Bedroom;280 000,00 €;161;Castelo-branco;House
5010;4-Bedroom;280 000,00 €;180;Castelo-branco;House
5011;3-Bedroom;280 000,00 €;390;Castelo-branco;House
5012;4-Bedroom;280 000,00 €;305;Castelo-branco;House
5013;4-Bedroom;280 000,00 €;145;Castelo-branco;House
5014;4-Bedroom;280 000,00 €;145;Castelo-branco;House
5015;4-Bedroom;280 000,00 €;161;Castelo-branco;House
5016;3-Bedroom;285 000,00 €;150;Castelo-branco;House
5017;6-Bedroom;285 000,00 €;343;Castelo-branco;House
5018;3-Bedroom;285 000,00 €;314;Castelo-branco;House
5019;3-Bedroom;287 500,00 €;139;Castelo-branco;House
5020;11-Bedroom;295 000,00 €;362;Castelo-branco;House
5021;5-Bedroom;295 000,00 €;384;Castelo-branco;House
5022;Studio;295 000,00 €;1.805;Castelo-branco;House
5023;10-Bedroom;295 000,00 €;1.805;Castelo-branco;House
5024;3-Bedroom;295 000,00 €;314;Castelo-branco;House
5025;6-Bedroom;298 000,00 €;254;Castelo-branco;House
5026;4-Bedroom;298 000,00 €;112;Castelo-branco;House
5027;4-Bedroom;298 000,00 €;112;Castelo-branco;House
5028;Estate;298 500,00 €;500.000;Castelo-branco;House
5029;2-Bedroom;300 000,00 €;249;Castelo-branco;House
5030;Studio;300 000,00 €;227;Castelo-branco;House
5031;10-Bedroom;309 500,00 €;850;Castelo-branco;House
5032;4-Bedroom;310 000,00 €;293;Castelo-branco;House
5033;2-Bedroom;312 700,00 €;118;Castelo-branco;House
5034;Detached House;318 000,00 €;356;Castelo-branco;House
5035;6-Bedroom;320 000,00 €;462;Castelo-branco;House
5036;4-Bedroom;320 000,00 €;216;Castelo-branco;House
5037;6-Bedroom;320 000,00 €;461;Castelo-branco;House
5038;3-Bedroom;320 000,00 €;141;Castelo-branco;House
5039;7-Bedroom;325 000,00 €;350;Castelo-branco;House
5040;7-Bedroom;325 000,00 €;297;Castelo-branco;House
5041;7-Bedroom;325 000,00 €;539;Castelo-branco;House
5042;4-Bedroom;330 000,00 €;179;Castelo-branco;House
5043;8-Bedroom;330 000,00 €;90;Castelo-branco;House
5044;Detached House;330 745,00 €;470;Castelo-branco;House
5045;4-Bedroom;335 000,00 €;334;Castelo-branco;House
5046;8-Bedroom;335 000,00 €;243;Castelo-branco;House
5047;4-Bedroom;335 000,00 €;334;Castelo-branco;House
5048;10-Bedroom;340 000,00 €;1.385;Castelo-branco;House
5049;5-Bedroom;345 000,00 €;900;Castelo-branco;House
5050;5-Bedroom;345 000,00 €;972;Castelo-branco;House
5051;8-Bedroom;349 000,00 €;210;Castelo-branco;House
5052;4-Bedroom;349 500,00 €;128;Castelo-branco;House
5053;5-Bedroom;350 000,00 €;900;Castelo-branco;House
5054;2-Bedroom;350 000,00 €;180;Castelo-branco;House
5055;4-Bedroom;350 000,00 €;424;Castelo-branco;House
5056;5-Bedroom;355 000,00 €;720;Castelo-branco;House
5057;Studio;359 000,00 €;247;Castelo-branco;House
5058;5-Bedroom;359 000,00 €;507;Castelo-branco;House
5059;7-Bedroom;365 000,00 €;540;Castelo-branco;House
5060;5-Bedroom;365 000,00 €;180;Castelo-branco;House
5061;4-Bedroom;370 000,00 €;275;Castelo-branco;House
5062;5-Bedroom;375 000,00 €;679;Castelo-branco;House
5063;Studio;375 000,00 €;200;Castelo-branco;House
5064;5-Bedroom;375 000,00 €;126;Castelo-branco;House
5065;Studio;375 000,00 €;200;Castelo-branco;House
5066;Farmhouse;377 000,00 €;145;Castelo-branco;House
5067;5-Bedroom;380 000,00 €;540;Castelo-branco;House
5068;5-Bedroom;380 000,00 €;545;Castelo-branco;House
5069;3-Bedroom;384 800,00 €;149;Castelo-branco;House
5070;4-Bedroom;385 000,00 €;627;Castelo-branco;House
5071;3-Bedroom;395 000,00 €;282;Castelo-branco;House
5072;3-Bedroom;395 000,00 €;11.197;Castelo-branco;House
5073;4-Bedroom;399 000,00 €;343;Castelo-branco;House
5074;6-Bedroom;399 000,00 €;103;Castelo-branco;House
5075;7-Bedroom;400 000,00 €;270;Castelo-branco;House
5076;4-Bedroom;400 000,00 €;317;Castelo-branco;House
5077;4-Bedroom;400 000,00 €;317;Castelo-branco;House
5078;3-Bedroom;409 000,00 €;208;Castelo-branco;House
5079;5-Bedroom;420 000,00 €;104;Castelo-branco;House
5080;6-Bedroom;420 000,00 €;548;Castelo-branco;House
5081;4-Bedroom;420 000,00 €;295;Castelo-branco;House
5082;5-Bedroom;425 000,00 €;300;Castelo-branco;House
5083;5-Bedroom;425 000,00 €;141;Castelo-branco;House
5084;4-Bedroom;430 000,00 €;160;Castelo-branco;House
5085;Detached House;430 000,00 €;217;Castelo-branco;House
5086;Detached House;430 000,00 €;217;Castelo-branco;House
5087;4-Bedroom;430 000,00 €;160;Castelo-branco;House
5088;3-Bedroom;442 500,00 €;355;Castelo-branco;House
5089;Detached House;447 000,00 €;343;Castelo-branco;House
5090;10-Bedroom;449 950,00 €;692;Castelo-branco;House
5091;4-Bedroom;450 000,00 €;360;Castelo-branco;House
5092;4-Bedroom;450 000,00 €;476;Castelo-branco;House
5093;5-Bedroom;450 000,00 €;266;Castelo-branco;House
5094;4-Bedroom;450 000,00 €;253;Castelo-branco;House
5095;6-Bedroom;460 000,00 €;474;Castelo-branco;House
5096;T17;460 000,00 €;960;Castelo-branco;House
5097;T17;460 000,00 €;530;Castelo-branco;House
5098;T17;460 000,00 €;960;Castelo-branco;House
5099;Estate;465 000,00 €;1.084.000;Castelo-branco;House
5100;6-Bedroom;475 000,00 €;358;Castelo-branco;House
5101;6-Bedroom;480 000,00 €;411;Castelo-branco;House
5102;4-Bedroom;480 000,00 €;220;Castelo-branco;House
5103;3+2-Bedroom;490 000,00 €;378;Castelo-branco;House
5104;Detached House;495 000,00 €;220;Castelo-branco;House
5105;Detached House;495 000,00 €;220;Castelo-branco;House
5106;5-Bedroom;495 000,00 €;250;Castelo-branco;House
5107;10-Bedroom;496 500,00 €;927;Castelo-branco;House
5108;9-Bedroom;499 000,00 €;480;Castelo-branco;House
5109;10-Bedroom;500 000,00 €;479;Castelo-branco;House
5110;1-Bedroom;500 000,00 €;360.000;Castelo-branco;House
5111;12-Bedroom;500 000,00 €;1.200;Castelo-branco;House
5112;12-Bedroom;500 000,00 €;1.324;Castelo-branco;House
5113;5-Bedroom;500 000,00 €;1.324;Castelo-branco;House
5114;T19;500 000,00 €;1.200;Castelo-branco;House
5115;10-Bedroom;500 000,00 €;300;Castelo-branco;House
5116;T15;500 000,00 €;424;Castelo-branco;House
5117;4+1-Bedroom;500 000,00 €;412;Castelo-branco;House
5118;12-Bedroom;500 000,00 €;1.200;Castelo-branco;House
5119;4-Bedroom;510 000,00 €;407;Castelo-branco;House
5120;4-Bedroom;510 000,00 €;737;Castelo-branco;House
5121;Detached House;510 000,00 €;220;Castelo-branco;House
5122;4-Bedroom;510 000,00 €;407;Castelo-branco;House
5123;4-Bedroom;520 000,00 €;737;Castelo-branco;House
5124;7-Bedroom;520 000,00 €;50;Castelo-branco;House
5125;5-Bedroom;520 000,00 €;460;Castelo-branco;House
5126;5-Bedroom;530 000,00 €;155;Castelo-branco;House
5127;4-Bedroom;540 000,00 €;216;Castelo-branco;House
5128;4-Bedroom;540 000,00 €;216;Castelo-branco;House
5129;12-Bedroom;550 000,00 €;1.380;Castelo-branco;House
5130;4-Bedroom;550 000,00 €;624;Castelo-branco;House
5131;12-Bedroom;550 000,00 €;1.380;Castelo-branco;House
5132;12-Bedroom;550 000,00 €;1.380;Castelo-branco;House
5133;2-Bedroom;570 000,00 €;500.000;Castelo-branco;House
5134;Studio;579 000,00 €;207;Castelo-branco;House
5135;8-Bedroom;600 000,00 €;369;Castelo-branco;House
5136;7-Bedroom;600 000,00 €;456;Castelo-branco;House
5137;5-Bedroom;600 000,00 €;741;Castelo-branco;House
5138;4-Bedroom;615 000,00 €;350;Castelo-branco;House
5139;Farmhouse;640 000,00 €;221;Castelo-branco;House
5140;6-Bedroom;640 000,00 €;516;Castelo-branco;House
5141;10-Bedroom;660 000,00 €;500;Castelo-branco;House
5142;Studio;670 000,00 €;247;Castelo-branco;House
5143;Estate;675 000,00 €;800;Castelo-branco;House
5144;8-Bedroom;700 000,00 €;432;Castelo-branco;House
5145;9-Bedroom;700 000,00 €;1.003;Castelo-branco;House
5146;4-Bedroom;700 000,00 €;6.250;Castelo-branco;House
5147;4-Bedroom;700 000,00 €;6.250;Castelo-branco;House
5148;9-Bedroom;700 000,00 €;1.324;Castelo-branco;House
5149;9-Bedroom;720 000,00 €;1.392;Castelo-branco;House
5150;10-Bedroom;720 000,00 €;1.392;Castelo-branco;House
5151;10-Bedroom;740 000,00 €;420;Castelo-branco;House
5152;1-Bedroom;750 000,00 €;1.710;Castelo-branco;House
5153;14-Bedroom;750 000,00 €;761;Castelo-branco;House
5154;4-Bedroom;750 000,00 €;33.157;Castelo-branco;House
5155;5-Bedroom;750 000,00 €;200;Castelo-branco;House
5156;4-Bedroom;758 000,00 €;274;Castelo-branco;House
5157;6-Bedroom;770 000,00 €;250.000;Castelo-branco;House
5158;7-Bedroom;790 000,00 €;Terreno 5.104;Castelo-branco;House
5159;3-Bedroom;800 000,00 €;186;Castelo-branco;House
5160;5-Bedroom;800 000,00 €;147;Castelo-branco;House
5161;T16;830 000,00 €;878;Castelo-branco;House
5162;5-Bedroom;849 000,00 €;360;Castelo-branco;House
5163;2-Bedroom;850 000,00 €;152;Castelo-branco;House
5164;Studio;900 000,00 €;1.518;Castelo-branco;House
5165;2-Bedroom;915 000,00 €;54.400;Castelo-branco;House
5166;Studio;930 000,00 €;250;Castelo-branco;House
5167;7-Bedroom;950 000,00 €;268;Castelo-branco;House
5168;14-Bedroom;950 000,00 €;400;Castelo-branco;House
5169;5-Bedroom;990 000,00 €;818;Castelo-branco;House
5170;11-Bedroom;1 000 000,00 €;1.518;Castelo-branco;House
5171;9-Bedroom;1 150 000,00 €;659;Castelo-branco;House
5172;7-Bedroom;1 150 000,00 €;479.958;Castelo-branco;House
5173;7-Bedroom;1 150 000,00 €;482;Castelo-branco;House
5174;1-Bedroom;1 150 000,00 €;1.040;Castelo-branco;House
5175;7-Bedroom;1 200 000,00 €;797;Castelo-branco;House
5176;4-Bedroom;1 260 000,00 €;782.800;Castelo-branco;House
5177;7-Bedroom;1 300 000,00 €;Terreno 2.807;Castelo-branco;House
5178;4-Bedroom;1 350 000,00 €;1.148;Castelo-branco;House
5179;8-Bedroom;1 400 000,00 €;909;Castelo-branco;House
5180;Estate;1 550 000,00 €;262;Castelo-branco;House
5181;3+2-Bedroom;1 750 000,00 €;1.200;Castelo-branco;House
5182;10-Bedroom;1 750 000,00 €;680;Castelo-branco;House
5183;Farmhouse;1 990 000,00 €;791;Castelo-branco;House
5184;8-Bedroom;2 100 000,00 €;1.057;Castelo-branco;House
5185;8-Bedroom;2 100 000,00 €;1.057;Castelo-branco;House
5186;12-Bedroom;2 700 000,00 €;900;Castelo-branco;House
5187;5-Bedroom;2 900 000,00 €;826;Castelo-branco;House
5188;7+4-Bedroom;2 950 000,00 €;990;Castelo-branco;House
5189;5-Bedroom;2 980 000,00 €;786;Castelo-branco;House
5190;5-Bedroom;2 980 000,00 €;786;Castelo-branco;House
5191;Manor House;3 000 000,00 €;36.075;Castelo-branco;House
5192;Studio;3 900 000,00 €;8.500;Castelo-branco;House
5193;10-Bedroom;4 350 000,00 €;2.797;Castelo-branco;House
5194;1-Bedroom;12 500 000,00 €;10.276.500;Castelo-branco;House
5195;1-Bedroom;8 750,00 €;16;Coimbra;House
5196;5-Bedroom;10 000,00 €;162;Coimbra;House
5197;1+1-Bedroom;10 000,00 €;71;Coimbra;House
5198;Studio;10 990,00 €;56;Coimbra;House
5199;Studio;10 990,00 €;65;Coimbra;House
5200;2-Bedroom;15 000,00 €;28;Coimbra;House
5201;1+1-Bedroom;16 000,00 €;32;Coimbra;House
5202;3-Bedroom;16 000,00 €;60;Coimbra;House
5203;2-Bedroom;16 000,00 €;122;Coimbra;House
5204;Detached House;20 000,00 €;150;Coimbra;House
5205;1-Bedroom;20 000,00 €;25;Coimbra;House
5206;3-Bedroom;20 000,00 €;50;Coimbra;House
5207;Studio;21 500,00 €;183;Coimbra;House
5208;3-Bedroom;23 000,00 €;168;Coimbra;House
5209;5-Bedroom;24 000,00 €;261;Coimbra;House
5210;Detached House;25 000,00 €;126;Coimbra;House
5211;3-Bedroom;25 000,00 €;60;Coimbra;House
5212;Studio;25 700,00 €;220;Coimbra;House
5213;3-Bedroom;26 000,00 €;221;Coimbra;House
5214;2-Bedroom;27 000,00 €;70;Coimbra;House
5215;3-Bedroom;27 000,00 €;60;Coimbra;House
5216;Detached House;27 500,00 €;120;Coimbra;House
5217;2-Bedroom;27 500,00 €;130;Coimbra;House
5218;1-Bedroom;29 500,00 €;121;Coimbra;House
5219;3-Bedroom;29 900,00 €;39;Coimbra;House
5220;3-Bedroom;29 900,00 €;39;Coimbra;House
5221;Studio;29 900,00 €;150;Coimbra;House
5222;Studio;30 000,00 €;42;Coimbra;House
5223;Studio;30 000,00 €;144;Coimbra;House
5224;3-Bedroom;30 000,00 €;117;Coimbra;House
5225;3-Bedroom;30 000,00 €;112;Coimbra;House
5226;3-Bedroom;33 000,00 €;84;Coimbra;House
5227;3-Bedroom;33 000,00 €;388;Coimbra;House
5228;Detached House;34 500,00 €;144;Coimbra;House
5229;Detached House;35 000,00 €;61;Coimbra;House
5230;2-Bedroom;35 000,00 €;120;Coimbra;House
5231;4-Bedroom;35 000,00 €;88;Coimbra;House
5232;3-Bedroom;35 000,00 €;50;Coimbra;House
5233;2-Bedroom;35 000,00 €;105;Coimbra;House
5234;3-Bedroom;35 000,00 €;117;Coimbra;House
5235;2-Bedroom;35 000,00 €;50;Coimbra;House
5236;3-Bedroom;35 000,00 €;212;Coimbra;House
5237;2-Bedroom;35 000,00 €;296;Coimbra;House
5238;Detached House;36 000,00 €;40;Coimbra;House
5239;2-Bedroom;37 000,00 €;130;Coimbra;House
5240;Detached House;37 000,00 €;86;Coimbra;House
5241;2-Bedroom;37 000,00 €;130;Coimbra;House
5242;1-Bedroom;37 500,00 €;107;Coimbra;House
5243;Studio;37 500,00 €;60;Coimbra;House
5244;Detached House;38 000,00 €;110;Coimbra;House
5245;2-Bedroom;38 000,00 €;50;Coimbra;House
5246;Studio;38 000,00 €;575;Coimbra;House
5247;2-Bedroom;38 000,00 €;180;Coimbra;House
5248;Detached House;39 000,00 €;136;Coimbra;House
5249;3-Bedroom;39 000,00 €;184;Coimbra;House
5250;2-Bedroom;39 000,00 €;198;Coimbra;House
5251;2-Bedroom;39 000,00 €;23.400;Coimbra;House
5252;1-Bedroom;39 500,00 €;164;Coimbra;House
5253;Detached House;39 900,00 €;85;Coimbra;House
5254;Detached House;39 900,00 €;85;Coimbra;House
5255;3-Bedroom;39 900,00 €;90;Coimbra;House
5256;Studio;39 900,00 €;57;Coimbra;House
5257;1-Bedroom;39 995,00 €;65;Coimbra;House
5258;4-Bedroom;40 000,00 €;196;Coimbra;House
5259;4-Bedroom;40 000,00 €;196;Coimbra;House
5260;3-Bedroom;40 000,00 €;134;Coimbra;House
5261;1-Bedroom;40 000,00 €;40;Coimbra;House
5262;Studio;40 000,00 €;216;Coimbra;House
5263;Studio;40 000,00 €;239;Coimbra;House
5264;1-Bedroom;40 000,00 €;160;Coimbra;House
5265;Studio;40 000,00 €;200;Coimbra;House
5266;Detached House;41 000,00 €;107;Coimbra;House
5267;3-Bedroom;41 500,00 €;52;Coimbra;House
5268;3-Bedroom;42 000,00 €;280;Coimbra;House
5269;3-Bedroom;42 500,00 €;227;Coimbra;House
5270;1-Bedroom;43 000,00 €;80;Coimbra;House
5271;Studio;43 000,00 €;65;Coimbra;House
5272;Detached House;45 000,00 €;88;Coimbra;House
5273;Detached House;45 000,00 €;128;Coimbra;House
5274;3-Bedroom;45 000,00 €;128;Coimbra;House
5275;2+1-Bedroom;45 000,00 €;70;Coimbra;House
5276;1+1-Bedroom;45 000,00 €;84;Coimbra;House
5277;2-Bedroom;45 000,00 €;140;Coimbra;House
5278;4-Bedroom;45 000,00 €;214;Coimbra;House
5279;2-Bedroom;45 000,00 €;95;Coimbra;House
5280;3-Bedroom;45 000,00 €;Terreno 90;Coimbra;House
5281;2-Bedroom;45 000,00 €;191;Coimbra;House
5282;6-Bedroom;45 000,00 €;96;Coimbra;House
5283;4-Bedroom;45 000,00 €;190;Coimbra;House
5284;4-Bedroom;45 000,00 €;101;Coimbra;House
5285;5-Bedroom;45 000,00 €;200;Coimbra;House
5286;2-Bedroom;45 000,00 €;60;Coimbra;House
5287;Detached House;46 500,00 €;36;Coimbra;House
5288;Detached House;46 500,00 €;167;Coimbra;House
5289;2-Bedroom;46 500,00 €;58;Coimbra;House
5290;Detached House;47 000,00 €;22;Coimbra;House
5291;1-Bedroom;47 000,00 €;63;Coimbra;House
5292;2-Bedroom;47 000,00 €;93;Coimbra;House
5293;Detached House;47 500,00 €;61;Coimbra;House
5294;Detached House;48 000,00 €;69;Coimbra;House
5295;2+1-Bedroom;48 000,00 €;98;Coimbra;House
5296;2-Bedroom;49 000,00 €;81;Coimbra;House
5297;2-Bedroom;49 000,00 €;403;Coimbra;House
5298;3-Bedroom;49 000,00 €;120;Coimbra;House
5299;4-Bedroom;49 000,00 €;126;Coimbra;House
5300;3-Bedroom;49 500,00 €;161;Coimbra;House
5301;2-Bedroom;49 500,00 €;192;Coimbra;House
5302;Detached House;49 900,00 €;220;Coimbra;House
5303;3-Bedroom;49 900,00 €;95;Coimbra;House
5304;Detached House;49 900,00 €;58;Coimbra;House
5305;Detached House;49 900,00 €;220;Coimbra;House
5306;Detached House;50 000,00 €;175;Coimbra;House
5307;1+1-Bedroom;50 000,00 €;298;Coimbra;House
5308;2-Bedroom;50 000,00 €;83;Coimbra;House
5309;Detached House;50 000,00 €;278;Coimbra;House
5310;6-Bedroom;50 000,00 €;69;Coimbra;House
5311;2-Bedroom;50 000,00 €;136;Coimbra;House
5312;House;54 000,00 €;332;Coimbra;House
5313;1-Bedroom;54 900,00 €;130;Coimbra;House
5314;2-Bedroom;54 990,00 €;100;Coimbra;House
5315;Studio;55 000,00 €;80;Coimbra;House
5316;3-Bedroom;55 000,00 €;83;Coimbra;House
5317;3-Bedroom;55 000,00 €;140;Coimbra;House
5318;3-Bedroom;55 000,00 €;124;Coimbra;House
5319;2-Bedroom;55 000,00 €;272;Coimbra;House
5320;2-Bedroom;55 000,00 €;160;Coimbra;House
5321;2-Bedroom;57 500,00 €;112;Coimbra;House
5322;3-Bedroom;57 500,00 €;170;Coimbra;House
5323;3-Bedroom;58 000,00 €;155;Coimbra;House
5324;3-Bedroom;58 000,00 €;155;Coimbra;House
5325;7-Bedroom;58 500,00 €;132;Coimbra;House
5326;Detached House;58 500,00 €;114;Coimbra;House
5327;9-Bedroom;58 500,00 €;233;Coimbra;House
5328;2-Bedroom;59 000,00 €;187;Coimbra;House
5329;Detached House;59 000,00 €;74;Coimbra;House
5330;3-Bedroom;59 000,00 €;98;Coimbra;House
5331;Detached House;59 000,00 €;82;Coimbra;House
5332;Detached House;59 500,00 €;94;Coimbra;House
5333;Detached House;59 500,00 €;45;Coimbra;House
5334;Detached House;59 500,00 €;45;Coimbra;House
5335;Detached House;59 900,00 €;22;Coimbra;House
5336;Detached House;59 900,00 €;22;Coimbra;House
5337;3-Bedroom;59 900,00 €;200;Coimbra;House
5338;Detached House;60 000,00 €;60;Coimbra;House
5339;2-Bedroom;60 000,00 €;51;Coimbra;House
5340;4-Bedroom;60 000,00 €;404;Coimbra;House
5341;2-Bedroom;60 000,00 €;240;Coimbra;House
5342;1-Bedroom;60 000,00 €;Terreno 206;Coimbra;House
5343;Detached House;60 000,00 €;120;Coimbra;House
5344;2-Bedroom;62 000,00 €;106;Coimbra;House
5345;5-Bedroom;63 000,00 €;123;Coimbra;House
5346;5-Bedroom;63 000,00 €;123;Coimbra;House
5347;3-Bedroom;63 500,00 €;306;Coimbra;House
5348;3-Bedroom;64 000,00 €;277;Coimbra;House
5349;3-Bedroom;65 000,00 €;80;Coimbra;House
5350;3-Bedroom;65 000,00 €;80;Coimbra;House
5351;4-Bedroom;65 000,00 €;240;Coimbra;House
5352;3-Bedroom;65 000,00 €;351;Coimbra;House
5353;3-Bedroom;65 000,00 €;237;Coimbra;House
5354;2-Bedroom;65 000,00 €;235;Coimbra;House
5355;Detached House;65 000,00 €;50;Coimbra;House
5356;Detached House;66 500,00 €;295;Coimbra;House
5357;Detached House;67 000,00 €;75;Coimbra;House
5358;3-Bedroom;67 000,00 €;112;Coimbra;House
5359;Detached House;67 500,00 €;130;Coimbra;House
5360;3-Bedroom;68 000,00 €;116;Coimbra;House
5361;4-Bedroom;68 500,00 €;400;Coimbra;House
5362;2-Bedroom;69 000,00 €;136;Coimbra;House
5363;3-Bedroom;69 000,00 €;45;Coimbra;House
5364;Detached House;69 900,00 €;260;Coimbra;House
5365;Studio;69 900,00 €;246;Coimbra;House
5366;3-Bedroom;70 000,00 €;110;Coimbra;House
5367;3-Bedroom;70 000,00 €;122;Coimbra;House
5368;3-Bedroom;70 000,00 €;136;Coimbra;House
5369;4-Bedroom;70 000,00 €;450;Coimbra;House
5370;3-Bedroom;70 000,00 €;315;Coimbra;House
5371;3-Bedroom;70 000,00 €;272;Coimbra;House
5372;2-Bedroom;70 000,00 €;223;Coimbra;House
5373;3-Bedroom;70 000,00 €;108;Coimbra;House
5374;Detached House;70 000,00 €;98;Coimbra;House
5375;2-Bedroom;73 000,00 €;50;Coimbra;House
5376;4-Bedroom;73 000,00 €;340;Coimbra;House
5377;2-Bedroom;73 500,00 €;400;Coimbra;House
5378;3-Bedroom;74 000,00 €;120;Coimbra;House
5379;2-Bedroom;74 500,00 €;425;Coimbra;House
5380;3-Bedroom;75 000,00 €;140;Coimbra;House
5381;7-Bedroom;75 000,00 €;400;Coimbra;House
5382;7-Bedroom;75 000,00 €;400;Coimbra;House
5383;2-Bedroom;75 000,00 €;206;Coimbra;House
5384;2-Bedroom;75 000,00 €;262;Coimbra;House
5385;Detached House;75 000,00 €;137;Coimbra;House
5386;2-Bedroom;75 000,00 €;118;Coimbra;House
5387;2-Bedroom;75 000,00 €;61;Coimbra;House
5388;2-Bedroom;75 000,00 €;132;Coimbra;House
5389;4-Bedroom;75 000,00 €;87;Coimbra;House
5390;7-Bedroom;75 000,00 €;132;Coimbra;House
5391;2-Bedroom;75 500,00 €;75;Coimbra;House
5392;Detached House;76 500,00 €;145;Coimbra;House
5393;2-Bedroom;76 500,00 €;117;Coimbra;House
5394;4-Bedroom;77 000,00 €;66;Coimbra;House
5395;1-Bedroom;77 500,00 €;91;Coimbra;House
5396;3-Bedroom;78 000,00 €;177;Coimbra;House
5397;Studio;78 000,00 €;94;Coimbra;House
5398;3-Bedroom;78 780,00 €;357;Coimbra;House
5399;2-Bedroom;79 000,00 €;257;Coimbra;House
5400;Studio;79 500,00 €;141;Coimbra;House
5401;3-Bedroom;79 500,00 €;129;Coimbra;House
5402;2-Bedroom;79 950,00 €;124;Coimbra;House
5403;4-Bedroom;80 000,00 €;145;Coimbra;House
5404;2-Bedroom;80 000,00 €;74;Coimbra;House
5405;2-Bedroom;80 000,00 €;74;Coimbra;House
5406;2-Bedroom;80 000,00 €;210;Coimbra;House
5407;3-Bedroom;80 000,00 €;226;Coimbra;House
5408;Detached House;80 000,00 €;63;Coimbra;House
5409;4-Bedroom;82 000,00 €;113;Coimbra;House
5410;3-Bedroom;83 000,00 €;71;Coimbra;House
5411;2-Bedroom;84 900,00 €;78;Coimbra;House
5412;2-Bedroom;85 000,00 €;155;Coimbra;House
5413;4-Bedroom;85 000,00 €;270;Coimbra;House
5414;4+1-Bedroom;85 000,00 €;175;Coimbra;House
5415;3-Bedroom;85 000,00 €;350;Coimbra;House
5416;Studio;86 500,00 €;63;Coimbra;House
5417;2-Bedroom;88 000,00 €;189;Coimbra;House
5418;3-Bedroom;89 000,00 €;210;Coimbra;House
5419;3-Bedroom;89 000,00 €;122;Coimbra;House
5420;4-Bedroom;89 500,00 €;160;Coimbra;House
5421;Detached House;90 000,00 €;70;Coimbra;House
5422;3-Bedroom;90 000,00 €;164;Coimbra;House
5423;3+2-Bedroom;90 000,00 €;298;Coimbra;House
5424;3-Bedroom;90 000,00 €;99;Coimbra;House
5425;Detached House;90 000,00 €;119;Coimbra;House
5426;3-Bedroom;91 000,00 €;70;Coimbra;House
5427;2-Bedroom;92 000,00 €;80;Coimbra;House
5428;2-Bedroom;92 000,00 €;80;Coimbra;House
5429;3-Bedroom;95 000,00 €;159;Coimbra;House
5430;3-Bedroom;95 000,00 €;184;Coimbra;House
5431;Detached House;95 000,00 €;128;Coimbra;House
5432;5-Bedroom;95 000,00 €;147;Coimbra;House
5433;4-Bedroom;95 000,00 €;324;Coimbra;House
5434;3-Bedroom;95 000,00 €;159;Coimbra;House
5435;3-Bedroom;96 000,00 €;130;Coimbra;House
5436;3-Bedroom;96 000,00 €;130;Coimbra;House
5437;1-Bedroom;96 000,00 €;30;Coimbra;House
5438;6-Bedroom;98 000,00 €;153;Coimbra;House
5439;4-Bedroom;98 000,00 €;237;Coimbra;House
5440;Studio;98 000,00 €;477;Coimbra;House
5441;4-Bedroom;98 000,00 €;84;Coimbra;House
5442;3-Bedroom;98 500,00 €;150;Coimbra;House
5443;Detached House;99 000,00 €;141;Coimbra;House
5444;3-Bedroom;99 000,00 €;63;Coimbra;House
5445;4-Bedroom;99 000,00 €;147;Coimbra;House
5446;1-Bedroom;99 500,00 €;67;Coimbra;House
5447;3-Bedroom;99 500,00 €;344;Coimbra;House
5448;1-Bedroom;99 500,00 €;67;Coimbra;House
5449;4-Bedroom;100 000,00 €;466;Coimbra;House
5450;2-Bedroom;100 000,00 €;89;Coimbra;House
5451;3-Bedroom;100 000,00 €;137;Coimbra;House
5452;3-Bedroom;100 000,00 €;244;Coimbra;House
5453;6-Bedroom;104 000,00 €;291;Coimbra;House
5454;4-Bedroom;105 000,00 €;215;Coimbra;House
5455;3-Bedroom;105 000,00 €;130;Coimbra;House
5456;3-Bedroom;105 000,00 €;130;Coimbra;House
5457;2-Bedroom;105 000,00 €;165;Coimbra;House
5458;3-Bedroom;105 000,00 €;183;Coimbra;House
5459;2+2-Bedroom;105 000,00 €;192;Coimbra;House
5460;3-Bedroom;109 000,00 €;129;Coimbra;House
5461;3-Bedroom;109 000,00 €;129;Coimbra;House
5462;3-Bedroom;109 000,00 €;90;Coimbra;House
5463;3+1-Bedroom;109 000,00 €;356;Coimbra;House
5464;Detached House;109 500,00 €;119;Coimbra;House
5465;6-Bedroom;110 000,00 €;420;Coimbra;House
5466;Detached House;110 000,00 €;74;Coimbra;House
5467;Detached House;110 000,00 €;138;Coimbra;House
5468;3-Bedroom;110 000,00 €;259;Coimbra;House
5469;3-Bedroom;110 000,00 €;126;Coimbra;House
5470;Farmhouse;110 000,00 €;60;Coimbra;House
5471;Detached House;115 000,00 €;50;Coimbra;House
5472;2-Bedroom;115 000,00 €;70;Coimbra;House
5473;Olive Press House;115 000,00 €;389;Coimbra;House
5474;3-Bedroom;115 000,00 €;154;Coimbra;House
5475;Detached House;116 500,00 €;70;Coimbra;House
5476;Apartment;117 000,00 €;92;Coimbra;House
5477;6-Bedroom;119 000,00 €;250;Coimbra;House
5478;Apartment;120 000,00 €;84;Coimbra;House
5479;12-Bedroom;120 000,00 €;248;Coimbra;House
5480;4-Bedroom;120 000,00 €;200;Coimbra;House
5481;House;120 000,00 €;89;Coimbra;House
5482;2-Bedroom;120 000,00 €;92;Coimbra;House
5483;Detached House;120 000,00 €;30;Coimbra;House
5484;Detached House;120 000,00 €;179;Coimbra;House
5485;Detached House;120 000,00 €;394;Coimbra;House
5486;2+1-Bedroom;120 000,00 €;106;Coimbra;House
5487;2-Bedroom;122 000,00 €;420;Coimbra;House
5488;2-Bedroom;124 500,00 €;77;Coimbra;House
5489;4-Bedroom;124 500,00 €;194;Coimbra;House
5490;Detached House;125 000,00 €;169;Coimbra;House
5491;3-Bedroom;125 000,00 €;142;Coimbra;House
5492;3-Bedroom;125 000,00 €;331;Coimbra;House
5493;5-Bedroom;125 000,00 €;355;Coimbra;House
5494;4-Bedroom;125 000,00 €;Terreno 1.634;Coimbra;House
5495;2-Bedroom;125 000,00 €;94;Coimbra;House
5496;2-Bedroom;125 000,00 €;76;Coimbra;House
5497;4-Bedroom;125 000,00 €;282;Coimbra;House
5498;Detached House;127 380,00 €;77;Coimbra;House
5499;3-Bedroom;127 500,00 €;140;Coimbra;House
5500;4-Bedroom;127 500,00 €;280;Coimbra;House
5501;3-Bedroom;129 000,00 €;154;Coimbra;House
5502;Detached House;129 000,00 €;346;Coimbra;House
5503;3-Bedroom;129 000,00 €;258;Coimbra;House
5504;3-Bedroom;129 000,00 €;154;Coimbra;House
5505;3-Bedroom;129 900,00 €;198;Coimbra;House
5506;3-Bedroom;129 900,00 €;198;Coimbra;House
5507;3-Bedroom;129 999,00 €;130;Coimbra;House
5508;3-Bedroom;130 000,00 €;250;Coimbra;House
5509;4-Bedroom;130 000,00 €;210;Coimbra;House
5510;3-Bedroom;130 000,00 €;177;Coimbra;House
5511;2-Bedroom;130 000,00 €;388;Coimbra;House
5512;4-Bedroom;130 000,00 €;150;Coimbra;House
5513;3-Bedroom;130 000,00 €;250;Coimbra;House
5514;1-Bedroom;132 500,00 €;57;Coimbra;House
5515;3-Bedroom;134 000,00 €;317;Coimbra;House
5516;House;135 000,00 €;328;Coimbra;House
5517;1-Bedroom;135 000,00 €;43;Coimbra;House
5518;2-Bedroom;135 000,00 €;129;Coimbra;House
5519;Studio;135 000,00 €;44;Coimbra;House
5520;1-Bedroom;135 000,00 €;43;Coimbra;House
5521;4-Bedroom;135 000,00 €;144;Coimbra;House
5522;2-Bedroom;135 000,00 €;60;Coimbra;House
5523;Detached House;136 000,00 €;116;Coimbra;House
5524;Detached House;139 000,00 €;93;Coimbra;House
5525;2-Bedroom;139 000,00 €;93;Coimbra;House
5526;4-Bedroom;139 500,00 €;230;Coimbra;House
5527;2-Bedroom;139 500,00 €;113;Coimbra;House
5528;Detached House;140 000,00 €;4.195;Coimbra;House
5529;Studio;140 000,00 €;44;Coimbra;House
5530;4-Bedroom;140 000,00 €;280;Coimbra;House
5531;3-Bedroom;140 000,00 €;115;Coimbra;House
5532;5-Bedroom;140 000,00 €;178;Coimbra;House
5533;2+1-Bedroom;140 000,00 €;172;Coimbra;House
5534;2-Bedroom;144 000,00 €;64;Coimbra;House
5535;4-Bedroom;145 000,00 €;7.950;Coimbra;House
5536;2-Bedroom;145 000,00 €;140;Coimbra;House
5537;Detached House;145 000,00 €;42;Coimbra;House
5538;5-Bedroom;148 000,00 €;189;Coimbra;House
5539;3-Bedroom;148 888,00 €;282;Coimbra;House
5540;3-Bedroom;148 900,00 €;140;Coimbra;House
5541;3-Bedroom;149 000,00 €;391;Coimbra;House
5542;5-Bedroom;149 000,00 €;154;Coimbra;House
5543;3-Bedroom;149 000,00 €;201;Coimbra;House
5544;3-Bedroom;149 900,00 €;81;Coimbra;House
5545;2-Bedroom;150 000,00 €;80;Coimbra;House
5546;1-Bedroom;150 000,00 €;43;Coimbra;House
5547;1-Bedroom;150 000,00 €;43;Coimbra;House
5548;4-Bedroom;150 000,00 €;290;Coimbra;House
5549;Detached House;150 000,00 €;104;Coimbra;House
5550;2-Bedroom;150 000,00 €;150;Coimbra;House
5551;4-Bedroom;150 000,00 €;289;Coimbra;House
5552;5-Bedroom;150 000,00 €;337;Coimbra;House
5553;6-Bedroom;150 000,00 €;395;Coimbra;House
5554;6-Bedroom;150 000,00 €;261;Coimbra;House
5555;3-Bedroom;150 000,00 €;82;Coimbra;House
5556;3-Bedroom;150 000,00 €;175;Coimbra;House
5557;3-Bedroom;150 000,00 €;234;Coimbra;House
5558;4-Bedroom;150 000,00 €;218;Coimbra;House
5559;2-Bedroom;150 000,00 €;150;Coimbra;House
5560;4-Bedroom;150 000,00 €;108;Coimbra;House
5561;2-Bedroom;152 000,00 €;169;Coimbra;House
5562;3-Bedroom;154 500,00 €;369;Coimbra;House
5563;Apartment;155 000,00 €;41;Coimbra;House
5564;Apartment;155 000,00 €;41;Coimbra;House
5565;4-Bedroom;155 000,00 €;132;Coimbra;House
5566;House;155 000,00 €;196;Coimbra;House
5567;Studio;155 000,00 €;600;Coimbra;House
5568;4-Bedroom;155 000,00 €;290;Coimbra;House
5569;3-Bedroom;158 000,00 €;100;Coimbra;House
5570;2-Bedroom;159 000,00 €;100;Coimbra;House
5571;2-Bedroom;159 000,00 €;100;Coimbra;House
5572;5-Bedroom;159 000,00 €;160;Coimbra;House
5573;Detached House;159 000,00 €;126;Coimbra;House
5574;Detached House;159 500,00 €;162;Coimbra;House
5575;2-Bedroom;159 500,00 €;101;Coimbra;House
5576;3-Bedroom;160 000,00 €;80;Coimbra;House
5577;4-Bedroom;160 000,00 €;220;Coimbra;House
5578;5-Bedroom;160 000,00 €;230;Coimbra;House
5579;2-Bedroom;160 000,00 €;99;Coimbra;House
5580;3-Bedroom;160 000,00 €;252;Coimbra;House
5581;4+3-Bedroom;160 000,00 €;220;Coimbra;House
5582;Studio;160 000,00 €;39;Coimbra;House
5583;4-Bedroom;160 000,00 €;220;Coimbra;House
5584;3-Bedroom;160 000,00 €;110;Coimbra;House
5585;3-Bedroom;160 000,00 €;172;Coimbra;House
5586;3-Bedroom;160 000,00 €;558;Coimbra;House
5587;Farmhouse;160 000,00 €;128;Coimbra;House
5588;4-Bedroom;160 000,00 €;180;Coimbra;House
5589;5-Bedroom;160 000,00 €;497;Coimbra;House
5590;4-Bedroom;162 000,00 €;229;Coimbra;House
5591;Apartment;165 000,00 €;42;Coimbra;House
5592;1-Bedroom;165 000,00 €;43;Coimbra;House
5593;Studio;165 000,00 €;65;Coimbra;House
5594;3-Bedroom;165 000,00 €;460;Coimbra;House
5595;1-Bedroom;165 000,00 €;42;Coimbra;House
5596;1-Bedroom;165 000,00 €;55;Coimbra;House
5597;1-Bedroom;165 000,00 €;42;Coimbra;House
5598;Studio;165 000,00 €;42;Coimbra;House
5599;1-Bedroom;165 000,00 €;42;Coimbra;House
5600;Studio;165 000,00 €;42;Coimbra;House
5601;2+1-Bedroom;165 000,00 €;215;Coimbra;House
5602;2+1-Bedroom;165 000,00 €;215;Coimbra;House
5603;4-Bedroom;165 000,00 €;115;Coimbra;House
5604;3-Bedroom;165 500,00 €;121;Coimbra;House
5605;3-Bedroom;168 000,00 €;92;Coimbra;House
5606;3-Bedroom;169 000,00 €;231;Coimbra;House
5607;3-Bedroom;169 000,00 €;110;Coimbra;House
5608;4-Bedroom;169 000,00 €;326;Coimbra;House
5609;7-Bedroom;170 000,00 €;2.921;Coimbra;House
5610;2-Bedroom;170 000,00 €;70;Coimbra;House
5611;1-Bedroom;170 000,00 €;43;Coimbra;House
5612;3-Bedroom;170 000,00 €;83;Coimbra;House
5613;1-Bedroom;170 000,00 €;70;Coimbra;House
5614;Studio;170 000,00 €;1.800;Coimbra;House
5615;Detached House;170 000,00 €;233;Coimbra;House
5616;1-Bedroom;170 000,00 €;46;Coimbra;House
5617;1-Bedroom;170 000,00 €;72;Coimbra;House
5618;1-Bedroom;170 000,00 €;43;Coimbra;House
5619;5-Bedroom;172 500,00 €;180;Coimbra;House
5620;3-Bedroom;172 500,00 €;208;Coimbra;House
5621;4-Bedroom;172 500,00 €;425;Coimbra;House
5622;5-Bedroom;172 500,00 €;208;Coimbra;House
5623;3+1-Bedroom;172 500,00 €;208;Coimbra;House
5624;4-Bedroom;175 000,00 €;208;Coimbra;House
5625;2-Bedroom;175 000,00 €;223;Coimbra;House
5626;Apartment;175 000,00 €;41;Coimbra;House
5627;Apartment;175 000,00 €;97;Coimbra;House
5628;6-Bedroom;175 000,00 €;223;Coimbra;House
5629;5-Bedroom;175 000,00 €;297;Coimbra;House
5630;5-Bedroom;175 000,00 €;208;Coimbra;House
5631;5-Bedroom;175 000,00 €;208;Coimbra;House
5632;3-Bedroom;175 000,00 €;71;Coimbra;House
5633;3-Bedroom;175 000,00 €;92;Coimbra;House
5634;2-Bedroom;175 000,00 €;97;Coimbra;House
5635;1-Bedroom;175 000,00 €;81;Coimbra;House
5636;3-Bedroom;175 000,00 €;148;Coimbra;House
5637;2-Bedroom;175 000,00 €;91;Coimbra;House
5638;Farmhouse;175 000,00 €;2.000;Coimbra;House
5639;3-Bedroom;175 000,00 €;119;Coimbra;House
5640;5-Bedroom;175 000,00 €;28;Coimbra;House
5641;4-Bedroom;175 000,00 €;72;Coimbra;House
5642;2-Bedroom;176 000,00 €;73;Coimbra;House
5643;2-Bedroom;178 000,00 €;81;Coimbra;House
5644;2-Bedroom;178 000,00 €;235;Coimbra;House
5645;2-Bedroom;178 000,00 €;81;Coimbra;House
5646;1-Bedroom;179 000,00 €;56;Coimbra;House
5647;1-Bedroom;180 000,00 €;67;Coimbra;House
5648;Detached House;180 000,00 €;252;Coimbra;House
5649;1-Bedroom;180 000,00 €;79;Coimbra;House
5650;Detached House;180 000,00 €;330;Coimbra;House
5651;1-Bedroom;180 000,00 €;79;Coimbra;House
5652;2-Bedroom;180 000,00 €;63;Coimbra;House
5653;Studio;180 000,00 €;330;Coimbra;House
5654;3-Bedroom;180 000,00 €;181;Coimbra;House
5655;3-Bedroom;180 000,00 €;296;Coimbra;House
5656;7-Bedroom;180 000,00 €;144;Coimbra;House
5657;3-Bedroom;180 000,00 €;126;Coimbra;House
5658;4-Bedroom;180 000,00 €;311;Coimbra;House
5659;3-Bedroom;184 000,00 €;243;Coimbra;House
5660;2-Bedroom;185 000,00 €;136;Coimbra;House
5661;Detached House;185 000,00 €;138;Coimbra;House
5662;3-Bedroom;185 000,00 €;112;Coimbra;House
5663;Detached House;185 000,00 €;170;Coimbra;House
5664;3-Bedroom;185 000,00 €;240;Coimbra;House
5665;2-Bedroom;187 000,00 €;92;Coimbra;House
5666;2-Bedroom;187 000,00 €;90;Coimbra;House
5667;2-Bedroom;188 000,00 €;148;Coimbra;House
5668;4-Bedroom;189 000,00 €;280;Coimbra;House
5669;3-Bedroom;189 000,00 €;84;Coimbra;House
5670;Detached House;189 000,00 €;275;Coimbra;House
5671;5-Bedroom;189 000,00 €;224;Coimbra;House
5672;5-Bedroom;189 900,00 €;580;Coimbra;House
5673;Detached House;190 000,00 €;122;Coimbra;House
5674;3-Bedroom;190 000,00 €;102;Coimbra;House
5675;6-Bedroom;190 000,00 €;500;Coimbra;House
5676;Detached House;190 000,00 €;300;Coimbra;House
5677;1-Bedroom;190 000,00 €;88;Coimbra;House
5678;6-Bedroom;190 000,00 €;220;Coimbra;House
5679;3-Bedroom;190 000,00 €;164;Coimbra;House
5680;3-Bedroom;190 000,00 €;129;Coimbra;House
5681;1-Bedroom;190 000,00 €;88;Coimbra;House
5682;2-Bedroom;190 000,00 €;115;Coimbra;House
5683;3-Bedroom;190 000,00 €;240;Coimbra;House
5684;5-Bedroom;190 000,00 €;462;Coimbra;House
5685;3-Bedroom;190 000,00 €;129;Coimbra;House
5686;Farmhouse;190 000,00 €;639;Coimbra;House
5687;3-Bedroom;192 000,00 €;117;Coimbra;House
5688;2-Bedroom;194 900,00 €;145;Coimbra;House
5689;2-Bedroom;194 900,00 €;145;Coimbra;House
5690;3-Bedroom;195 000,00 €;114;Coimbra;House
5691;3-Bedroom;195 000,00 €;138;Coimbra;House
5692;2-Bedroom;195 000,00 €;93;Coimbra;House
5693;3-Bedroom;195 000,00 €;516;Coimbra;House
5694;3-Bedroom;195 000,00 €;135;Coimbra;House
5695;3-Bedroom;195 000,00 €;95;Coimbra;House
5696;3-Bedroom;195 000,00 €;114;Coimbra;House
5697;Studio;195 000,00 €;34;Coimbra;House
5698;1-Bedroom;195 000,00 €;54;Coimbra;House
5699;1-Bedroom;195 000,00 €;90;Coimbra;House
5700;2-Bedroom;195 000,00 €;127;Coimbra;House
5701;4-Bedroom;195 000,00 €;703;Coimbra;House
5702;2-Bedroom;195 000,00 €;80;Coimbra;House
5703;Apartment;195 000,00 €;99;Coimbra;House
5704;3-Bedroom;195 000,00 €;96;Coimbra;House
5705;Detached House;195 000,00 €;151;Coimbra;House
5706;3-Bedroom;195 000,00 €;135;Coimbra;House
5707;2-Bedroom;195 300,00 €;85;Coimbra;House
5708;3-Bedroom;197 000,00 €;112;Coimbra;House
5709;1-Bedroom;197 500,00 €;35;Coimbra;House
5710;Studio;198 000,00 €;52;Coimbra;House
5711;2-Bedroom;198 000,00 €;178;Coimbra;House
5712;1-Bedroom;198 000,00 €;50;Coimbra;House
5713;5-Bedroom;198 900,00 €;480;Coimbra;House
5714;4+2-Bedroom;199 000,00 €;844;Coimbra;House
5715;2-Bedroom;199 000,00 €;164;Coimbra;House
5716;1-Bedroom;199 000,00 €;54;Coimbra;House
5717;4-Bedroom;199 000,00 €;149;Coimbra;House
5718;3-Bedroom;199 000,00 €;423;Coimbra;House
5719;5-Bedroom;199 500,00 €;110;Coimbra;House
5720;3-Bedroom;199 750,00 €;120;Coimbra;House
5721;3-Bedroom;200 000,00 €;162;Coimbra;House
5722;2-Bedroom;200 000,00 €;104;Coimbra;House
5723;3-Bedroom;200 000,00 €;135;Coimbra;House
5724;2-Bedroom;200 000,00 €;119;Coimbra;House
5725;4-Bedroom;200 000,00 €;8.500;Coimbra;House
5726;Detached House;200 000,00 €;55;Coimbra;House
5727;3-Bedroom;200 000,00 €;64;Coimbra;House
5728;6-Bedroom;200 000,00 €;154;Coimbra;House
5729;6-Bedroom;200 000,00 €;154;Coimbra;House
5730;3-Bedroom;200 000,00 €;88;Coimbra;House
5731;Apartment;205 000,00 €;121;Coimbra;House
5732;1-Bedroom;205 000,00 €;85;Coimbra;House
5733;2-Bedroom;205 000,00 €;121;Coimbra;House
5734;3-Bedroom;205 000,00 €;250;Coimbra;House
5735;2-Bedroom;205 000,00 €;50;Coimbra;House
5736;2-Bedroom;205 000,00 €;108;Coimbra;House
5737;2-Bedroom;205 000,00 €;110;Coimbra;House
5738;Apartment;206 000,00 €;40;Coimbra;House
5739;Apartment;206 000,00 €;40;Coimbra;House
5740;Studio;206 000,00 €;52;Coimbra;House
5741;2-Bedroom;207 000,00 €;66;Coimbra;House
5742;1-Bedroom;207 000,00 €;54;Coimbra;House
5743;2-Bedroom;207 000,00 €;87;Coimbra;House
5744;3-Bedroom;207 500,00 €;132;Coimbra;House
5745;1-Bedroom;208 000,00 €;66;Coimbra;House
5746;2-Bedroom;209 000,00 €;107;Coimbra;House
5747;Apartment;209 500,00 €;74;Coimbra;House
5748;3-Bedroom;210 000,00 €;89;Coimbra;House
5749;3-Bedroom;210 000,00 €;109;Coimbra;House
5750;4-Bedroom;210 000,00 €;210;Coimbra;House
5751;4-Bedroom;210 000,00 €;226;Coimbra;House
5752;7-Bedroom;210 000,00 €;525;Coimbra;House
5753;3-Bedroom;211 000,00 €;102;Coimbra;House
5754;3-Bedroom;215 000,00 €;141;Coimbra;House
5755;Apartment;215 000,00 €;51;Coimbra;House
5756;Apartment;215 000,00 €;115;Coimbra;House
5757;4-Bedroom;215 000,00 €;191;Coimbra;House
5758;4-Bedroom;215 000,00 €;275;Coimbra;House
5759;2-Bedroom;215 000,00 €;96;Coimbra;House
5760;2-Bedroom;215 000,00 €;82;Coimbra;House
5761;3-Bedroom;215 000,00 €;119;Coimbra;House
5762;1-Bedroom;215 000,00 €;42;Coimbra;House
5763;4-Bedroom;215 000,00 €;191;Coimbra;House
5764;2-Bedroom;215 000,00 €;115;Coimbra;House
5765;Apartment;215 000,00 €;144;Coimbra;House
5766;3-Bedroom;215 000,00 €;117;Coimbra;House
5767;3-Bedroom;216 000,00 €;243;Coimbra;House
5768;2-Bedroom;218 000,00 €;86;Coimbra;House
5769;Apartment;218 000,00 €;80;Coimbra;House
5770;2-Bedroom;219 000,00 €;135;Coimbra;House
5771;3-Bedroom;220 000,00 €;140;Coimbra;House
5772;Detached House;220 000,00 €;452;Coimbra;House
5773;3-Bedroom;220 000,00 €;174;Coimbra;House
5774;2-Bedroom;220 000,00 €;101;Coimbra;House
5775;4-Bedroom;220 000,00 €;262;Coimbra;House
5776;Apartment;220 000,00 €;89;Coimbra;House
5777;1-Bedroom;220 000,00 €;60;Coimbra;House
5778;1-Bedroom;220 000,00 €;64;Coimbra;House
5779;3-Bedroom;220 000,00 €;150;Coimbra;House
5780;4-Bedroom;220 000,00 €;135;Coimbra;House
5781;3-Bedroom;220 000,00 €;140;Coimbra;House
5782;6-Bedroom;225 000,00 €;805;Coimbra;House
5783;Detached House;225 000,00 €;417;Coimbra;House
5784;Detached House;225 000,00 €;68;Coimbra;House
5785;2-Bedroom;225 000,00 €;96;Coimbra;House
5786;3-Bedroom;225 000,00 €;95;Coimbra;House
5787;Apartment;225 000,00 €;90;Coimbra;House
5788;2-Bedroom;225 000,00 €;95;Coimbra;House
5789;5-Bedroom;225 000,00 €;147;Coimbra;House
5790;2-Bedroom;225 000,00 €;90;Coimbra;House
5791;2-Bedroom;225 000,00 €;135;Coimbra;House
5792;2-Bedroom;225 000,00 €;96;Coimbra;House
5793;2-Bedroom;225 000,00 €;96;Coimbra;House
5794;3-Bedroom;225 600,00 €;119;Coimbra;House
5795;Apartment;226 000,00 €;40;Coimbra;House
5796;Apartment;226 000,00 €;40;Coimbra;House
5797;Apartment;227 000,00 €;72;Coimbra;House
5798;3+2-Bedroom;227 500,00 €;384;Coimbra;House
5799;3-Bedroom;229 000,00 €;128;Coimbra;House
5800;3+1-Bedroom;229 900,00 €;217;Coimbra;House
5801;4-Bedroom;230 000,00 €;440;Coimbra;House
5802;1+1-Bedroom;230 000,00 €;114;Coimbra;House
5803;1-Bedroom;230 000,00 €;100;Coimbra;House
5804;2-Bedroom;230 000,00 €;133;Coimbra;House
5805;1-Bedroom;230 000,00 €;65;Coimbra;House
5806;4-Bedroom;230 000,00 €;275;Coimbra;House
5807;3-Bedroom;230 000,00 €;186;Coimbra;House
5808;2-Bedroom;230 000,00 €;68;Coimbra;House
5809;2-Bedroom;230 000,00 €;75;Coimbra;House
5810;2-Bedroom;230 000,00 €;114;Coimbra;House
5811;3-Bedroom;230 000,00 €;180;Coimbra;House
5812;3-Bedroom;230 000,00 €;134;Coimbra;House
5813;4-Bedroom;230 000,00 €;440;Coimbra;House
5814;4-Bedroom;230 000,00 €;241;Coimbra;House
5815;2-Bedroom;232 500,00 €;82;Coimbra;House
5816;1-Bedroom;235 000,00 €;70;Coimbra;House
5817;3-Bedroom;235 000,00 €;119;Coimbra;House
5818;2-Bedroom;235 800,00 €;102;Coimbra;House
5819;2-Bedroom;237 000,00 €;119;Coimbra;House
5820;3-Bedroom;237 500,00 €;200;Coimbra;House
5821;3-Bedroom;239 000,00 €;248;Coimbra;House
5822;2-Bedroom;239 300,00 €;102;Coimbra;House
5823;3-Bedroom;239 900,00 €;101;Coimbra;House
5824;1-Bedroom;240 000,00 €;137;Coimbra;House
5825;3-Bedroom;240 000,00 €;100;Coimbra;House
5826;3-Bedroom;240 000,00 €;140;Coimbra;House
5827;2-Bedroom;240 000,00 €;103;Coimbra;House
5828;3-Bedroom;240 000,00 €;123;Coimbra;House
5829;Apartment;244 500,00 €;174;Coimbra;House
5830;4-Bedroom;245 000,00 €;150;Coimbra;House
5831;4-Bedroom;245 000,00 €;150;Coimbra;House
5832;3-Bedroom;245 000,00 €;300;Coimbra;House
5833;2-Bedroom;245 000,00 €;91;Coimbra;House
5834;2-Bedroom;245 000,00 €;91;Coimbra;House
5835;2-Bedroom;245 000,00 €;117;Coimbra;House
5836;2-Bedroom;245 000,00 €;100;Coimbra;House
5837;4-Bedroom;245 000,00 €;322;Coimbra;House
5838;5-Bedroom;245 000,00 €;200;Coimbra;House
5839;6-Bedroom;245 000,00 €;468;Coimbra;House
5840;2-Bedroom;245 000,00 €;112;Coimbra;House
5841;4-Bedroom;246 000,00 €;360;Coimbra;House
5842;Detached House;248 500,00 €;215;Coimbra;House
5843;3-Bedroom;249 000,00 €;197;Coimbra;House
5844;3-Bedroom;249 000,00 €;140;Coimbra;House
5845;4-Bedroom;249 000,00 €;167;Coimbra;House
5846;6-Bedroom;249 000,00 €;266;Coimbra;House
5847;3-Bedroom;249 000,00 €;98;Coimbra;House
5848;5-Bedroom;249 000,00 €;294;Coimbra;House
5849;2-Bedroom;249 000,00 €;379;Coimbra;House
5850;Apartment;249 000,00 €;225;Coimbra;House
5851;3-Bedroom;249 500,00 €;358;Coimbra;House
5852;4-Bedroom;250 000,00 €;266;Coimbra;House
5853;4-Bedroom;250 000,00 €;218;Coimbra;House
5854;Detached House;250 000,00 €;102;Coimbra;House
5855;2-Bedroom;250 000,00 €;110;Coimbra;House
5856;3-Bedroom;250 000,00 €;224;Coimbra;House
5857;3-Bedroom;250 000,00 €;90;Coimbra;House
5858;2-Bedroom;250 000,00 €;111;Coimbra;House
5859;2-Bedroom;250 000,00 €;111;Coimbra;House
5860;2-Bedroom;250 000,00 €;110;Coimbra;House
5861;3-Bedroom;250 000,00 €;225;Coimbra;House
5862;3-Bedroom;250 000,00 €;400;Coimbra;House
5863;3-Bedroom;250 000,00 €;240;Coimbra;House
5864;2-Bedroom;250 000,00 €;117;Coimbra;House
5865;3-Bedroom;250 000,00 €;213;Coimbra;House
5866;3-Bedroom;250 000,00 €;200;Coimbra;House
5867;2-Bedroom;250 000,00 €;129;Coimbra;House
5868;3-Bedroom;250 000,00 €;103;Coimbra;House
5869;8-Bedroom;250 000,00 €;683;Coimbra;House
5870;3-Bedroom;250 000,00 €;225;Coimbra;House
5871;Studio;250 000,00 €;1.911;Coimbra;House
5872;Detached House;250 000,00 €;307;Coimbra;House
5873;3-Bedroom;250 000,00 €;118;Coimbra;House
5874;5-Bedroom;250 000,00 €;355;Coimbra;House
5875;Detached House;250 000,00 €;225;Coimbra;House
5876;4-Bedroom;250 000,00 €;218;Coimbra;House
5877;4-Bedroom;250 000,00 €;266;Coimbra;House
5878;1-Bedroom;255 000,00 €;57;Coimbra;House
5879;1-Bedroom;255 000,00 €;74;Coimbra;House
5880;1-Bedroom;255 000,00 €;84;Coimbra;House
5881;Apartment;255 000,00 €;69;Coimbra;House
5882;3-Bedroom;258 000,00 €;288;Coimbra;House
5883;2-Bedroom;258 000,00 €;91;Coimbra;House
5884;2-Bedroom;258 000,00 €;91;Coimbra;House
5885;4-Bedroom;259 900,00 €;156;Coimbra;House
5886;4-Bedroom;259 900,00 €;156;Coimbra;House
5887;5-Bedroom;260 000,00 €;230;Coimbra;House
5888;Detached House;260 000,00 €;221;Coimbra;House
5889;2-Bedroom;260 000,00 €;95;Coimbra;House
5890;3-Bedroom;260 000,00 €;136;Coimbra;House
5891;3-Bedroom;260 000,00 €;210;Coimbra;House
5892;3-Bedroom;260 000,00 €;184;Coimbra;House
5893;5-Bedroom;260 000,00 €;313;Coimbra;House
5894;3-Bedroom;260 000,00 €;136;Coimbra;House
5895;Apartment;260 000,00 €;73;Coimbra;House
5896;5-Bedroom;260 000,00 €;313;Coimbra;House
5897;3-Bedroom;260 000,00 €;136;Coimbra;House
5898;2-Bedroom;260 000,00 €;73;Coimbra;House
5899;4-Bedroom;260 000,00 €;130;Coimbra;House
5900;1-Bedroom;260 000,00 €;77;Coimbra;House
5901;2-Bedroom;260 000,00 €;73;Coimbra;House
5902;2-Bedroom;260 000,00 €;126;Coimbra;House
5903;2-Bedroom;260 000,00 €;94;Coimbra;House
5904;2-Bedroom;260 000,00 €;131;Coimbra;House
5905;Apartment;260 000,00 €;699;Coimbra;House
5906;2-Bedroom;260 000,00 €;73;Coimbra;House
5907;1-Bedroom;260 000,00 €;87;Coimbra;House
5908;2-Bedroom;260 000,00 €;137;Coimbra;House
5909;5-Bedroom;260 000,00 €;230;Coimbra;House
5910;2-Bedroom;265 000,00 €;133;Coimbra;House
5911;2-Bedroom;265 000,00 €;138;Coimbra;House
5912;2-Bedroom;265 000,00 €;131;Coimbra;House
5913;3-Bedroom;265 000,00 €;141;Coimbra;House
5914;3-Bedroom;265 000,00 €;141;Coimbra;House
5915;1-Bedroom;265 000,00 €;87;Coimbra;House
5916;3-Bedroom;265 000,00 €;288;Coimbra;House
5917;3-Bedroom;265 000,00 €;181;Coimbra;House
5918;Detached House;267 500,00 €;120;Coimbra;House
5919;2-Bedroom;268 000,00 €;73;Coimbra;House
5920;Detached House;269 000,00 €;114;Coimbra;House
5921;3-Bedroom;269 000,00 €;652;Coimbra;House
5922;Apartment;269 000,00 €;158;Coimbra;House
5923;3-Bedroom;269 000,00 €;137;Coimbra;House
5924;Detached House;270 000,00 €;341;Coimbra;House
5925;3-Bedroom;270 000,00 €;140;Coimbra;House
5926;5-Bedroom;270 000,00 €;300;Coimbra;House
5927;3-Bedroom;270 000,00 €;138;Coimbra;House
5928;3-Bedroom;270 000,00 €;138;Coimbra;House
5929;2-Bedroom;272 000,00 €;73;Coimbra;House
5930;Apartment;272 000,00 €;73;Coimbra;House
5931;Apartment;272 000,00 €;73;Coimbra;House
5932;2-Bedroom;272 000,00 €;73;Coimbra;House
5933;2-Bedroom;272 000,00 €;73;Coimbra;House
5934;3-Bedroom;274 900,00 €;126;Coimbra;House
5935;4-Bedroom;274 900,00 €;350;Coimbra;House
5936;2-Bedroom;275 000,00 €;104;Coimbra;House
5937;2-Bedroom;275 000,00 €;325;Coimbra;House
5938;3-Bedroom;275 000,00 €;167;Coimbra;House
5939;Apartment;275 000,00 €;70;Coimbra;House
5940;Apartment;275 000,00 €;75;Coimbra;House
5941;Detached House;275 000,00 €;148;Coimbra;House
5942;Apartment;275 000,00 €;127;Coimbra;House
5943;Apartment;275 000,00 €;127;Coimbra;House
5944;Apartment;275 000,00 €;111;Coimbra;House
5945;2-Bedroom;275 000,00 €;90;Coimbra;House
5946;2-Bedroom;275 000,00 €;73;Coimbra;House
5947;4-Bedroom;275 000,00 €;297;Coimbra;House
5948;3-Bedroom;275 000,00 €;145;Coimbra;House
5949;2-Bedroom;275 000,00 €;127;Coimbra;House
5950;2-Bedroom;275 000,00 €;155;Coimbra;House
5951;2-Bedroom;275 000,00 €;73;Coimbra;House
5952;3-Bedroom;275 000,00 €;238;Coimbra;House
5953;Apartment;275 000,00 €;146;Coimbra;House
5954;3-Bedroom;275 000,00 €;146;Coimbra;House
5955;3-Bedroom;275 000,00 €;146;Coimbra;House
5956;2-Bedroom;275 000,00 €;96;Coimbra;House
5957;2-Bedroom;275 000,00 €;96;Coimbra;House
5958;Apartment;275 000,00 €;127;Coimbra;House
5959;2-Bedroom;275 000,00 €;96;Coimbra;House
5960;6-Bedroom;275 000,00 €;126;Coimbra;House
5961;4-Bedroom;278 950,00 €;367;Coimbra;House
5962;Apartment;279 500,00 €;235;Coimbra;House
5963;Detached House;280 000,00 €;129;Coimbra;House
5964;3-Bedroom;280 000,00 €;150;Coimbra;House
5965;2-Bedroom;280 000,00 €;149;Coimbra;House
5966;2-Bedroom;280 000,00 €;149;Coimbra;House
5967;Apartment;280 000,00 €;80;Coimbra;House
5968;Apartment;280 000,00 €;80;Coimbra;House
5969;2-Bedroom;280 000,00 €;145;Coimbra;House
5970;2-Bedroom;280 000,00 €;129;Coimbra;House
5971;2-Bedroom;280 000,00 €;80;Coimbra;House
5972;3-Bedroom;280 000,00 €;135;Coimbra;House
5973;2-Bedroom;280 000,00 €;80;Coimbra;House
5974;4-Bedroom;280 000,00 €;236;Coimbra;House
5975;2-Bedroom;280 000,00 €;80;Coimbra;House
5976;5-Bedroom;280 000,00 €;195;Coimbra;House
5977;3-Bedroom;280 000,00 €;141;Coimbra;House
5978;2-Bedroom;280 000,00 €;105;Coimbra;House
5979;3-Bedroom;280 000,00 €;282;Coimbra;House
5980;4-Bedroom;280 000,00 €;160;Coimbra;House
5981;2-Bedroom;280 000,00 €;129;Coimbra;House
5982;6-Bedroom;280 000,00 €;390;Coimbra;House
5983;2-Bedroom;280 000,00 €;100;Coimbra;House
5984;2-Bedroom;280 000,00 €;100;Coimbra;House
5985;4-Bedroom;280 000,00 €;170;Coimbra;House
5986;3-Bedroom;280 000,00 €;136;Coimbra;House
5987;2-Bedroom;282 000,00 €;81;Coimbra;House
5988;Detached House;285 000,00 €;148;Coimbra;House
5989;2-Bedroom;285 000,00 €;26;Coimbra;House
5990;6-Bedroom;285 000,00 €;123;Coimbra;House
5991;3-Bedroom;285 000,00 €;127;Coimbra;House
5992;Apartment;285 000,00 €;80;Coimbra;House
5993;2-Bedroom;285 000,00 €;76;Coimbra;House
5994;Apartment;285 000,00 €;120;Coimbra;House
5995;2-Bedroom;285 000,00 €;100;Coimbra;House
5996;2-Bedroom;285 000,00 €;112;Coimbra;House
5997;3-Bedroom;285 000,00 €;134;Coimbra;House
5998;2-Bedroom;285 000,00 €;96;Coimbra;House
5999;2-Bedroom;285 000,00 €;101;Coimbra;House
6000;3-Bedroom;285 000,00 €;146;Coimbra;House
6001;3-Bedroom;285 000,00 €;146;Coimbra;House
6002;2-Bedroom;285 000,00 €;102;Coimbra;House
6003;2-Bedroom;285 000,00 €;103;Coimbra;House
6004;2-Bedroom;285 000,00 €;96;Coimbra;House
6005;3-Bedroom;285 000,00 €;146;Coimbra;House
6006;2-Bedroom;287 000,00 €;81;Coimbra;House
6007;3+2-Bedroom;288 000,00 €;160;Coimbra;House
6008;5-Bedroom;289 000,00 €;647;Coimbra;House
6009;3-Bedroom;289 000,00 €;143;Coimbra;House
6010;5-Bedroom;289 000,00 €;183;Coimbra;House
6011;4-Bedroom;290 000,00 €;303;Coimbra;House
6012;2-Bedroom;290 000,00 €;120;Coimbra;House
6013;3-Bedroom;290 000,00 €;115;Coimbra;House
6014;2-Bedroom;290 000,00 €;107;Coimbra;House
6015;4-Bedroom;290 000,00 €;164;Coimbra;House
6016;Apartment;290 000,00 €;80;Coimbra;House
6017;3+1-Bedroom;290 000,00 €;303;Coimbra;House
6018;4-Bedroom;290 000,00 €;303;Coimbra;House
6019;2-Bedroom;290 000,00 €;80;Coimbra;House
6020;3-Bedroom;290 000,00 €;141;Coimbra;House
6021;2-Bedroom;290 000,00 €;105;Coimbra;House
6022;2-Bedroom;290 000,00 €;100;Coimbra;House
6023;2-Bedroom;290 000,00 €;150;Coimbra;House
6024;3-Bedroom;290 000,00 €;141;Coimbra;House
6025;3-Bedroom;290 000,00 €;303;Coimbra;House
6026;2-Bedroom;290 000,00 €;120;Coimbra;House
6027;5-Bedroom;290 000,00 €;433;Coimbra;House
6028;2-Bedroom;290 000,00 €;100;Coimbra;House
6029;1-Bedroom;290 000,00 €;65;Coimbra;House
6030;4-Bedroom;292 500,00 €;159;Coimbra;House
6031;3-Bedroom;292 500,00 €;150;Coimbra;House
6032;3-Bedroom;292 500,00 €;126;Coimbra;House
6033;4-Bedroom;292 500,00 €;159;Coimbra;House
6034;5-Bedroom;294 500,00 €;473;Coimbra;House
6035;5-Bedroom;294 500,00 €;523;Coimbra;House
6036;5-Bedroom;294 500,00 €;474;Coimbra;House
6037;2+1-Bedroom;295 000,00 €;188;Coimbra;House
6038;3-Bedroom;295 000,00 €;157;Coimbra;House
6039;2-Bedroom;295 000,00 €;109;Coimbra;House
6040;3-Bedroom;295 000,00 €;156;Coimbra;House
6041;3-Bedroom;295 000,00 €;146;Coimbra;House
6042;3-Bedroom;295 000,00 €;138;Coimbra;House
6043;2-Bedroom;295 000,00 €;120;Coimbra;House
6044;2-Bedroom;295 000,00 €;110;Coimbra;House
6045;2-Bedroom;295 000,00 €;107;Coimbra;House
6046;4-Bedroom;295 000,00 €;233;Coimbra;House
6047;1-Bedroom;295 000,00 €;45;Coimbra;House
6048;4-Bedroom;295 000,00 €;233;Coimbra;House
6049;3-Bedroom;295 000,00 €;157;Coimbra;House
6050;Detached House;295 000,00 €;157;Coimbra;House
6051;3-Bedroom;295 000,00 €;146;Coimbra;House
6052;3-Bedroom;295 000,00 €;170;Coimbra;House
6053;3-Bedroom;295 000,00 €;146;Coimbra;House
6054;1-Bedroom;295 000,00 €;69;Coimbra;House
6055;1-Bedroom;295 000,00 €;54;Coimbra;House
6056;3-Bedroom;295 000,00 €;157;Coimbra;House
6057;2-Bedroom;295 000,00 €;92;Coimbra;House
6058;3-Bedroom;295 000,00 €;128;Coimbra;House
6059;3-Bedroom;295 000,00 €;157;Coimbra;House
6060;Farmhouse;295 000,00 €;400;Coimbra;House
6061;2-Bedroom;295 000,00 €;90;Coimbra;House
6062;4-Bedroom;295 000,00 €;150;Coimbra;House
6063;Apartment;295 000,00 €;101;Coimbra;House
6064;2-Bedroom;295 000,00 €;111;Coimbra;House
6065;2+1-Bedroom;295 000,00 €;188;Coimbra;House
6066;3-Bedroom;296 000,00 €;287;Coimbra;House
6067;3-Bedroom;297 500,00 €;185;Coimbra;House
6068;3-Bedroom;298 000,00 €;141;Coimbra;House
6069;3-Bedroom;298 000,00 €;335;Coimbra;House
6070;3-Bedroom;299 000,00 €;187;Coimbra;House
6071;4-Bedroom;299 000,00 €;870;Coimbra;House
6072;4-Bedroom;299 000,00 €;385;Coimbra;House
6073;2-Bedroom;299 000,00 €;86;Coimbra;House
6074;Detached House;299 000,00 €;817;Coimbra;House
6075;3-Bedroom;299 500,00 €;170;Coimbra;House
6076;5-Bedroom;299 500,00 €;300;Coimbra;House
6077;3-Bedroom;299 900,00 €;174;Coimbra;House
6078;3-Bedroom;300 000,00 €;170;Coimbra;House
6079;3-Bedroom;300 000,00 €;141;Coimbra;House
6080;2-Bedroom;300 000,00 €;82;Coimbra;House
6081;3-Bedroom;300 000,00 €;138;Coimbra;House
6082;3-Bedroom;300 000,00 €;142;Coimbra;House
6083;3-Bedroom;300 000,00 €;142;Coimbra;House
6084;6-Bedroom;300 000,00 €;350;Coimbra;House
6085;3-Bedroom;300 000,00 €;150;Coimbra;House
6086;3-Bedroom;300 000,00 €;150;Coimbra;House
6087;3-Bedroom;300 000,00 €;133;Coimbra;House
6088;7-Bedroom;300 000,00 €;423;Coimbra;House
6089;Farmhouse;300 000,00 €;239;Coimbra;House
6090;3-Bedroom;300 000,00 €;242;Coimbra;House
6091;5-Bedroom;300 000,00 €;333;Coimbra;House
6092;Detached House;300 000,00 €;173;Coimbra;House
6093;2-Bedroom;303 000,00 €;103;Coimbra;House
6094;Apartment;305 000,00 €;86;Coimbra;House
6095;Apartment;305 000,00 €;86;Coimbra;House
6096;3-Bedroom;305 000,00 €;133;Coimbra;House
6097;3-Bedroom;305 000,00 €;184;Coimbra;House
6098;3-Bedroom;305 000,00 €;128;Coimbra;House
6099;6-Bedroom;309 000,00 €;330;Coimbra;House
6100;3-Bedroom;309 000,00 €;292;Coimbra;House
6101;2-Bedroom;310 000,00 €;127;Coimbra;House
6102;2-Bedroom;310 000,00 €;86;Coimbra;House
6103;2-Bedroom;310 000,00 €;100;Coimbra;House
6104;2-Bedroom;310 000,00 €;80;Coimbra;House
6105;Apartment;310 000,00 €;99;Coimbra;House
6106;2-Bedroom;310 000,00 €;94;Coimbra;House
6107;3-Bedroom;310 000,00 €;138;Coimbra;House
6108;2-Bedroom;310 000,00 €;94;Coimbra;House
6109;2-Bedroom;310 000,00 €;100;Coimbra;House
6110;2-Bedroom;310 000,00 €;86;Coimbra;House
6111;2-Bedroom;310 000,00 €;120;Coimbra;House
6112;3-Bedroom;310 000,00 €;201;Coimbra;House
6113;2-Bedroom;310 000,00 €;115;Coimbra;House
6114;2-Bedroom;310 000,00 €;122;Coimbra;House
6115;2-Bedroom;310 000,00 €;94;Coimbra;House
6116;3-Bedroom;310 000,00 €;172;Coimbra;House
6117;3-Bedroom;315 000,00 €;410;Coimbra;House
6118;2-Bedroom;315 000,00 €;94;Coimbra;House
6119;Apartment;315 000,00 €;91;Coimbra;House
6120;Apartment;315 000,00 €;91;Coimbra;House
6121;Apartment;315 000,00 €;100;Coimbra;House
6122;2-Bedroom;315 000,00 €;93;Coimbra;House
6123;2-Bedroom;315 000,00 €;100;Coimbra;House
6124;2-Bedroom;315 000,00 €;86;Coimbra;House
6125;3-Bedroom;315 000,00 €;162;Coimbra;House
6126;2-Bedroom;315 000,00 €;117;Coimbra;House
6127;2-Bedroom;315 000,00 €;159;Coimbra;House
6128;4-Bedroom;315 000,00 €;374;Coimbra;House
6129;2-Bedroom;315 000,00 €;94;Coimbra;House
6130;3-Bedroom;315 000,00 €;170;Coimbra;House
6131;7-Bedroom;315 000,00 €;379;Coimbra;House
6132;2-Bedroom;315 000,00 €;94;Coimbra;House
6133;2-Bedroom;317 500,00 €;78;Coimbra;House
6134;2-Bedroom;317 500,00 €;78;Coimbra;House
6135;4-Bedroom;319 000,00 €;231;Coimbra;House
6136;3-Bedroom;319 000,00 €;231;Coimbra;House
6137;3-Bedroom;319 500,00 €;190;Coimbra;House
6138;3-Bedroom;320 000,00 €;140;Coimbra;House
6139;6-Bedroom;320 000,00 €;342;Coimbra;House
6140;4-Bedroom;320 000,00 €;500;Coimbra;House
6141;4-Bedroom;320 000,00 €;223;Coimbra;House
6142;2-Bedroom;320 000,00 €;80;Coimbra;House
6143;2-Bedroom;320 000,00 €;80;Coimbra;House
6144;2-Bedroom;320 000,00 €;86;Coimbra;House
6145;3-Bedroom;320 000,00 €;310;Coimbra;House
6146;2-Bedroom;320 000,00 €;108;Coimbra;House
6147;3-Bedroom;320 000,00 €;125;Coimbra;House
6148;6-Bedroom;320 000,00 €;340;Coimbra;House
6149;3-Bedroom;320 000,00 €;167;Coimbra;House
6150;3+1-Bedroom;320 000,00 €;223;Coimbra;House
6151;3-Bedroom;320 000,00 €;167;Coimbra;House
6152;3-Bedroom;320 000,00 €;203;Coimbra;House
6153;3-Bedroom;320 000,00 €;196;Coimbra;House
6154;3+1-Bedroom;320 000,00 €;235;Coimbra;House
6155;2-Bedroom;320 000,00 €;133;Coimbra;House
6156;2+2-Bedroom;320 000,00 €;115;Coimbra;House
6157;3-Bedroom;320 000,00 €;172;Coimbra;House
6158;2-Bedroom;320 000,00 €;78;Coimbra;House
6159;3-Bedroom;320 000,00 €;174;Coimbra;House
6160;7-Bedroom;320 000,00 €;363;Coimbra;House
6161;3-Bedroom;320 000,00 €;203;Coimbra;House
6162;4-Bedroom;320 000,00 €;500;Coimbra;House
6163;3-Bedroom;320 000,00 €;293;Coimbra;House
6164;3-Bedroom;320 000,00 €;235;Coimbra;House
6165;2-Bedroom;320 000,00 €;118;Coimbra;House
6166;4-Bedroom;320 000,00 €;295;Coimbra;House
6167;3-Bedroom;320 000,00 €;170;Coimbra;House
6168;4-Bedroom;320 000,00 €;500;Coimbra;House
6169;Detached House;322 000,00 €;344;Coimbra;House
6170;4-Bedroom;322 500,00 €;207;Coimbra;House
6171;4-Bedroom;322 700,00 €;310;Coimbra;House
6172;Apartment;325 000,00 €;160;Coimbra;House
6173;3-Bedroom;325 000,00 €;153;Coimbra;House
6174;3-Bedroom;325 000,00 €;495;Coimbra;House
6175;7-Bedroom;325 000,00 €;225;Coimbra;House
6176;2-Bedroom;325 000,00 €;108;Coimbra;House
6177;3-Bedroom;325 000,00 €;350;Coimbra;House
6178;Farmhouse;325 000,00 €;240;Coimbra;House
6179;2-Bedroom;325 000,00 €;124;Coimbra;House
6180;6-Bedroom;325 000,00 €;590;Coimbra;House
6181;3-Bedroom;325 500,00 €;146;Coimbra;House
6182;3-Bedroom;325 500,00 €;146;Coimbra;House
6183;3-Bedroom;325 500,00 €;160;Coimbra;House
6184;2-Bedroom;327 500,00 €;78;Coimbra;House
6185;3-Bedroom;329 900,00 €;153;Coimbra;House
6186;2-Bedroom;330 000,00 €;201;Coimbra;House
6187;3-Bedroom;330 000,00 €;130;Coimbra;House
6188;3-Bedroom;330 000,00 €;170;Coimbra;House
6189;Apartment;330 000,00 €;131;Coimbra;House
6190;Apartment;330 000,00 €;146;Coimbra;House
6191;3-Bedroom;330 000,00 €;276;Coimbra;House
6192;3-Bedroom;330 000,00 €;197;Coimbra;House
6193;3-Bedroom;330 000,00 €;167;Coimbra;House
6194;3-Bedroom;330 000,00 €;197;Coimbra;House
6195;3-Bedroom;330 000,00 €;276;Coimbra;House
6196;3-Bedroom;330 000,00 €;146;Coimbra;House
6197;5-Bedroom;330 000,00 €;443;Coimbra;House
6198;2-Bedroom;330 000,00 €;119;Coimbra;House
6199;3-Bedroom;330 000,00 €;191;Coimbra;House
6200;Apartment;330 000,00 €;120;Coimbra;House
6201;3-Bedroom;330 000,00 €;153;Coimbra;House
6202;3-Bedroom;330 000,00 €;151;Coimbra;House
6203;4-Bedroom;330 000,00 €;182;Coimbra;House
6204;3-Bedroom;330 000,00 €;125;Coimbra;House
6205;3-Bedroom;330 000,00 €;150;Coimbra;House
6206;3-Bedroom;330 000,00 €;132;Coimbra;House
6207;2-Bedroom;330 000,00 €;78;Coimbra;House
6208;Detached House;330 000,00 €;874;Coimbra;House
6209;Apartment;330 000,00 €;103;Coimbra;House
6210;2-Bedroom;330 000,00 €;82;Coimbra;House
6211;2-Bedroom;330 000,00 €;107;Coimbra;House
6212;3-Bedroom;330 000,00 €;36;Coimbra;House
6213;2-Bedroom;335 000,00 €;89;Coimbra;House
6214;2-Bedroom;335 000,00 €;27;Coimbra;House
6215;2-Bedroom;335 000,00 €;122;Coimbra;House
6216;3-Bedroom;335 000,00 €;146;Coimbra;House
6217;3-Bedroom;335 000,00 €;146;Coimbra;House
6218;2-Bedroom;335 000,00 €;76;Coimbra;House
6219;2-Bedroom;335 000,00 €;76;Coimbra;House
6220;3-Bedroom;335 000,00 €;146;Coimbra;House
6221;2-Bedroom;335 000,00 €;150;Coimbra;House
6222;Apartment;335 000,00 €;205;Coimbra;House
6223;Apartment;335 000,00 €;80;Coimbra;House
6224;2+1-Bedroom;335 000,00 €;120;Coimbra;House
6225;Apartment;335 000,00 €;205;Coimbra;House
6226;Apartment;335 000,00 €;103;Coimbra;House
6227;Apartment;335 000,00 €;160;Coimbra;House
6228;4-Bedroom;340 000,00 €;193;Coimbra;House
6229;4-Bedroom;340 000,00 €;193;Coimbra;House
6230;3-Bedroom;343 000,00 €;225;Coimbra;House
6231;2-Bedroom;345 000,00 €;90;Coimbra;House
6232;Detached House;345 000,00 €;200;Coimbra;House
6233;3-Bedroom;345 000,00 €;252;Coimbra;House
6234;Apartment;345 000,00 €;80;Coimbra;House
6235;3+1-Bedroom;348 000,00 €;270;Coimbra;House
6236;2+1-Bedroom;349 000,00 €;138;Coimbra;House
6237;4-Bedroom;349 000,00 €;601;Coimbra;House
6238;12-Bedroom;349 200,00 €;259;Coimbra;House
6239;5-Bedroom;349 500,00 €;300;Coimbra;House
6240;Detached House;349 500,00 €;212;Coimbra;House
6241;Detached House;350 000,00 €;158;Coimbra;House
6242;4-Bedroom;350 000,00 €;368;Coimbra;House
6243;5-Bedroom;350 000,00 €;290;Coimbra;House
6244;4-Bedroom;350 000,00 €;290;Coimbra;House
6245;4-Bedroom;350 000,00 €;475;Coimbra;House
6246;8-Bedroom;350 000,00 €;237;Coimbra;House
6247;Apartment;350 000,00 €;92;Coimbra;House
6248;3-Bedroom;350 000,00 €;149;Coimbra;House
6249;4-Bedroom;350 000,00 €;285;Coimbra;House
6250;4-Bedroom;350 000,00 €;285;Coimbra;House
6251;2-Bedroom;350 000,00 €;94;Coimbra;House
6252;3-Bedroom;350 000,00 €;250;Coimbra;House
6253;Apartment;350 000,00 €;103;Coimbra;House
6254;4-Bedroom;350 000,00 €;475;Coimbra;House
6255;5-Bedroom;350 000,00 €;319;Coimbra;House
6256;2-Bedroom;350 000,00 €;103;Coimbra;House
6257;6-Bedroom;350 000,00 €;132;Coimbra;House
6258;4-Bedroom;350 000,00 €;290;Coimbra;House
6259;9-Bedroom;350 000,00 €;185;Coimbra;House
6260;9-Bedroom;350 000,00 €;212;Coimbra;House
6261;7-Bedroom;350 000,00 €;97;Coimbra;House
6262;5-Bedroom;350 000,00 €;122;Coimbra;House
6263;2-Bedroom;350 000,00 €;155;Coimbra;House
6264;5-Bedroom;350 000,00 €;290;Coimbra;House
6265;7-Bedroom;350 000,00 €;230;Coimbra;House
6266;Detached House;350 000,00 €;158;Coimbra;House
6267;Detached House;355 000,00 €;253;Coimbra;House
6268;3-Bedroom;355 000,00 €;114;Coimbra;House
6269;3-Bedroom;355 000,00 €;23;Coimbra;House
6270;2-Bedroom;355 000,00 €;205;Coimbra;House
6271;3-Bedroom;355 000,00 €;172;Coimbra;House
6272;3-Bedroom;355 000,00 €;156;Coimbra;House
6273;3-Bedroom;355 000,00 €;156;Coimbra;House
6274;3-Bedroom;355 000,00 €;156;Coimbra;House
6275;3-Bedroom;355 000,00 €;115;Coimbra;House
6276;3-Bedroom;355 000,00 €;156;Coimbra;House
6277;3-Bedroom;355 000,00 €;137;Coimbra;House
6278;3-Bedroom;355 000,00 €;138;Coimbra;House
6279;Apartment;355 000,00 €;139;Coimbra;House
6280;3-Bedroom;355 000,00 €;200;Coimbra;House
6281;3-Bedroom;355 000,00 €;161;Coimbra;House
6282;3-Bedroom;355 000,00 €;145;Coimbra;House
6283;2-Bedroom;360 000,00 €;103;Coimbra;House
6284;2-Bedroom;360 000,00 €;135;Coimbra;House
6285;Apartment;360 000,00 €;103;Coimbra;House
6286;2-Bedroom;360 000,00 €;135;Coimbra;House
6287;4-Bedroom;360 000,00 €;423;Coimbra;House
6288;2-Bedroom;360 000,00 €;103;Coimbra;House
6289;Apartment;360 000,00 €;82;Coimbra;House
6290;Detached House;360 000,00 €;130;Coimbra;House
6291;2-Bedroom;365 000,00 €;92;Coimbra;House
6292;2-Bedroom;365 000,00 €;92;Coimbra;House
6293;4-Bedroom;367 000,00 €;110;Coimbra;House
6294;4-Bedroom;367 000,00 €;110;Coimbra;House
6295;3-Bedroom;369 000,00 €;136;Coimbra;House
6296;3-Bedroom;369 000,00 €;136;Coimbra;House
6297;3-Bedroom;370 000,00 €;141;Coimbra;House
6298;2-Bedroom;370 000,00 €;110;Coimbra;House
6299;2-Bedroom;370 000,00 €;155;Coimbra;House
6300;3-Bedroom;370 000,00 €;187;Coimbra;House
6301;4-Bedroom;370 000,00 €;331;Coimbra;House
6302;3-Bedroom;370 000,00 €;150;Coimbra;House
6303;3-Bedroom;370 000,00 €;187;Coimbra;House
6304;3-Bedroom;370 000,00 €;141;Coimbra;House
6305;Detached House;375 000,00 €;333;Coimbra;House
6306;5-Bedroom;375 000,00 €;151;Coimbra;House
6307;3-Bedroom;375 000,00 €;198;Coimbra;House
6308;3-Bedroom;375 000,00 €;198;Coimbra;House
6309;6-Bedroom;375 000,00 €;235;Coimbra;House
6310;4-Bedroom;375 000,00 €;475;Coimbra;House
6311;3-Bedroom;375 000,00 €;160;Coimbra;House
6312;3-Bedroom;375 000,00 €;137;Coimbra;House
6313;4-Bedroom;375 000,00 €;50.000;Coimbra;House
6314;5-Bedroom;379 000,00 €;431;Coimbra;House
6315;3-Bedroom;379 000,00 €;266;Coimbra;House
6316;4-Bedroom;380 000,00 €;195;Coimbra;House
6317;3-Bedroom;380 000,00 €;178;Coimbra;House
6318;4-Bedroom;380 000,00 €;264;Coimbra;House
6319;3-Bedroom;380 000,00 €;215;Coimbra;House
6320;5-Bedroom;380 000,00 €;290;Coimbra;House
6321;5-Bedroom;380 000,00 €;419;Coimbra;House
6322;3-Bedroom;380 000,00 €;231;Coimbra;House
6323;5-Bedroom;380 000,00 €;440;Coimbra;House
6324;3-Bedroom;385 000,00 €;137;Coimbra;House
6325;2-Bedroom;385 000,00 €;155;Coimbra;House
6326;3-Bedroom;385 000,00 €;140;Coimbra;House
6327;3-Bedroom;385 000,00 €;164;Coimbra;House
6328;3-Bedroom;385 000,00 €;137;Coimbra;House
6329;3-Bedroom;390 000,00 €;160;Coimbra;House
6330;3-Bedroom;390 000,00 €;170;Coimbra;House
6331;5-Bedroom;390 000,00 €;468;Coimbra;House
6332;2-Bedroom;390 000,00 €;120;Coimbra;House
6333;3-Bedroom;390 000,00 €;156;Coimbra;House
6334;5-Bedroom;390 000,00 €;267;Coimbra;House
6335;2-Bedroom;390 000,00 €;98;Coimbra;House
6336;3-Bedroom;390 000,00 €;170;Coimbra;House
6337;3-Bedroom;390 000,00 €;170;Coimbra;House
6338;5-Bedroom;390 000,00 €;289;Coimbra;House
6339;3-Bedroom;390 000,00 €;131;Coimbra;House
6340;3-Bedroom;390 000,00 €;191;Coimbra;House
6341;2-Bedroom;390 000,00 €;155;Coimbra;House
6342;3-Bedroom;390 000,00 €;160;Coimbra;House
6343;5-Bedroom;390 000,00 €;611;Coimbra;House
6344;3-Bedroom;390 000,00 €;141;Coimbra;House
6345;3-Bedroom;390 000,00 €;170;Coimbra;House
6346;Apartment;391 000,00 €;96;Coimbra;House
6347;3-Bedroom;395 000,00 €;134;Coimbra;House
6348;4-Bedroom;395 000,00 €;250;Coimbra;House
6349;2+1-Bedroom;395 000,00 €;135;Coimbra;House
6350;2-Bedroom;395 000,00 €;123;Coimbra;House
6351;4-Bedroom;395 000,00 €;210;Coimbra;House
6352;4-Bedroom;395 000,00 €;210;Coimbra;House
6353;4-Bedroom;395 000,00 €;910;Coimbra;House
6354;4-Bedroom;395 000,00 €;390;Coimbra;House
6355;7-Bedroom;395 000,00 €;743;Coimbra;House
6356;3-Bedroom;395 000,00 €;300;Coimbra;House
6357;Apartment;395 000,00 €;123;Coimbra;House
6358;5-Bedroom;395 000,00 €;654;Coimbra;House
6359;3-Bedroom;395 000,00 €;140;Coimbra;House
6360;4-Bedroom;395 000,00 €;170;Coimbra;House
6361;2-Bedroom;395 000,00 €;112;Coimbra;House
6362;3-Bedroom;395 000,00 €;141;Coimbra;House
6363;3-Bedroom;395 000,00 €;141;Coimbra;House
6364;4-Bedroom;395 000,00 €;344;Coimbra;House
6365;6-Bedroom;395 000,00 €;743;Coimbra;House
6366;3-Bedroom;395 000,00 €;166;Coimbra;House
6367;3-Bedroom;398 000,00 €;108;Coimbra;House
6368;4-Bedroom;398 000,00 €;147;Coimbra;House
6369;3-Bedroom;398 500,00 €;251;Coimbra;House
6370;3-Bedroom;399 000,00 €;32;Coimbra;House
6371;6-Bedroom;399 000,00 €;420;Coimbra;House
6372;4-Bedroom;399 000,00 €;320;Coimbra;House
6373;5-Bedroom;399 000,00 €;215;Coimbra;House
6374;3-Bedroom;399 000,00 €;137;Coimbra;House
6375;4-Bedroom;399 000,00 €;390;Coimbra;House
6376;3-Bedroom;399 000,00 €;145;Coimbra;House
6377;Apartment;399 500,00 €;146;Coimbra;House
6378;4+2-Bedroom;399 500,00 €;158;Coimbra;House
6379;3-Bedroom;399 900,00 €;208;Coimbra;House
6380;5-Bedroom;400 000,00 €;435;Coimbra;House
6381;6+1-Bedroom;400 000,00 €;450;Coimbra;House
6382;5-Bedroom;400 000,00 €;440;Coimbra;House
6383;Apartment;404 000,00 €;96;Coimbra;House
6384;3-Bedroom;404 000,00 €;108;Coimbra;House
6385;3-Bedroom;405 000,00 €;131;Coimbra;House
6386;3-Bedroom;405 000,00 €;136;Coimbra;House
6387;3-Bedroom;405 000,00 €;145;Coimbra;House
6388;3-Bedroom;405 000,00 €;136;Coimbra;House
6389;3-Bedroom;405 000,00 €;171;Coimbra;House
6390;3-Bedroom;405 000,00 €;165;Coimbra;House
6391;3-Bedroom;410 000,00 €;115;Coimbra;House
6392;Detached House;410 000,00 €;526;Coimbra;House
6393;4-Bedroom;410 000,00 €;245;Coimbra;House
6394;4-Bedroom;410 000,00 €;400;Coimbra;House
6395;4-Bedroom;410 000,00 €;132;Coimbra;House
6396;3-Bedroom;410 000,00 €;129;Coimbra;House
6397;5-Bedroom;410 000,00 €;137;Coimbra;House
6398;3-Bedroom;412 000,00 €;140;Coimbra;House
6399;4-Bedroom;413 000,00 €;285;Coimbra;House
6400;3-Bedroom;415 000,00 €;135;Coimbra;House
6401;3+1-Bedroom;415 000,00 €;154;Coimbra;House
6402;4-Bedroom;415 000,00 €;260;Coimbra;House
6403;3+1-Bedroom;415 000,00 €;154;Coimbra;House
6404;3+1-Bedroom;415 000,00 €;154;Coimbra;House
6405;3+1-Bedroom;415 000,00 €;154;Coimbra;House
6406;3-Bedroom;415 000,00 €;198;Coimbra;House
6407;3-Bedroom;415 000,00 €;220;Coimbra;House
6408;3-Bedroom;415 000,00 €;136;Coimbra;House
6409;3-Bedroom;420 000,00 €;145;Coimbra;House
6410;5-Bedroom;420 000,00 €;375;Coimbra;House
6411;4-Bedroom;420 000,00 €;240;Coimbra;House
6412;4-Bedroom;420 000,00 €;239;Coimbra;House
6413;3-Bedroom;420 000,00 €;115;Coimbra;House
6414;4-Bedroom;420 000,00 €;240;Coimbra;House
6415;3-Bedroom;420 000,00 €;146;Coimbra;House
6416;4-Bedroom;420 000,00 €;240;Coimbra;House
6417;3-Bedroom;425 000,00 €;192;Coimbra;House
6418;Apartment;425 000,00 €;172;Coimbra;House
6419;8-Bedroom;425 000,00 €;504;Coimbra;House
6420;3-Bedroom;425 000,00 €;526;Coimbra;House
6421;3-Bedroom;425 000,00 €;162;Coimbra;House
6422;4-Bedroom;425 000,00 €;394;Coimbra;House
6423;3-Bedroom;425 000,00 €;183;Coimbra;House
6424;Detached House;427 500,00 €;334;Coimbra;House
6425;5-Bedroom;429 000,00 €;177;Coimbra;House
6426;3-Bedroom;430 000,00 €;148;Coimbra;House
6427;4-Bedroom;430 000,00 €;346;Coimbra;House
6428;4-Bedroom;430 000,00 €;300;Coimbra;House
6429;3-Bedroom;430 000,00 €;175;Coimbra;House
6430;3-Bedroom;430 000,00 €;130;Coimbra;House
6431;4-Bedroom;430 000,00 €;326;Coimbra;House
6432;2-Bedroom;430 000,00 €;131;Coimbra;House
6433;Detached House;430 000,00 €;222;Coimbra;House
6434;3-Bedroom;430 000,00 €;170;Coimbra;House
6435;5-Bedroom;430 000,00 €;475;Coimbra;House
6436;4-Bedroom;430 000,00 €;171;Coimbra;House
6437;3-Bedroom;430 000,00 €;115;Coimbra;House
6438;4-Bedroom;434 500,00 €;234;Coimbra;House
6439;4-Bedroom;434 500,00 €;428;Coimbra;House
6440;3-Bedroom;435 000,00 €;143;Coimbra;House
6441;Detached House;435 000,00 €;265;Coimbra;House
6442;3-Bedroom;435 000,00 €;138;Coimbra;House
6443;4-Bedroom;435 000,00 €;346;Coimbra;House
6444;3-Bedroom;435 000,00 €;298;Coimbra;House
6445;3-Bedroom;440 000,00 €;143;Coimbra;House
6446;4-Bedroom;440 000,00 €;249;Coimbra;House
6447;4-Bedroom;440 000,00 €;269;Coimbra;House
6448;3-Bedroom;440 000,00 €;177;Coimbra;House
6449;3-Bedroom;440 000,00 €;115;Coimbra;House
6450;3-Bedroom;445 000,00 €;154;Coimbra;House
6451;6-Bedroom;445 000,00 €;732;Coimbra;House
6452;4-Bedroom;445 000,00 €;160;Coimbra;House
6453;Detached House;445 000,00 €;380;Coimbra;House
6454;Detached House;445 000,00 €;380;Coimbra;House
6455;3-Bedroom;449 900,00 €;106;Coimbra;House
6456;5-Bedroom;449 995,00 €;572;Coimbra;House
6457;3-Bedroom;450 000,00 €;183;Coimbra;House
6458;Detached House;450 000,00 €;280;Coimbra;House
6459;Detached House;450 000,00 €;208;Coimbra;House
6460;6-Bedroom;450 000,00 €;381;Coimbra;House
6461;3-Bedroom;450 000,00 €;281;Coimbra;House
6462;6-Bedroom;450 000,00 €;381;Coimbra;House
6463;3-Bedroom;450 000,00 €;290;Coimbra;House
6464;3+1-Bedroom;450 000,00 €;315;Coimbra;House
6465;2-Bedroom;450 000,00 €;106;Coimbra;House
6466;4+2-Bedroom;450 000,00 €;315;Coimbra;House
6467;6-Bedroom;450 000,00 €;180;Coimbra;House
6468;4-Bedroom;450 000,00 €;342;Coimbra;House
6469;6-Bedroom;450 000,00 €;317;Coimbra;House
6470;3-Bedroom;455 000,00 €;157;Coimbra;House
6471;3-Bedroom;455 000,00 €;117;Coimbra;House
6472;Detached House;456 000,00 €;367;Coimbra;House
6473;5-Bedroom;457 000,00 €;388;Coimbra;House
6474;Detached House;457 000,00 €;388;Coimbra;House
6475;5-Bedroom;457 000,00 €;388;Coimbra;House
6476;3-Bedroom;459 000,00 €;600;Coimbra;House
6477;3-Bedroom;460 000,00 €;143;Coimbra;House
6478;3-Bedroom;460 000,00 €;147;Coimbra;House
6479;3-Bedroom;460 000,00 €;410;Coimbra;House
6480;3-Bedroom;460 000,00 €;410;Coimbra;House
6481;3-Bedroom;460 000,00 €;222;Coimbra;House
6482;Apartment;460 000,00 €;104;Coimbra;House
6483;3-Bedroom;460 000,00 €;124;Coimbra;House
6484;Apartment;460 000,00 €;104;Coimbra;House
6485;7-Bedroom;465 000,00 €;743;Coimbra;House
6486;3-Bedroom;470 000,00 €;183;Coimbra;House
6487;3-Bedroom;470 000,00 €;169;Coimbra;House
6488;Apartment;470 000,00 €;148;Coimbra;House
6489;3-Bedroom;470 000,00 €;203;Coimbra;House
6490;3-Bedroom;475 000,00 €;157;Coimbra;House
6491;3-Bedroom;475 000,00 €;174;Coimbra;House
6492;Apartment;475 000,00 €;152;Coimbra;House
6493;3-Bedroom;475 000,00 €;157;Coimbra;House
6494;Apartment;475 000,00 €;152;Coimbra;House
6495;Apartment;475 000,00 €;112;Coimbra;House
6496;3-Bedroom;475 000,00 €;117;Coimbra;House
6497;Detached House;475 000,00 €;412;Coimbra;House
6498;5-Bedroom;475 000,00 €;400;Coimbra;House
6499;2-Bedroom;475 000,00 €;110;Coimbra;House
6500;6-Bedroom;478 000,00 €;300;Coimbra;House
6501;5-Bedroom;480 000,00 €;768;Coimbra;House
6502;4-Bedroom;480 000,00 €;279;Coimbra;House
6503;4-Bedroom;480 000,00 €;280;Coimbra;House
6504;3-Bedroom;480 000,00 €;147;Coimbra;House
6505;3-Bedroom;480 000,00 €;147;Coimbra;House
6506;Farmhouse;480 000,00 €;574;Coimbra;House
6507;3-Bedroom;480 000,00 €;138;Coimbra;House
6508;3-Bedroom;480 000,00 €;173;Coimbra;House
6509;3-Bedroom;480 000,00 €;129;Coimbra;House
6510;House;485 000,00 €;350;Coimbra;House
6511;3-Bedroom;485 000,00 €;157;Coimbra;House
6512;4-Bedroom;485 000,00 €;270;Coimbra;House
6513;4-Bedroom;485 000,00 €;578;Coimbra;House
6514;3-Bedroom;485 000,00 €;198;Coimbra;House
6515;3-Bedroom;485 000,00 €;191;Coimbra;House
6516;8-Bedroom;485 000,00 €;270;Coimbra;House
6517;4-Bedroom;485 000,00 €;279;Coimbra;House
6518;Apartment;485 000,00 €;230;Coimbra;House
6519;10-Bedroom;485 000,00 €;700;Coimbra;House
6520;Detached House;485 000,00 €;467;Coimbra;House
6521;Apartment;489 000,00 €;175;Coimbra;House
6522;2-Bedroom;490 000,00 €;330;Coimbra;House
6523;Apartment;490 000,00 €;230;Coimbra;House
6524;5-Bedroom;495 000,00 €;480;Coimbra;House
6525;8-Bedroom;495 000,00 €;656;Coimbra;House
6526;3-Bedroom;495 000,00 €;182;Coimbra;House
6527;3-Bedroom;495 000,00 €;182;Coimbra;House
6528;10-Bedroom;495 000,00 €;943;Coimbra;House
6529;3-Bedroom;495 000,00 €;172;Coimbra;House
6530;11-Bedroom;495 000,00 €;943;Coimbra;House
6531;3-Bedroom;495 000,00 €;338;Coimbra;House
6532;10-Bedroom;495 000,00 €;943;Coimbra;House
6533;6-Bedroom;499 000,00 €;1.000;Coimbra;House
6534;3-Bedroom;500 000,00 €;186;Coimbra;House
6535;5-Bedroom;500 000,00 €;599;Coimbra;House
6536;4-Bedroom;500 000,00 €;361;Coimbra;House
6537;3-Bedroom;500 000,00 €;187;Coimbra;House
6538;3-Bedroom;500 000,00 €;129;Coimbra;House
6539;5-Bedroom;500 000,00 €;750;Coimbra;House
6540;7-Bedroom;510 000,00 €;450;Coimbra;House
6541;4-Bedroom;510 000,00 €;220;Coimbra;House
6542;5-Bedroom;510 000,00 €;551;Coimbra;House
6543;Apartment;512 000,00 €;128;Coimbra;House
6544;2-Bedroom;512 000,00 €;131;Coimbra;House
6545;2-Bedroom;512 000,00 €;128;Coimbra;House
6546;10-Bedroom;520 000,00 €;943;Coimbra;House
6547;10-Bedroom;520 000,00 €;943;Coimbra;House
6548;Detached House;525 000,00 €;152;Coimbra;House
6549;4-Bedroom;530 000,00 €;300;Coimbra;House
6550;Detached House;530 000,00 €;256;Coimbra;House
6551;3+2-Bedroom;535 000,00 €;360;Coimbra;House
6552;4-Bedroom;535 000,00 €;350;Coimbra;House
6553;5-Bedroom;535 000,00 €;312;Coimbra;House
6554;5-Bedroom;535 000,00 €;312;Coimbra;House
6555;4-Bedroom;535 000,00 €;330;Coimbra;House
6556;3+2-Bedroom;535 000,00 €;360;Coimbra;House
6557;3-Bedroom;537 000,00 €;400;Coimbra;House
6558;3-Bedroom;540 000,00 €;379;Coimbra;House
6559;Detached House;540 000,00 €;284;Coimbra;House
6560;4-Bedroom;540 000,00 €;155;Coimbra;House
6561;4-Bedroom;540 000,00 €;155;Coimbra;House
6562;3-Bedroom;540 000,00 €;285;Coimbra;House
6563;4-Bedroom;540 000,00 €;155;Coimbra;House
6564;4-Bedroom;540 000,00 €;289;Coimbra;House
6565;7-Bedroom;545 000,00 €;223;Coimbra;House
6566;4-Bedroom;548 000,00 €;174;Coimbra;House
6567;3-Bedroom;549 000,00 €;189;Coimbra;House
6568;3-Bedroom;549 000,00 €;189;Coimbra;House
6569;3-Bedroom;549 000,00 €;189;Coimbra;House
6570;4-Bedroom;550 000,00 €;217;Coimbra;House
6571;5-Bedroom;550 000,00 €;503;Coimbra;House
6572;4-Bedroom;550 000,00 €;315;Coimbra;House
6573;4-Bedroom;550 000,00 €;229;Coimbra;House
6574;Apartment;550 000,00 €;203;Coimbra;House
6575;4-Bedroom;550 000,00 €;250;Coimbra;House
6576;5-Bedroom;550 000,00 €;250;Coimbra;House
6577;4-Bedroom;550 000,00 €;221;Coimbra;House
6578;6-Bedroom;550 000,00 €;420;Coimbra;House
6579;4-Bedroom;550 000,00 €;409;Coimbra;House
6580;4-Bedroom;550 000,00 €;315;Coimbra;House
6581;4+2-Bedroom;550 000,00 €;270;Coimbra;House
6582;5+1-Bedroom;550 000,00 €;640;Coimbra;House
6583;3-Bedroom;550 000,00 €;146;Coimbra;House
6584;Studio;550 000,00 €;420;Coimbra;House
6585;10-Bedroom;550 000,00 €;430;Coimbra;House
6586;4-Bedroom;550 000,00 €;221;Coimbra;House
6587;3-Bedroom;550 000,00 €;307;Coimbra;House
6588;3-Bedroom;550 000,00 €;199;Coimbra;House
6589;4-Bedroom;560 000,00 €;242;Coimbra;House
6590;Apartment;560 000,00 €;220;Coimbra;House
6591;Apartment;560 000,00 €;220;Coimbra;House
6592;5-Bedroom;560 000,00 €;544;Coimbra;House
6593;5-Bedroom;560 000,00 €;544;Coimbra;House
6594;4-Bedroom;565 000,00 €;445;Coimbra;House
6595;9-Bedroom;565 000,00 €;165;Coimbra;House
6596;3-Bedroom;570 000,00 €;865;Coimbra;House
6597;3-Bedroom;570 000,00 €;864;Coimbra;House
6598;4-Bedroom;570 000,00 €;302;Coimbra;House
6599;4-Bedroom;575 000,00 €;250;Coimbra;House
6600;5-Bedroom;575 000,00 €;448;Coimbra;House
6601;6-Bedroom;575 000,00 €;448;Coimbra;House
6602;Detached House;580 000,00 €;350;Coimbra;House
6603;4-Bedroom;580 000,00 €;281;Coimbra;House
6604;Manor House;580 000,00 €;1.025;Coimbra;House
6605;6-Bedroom;580 000,00 €;640;Coimbra;House
6606;4-Bedroom;585 000,00 €;321;Coimbra;House
6607;7-Bedroom;590 000,00 €;250;Coimbra;House
6608;4-Bedroom;590 000,00 €;278;Coimbra;House
6609;4-Bedroom;590 000,00 €;278;Coimbra;House
6610;4-Bedroom;590 000,00 €;162;Coimbra;House
6611;7-Bedroom;590 000,00 €;177;Coimbra;House
6612;8-Bedroom;590 000,00 €;400;Coimbra;House
6613;Detached House;590 000,00 €;221;Coimbra;House
6614;5-Bedroom;590 000,00 €;340;Coimbra;House
6615;4-Bedroom;598 000,00 €;315;Coimbra;House
6616;4-Bedroom;598 000,00 €;291;Coimbra;House
6617;4-Bedroom;598 000,00 €;312;Coimbra;House
6618;4-Bedroom;598 000,00 €;315;Coimbra;House
6619;4-Bedroom;598 000,00 €;315;Coimbra;House
6620;4-Bedroom;598 000,00 €;173;Coimbra;House
6621;5-Bedroom;598 000,00 €;192;Coimbra;House
6622;4-Bedroom;598 000,00 €;315;Coimbra;House
6623;4-Bedroom;600 000,00 €;220;Coimbra;House
6624;4-Bedroom;600 000,00 €;220;Coimbra;House
6625;3-Bedroom;600 000,00 €;161;Coimbra;House
6626;3-Bedroom;605 000,00 €;152;Coimbra;House
6627;3-Bedroom;610 000,00 €;153;Coimbra;House
6628;Detached House;615 000,00 €;285;Coimbra;House
6629;Detached House;615 000,00 €;285;Coimbra;House
6630;Detached House;615 000,00 €;285;Coimbra;House
6631;4-Bedroom;620 000,00 €;330;Coimbra;House
6632;3-Bedroom;620 000,00 €;152;Coimbra;House
6633;5-Bedroom;620 000,00 €;325;Coimbra;House
6634;4-Bedroom;625 000,00 €;288;Coimbra;House
6635;4-Bedroom;625 000,00 €;290;Coimbra;House
6636;4-Bedroom;625 000,00 €;289;Coimbra;House
6637;3-Bedroom;630 000,00 €;600;Coimbra;House
6638;9-Bedroom;630 000,00 €;390;Coimbra;House
6639;4-Bedroom;640 000,00 €;160;Coimbra;House
6640;Apartment;640 000,00 €;230;Coimbra;House
6641;4-Bedroom;640 000,00 €;154;Coimbra;House
6642;Detached House;640 000,00 €;285;Coimbra;House
6643;6-Bedroom;640 000,00 €;36;Coimbra;House
6644;Detached House;640 000,00 €;285;Coimbra;House
6645;4-Bedroom;649 000,00 €;304;Coimbra;House
6646;4-Bedroom;649 000,00 €;336;Coimbra;House
6647;4-Bedroom;650 000,00 €;630;Coimbra;House
6648;5-Bedroom;650 000,00 €;450;Coimbra;House
6649;4-Bedroom;650 000,00 €;183;Coimbra;House
6650;4-Bedroom;650 000,00 €;183;Coimbra;House
6651;10-Bedroom;650 000,00 €;520;Coimbra;House
6652;4-Bedroom;650 000,00 €;193;Coimbra;House
6653;5-Bedroom;650 000,00 €;483;Coimbra;House
6654;7-Bedroom;650 000,00 €;1.800;Coimbra;House
6655;4-Bedroom;650 000,00 €;279;Coimbra;House
6656;3-Bedroom;655 000,00 €;159;Coimbra;House
6657;Detached House;670 000,00 €;316;Coimbra;House
6658;6-Bedroom;670 000,00 €;4.077;Coimbra;House
6659;6-Bedroom;670 000,00 €;250;Coimbra;House
6660;4-Bedroom;690 000,00 €;304;Coimbra;House
6661;6-Bedroom;690 000,00 €;522;Coimbra;House
6662;4-Bedroom;690 000,00 €;162;Coimbra;House
6663;Detached House;690 000,00 €;522;Coimbra;House
6664;5-Bedroom;695 000,00 €;471;Coimbra;House
6665;5-Bedroom;695 000,00 €;700;Coimbra;House
6666;5-Bedroom;695 000,00 €;471;Coimbra;House
6667;4-Bedroom;695 000,00 €;1.021;Coimbra;House
6668;5-Bedroom;700 000,00 €;379;Coimbra;House
6669;Small Farmhouse;700 000,00 €;284;Coimbra;House
6670;5-Bedroom;700 000,00 €;318;Coimbra;House
6671;5-Bedroom;700 000,00 €;379;Coimbra;House
6672;Farmhouse;720 000,00 €;1.102;Coimbra;House
6673;Farmhouse;720 000,00 €;1.102;Coimbra;House
6674;3-Bedroom;725 450,00 €;132;Coimbra;House
6675;5-Bedroom;735 000,00 €;310;Coimbra;House
6676;8-Bedroom;738 000,00 €;407;Coimbra;House
6677;8-Bedroom;738 000,00 €;407;Coimbra;House
6678;6-Bedroom;740 000,00 €;308;Coimbra;House
6679;4-Bedroom;740 000,00 €;266;Coimbra;House
6680;6-Bedroom;740 000,00 €;308;Coimbra;House
6681;5-Bedroom;745 000,00 €;396;Coimbra;House
6682;5-Bedroom;750 000,00 €;381;Coimbra;House
6683;4-Bedroom;760 000,00 €;375;Coimbra;House
6684;4-Bedroom;785 000,00 €;277;Coimbra;House
6685;6-Bedroom;790 000,00 €;334;Coimbra;House
6686;10-Bedroom;795 000,00 €;490;Coimbra;House
6687;9-Bedroom;795 000,00 €;565;Coimbra;House
6688;5-Bedroom;800 000,00 €;721;Coimbra;House
6689;Detached House;800 000,00 €;500;Coimbra;House
6690;9-Bedroom;825 000,00 €;391;Coimbra;House
6691;9-Bedroom;825 000,00 €;391;Coimbra;House
6692;5-Bedroom;825 000,00 €;444;Coimbra;House
6693;Detached House;825 000,00 €;268;Coimbra;House
6694;4+1-Bedroom;849 000,00 €;450;Coimbra;House
6695;4-Bedroom;849 000,00 €;341;Coimbra;House
6696;Detached House;850 000,00 €;196;Coimbra;House
6697;5-Bedroom;850 000,00 €;500;Coimbra;House
6698;Detached House;850 000,00 €;396;Coimbra;House
6699;T15;850 000,00 €;767;Coimbra;House
6700;Detached House;850 000,00 €;498;Coimbra;House
6701;5-Bedroom;850 000,00 €;400;Coimbra;House
6702;5-Bedroom;850 000,00 €;501;Coimbra;House
6703;5-Bedroom;850 000,00 €;500;Coimbra;House
6704;4+1-Bedroom;850 000,00 €;167;Coimbra;House
6705;4-Bedroom;850 000,00 €;352;Coimbra;House
6706;7-Bedroom;850 000,00 €;650;Coimbra;House
6707;5-Bedroom;850 000,00 €;270;Coimbra;House
6708;5-Bedroom;850 000,00 €;364;Coimbra;House
6709;T15;850 000,00 €;767;Coimbra;House
6710;Detached House;850 000,00 €;500;Coimbra;House
6711;4-Bedroom;850 000,00 €;397;Coimbra;House
6712;5-Bedroom;850 000,00 €;341;Coimbra;House
6713;5-Bedroom;850 000,00 €;450;Coimbra;House
6714;5-Bedroom;850 000,00 €;501;Coimbra;House
6715;5-Bedroom;850 000,00 €;341;Coimbra;House
6716;5-Bedroom;850 000,00 €;603;Coimbra;House
6717;5-Bedroom;850 000,00 €;387;Coimbra;House
6718;5-Bedroom;875 000,00 €;200;Coimbra;House
6719;5-Bedroom;890 000,00 €;462;Coimbra;House
6720;5-Bedroom;890 000,00 €;420;Coimbra;House
6721;7-Bedroom;925 000,00 €;416;Coimbra;House
6722;7-Bedroom;925 000,00 €;416;Coimbra;House
6723;6-Bedroom;950 000,00 €;300;Coimbra;House
6724;8-Bedroom;950 000,00 €;430;Coimbra;House
6725;7-Bedroom;990 000,00 €;704;Coimbra;House
6726;6-Bedroom;990 000,00 €;296;Coimbra;House
6727;7-Bedroom;990 000,00 €;704;Coimbra;House
6728;4-Bedroom;1 170 000,00 €;266;Coimbra;House
6729;9-Bedroom;1 200 000,00 €;626;Coimbra;House
6730;Detached House;1 200 000,00 €;403;Coimbra;House
6731;4-Bedroom;1 200 000,00 €;236;Coimbra;House
6732;6-Bedroom;1 299 000,00 €;196;Coimbra;House
6733;8-Bedroom;1 300 000,00 €;5.745;Coimbra;House
6734;4-Bedroom;1 300 000,00 €;380;Coimbra;House
6735;8-Bedroom;1 350 000,00 €;356;Coimbra;House
6736;T15;1 400 000,00 €;957;Coimbra;House
6737;8-Bedroom;1 450 000,00 €;1.538;Coimbra;House
6738;Studio;1 497 300,00 €;12.022;Coimbra;House
6739;Detached House;1 550 000,00 €;336;Coimbra;House
6740;Palace;1 750 000,00 €;2.590;Coimbra;House
6741;Detached House;1 750 000,00 €;1.037;Coimbra;House
6742;Estate;1 750 000,00 €;1.037;Coimbra;House
6743;5-Bedroom;2 500 000,00 €;477;Coimbra;House
6744;5-Bedroom;2 600 000,00 €;339;Coimbra;House
6745;10-Bedroom;2 900 000,00 €;4.188;Coimbra;House
6746;11-Bedroom;3 500 000,00 €;1.166;Coimbra;House
6747;Farmhouse;3 950 000,00 €;6.500;Coimbra;House
6748;Detached House;12 000,00 €;70;Evora;House
6749;Studio;16 900,00 €;27;Evora;House
6750;3-Bedroom;18 000,00 €;44;Evora;House
6751;1-Bedroom;18 000,00 €;50;Evora;House
6752;Detached House;19 950,00 €;82;Evora;House
6753;Detached House;20 000,00 €;45;Evora;House
6754;1-Bedroom;27 000,00 €;49;Evora;House
6755;1-Bedroom;27 500,00 €;59;Evora;House
6756;1+1-Bedroom;27 500,00 €;59;Evora;House
6757;1-Bedroom;27 500,00 €;34;Evora;House
6758;1-Bedroom;27 500,00 €;59;Evora;House
6759;3-Bedroom;32 000,00 €;66;Evora;House
6760;1-Bedroom;33 000,00 €;29;Evora;House
6761;1-Bedroom;34 000,00 €;29;Evora;House
6762;1-Bedroom;35 000,00 €;34;Evora;House
6763;Studio;37 000,00 €;32;Evora;House
6764;1-Bedroom;37 000,00 €;32;Evora;House
6765;1-Bedroom;37 500,00 €;32;Evora;House
6766;2-Bedroom;40 000,00 €;127;Evora;House
6767;2-Bedroom;40 000,00 €;97;Evora;House
6768;3-Bedroom;40 000,00 €;80;Evora;House
6769;1-Bedroom;40 000,00 €;40;Evora;House
6770;1+1-Bedroom;40 500,00 €;96;Evora;House
6771;2-Bedroom;42 000,00 €;69;Evora;House
6772;2-Bedroom;42 500,00 €;96;Evora;House
6773;2-Bedroom;42 500,00 €;96;Evora;House
6774;1+1-Bedroom;45 000,00 €;53;Evora;House
6775;3+1-Bedroom;47 500,00 €;58;Evora;House
6776;Detached House;49 000,00 €;130;Evora;House
6777;4-Bedroom;49 000,00 €;124;Evora;House
6778;2-Bedroom;49 000,00 €;98;Evora;House
6779;Detached House;49 000,00 €;45;Evora;House
6780;Studio;49 500,00 €;136;Evora;House
6781;2-Bedroom;49 900,00 €;87;Evora;House
6782;2-Bedroom;49 900,00 €;228;Evora;House
6783;2-Bedroom;50 000,00 €;107;Evora;House
6784;4-Bedroom;50 000,00 €;115;Evora;House
6785;2-Bedroom;50 000,00 €;132;Evora;House
6786;2-Bedroom;51 000,00 €;96;Evora;House
6787;3-Bedroom;52 500,00 €;140;Evora;House
6788;4-Bedroom;55 000,00 €;149;Evora;House
6789;Detached House;55 000,00 €;62;Evora;House
6790;3-Bedroom;55 000,00 €;161;Evora;House
6791;2-Bedroom;55 000,00 €;84;Evora;House
6792;1+1-Bedroom;55 000,00 €;62;Evora;House
6793;1-Bedroom;55 000,00 €;56;Evora;House
6794;6-Bedroom;55 700,00 €;130;Evora;House
6795;2-Bedroom;56 000,00 €;80;Evora;House
6796;2-Bedroom;56 000,00 €;80;Evora;House
6797;2-Bedroom;56 000,00 €;80;Evora;House
6798;2-Bedroom;57 000,00 €;105;Evora;House
6799;Detached House;57 500,00 €;69;Evora;House
6800;1-Bedroom;58 000,00 €;45;Evora;House
6801;3-Bedroom;58 000,00 €;110;Evora;House
6802;3-Bedroom;59 000,00 €;112;Evora;House
6803;3-Bedroom;59 000,00 €;178;Evora;House
6804;Country Estate;59 000,00 €;26.125;Evora;House
6805;Detached House;59 500,00 €;246;Evora;House
6806;Detached House;60 000,00 €;80;Evora;House
6807;4-Bedroom;60 000,00 €;96;Evora;House
6808;2+3-Bedroom;60 000,00 €;162;Evora;House
6809;2-Bedroom;61 000,00 €;65;Evora;House
6810;1-Bedroom;63 000,00 €;34;Evora;House
6811;2-Bedroom;63 000,00 €;150;Evora;House
6812;1-Bedroom;63 000,00 €;34;Evora;House
6813;2-Bedroom;65 000,00 €;143;Evora;House
6814;2-Bedroom;65 000,00 €;194;Evora;House
6815;8-Bedroom;65 000,00 €;194;Evora;House
6816;2-Bedroom;65 000,00 €;28;Evora;House
6817;2-Bedroom;65 000,00 €;65;Evora;House
6818;2-Bedroom;65 000,00 €;81;Evora;House
6819;2-Bedroom;65 000,00 €;89;Evora;House
6820;3-Bedroom;65 500,00 €;122;Evora;House
6821;2-Bedroom;66 000,00 €;98;Evora;House
6822;2-Bedroom;66 000,00 €;98;Evora;House
6823;Detached House;67 500,00 €;65;Evora;House
6824;2-Bedroom;67 500,00 €;74;Evora;House
6825;3-Bedroom;68 000,00 €;126;Evora;House
6826;2-Bedroom;68 000,00 €;111;Evora;House
6827;Detached House;69 000,00 €;81;Evora;House
6828;2-Bedroom;69 000,00 €;78;Evora;House
6829;2-Bedroom;69 500,00 €;83;Evora;House
6830;Detached House;70 000,00 €;41;Evora;House
6831;4-Bedroom;70 000,00 €;120;Evora;House
6832;4-Bedroom;70 000,00 €;120;Evora;House
6833;3-Bedroom;71 150,00 €;1.030;Evora;House
6834;2-Bedroom;72 000,00 €;94;Evora;House
6835;1-Bedroom;74 000,00 €;50;Evora;House
6836;Detached House;74 500,00 €;212;Evora;House
6837;Detached House;75 000,00 €;63;Evora;House
6838;Detached House;75 000,00 €;82;Evora;House
6839;Farmhouse;75 000,00 €;95;Evora;House
6840;1-Bedroom;75 000,00 €;33;Evora;House
6841;1-Bedroom;75 000,00 €;86;Evora;House
6842;3-Bedroom;75 000,00 €;89;Evora;House
6843;Farmhouse;75 000,00 €;5.000;Evora;House
6844;2-Bedroom;75 900,00 €;77;Evora;House
6845;3-Bedroom;76 500,00 €;185;Evora;House
6846;2-Bedroom;77 000,00 €;94;Evora;House
6847;3-Bedroom;78 000,00 €;115;Evora;House
6848;5-Bedroom;79 000,00 €;185;Evora;House
6849;2-Bedroom;80 000,00 €;168;Evora;House
6850;2-Bedroom;80 000,00 €;80;Evora;House
6851;2-Bedroom;80 000,00 €;105;Evora;House
6852;2-Bedroom;80 000,00 €;185;Evora;House
6853;2-Bedroom;84 000,00 €;102;Evora;House
6854;3-Bedroom;84 000,00 €;117;Evora;House
6855;2-Bedroom;84 000,00 €;122;Evora;House
6856;2-Bedroom;85 000,00 €;78;Evora;House
6857;2-Bedroom;85 000,00 €;130;Evora;House
6858;2-Bedroom;85 000,00 €;65;Evora;House
6859;2-Bedroom;85 000,00 €;59;Evora;House
6860;2-Bedroom;85 000,00 €;40;Evora;House
6861;2-Bedroom;85 000,00 €;109;Evora;House
6862;2-Bedroom;85 000,00 €;40;Evora;House
6863;2-Bedroom;85 000,00 €;96;Evora;House
6864;Studio;85 000,00 €;100.000;Evora;House
6865;3-Bedroom;85 000,00 €;114;Evora;House
6866;3-Bedroom;87 500,00 €;126;Evora;House
6867;4-Bedroom;87 500,00 €;236;Evora;House
6868;3-Bedroom;88 500,00 €;126;Evora;House
6869;Detached House;89 000,00 €;89;Evora;House
6870;3-Bedroom;89 000,00 €;113;Evora;House
6871;2-Bedroom;91 150,00 €;60;Evora;House
6872;2+1-Bedroom;91 500,00 €;214;Evora;House
6873;2-Bedroom;91 700,00 €;131;Evora;House
6874;2-Bedroom;92 000,00 €;125;Evora;House
6875;Detached House;95 000,00 €;83;Evora;House
6876;Detached House;95 000,00 €;85;Evora;House
6877;2-Bedroom;95 000,00 €;84;Evora;House
6878;Farmhouse;95 000,00 €;136;Evora;House
6879;2-Bedroom;95 000,00 €;80;Evora;House
6880;2-Bedroom;95 000,00 €;126;Evora;House
6881;2-Bedroom;95 000,00 €;70;Evora;House
6882;3-Bedroom;95 000,00 €;125;Evora;House
6883;3-Bedroom;95 000,00 €;135;Evora;House
6884;2-Bedroom;95 000,00 €;70;Evora;House
6885;Detached House;95 000,00 €;370;Evora;House
6886;2-Bedroom;95 000,00 €;82;Evora;House
6887;5-Bedroom;95 000,00 €;172;Evora;House
6888;1-Bedroom;95 000,00 €;46;Evora;House
6889;4-Bedroom;96 000,00 €;73;Evora;House
6890;2-Bedroom;96 000,00 €;48;Evora;House
6891;4-Bedroom;96 000,00 €;79;Evora;House
6892;Detached House;96 500,00 €;189;Evora;House
6893;1-Bedroom;96 500,00 €;60;Evora;House
6894;2-Bedroom;97 000,00 €;56;Evora;House
6895;3-Bedroom;97 000,00 €;146;Evora;House
6896;Detached House;97 500,00 €;91;Evora;House
6897;Apartment;98 000,00 €;72;Evora;House
6898;3-Bedroom;98 000,00 €;136;Evora;House
6899;2-Bedroom;98 000,00 €;92;Evora;House
6900;2-Bedroom;98 750,00 €;129;Evora;House
6901;Farmhouse;99 000,00 €;109;Evora;House
6902;Detached House;99 000,00 €;132;Evora;House
6903;Farmhouse;99 000,00 €;109;Evora;House
6904;3-Bedroom;99 000,00 €;130;Evora;House
6905;Detached House;99 900,00 €;66;Evora;House
6906;3-Bedroom;100 000,00 €;226;Evora;House
6907;3-Bedroom;104 000,00 €;213;Evora;House
6908;3-Bedroom;104 000,00 €;214;Evora;House
6909;3-Bedroom;105 000,00 €;320;Evora;House
6910;2-Bedroom;105 000,00 €;101;Evora;House
6911;5-Bedroom;106 000,00 €;203;Evora;House
6912;2-Bedroom;107 000,00 €;122;Evora;House
6913;Detached House;108 000,00 €;75;Evora;House
6914;3-Bedroom;108 000,00 €;66;Evora;House
6915;Detached House;109 000,00 €;182;Evora;House
6916;3-Bedroom;110 000,00 €;293;Evora;House
6917;1-Bedroom;110 000,00 €;109;Evora;House
6918;4-Bedroom;110 000,00 €;153;Evora;House
6919;3-Bedroom;110 000,00 €;130;Evora;House
6920;1-Bedroom;110 000,00 €;109;Evora;House
6921;2-Bedroom;110 000,00 €;117;Evora;House
6922;3-Bedroom;110 000,00 €;129;Evora;House
6923;3-Bedroom;110 000,00 €;161;Evora;House
6924;4-Bedroom;110 000,00 €;265;Evora;House
6925;2-Bedroom;110 000,00 €;256;Evora;House
6926;3-Bedroom;113 900,00 €;89;Evora;House
6927;Detached House;115 000,00 €;40;Evora;House
6928;Detached House;115 000,00 €;78;Evora;House
6929;Detached House;115 000,00 €;74;Evora;House
6930;Detached House;115 000,00 €;99;Evora;House
6931;2-Bedroom;115 000,00 €;78;Evora;House
6932;3-Bedroom;115 000,00 €;314;Evora;House
6933;5-Bedroom;115 000,00 €;165;Evora;House
6934;4+1-Bedroom;115 000,00 €;180;Evora;House
6935;Detached House;115 000,00 €;280;Evora;House
6936;Detached House;117 500,00 €;66;Evora;House
6937;Studio;120 000,00 €;51;Evora;House
6938;Detached House;120 000,00 €;62;Evora;House
6939;2-Bedroom;120 000,00 €;75;Evora;House
6940;3-Bedroom;120 000,00 €;204;Evora;House
6941;2-Bedroom;120 000,00 €;121;Evora;House
6942;3-Bedroom;120 000,00 €;150;Evora;House
6943;3-Bedroom;123 500,00 €;119;Evora;House
6944;Detached House;125 000,00 €;118;Evora;House
6945;2-Bedroom;125 000,00 €;81;Evora;House
6946;1-Bedroom;125 000,00 €;80;Evora;House
6947;3-Bedroom;125 000,00 €;203;Evora;House
6948;5-Bedroom;125 000,00 €;356;Evora;House
6949;3-Bedroom;125 000,00 €;203;Evora;House
6950;2-Bedroom;125 000,00 €;61;Evora;House
6951;Apartment;125 000,00 €;119;Evora;House
6952;2-Bedroom;125 500,00 €;91;Evora;House
6953;5-Bedroom;126 650,00 €;298;Evora;House
6954;Studio;127 000,00 €;180;Evora;House
6955;3-Bedroom;128 000,00 €;151;Evora;House
6956;Detached House;129 000,00 €;60;Evora;House
6957;1-Bedroom;129 000,00 €;78;Evora;House
6958;2-Bedroom;130 000,00 €;109;Evora;House
6959;2-Bedroom;130 000,00 €;140;Evora;House
6960;3-Bedroom;130 000,00 €;62;Evora;House
6961;3-Bedroom;130 000,00 €;149;Evora;House
6962;1-Bedroom;130 000,00 €;62;Evora;House
6963;2-Bedroom;130 000,00 €;110;Evora;House
6964;2-Bedroom;130 000,00 €;169;Evora;House
6965;2-Bedroom;130 000,00 €;58;Evora;House
6966;2-Bedroom;130 000,00 €;86;Evora;House
6967;3-Bedroom;132 000,00 €;138;Evora;House
6968;8-Bedroom;134 000,00 €;264;Evora;House
6969;Detached House;135 000,00 €;85;Evora;House
6970;Detached House;135 000,00 €;55;Evora;House
6971;2-Bedroom;135 000,00 €;96;Evora;House
6972;5-Bedroom;135 000,00 €;240;Evora;House
6973;3-Bedroom;135 000,00 €;94;Evora;House
6974;Farmhouse;135 000,00 €;110;Evora;House
6975;4-Bedroom;135 000,00 €;140;Evora;House
6976;2-Bedroom;137 900,00 €;91;Evora;House
6977;4-Bedroom;138 000,00 €;204;Evora;House
6978;4-Bedroom;138 000,00 €;204;Evora;House
6979;2+1-Bedroom;138 000,00 €;434;Evora;House
6980;2-Bedroom;139 000,00 €;72;Evora;House
6981;2-Bedroom;140 000,00 €;98;Evora;House
6982;2-Bedroom;140 000,00 €;70;Evora;House
6983;2-Bedroom;140 000,00 €;69;Evora;House
6984;3-Bedroom;140 000,00 €;283;Evora;House
6985;2-Bedroom;140 000,00 €;125;Evora;House
6986;3-Bedroom;140 000,00 €;191;Evora;House
6987;Detached House;145 000,00 €;36;Evora;House
6988;Detached House;145 000,00 €;100;Evora;House
6989;3-Bedroom;145 000,00 €;464;Evora;House
6990;3-Bedroom;145 000,00 €;370;Evora;House
6991;2-Bedroom;145 000,00 €;100;Evora;House
6992;4-Bedroom;145 000,00 €;84;Evora;House
6993;4-Bedroom;145 000,00 €;384;Evora;House
6994;1-Bedroom;145 000,00 €;46;Evora;House
6995;3-Bedroom;145 000,00 €;85;Evora;House
6996;3-Bedroom;148 000,00 €;91;Evora;House
6997;3-Bedroom;148 000,00 €;91;Evora;House
6998;Detached House;149 000,00 €;143;Evora;House
6999;2-Bedroom;149 000,00 €;113;Evora;House
7000;2-Bedroom;149 000,00 €;285;Evora;House
7001;Detached House;150 000,00 €;174;Evora;House
7002;Detached House;150 000,00 €;96;Evora;House
7003;2-Bedroom;150 000,00 €;139;Evora;House
7004;2+1-Bedroom;150 000,00 €;125;Evora;House
7005;2-Bedroom;150 000,00 €;134;Evora;House
7006;Farmhouse;150 000,00 €;128;Evora;House
7007;3-Bedroom;150 000,00 €;100;Evora;House
7008;1-Bedroom;150 000,00 €;100;Evora;House
7009;Detached House;150 000,00 €;416;Evora;House
7010;2-Bedroom;150 000,00 €;89;Evora;House
7011;4-Bedroom;150 000,00 €;190;Evora;House
7012;2-Bedroom;150 000,00 €;360;Evora;House
7013;3-Bedroom;152 000,00 €;108;Evora;House
7014;Detached House;152 500,00 €;68;Evora;House
7015;2-Bedroom;155 000,00 €;158;Evora;House
7016;1-Bedroom;155 000,00 €;39;Evora;House
7017;Detached House;157 000,00 €;116;Evora;House
7018;Detached House;157 500,00 €;237;Evora;House
7019;4-Bedroom;157 500,00 €;237;Evora;House
7020;2-Bedroom;157 500,00 €;120;Evora;House
7021;2-Bedroom;157 500,00 €;120;Evora;House
7022;3-Bedroom;159 000,00 €;190;Evora;House
7023;4-Bedroom;159 200,00 €;134;Evora;House
7024;Detached House;159 900,00 €;110;Evora;House
7025;4-Bedroom;160 000,00 €;180;Evora;House
7026;3-Bedroom;160 000,00 €;141;Evora;House
7027;2-Bedroom;160 000,00 €;46;Evora;House
7028;4-Bedroom;160 000,00 €;147;Evora;House
7029;5-Bedroom;160 000,00 €;245;Evora;House
7030;2-Bedroom;160 000,00 €;97;Evora;House
7031;Country Estate;160 000,00 €;114;Evora;House
7032;5-Bedroom;160 000,00 €;245;Evora;House
7033;2-Bedroom;160 000,00 €;97;Evora;House
7034;4-Bedroom;160 000,00 €;208;Evora;House
7035;2-Bedroom;160 000,00 €;96;Evora;House
7036;5-Bedroom;160 000,00 €;80;Evora;House
7037;3-Bedroom;160 000,00 €;Terreno 300;Evora;House
7038;3-Bedroom;160 000,00 €;100;Evora;House
7039;3-Bedroom;162 000,00 €;114;Evora;House
7040;3-Bedroom;162 500,00 €;114;Evora;House
7041;2-Bedroom;165 000,00 €;90;Evora;House
7042;Detached House;170 000,00 €;251;Evora;House
7043;2-Bedroom;170 000,00 €;83;Evora;House
7044;2-Bedroom;170 000,00 €;74;Evora;House
7045;3-Bedroom;170 000,00 €;280;Evora;House
7046;2-Bedroom;170 000,00 €;123;Evora;House
7047;3-Bedroom;170 000,00 €;253;Evora;House
7048;3-Bedroom;170 000,00 €;94;Evora;House
7049;1-Bedroom;170 000,00 €;92;Evora;House
7050;Farmhouse;170 000,00 €;43.750;Evora;House
7051;5-Bedroom;170 000,00 €;247;Evora;House
7052;2-Bedroom;170 000,00 €;114;Evora;House
7053;Farmhouse;172 000,00 €;75.000;Evora;House
7054;3-Bedroom;175 000,00 €;49;Evora;House
7055;4-Bedroom;175 000,00 €;247;Evora;House
7056;2-Bedroom;175 000,00 €;60;Evora;House
7057;1-Bedroom;175 000,00 €;152;Evora;House
7058;2-Bedroom;175 000,00 €;132;Evora;House
7059;2-Bedroom;175 000,00 €;76;Evora;House
7060;Detached House;175 000,00 €;43;Evora;House
7061;3-Bedroom;177 900,00 €;128;Evora;House
7062;Detached House;178 200,00 €;86;Evora;House
7063;Detached House;178 200,00 €;86;Evora;House
7064;2-Bedroom;179 000,00 €;134;Evora;House
7065;5-Bedroom;179 000,00 €;166;Evora;House
7066;3-Bedroom;179 500,00 €;240;Evora;House
7067;3-Bedroom;179 500,00 €;240;Evora;House
7068;2-Bedroom;180 000,00 €;57;Evora;House
7069;3-Bedroom;180 000,00 €;118;Evora;House
7070;4-Bedroom;180 000,00 €;123;Evora;House
7071;2-Bedroom;180 000,00 €;101;Evora;House
7072;4-Bedroom;182 000,00 €;249;Evora;House
7073;3-Bedroom;184 500,00 €;158;Evora;House
7074;3-Bedroom;185 000,00 €;127;Evora;House
7075;Farmhouse;185 000,00 €;293;Evora;House
7076;1-Bedroom;185 000,00 €;89;Evora;House
7077;3-Bedroom;187 500,00 €;90;Evora;House
7078;Detached House;188 000,00 €;278;Evora;House
7079;Detached House;189 000,00 €;108;Evora;House
7080;2-Bedroom;189 000,00 €;128;Evora;House
7081;2-Bedroom;189 000,00 €;414;Evora;House
7082;3-Bedroom;190 000,00 €;100;Evora;House
7083;Detached House;190 000,00 €;200;Evora;House
7084;Detached House;190 000,00 €;194;Evora;House
7085;3-Bedroom;190 000,00 €;65;Evora;House
7086;3-Bedroom;190 000,00 €;194;Evora;House
7087;3-Bedroom;190 000,00 €;88;Evora;House
7088;Detached House;192 500,00 €;121;Evora;House
7089;3-Bedroom;195 000,00 €;395;Evora;House
7090;Detached House;195 000,00 €;395;Evora;House
7091;4-Bedroom;195 000,00 €;165;Evora;House
7092;2-Bedroom;195 000,00 €;230;Evora;House
7093;2-Bedroom;195 000,00 €;67;Evora;House
7094;Detached House;197 000,00 €;70;Evora;House
7095;2-Bedroom;198 500,00 €;86;Evora;House
7096;2-Bedroom;198 500,00 €;86;Evora;House
7097;2-Bedroom;199 000,00 €;286;Evora;House
7098;4-Bedroom;199 000,00 €;132;Evora;House
7099;4-Bedroom;199 000,00 €;132;Evora;House
7100;Detached House;199 500,00 €;175;Evora;House
7101;2-Bedroom;199 900,00 €;207;Evora;House
7102;4-Bedroom;200 000,00 €;160;Evora;House
7103;Detached House;205 000,00 €;147;Evora;House
7104;Detached House;207 000,00 €;202;Evora;House
7105;5-Bedroom;207 000,00 €;128;Evora;House
7106;5-Bedroom;210 000,00 €;140;Evora;House
7107;3-Bedroom;210 000,00 €;112;Evora;House
7108;3-Bedroom;210 000,00 €;140;Evora;House
7109;Detached House;215 000,00 €;144;Evora;House
7110;2-Bedroom;215 000,00 €;112;Evora;House
7111;2-Bedroom;215 000,00 €;72;Evora;House
7112;2-Bedroom;215 000,00 €;66;Evora;House
7113;3-Bedroom;215 000,00 €;80;Evora;House
7114;4-Bedroom;215 000,00 €;273;Evora;House
7115;3-Bedroom;215 000,00 €;100;Evora;House
7116;3-Bedroom;216 000,00 €;153;Evora;House
7117;Apartment;217 500,00 €;88;Evora;House
7118;4-Bedroom;217 500,00 €;197;Evora;House
7119;Detached House;220 000,00 €;85;Evora;House
7120;Detached House;220 000,00 €;111;Evora;House
7121;5-Bedroom;220 000,00 €;196;Evora;House
7122;3-Bedroom;220 000,00 €;113;Evora;House
7123;3-Bedroom;220 000,00 €;113;Evora;House
7124;2-Bedroom;220 000,00 €;125;Evora;House
7125;4-Bedroom;220 000,00 €;339;Evora;House
7126;4-Bedroom;220 000,00 €;180;Evora;House
7127;2-Bedroom;225 000,00 €;73;Evora;House
7128;Studio;225 000,00 €;300;Evora;House
7129;3-Bedroom;225 000,00 €;120;Evora;House
7130;5-Bedroom;225 900,00 €;141;Evora;House
7131;Estate;230 000,00 €;140;Evora;House
7132;3-Bedroom;230 000,00 €;100;Evora;House
7133;3-Bedroom;230 000,00 €;230;Evora;House
7134;4-Bedroom;234 000,00 €;148;Evora;House
7135;Studio;235 000,00 €;119;Evora;House
7136;5-Bedroom;235 000,00 €;306;Evora;House
7137;2-Bedroom;235 000,00 €;106;Evora;House
7138;3-Bedroom;235 000,00 €;174;Evora;House
7139;Farmhouse;237 500,00 €;90;Evora;House
7140;5-Bedroom;237 500,00 €;262;Evora;House
7141;3-Bedroom;240 000,00 €;110;Evora;House
7142;Apartment;245 000,00 €;59;Evora;House
7143;3-Bedroom;245 000,00 €;89;Evora;House
7144;5-Bedroom;249 000,00 €;224;Evora;House
7145;5-Bedroom;249 000,00 €;224;Evora;House
7146;Farmhouse;250 000,00 €;119;Evora;House
7147;3-Bedroom;250 000,00 €;95;Evora;House
7148;4-Bedroom;250 000,00 €;153;Evora;House
7149;3-Bedroom;250 000,00 €;96;Evora;House
7150;3-Bedroom;250 000,00 €;175;Evora;House
7151;7-Bedroom;250 000,00 €;282;Evora;House
7152;2-Bedroom;250 000,00 €;66;Evora;House
7153;3-Bedroom;250 000,00 €;888;Evora;House
7154;3-Bedroom;250 000,00 €;653;Evora;House
7155;10-Bedroom;250 000,00 €;440;Evora;House
7156;Farmhouse;250 000,00 €;300;Evora;House
7157;4-Bedroom;250 000,00 €;160;Evora;House
7158;Country Estate;250 000,00 €;500;Evora;House
7159;2-Bedroom;250 000,00 €;120;Evora;House
7160;5-Bedroom;250 000,00 €;181;Evora;House
7161;2-Bedroom;254 900,00 €;85;Evora;House
7162;Detached House;254 900,00 €;216;Evora;House
7163;Detached House;254 900,00 €;216;Evora;House
7164;Detached House;255 000,00 €;185;Evora;House
7165;3-Bedroom;255 000,00 €;115;Evora;House
7166;2-Bedroom;255 000,00 €;131;Evora;House
7167;5-Bedroom;258 000,00 €;447;Evora;House
7168;5-Bedroom;258 000,00 €;447;Evora;House
7169;5-Bedroom;260 000,00 €;143;Evora;House
7170;5-Bedroom;260 000,00 €;143;Evora;House
7171;2-Bedroom;260 000,00 €;80;Evora;House
7172;2-Bedroom;260 000,00 €;134;Evora;House
7173;3-Bedroom;264 000,00 €;239;Evora;House
7174;Detached House;265 000,00 €;232;Evora;House
7175;4-Bedroom;265 000,00 €;121;Evora;House
7176;4-Bedroom;265 000,00 €;117;Evora;House
7177;4-Bedroom;265 000,00 €;241;Evora;House
7178;2-Bedroom;265 000,00 €;76;Evora;House
7179;Detached House;265 500,00 €;140;Evora;House
7180;Farmhouse;267 000,00 €;137;Evora;House
7181;2-Bedroom;269 000,00 €;72;Evora;House
7182;3-Bedroom;269 500,00 €;120;Evora;House
7183;3-Bedroom;269 500,00 €;120;Evora;House
7184;2-Bedroom;270 000,00 €;106;Evora;House
7185;3-Bedroom;270 000,00 €;258;Evora;House
7186;4-Bedroom;270 000,00 €;222;Evora;House
7187;2-Bedroom;270 000,00 €;165;Evora;House
7188;3-Bedroom;270 000,00 €;250;Evora;House
7189;3-Bedroom;270 000,00 €;250;Evora;House
7190;5-Bedroom;270 000,00 €;259;Evora;House
7191;Studio;275 000,00 €;86;Evora;House
7192;3-Bedroom;275 000,00 €;132;Evora;House
7193;4-Bedroom;275 000,00 €;171;Evora;House
7194;3-Bedroom;275 000,00 €;241;Evora;House
7195;Detached House;275 000,00 €;171;Evora;House
7196;2-Bedroom;277 000,00 €;186;Evora;House
7197;Country Estate;277 000,00 €;186;Evora;House
7198;2-Bedroom;280 000,00 €;60;Evora;House
7199;3-Bedroom;280 000,00 €;105;Evora;House
7200;1-Bedroom;280 000,00 €;35;Evora;House
7201;2-Bedroom;280 000,00 €;64;Evora;House
7202;Apartment;280 000,00 €;1;Evora;House
7203;5-Bedroom;283 000,00 €;272;Evora;House
7204;Detached House;285 000,00 €;86;Evora;House
7205;3-Bedroom;285 000,00 €;249;Evora;House
7206;5-Bedroom;285 000,00 €;345;Evora;House
7207;4-Bedroom;285 000,00 €;270;Evora;House
7208;4-Bedroom;285 000,00 €;300;Evora;House
7209;2-Bedroom;286 000,00 €;137;Evora;House
7210;2-Bedroom;286 000,00 €;137;Evora;House
7211;4-Bedroom;287 000,00 €;120;Evora;House
7212;3-Bedroom;287 000,00 €;349;Evora;House
7213;5-Bedroom;287 000,00 €;802;Evora;House
7214;3-Bedroom;290 000,00 €;118;Evora;House
7215;Studio;290 000,00 €;53;Evora;House
7216;2-Bedroom;290 000,00 €;79;Evora;House
7217;2-Bedroom;290 000,00 €;79;Evora;House
7218;5-Bedroom;290 000,00 €;126;Evora;House
7219;5-Bedroom;290 000,00 €;129;Evora;House
7220;Farmhouse;290 000,00 €;7.000;Evora;House
7221;Detached House;291 000,00 €;136;Evora;House
7222;4-Bedroom;291 000,00 €;237;Evora;House
7223;4-Bedroom;291 000,00 €;237;Evora;House
7224;Detached House;292 000,00 €;104;Evora;House
7225;Detached House;295 000,00 €;130;Evora;House
7226;Detached House;295 000,00 €;167;Evora;House
7227;6-Bedroom;295 000,00 €;250;Evora;House
7228;2-Bedroom;298 000,00 €;461;Evora;House
7229;3-Bedroom;298 000,00 €;100;Evora;House
7230;2-Bedroom;298 000,00 €;461;Evora;House
7231;Studio;298 500,00 €;290;Evora;House
7232;9-Bedroom;299 000,00 €;319;Evora;House
7233;9-Bedroom;299 000,00 €;319;Evora;House
7234;4-Bedroom;299 000,00 €;123;Evora;House
7235;9-Bedroom;299 000,00 €;598;Evora;House
7236;9-Bedroom;299 000,00 €;319;Evora;House
7237;3-Bedroom;299 000,00 €;134;Evora;House
7238;5-Bedroom;299 000,00 €;167;Evora;House
7239;6-Bedroom;299 000,00 €;599;Evora;House
7240;3-Bedroom;300 000,00 €;110;Evora;House
7241;4-Bedroom;300 000,00 €;113;Evora;House
7242;8-Bedroom;300 000,00 €;658;Evora;House
7243;12-Bedroom;300 000,00 €;314;Evora;House
7244;4-Bedroom;300 000,00 €;229;Evora;House
7245;Farmhouses;300 000,00 €;87;Evora;House
7246;Detached House;308 750,00 €;208;Evora;House
7247;3-Bedroom;310 000,00 €;216;Evora;House
7248;2-Bedroom;310 000,00 €;105;Evora;House
7249;1-Bedroom;310 000,00 €;108;Evora;House
7250;6-Bedroom;314 900,00 €;122;Evora;House
7251;Detached House;315 000,00 €;113;Evora;House
7252;4-Bedroom;315 000,00 €;245;Evora;House
7253;4-Bedroom;315 000,00 €;245;Evora;House
7254;4-Bedroom;315 000,00 €;245;Evora;House
7255;Detached House;320 000,00 €;180;Evora;House
7256;Detached House;320 000,00 €;180;Evora;House
7257;5-Bedroom;320 000,00 €;196;Evora;House
7258;8-Bedroom;320 000,00 €;539;Evora;House
7259;4-Bedroom;320 000,00 €;Terreno 595;Evora;House
7260;4-Bedroom;325 000,00 €;122;Evora;House
7261;3-Bedroom;325 000,00 €;400;Evora;House
7262;3-Bedroom;325 000,00 €;400;Evora;House
7263;3-Bedroom;325 000,00 €;400;Evora;House
7264;3-Bedroom;325 000,00 €;375;Evora;House
7265;Detached House;330 000,00 €;177;Evora;House
7266;7-Bedroom;330 000,00 €;490;Evora;House
7267;3-Bedroom;330 000,00 €;103;Evora;House
7268;3-Bedroom;330 000,00 €;115;Evora;House
7269;3-Bedroom;330 000,00 €;100;Evora;House
7270;2-Bedroom;330 000,00 €;158;Evora;House
7271;2-Bedroom;333 000,00 €;300.000;Evora;House
7272;3-Bedroom;340 000,00 €;399;Evora;House
7273;3-Bedroom;340 000,00 €;122;Evora;House
7274;3-Bedroom;345 000,00 €;100;Evora;House
7275;7-Bedroom;345 000,00 €;505;Evora;House
7276;5-Bedroom;345 000,00 €;505;Evora;House
7277;4-Bedroom;349 000,00 €;200;Evora;House
7278;3-Bedroom;349 000,00 €;141;Evora;House
7279;4-Bedroom;349 000,00 €;200;Evora;House
7280;Detached House;350 000,00 €;237;Evora;House
7281;Detached House;350 000,00 €;250;Evora;House
7282;Farmhouse;350 000,00 €;14.500;Evora;House
7283;3-Bedroom;350 000,00 €;150;Evora;House
7284;7+1-Bedroom;350 000,00 €;200;Evora;House
7285;3-Bedroom;350 000,00 €;202;Evora;House
7286;10-Bedroom;350 000,00 €;859;Evora;House
7287;7-Bedroom;350 000,00 €;223;Evora;House
7288;3-Bedroom;350 000,00 €;194;Evora;House
7289;3-Bedroom;350 000,00 €;5.250;Evora;House
7290;4-Bedroom;350 000,00 €;258;Evora;House
7291;7-Bedroom;350 000,00 €;260;Evora;House
7292;Detached House;351 700,00 €;151;Evora;House
7293;2-Bedroom;360 000,00 €;137;Evora;House
7294;Farmhouse;365 000,00 €;215;Evora;House
7295;Farmhouse;370 000,00 €;482;Evora;House
7296;6-Bedroom;371 000,00 €;277;Evora;House
7297;3-Bedroom;371 700,00 €;151;Evora;House
7298;6-Bedroom;375 000,00 €;160;Evora;House
7299;3-Bedroom;375 000,00 €;105;Evora;House
7300;3-Bedroom;375 000,00 €;215;Evora;House
7301;2-Bedroom;375 000,00 €;160;Evora;House
7302;3-Bedroom;375 000,00 €;148;Evora;House
7303;Detached House;380 000,00 €;295;Evora;House
7304;4-Bedroom;380 000,00 €;253;Evora;House
7305;2-Bedroom;385 000,00 €;125;Evora;House
7306;10-Bedroom;385 700,00 €;298;Evora;House
7307;10-Bedroom;385 700,00 €;358;Evora;House
7308;Detached House;389 000,00 €;236;Evora;House
7309;3-Bedroom;390 000,00 €;151;Evora;House
7310;3-Bedroom;390 000,00 €;1.748;Evora;House
7311;4-Bedroom;394 000,00 €;332;Evora;House
7312;4-Bedroom;395 000,00 €;221;Evora;House
7313;4-Bedroom;399 000,00 €;143;Evora;House
7314;4-Bedroom;399 000,00 €;120;Evora;House
7315;Detached House;399 500,00 €;133;Evora;House
7316;4-Bedroom;399 900,00 €;120;Evora;House
7317;4-Bedroom;400 000,00 €;251;Evora;House
7318;6-Bedroom;400 000,00 €;502;Evora;House
7319;Studio;400 000,00 €;320;Evora;House
7320;3-Bedroom;410 000,00 €;193;Evora;House
7321;4-Bedroom;410 000,00 €;120;Evora;House
7322;4-Bedroom;410 000,00 €;120;Evora;House
7323;Detached House;415 000,00 €;148;Evora;House
7324;Detached House;420 000,00 €;185;Evora;House
7325;4-Bedroom;420 000,00 €;221;Evora;House
7326;Detached House;420 000,00 €;688;Evora;House
7327;3-Bedroom;420 000,00 €;285;Evora;House
7328;4-Bedroom;420 000,00 €;162;Evora;House
7329;4-Bedroom;420 000,00 €;164;Evora;House
7330;4-Bedroom;420 000,00 €;164;Evora;House
7331;4-Bedroom;425 000,00 €;640;Evora;House
7332;Studio;425 000,00 €;45;Evora;House
7333;4-Bedroom;430 000,00 €;279;Evora;House
7334;Farmhouse;435 000,00 €;3.500;Evora;House
7335;4-Bedroom;439 000,00 €;135;Evora;House
7336;Detached House;450 000,00 €;188;Evora;House
7337;3-Bedroom;450 000,00 €;148;Evora;House
7338;4-Bedroom;450 000,00 €;240;Evora;House
7339;3-Bedroom;450 000,00 €;239;Evora;House
7340;5-Bedroom;450 000,00 €;365;Evora;House
7341;4-Bedroom;450 000,00 €;3.780;Evora;House
7342;3-Bedroom;450 000,00 €;240;Evora;House
7343;Farmhouse;450 000,00 €;68.000;Evora;House
7344;Detached House;459 000,00 €;266;Evora;House
7345;3+2-Bedroom;460 000,00 €;129;Evora;House
7346;4-Bedroom;460 000,00 €;146;Evora;House
7347;3-Bedroom;462 500,00 €;198;Evora;House
7348;3-Bedroom;475 000,00 €;183;Evora;House
7349;1-Bedroom;478 500,00 €;121;Evora;House
7350;3-Bedroom;490 000,00 €;475;Evora;House
7351;5-Bedroom;490 000,00 €;260;Evora;House
7352;2-Bedroom;490 000,00 €;113;Evora;House
7353;3-Bedroom;490 000,00 €;370;Evora;House
7354;6-Bedroom;492 000,00 €;179;Evora;House
7355;3-Bedroom;499 000,00 €;148;Evora;House
7356;3-Bedroom;499 000,00 €;148;Evora;House
7357;3-Bedroom;499 000,00 €;148;Evora;House
7358;Farmhouse;500 000,00 €;245;Evora;House
7359;4-Bedroom;500 000,00 €;395;Evora;House
7360;4-Bedroom;500 000,00 €;395;Evora;House
7361;6-Bedroom;520 000,00 €;145;Evora;House
7362;Detached House;530 000,00 €;207;Evora;House
7363;4-Bedroom;530 000,00 €;355;Evora;House
7364;4-Bedroom;540 000,00 €;223;Evora;House
7365;3-Bedroom;550 000,00 €;299;Evora;House
7366;3-Bedroom;560 000,00 €;188;Evora;House
7367;Detached House;560 000,00 €;191;Evora;House
7368;3-Bedroom;560 000,00 €;188;Evora;House
7369;Detached House;565 000,00 €;279;Evora;House
7370;3-Bedroom;565 000,00 €;300;Evora;House
7371;Detached House;565 000,00 €;340;Evora;House
7372;6-Bedroom;570 000,00 €;505;Evora;House
7373;5-Bedroom;570 000,00 €;228;Evora;House
7374;5-Bedroom;570 000,00 €;228;Evora;House
7375;3-Bedroom;580 000,00 €;38.750;Evora;House
7376;Detached House;587 000,00 €;217;Evora;House
7377;4-Bedroom;590 000,00 €;307;Evora;House
7378;5-Bedroom;590 000,00 €;323;Evora;House
7379;Farmhouse;590 000,00 €;330;Evora;House
7380;5-Bedroom;590 000,00 €;300;Evora;House
7381;2-Bedroom;600 000,00 €;187;Evora;House
7382;Detached House;650 000,00 €;187.500;Evora;House
7383;Farmhouse;650 000,00 €;209;Evora;House
7384;3-Bedroom;650 000,00 €;360;Evora;House
7385;4-Bedroom;650 000,00 €;207;Evora;House
7386;Detached House;650 000,00 €;185;Evora;House
7387;7-Bedroom;650 000,00 €;739;Evora;House
7388;Farmhouse;650 000,00 €;255;Evora;House
7389;5-Bedroom;650 000,00 €;449;Evora;House
7390;7-Bedroom;650 000,00 €;739;Evora;House
7391;3-Bedroom;650 000,00 €;384;Evora;House
7392;3-Bedroom;650 000,00 €;282;Evora;House
7393;5-Bedroom;650 000,00 €;449;Evora;House
7394;4-Bedroom;650 000,00 €;297;Evora;House
7395;Farmhouse;650 000,00 €;255;Evora;House
7396;3-Bedroom;650 000,00 €;240;Evora;House
7397;Detached House;655 000,00 €;185;Evora;House
7398;3-Bedroom;655 000,00 €;240;Evora;House
7399;3-Bedroom;655 000,00 €;240;Evora;House
7400;3-Bedroom;660 000,00 €;1.049;Evora;House
7401;5-Bedroom;665 000,00 €;101;Evora;House
7402;Detached House;670 000,00 €;200.000;Evora;House
7403;Farmhouse;690 000,00 €;180;Evora;House
7404;Farmhouse;690 000,00 €;180;Evora;House
7405;4-Bedroom;690 000,00 €;290;Evora;House
7406;3-Bedroom;690 000,00 €;172;Evora;House
7407;5-Bedroom;710 000,00 €;130;Evora;House
7408;Detached House;750 000,00 €;519;Evora;House
7409;5-Bedroom;750 000,00 €;617;Evora;House
7410;5-Bedroom;750 000,00 €;617;Evora;House
7411;4-Bedroom;750 000,00 €;195;Evora;House
7412;3-Bedroom;770 000,00 €;360;Evora;House
7413;3-Bedroom;770 000,00 €;322;Evora;House
7414;3-Bedroom;770 000,00 €;560;Evora;House
7415;Farmhouse;770 000,00 €;215.000;Evora;House
7416;Detached House;775 000,00 €;378;Evora;House
7417;5-Bedroom;790 000,00 €;331;Evora;House
7418;Detached House;795 000,00 €;393;Evora;House
7419;6-Bedroom;800 000,00 €;574;Evora;House
7420;4-Bedroom;809 500,00 €;241;Evora;House
7421;7-Bedroom;849 500,00 €;840;Evora;House
7422;3-Bedroom;850 000,00 €;180;Evora;House
7423;9-Bedroom;850 000,00 €;340;Evora;House
7424;6-Bedroom;850 000,00 €;500;Evora;House
7425;3-Bedroom;850 000,00 €;250;Evora;House
7426;3-Bedroom;890 000,00 €;225;Evora;House
7427;Farmhouse;890 000,00 €;345;Evora;House
7428;Farmhouse;895 000,00 €;357;Evora;House
7429;T20;900 000,00 €;898;Evora;House
7430;3-Bedroom;930 000,00 €;496;Evora;House
7431;Farmhouse;930 000,00 €;418;Evora;House
7432;3-Bedroom;950 000,00 €;379;Evora;House
7433;6-Bedroom;950 000,00 €;472;Evora;House
7434;4-Bedroom;950 000,00 €;301;Evora;House
7435;10-Bedroom;963 000,00 €;530;Evora;House
7436;Detached House;980 000,00 €;402;Evora;House
7437;10-Bedroom;980 000,00 €;606;Evora;House
7438;Detached House;995 000,00 €;236;Evora;House
7439;Studio;995 000,00 €;500;Evora;House
7440;4-Bedroom;1 000 000,00 €;241;Evora;House
7441;9-Bedroom;1 070 000,00 €;3.050;Evora;House
7442;1-Bedroom;1 099 000,00 €;70;Evora;House
7443;6-Bedroom;1 100 000,00 €;588;Evora;House
7444;6-Bedroom;1 150 000,00 €;294;Evora;House
7445;Farmhouse;1 150 000,00 €;987;Evora;House
7446;8-Bedroom;1 150 000,00 €;600;Evora;House
7447;6-Bedroom;1 150 000,00 €;296;Evora;House
7448;Farmhouse;1 170 000,00 €;336;Evora;House
7449;6-Bedroom;1 190 000,00 €;508;Evora;House
7450;5-Bedroom;1 200 000,00 €;756;Evora;House
7451;5-Bedroom;1 200 000,00 €;756;Evora;House
7452;7-Bedroom;1 200 000,00 €;424;Evora;House
7453;1-Bedroom;1 200 000,00 €;71;Evora;House
7454;6-Bedroom;1 200 000,00 €;700;Evora;House
7455;8-Bedroom;1 200 000,00 €;1.150.000;Evora;House
7456;6-Bedroom;1 250 000,00 €;395;Evora;House
7457;5-Bedroom;1 250 000,00 €;756;Evora;House
7458;10-Bedroom;1 250 000,00 €;565;Evora;House
7459;6-Bedroom;1 250 000,00 €;424;Evora;House
7460;Studio;1 250 000,00 €;787;Evora;House
7461;Studio;1 250 000,00 €;787;Evora;House
7462;Farmhouse;1 250 000,00 €;332;Evora;House
7463;6-Bedroom;1 250 000,00 €;424;Evora;House
7464;8-Bedroom;1 300 000,00 €;356;Evora;House
7465;Studio;1 300 000,00 €;642;Evora;House
7466;Estate;1 300 000,00 €;415;Evora;House
7467;6-Bedroom;1 350 000,00 €;419;Evora;House
7468;Farmhouse;1 350 000,00 €;105.635.800;Evora;House
7469;Studio;1 375 000,00 €;450.000;Evora;House
7470;Estate;1 400 000,00 €;285;Evora;House
7471;Estate;1 400 000,00 €;285;Evora;House
7472;Estate;1 400 000,00 €;420;Evora;House
7473;5-Bedroom;1 425 000,00 €;756;Evora;House
7474;11-Bedroom;1 490 000,00 €;720;Evora;House
7475;11-Bedroom;1 490 000,00 €;720;Evora;House
7476;1-Bedroom;1 498 000,00 €;350;Evora;House
7477;6-Bedroom;1 500 000,00 €;695;Evora;House
7478;4-Bedroom;1 500 000,00 €;454;Evora;House
7479;2-Bedroom;1 500 000,00 €;166;Evora;House
7480;4-Bedroom;1 500 000,00 €;500;Evora;House
7481;2-Bedroom;1 750 000,00 €;596;Evora;House
7482;10-Bedroom;1 800 000,00 €;760;Evora;House
7483;13-Bedroom;1 850 000,00 €;918;Evora;House
7484;Detached House;1 850 000,00 €;918;Evora;House
7485;Farmhouse;1 850 000,00 €;918;Evora;House
7486;Farmhouse;1 890 000,00 €;540;Evora;House
7487;5-Bedroom;1 900 000,00 €;634;Evora;House
7488;Estate;1 900 000,00 €;1;Evora;House
7489;7-Bedroom;2 000 000,00 €;577;Evora;House
7490;Estate;2 000 000,00 €;500;Evora;House
7491;Estate;2 100 000,00 €;270;Evora;House
7492;7-Bedroom;2 100 000,00 €;689;Evora;House
7493;Estate;2 100 000,00 €;900;Evora;House
7494;T15;2 150 000,00 €;893;Evora;House
7495;13-Bedroom;2 150 000,00 €;893;Evora;House
7496;13-Bedroom;2 150 000,00 €;957;Evora;House
7497;13-Bedroom;2 150 000,00 €;957;Evora;House
7498;Estate;2 350 000,00 €;1.200;Evora;House
7499;7-Bedroom;2 490 000,00 €;552;Evora;House
7500;12-Bedroom;2 500 000,00 €;3.355;Evora;House
7501;1-Bedroom;2 500 000,00 €;760.000;Evora;House
7502;Mansion;2 870 000,00 €;2.635;Evora;House
7503;6-Bedroom;2 900 000,00 €;396;Evora;House
7504;9-Bedroom;2 900 000,00 €;1.734;Evora;House
7505;9-Bedroom;2 900 000,00 €;1.734;Evora;House
7506;T30;2 950 000,00 €;2.635;Evora;House
7507;Estate;2 950 000,00 €;8.600;Evora;House
7508;4-Bedroom;2 985 500,00 €;900;Evora;House
7509;4-Bedroom;2 985 500,00 €;900;Evora;House
7510;Estate;3 000 000,00 €;430;Evora;House
7511;T30;3 250 000,00 €;2.414;Evora;House
7512;11-Bedroom;3 320 000,00 €;436;Evora;House
7513;10-Bedroom;3 650 000,00 €;1.113;Evora;House
7514;6-Bedroom;3 900 000,00 €;600;Evora;House
7515;Farmhouse;3 900 000,00 €;1.323;Evora;House
7516;5-Bedroom;4 150 000,00 €;641;Evora;House
7517;5-Bedroom;4 200 000,00 €;832;Evora;House
7518;Estate;4 500 000,00 €;5.000;Evora;House
7519;T15;4 500 000,00 €;590;Evora;House
7520;Estate;4 500 000,00 €;1.800;Evora;House
7521;Estate;4 535 000,00 €;650;Evora;House
7522;Farmhouse;4 900 000,00 €;1.258;Evora;House
7523;Estate;4 900 000,00 €;300;Evora;House
7524;11-Bedroom;5 500 000,00 €;1.035;Evora;House
7525;5-Bedroom;5 500 000,00 €;960;Evora;House
7526;9-Bedroom;6 900 000,00 €;3.883;Evora;House
7527;Estate;7 500 000,00 €;300;Evora;House
7528;1-Bedroom;7 800 000,00 €;1.500;Evora;House
7529;T17;9 000 000,00 €;600;Evora;House
7530;10-Bedroom;9 000 000,00 €;550;Evora;House
7531;5-Bedroom;9 087 000,00 €;1.274;Evora;House
7532;Estate;12 400 000,00 €;3.800;Evora;House
7533;5-Bedroom;13 000 000,00 €;1.800;Evora;House
7534;5-Bedroom;13 000 000,00 €;1.500;Evora;House
7535;Studio;13 500 000,00 €;1.500;Evora;House
7536;Estate;14 400 000,00 €;1;Evora;House
7537;Estate;40 000 000,00 €;97.080;Evora;House
7538;Studio;45 000,00 €;301;Faro;House
7539;1-Bedroom;50 000,00 €;200;Faro;House
7540;3-Bedroom;59 000,00 €;124;Faro;House
7541;Detached House;74 700,00 €;61;Faro;House
7542;Detached House;74 700,00 €;61;Faro;House
7543;1-Bedroom;75 000,00 €;135;Faro;House
7544;1-Bedroom;75 000,00 €;135;Faro;House
7545;4-Bedroom;79 500,00 €;91;Faro;House
7546;3-Bedroom;83 000,00 €;118;Faro;House
7547;1-Bedroom;87 500,00 €;32;Faro;House
7548;3-Bedroom;97 500,00 €;108;Faro;House
7549;1-Bedroom;99 000,00 €;46;Faro;House
7550;Detached House;105 000,00 €;40;Faro;House
7551;8-Bedroom;119 000,00 €;202;Faro;House
7552;2-Bedroom;125 000,00 €;117;Faro;House
7553;3-Bedroom;125 000,00 €;173;Faro;House
7554;2-Bedroom;130 000,00 €;70;Faro;House
7555;1-Bedroom;135 000,00 €;50;Faro;House
7556;3-Bedroom;145 000,00 €;79;Faro;House
7557;Studio;147 500,00 €;22;Faro;House
7558;Studio;147 500,00 €;25;Faro;House
7559;Studio;147 500,00 €;25;Faro;House
7560;2-Bedroom;149 000,00 €;137;Faro;House
7561;2-Bedroom;160 000,00 €;80;Faro;House
7562;Apartment;165 000,00 €;58;Faro;House
7563;1-Bedroom;168 000,00 €;90;Faro;House
7564;3-Bedroom;175 000,00 €;84;Faro;House
7565;2-Bedroom;180 000,00 €;101;Faro;House
7566;3-Bedroom;182 500,00 €;93;Faro;House
7567;2-Bedroom;190 000,00 €;116;Faro;House
7568;3-Bedroom;195 000,00 €;201;Faro;House
7569;1-Bedroom;195 000,00 €;46;Faro;House
7570;2-Bedroom;195 000,00 €;130;Faro;House
7571;Detached House;195 000,00 €;25;Faro;House
7572;1-Bedroom;195 000,00 €;75;Faro;House
7573;Apartment;195 000,00 €;45;Faro;House
7574;3-Bedroom;195 000,00 €;201;Faro;House
7575;2-Bedroom;198 000,00 €;50;Faro;House
7576;2-Bedroom;199 000,00 €;70;Faro;House
7577;Studio;199 900,00 €;55;Faro;House
7578;1-Bedroom;199 900,00 €;41;Faro;House
7579;1-Bedroom;200 000,00 €;162;Faro;House
7580;2-Bedroom;207 000,00 €;97;Faro;House
7581;1-Bedroom;209 900,00 €;40;Faro;House
7582;1-Bedroom;209 900,00 €;40;Faro;House
7583;1-Bedroom;210 000,00 €;57;Faro;House
7584;2-Bedroom;215 000,00 €;85;Faro;House
7585;2-Bedroom;215 000,00 €;85;Faro;House
7586;2-Bedroom;215 000,00 €;81;Faro;House
7587;3-Bedroom;220 000,00 €;250;Faro;House
7588;3-Bedroom;220 000,00 €;130;Faro;House
7589;3-Bedroom;220 000,00 €;250;Faro;House
7590;1-Bedroom;220 000,00 €;60;Faro;House
7591;1-Bedroom;222 500,00 €;56;Faro;House
7592;1-Bedroom;222 500,00 €;56;Faro;House
7593;2-Bedroom;225 000,00 €;117;Faro;House
7594;2-Bedroom;229 900,00 €;80;Faro;House
7595;Detached House;230 000,00 €;142;Faro;House
7596;2-Bedroom;233 000,00 €;92;Faro;House
7597;3+1-Bedroom;235 000,00 €;80;Faro;House
7598;2+1-Bedroom;239 000,00 €;68;Faro;House
7599;2-Bedroom;239 000,00 €;92;Faro;House
7600;1-Bedroom;240 000,00 €;40;Faro;House
7601;1-Bedroom;244 000,00 €;69;Faro;House
7602;2-Bedroom;245 000,00 €;110;Faro;House
7603;1-Bedroom;247 000,00 €;58;Faro;House
7604;1-Bedroom;248 800,00 €;50;Faro;House
7605;1-Bedroom;249 000,00 €;62;Faro;House
7606;1-Bedroom;249 000,00 €;33;Faro;House
7607;2-Bedroom;249 000,00 €;68;Faro;House
7608;3-Bedroom;249 000,00 €;104;Faro;House
7609;1-Bedroom;249 000,00 €;49;Faro;House
7610;2-Bedroom;249 000,00 €;55;Faro;House
7611;3-Bedroom;249 500,00 €;199;Faro;House
7612;3-Bedroom;250 000,00 €;72;Faro;House
7613;1-Bedroom;250 000,00 €;67;Faro;House
7614;2-Bedroom;250 000,00 €;92;Faro;House
7615;2-Bedroom;250 000,00 €;120;Faro;House
7616;1-Bedroom;250 000,00 €;64;Faro;House
7617;3-Bedroom;250 000,00 €;166;Faro;House
7618;2-Bedroom;255 000,00 €;105;Faro;House
7619;1-Bedroom;258 000,00 €;77;Faro;House
7620;Apartment;260 000,00 €;71;Faro;House
7621;4-Bedroom;260 000,00 €;180;Faro;House
7622;Apartment;262 500,00 €;75;Faro;House
7623;3-Bedroom;265 000,00 €;108;Faro;House
7624;Apartment;265 000,00 €;126;Faro;House
7625;Studio;265 000,00 €;43;Faro;House
7626;Apartment;265 000,00 €;126;Faro;House
7627;1-Bedroom;265 000,00 €;65;Faro;House
7628;2-Bedroom;265 000,00 €;98;Faro;House
7629;2-Bedroom;269 000,00 €;50;Faro;House
7630;1-Bedroom;269 000,00 €;93;Faro;House
7631;Apartment;269 000,00 €;62;Faro;House
7632;2-Bedroom;270 000,00 €;120;Faro;House
7633;2-Bedroom;274 900,00 €;65;Faro;House
7634;3-Bedroom;275 000,00 €;102;Faro;House
7635;5-Bedroom;275 000,00 €;200;Faro;House
7636;3-Bedroom;275 000,00 €;162;Faro;House
7637;3-Bedroom;275 000,00 €;162;Faro;House
7638;1+2-Bedroom;275 000,00 €;126;Faro;House
7639;3-Bedroom;275 000,00 €;151;Faro;House
7640;Detached House;275 000,00 €;110;Faro;House
7641;3-Bedroom;275 000,00 €;88;Faro;House
7642;4-Bedroom;275 000,00 €;170;Faro;House
7643;5-Bedroom;275 000,00 €;150;Faro;House
7644;2-Bedroom;275 000,00 €;92;Faro;House
7645;2-Bedroom;275 000,00 €;50;Faro;House
7646;2-Bedroom;276 000,00 €;70;Faro;House
7647;2-Bedroom;279 000,00 €;65;Faro;House
7648;1-Bedroom;280 000,00 €;83;Faro;House
7649;1-Bedroom;280 000,00 €;66;Faro;House
7650;Detached House;280 000,00 €;143;Faro;House
7651;2-Bedroom;282 000,00 €;66;Faro;House
7652;2-Bedroom;285 000,00 €;72;Faro;House
7653;3-Bedroom;285 000,00 €;107;Faro;House
7654;3-Bedroom;285 000,00 €;104;Faro;House
7655;1-Bedroom;285 000,00 €;156;Faro;House
7656;1-Bedroom;285 000,00 €;82;Faro;House
7657;2-Bedroom;285 000,00 €;82;Faro;House
7658;1-Bedroom;285 000,00 €;74;Faro;House
7659;4+1-Bedroom;287 000,00 €;111;Faro;House
7660;3-Bedroom;287 500,00 €;108;Faro;House
7661;4-Bedroom;287 500,00 €;90;Faro;House
7662;Apartment;288 000,00 €;46;Faro;House
7663;1-Bedroom;289 000,00 €;64;Faro;House
7664;2-Bedroom;289 000,00 €;100;Faro;House
7665;3-Bedroom;289 900,00 €;112;Faro;House
7666;3-Bedroom;289 900,00 €;112;Faro;House
7667;3-Bedroom;290 000,00 €;80;Faro;House
7668;2-Bedroom;290 000,00 €;85;Faro;House
7669;2-Bedroom;290 000,00 €;85;Faro;House
7670;2-Bedroom;290 000,00 €;92;Faro;House
7671;Apartment;290 000,00 €;55;Faro;House
7672;3-Bedroom;290 000,00 €;177;Faro;House
7673;Apartment;290 000,00 €;87;Faro;House
7674;2+1-Bedroom;292 000,00 €;97;Faro;House
7675;1-Bedroom;295 000,00 €;106;Faro;House
7676;2-Bedroom;295 000,00 €;60;Faro;House
7677;2-Bedroom;295 000,00 €;95;Faro;House
7678;1-Bedroom;295 000,00 €;106;Faro;House
7679;1-Bedroom;295 000,00 €;57;Faro;House
7680;2-Bedroom;295 000,00 €;129;Faro;House
7681;Apartment;295 000,00 €;52;Faro;House
7682;Detached House;296 000,00 €;85;Faro;House
7683;2-Bedroom;297 000,00 €;83;Faro;House
7684;1-Bedroom;297 500,00 €;80;Faro;House
7685;4-Bedroom;297 500,00 €;104;Faro;House
7686;1-Bedroom;297 500,00 €;80;Faro;House
7687;Detached House;298 000,00 €;108;Faro;House
7688;3-Bedroom;299 000,00 €;103;Faro;House
7689;4-Bedroom;299 000,00 €;117;Faro;House
7690;3-Bedroom;299 000,00 €;84;Faro;House
7691;3-Bedroom;299 000,00 €;84;Faro;House
7692;4-Bedroom;299 000,00 €;162;Faro;House
7693;4-Bedroom;299 000,00 €;211;Faro;House
7694;4-Bedroom;299 000,00 €;211;Faro;House
7695;4-Bedroom;299 000,00 €;117;Faro;House
7696;Apartment;299 800,00 €;72;Faro;House
7697;2-Bedroom;300 000,00 €;440;Faro;House
7698;1-Bedroom;305 000,00 €;180;Faro;House
7699;2-Bedroom;307 000,00 €;99;Faro;House
7700;1-Bedroom;309 000,00 €;58;Faro;House
7701;3-Bedroom;310 000,00 €;140;Faro;House
7702;3-Bedroom;310 000,00 €;119;Faro;House
7703;2-Bedroom;310 000,00 €;102;Faro;House
7704;Apartment;310 000,00 €;94;Faro;House
7705;2-Bedroom;310 000,00 €;69;Faro;House
7706;3-Bedroom;315 000,00 €;92;Faro;House
7707;2-Bedroom;315 000,00 €;147;Faro;House
7708;2-Bedroom;319 000,00 €;59;Faro;House
7709;2-Bedroom;320 000,00 €;143;Faro;House
7710;2-Bedroom;320 000,00 €;63;Faro;House
7711;4-Bedroom;320 000,00 €;147;Faro;House
7712;2-Bedroom;320 000,00 €;140;Faro;House
7713;2-Bedroom;320 000,00 €;140;Faro;House
7714;4-Bedroom;320 000,00 €;147;Faro;House
7715;3-Bedroom;320 000,00 €;163;Faro;House
7716;2-Bedroom;320 000,00 €;91;Faro;House
7717;3-Bedroom;320 000,00 €;115;Faro;House
7718;2-Bedroom;322 000,00 €;93;Faro;House
7719;2-Bedroom;322 000,00 €;93;Faro;House
7720;2-Bedroom;322 000,00 €;93;Faro;House
7721;2-Bedroom;322 000,00 €;102;Faro;House
7722;3-Bedroom;325 000,00 €;83;Faro;House
7723;2-Bedroom;325 000,00 €;123;Faro;House
7724;1-Bedroom;325 000,00 €;69;Faro;House
7725;2-Bedroom;325 000,00 €;95;Faro;House
7726;1-Bedroom;325 000,00 €;69;Faro;House
7727;1-Bedroom;325 000,00 €;61;Faro;House
7728;4-Bedroom;325 000,00 €;180;Faro;House
7729;3-Bedroom;325 000,00 €;151;Faro;House
7730;1-Bedroom;325 000,00 €;73;Faro;House
7731;3+1-Bedroom;325 000,00 €;134;Faro;House
7732;2+1-Bedroom;325 000,00 €;122;Faro;House
7733;2+1-Bedroom;325 000,00 €;143;Faro;House
7734;1-Bedroom;328 000,00 €;103;Faro;House
7735;Apartment;330 000,00 €;120;Faro;House
7736;4-Bedroom;330 000,00 €;128;Faro;House
7737;2-Bedroom;330 000,00 €;91;Faro;House
7738;2-Bedroom;330 000,00 €;28;Faro;House
7739;3-Bedroom;330 000,00 €;117;Faro;House
7740;2-Bedroom;335 000,00 €;71;Faro;House
7741;2-Bedroom;335 000,00 €;103;Faro;House
7742;Apartment;335 000,00 €;115;Faro;House
7743;2-Bedroom;335 000,00 €;183;Faro;House
7744;Apartment;335 000,00 €;115;Faro;House
7745;2-Bedroom;335 000,00 €;103;Faro;House
7746;2-Bedroom;335 000,00 €;130;Faro;House
7747;2-Bedroom;335 000,00 €;95;Faro;House
7748;2-Bedroom;335 000,00 €;95;Faro;House
7749;Apartment;335 000,00 €;87;Faro;House
7750;2-Bedroom;337 250,00 €;102;Faro;House
7751;2-Bedroom;340 000,00 €;95;Faro;House
7752;2-Bedroom;340 000,00 €;108;Faro;House
7753;1-Bedroom;340 000,00 €;76;Faro;House
7754;1-Bedroom;341 000,00 €;82;Faro;House
7755;2-Bedroom;345 000,00 €;75;Faro;House
7756;Apartment;345 000,00 €;101;Faro;House
7757;1+1-Bedroom;345 000,00 €;145;Faro;House
7758;2-Bedroom;345 000,00 €;100;Faro;House
7759;2-Bedroom;345 000,00 €;75;Faro;House
7760;3-Bedroom;345 000,00 €;135;Faro;House
7761;3-Bedroom;345 000,00 €;135;Faro;House
7762;2-Bedroom;345 000,00 €;87;Faro;House
7763;2-Bedroom;345 000,00 €;75;Faro;House
7764;3-Bedroom;349 000,00 €;154;Faro;House
7765;2-Bedroom;349 000,00 €;170;Faro;House
7766;2-Bedroom;349 000,00 €;53;Faro;House
7767;2-Bedroom;349 000,00 €;180;Faro;House
7768;1-Bedroom;349 000,00 €;105;Faro;House
7769;2-Bedroom;350 000,00 €;69;Faro;House
7770;Detached House;350 000,00 €;132;Faro;House
7771;2-Bedroom;350 000,00 €;69;Faro;House
7772;3-Bedroom;350 000,00 €;121;Faro;House
7773;3-Bedroom;350 000,00 €;86;Faro;House
7774;2-Bedroom;350 000,00 €;141;Faro;House
7775;2-Bedroom;350 000,00 €;104;Faro;House
7776;2-Bedroom;350 000,00 €;85;Faro;House
7777;2-Bedroom;350 000,00 €;104;Faro;House
7778;2-Bedroom;350 000,00 €;104;Faro;House
7779;3-Bedroom;350 000,00 €;121;Faro;House
7780;2-Bedroom;350 000,00 €;175;Faro;House
7781;3-Bedroom;350 000,00 €;111;Faro;House
7782;Apartment;350 000,00 €;85;Faro;House
7783;2-Bedroom;350 000,00 €;128;Faro;House
7784;3-Bedroom;350 000,00 €;201;Faro;House
7785;2+2-Bedroom;351 000,00 €;136;Faro;House
7786;3-Bedroom;352 000,00 €;151;Faro;House
7787;2-Bedroom;355 000,00 €;104;Faro;House
7788;2-Bedroom;355 000,00 €;96;Faro;House
7789;1-Bedroom;358 000,00 €;82;Faro;House
7790;3-Bedroom;359 000,00 €;117;Faro;House
7791;2-Bedroom;360 000,00 €;75;Faro;House
7792;2-Bedroom;360 000,00 €;83;Faro;House
7793;Apartment;360 000,00 €;90;Faro;House
7794;3-Bedroom;360 000,00 €;136;Faro;House
7795;3+1-Bedroom;360 000,00 €;Terreno 1;Faro;House
7796;3-Bedroom;365 000,00 €;92;Faro;House
7797;Apartment;365 000,00 €;116;Faro;House
7798;3-Bedroom;365 000,00 €;132;Faro;House
7799;2-Bedroom;369 000,00 €;144;Faro;House
7800;4-Bedroom;369 000,00 €;180;Faro;House
7801;2-Bedroom;369 000,00 €;144;Faro;House
7802;Apartment;370 000,00 €;150;Faro;House
7803;2-Bedroom;370 000,00 €;122;Faro;House
7804;2-Bedroom;370 000,00 €;122;Faro;House
7805;2-Bedroom;370 000,00 €;90;Faro;House
7806;3-Bedroom;370 000,00 €;109;Faro;House
7807;2+2-Bedroom;370 000,00 €;180;Faro;House
7808;3-Bedroom;370 000,00 €;152;Faro;House
7809;2-Bedroom;370 000,00 €;195;Faro;House
7810;2-Bedroom;370 500,00 €;115;Faro;House
7811;2-Bedroom;375 000,00 €;170;Faro;House
7812;2-Bedroom;375 000,00 €;85;Faro;House
7813;2-Bedroom;375 000,00 €;90;Faro;House
7814;Studio;375 000,00 €;62;Faro;House
7815;Detached House;375 000,00 €;91;Faro;House
7816;2-Bedroom;375 000,00 €;105;Faro;House
7817;Studio;375 000,00 €;62;Faro;House
7818;3-Bedroom;375 000,00 €;96;Faro;House
7819;2-Bedroom;380 000,00 €;73;Faro;House
7820;5-Bedroom;380 000,00 €;115;Faro;House
7821;3-Bedroom;380 000,00 €;90;Faro;House
7822;5-Bedroom;380 000,00 €;115;Faro;House
7823;3-Bedroom;380 000,00 €;151;Faro;House
7824;2-Bedroom;380 000,00 €;127;Faro;House
7825;3-Bedroom;380 000,00 €;151;Faro;House
7826;3-Bedroom;380 000,00 €;151;Faro;House
7827;2-Bedroom;380 000,00 €;104;Faro;House
7828;2-Bedroom;380 000,00 €;122;Faro;House
7829;2-Bedroom;380 000,00 €;79;Faro;House
7830;2-Bedroom;380 000,00 €;126;Faro;House
7831;3-Bedroom;382 646,00 €;128;Faro;House
7832;3-Bedroom;382 646,00 €;128;Faro;House
7833;3-Bedroom;382 647,00 €;132;Faro;House
7834;1-Bedroom;383 000,00 €;77;Faro;House
7835;1-Bedroom;383 000,00 €;78;Faro;House
7836;1-Bedroom;383 000,00 €;76;Faro;House
7837;2-Bedroom;384 893,00 €;145;Faro;House
7838;2-Bedroom;384 893,00 €;122;Faro;House
7839;3-Bedroom;385 000,00 €;100;Faro;House
7840;2-Bedroom;385 000,00 €;120;Faro;House
7841;2-Bedroom;385 000,00 €;120;Faro;House
7842;2-Bedroom;385 000,00 €;102;Faro;House
7843;2-Bedroom;385 000,00 €;107;Faro;House
7844;2-Bedroom;385 000,00 €;104;Faro;House
7845;3-Bedroom;385 000,00 €;151;Faro;House
7846;3-Bedroom;385 000,00 €;132;Faro;House
7847;2-Bedroom;385 000,00 €;114;Faro;House
7848;2-Bedroom;385 000,00 €;109;Faro;House
7849;2-Bedroom;385 000,00 €;100;Faro;House
7850;3+1-Bedroom;385 000,00 €;163;Faro;House
7851;2-Bedroom;385 000,00 €;113;Faro;House
7852;2-Bedroom;385 000,00 €;17;Faro;House
7853;3-Bedroom;385 474,00 €;129;Faro;House
7854;2-Bedroom;389 000,00 €;69;Faro;House
7855;2-Bedroom;389 500,00 €;130;Faro;House
7856;1-Bedroom;390 000,00 €;129;Faro;House
7857;1-Bedroom;390 000,00 €;76;Faro;House
7858;1-Bedroom;390 000,00 €;77;Faro;House
7859;1-Bedroom;390 000,00 €;76;Faro;House
7860;1-Bedroom;390 000,00 €;78;Faro;House
7861;1-Bedroom;390 000,00 €;76;Faro;House
7862;1-Bedroom;390 000,00 €;79;Faro;House
7863;1-Bedroom;390 000,00 €;76;Faro;House
7864;1-Bedroom;390 000,00 €;110;Faro;House
7865;1-Bedroom;390 000,00 €;87;Faro;House
7866;2-Bedroom;390 000,00 €;105;Faro;House
7867;2-Bedroom;390 000,00 €;100;Faro;House
7868;1-Bedroom;390 000,00 €;129;Faro;House
7869;3-Bedroom;393 956,00 €;129;Faro;House
7870;3-Bedroom;393 956,00 €;129;Faro;House
7871;3-Bedroom;393 956,00 €;129;Faro;House
7872;3-Bedroom;394 000,00 €;122;Faro;House
7873;1-Bedroom;395 000,00 €;61;Faro;House
7874;2-Bedroom;395 000,00 €;103;Faro;House
7875;2-Bedroom;395 000,00 €;119;Faro;House
7876;1-Bedroom;395 000,00 €;94;Faro;House
7877;2-Bedroom;395 000,00 €;140;Faro;House
7878;1-Bedroom;395 000,00 €;79;Faro;House
7879;1-Bedroom;395 000,00 €;79;Faro;House
7880;1-Bedroom;395 000,00 €;77;Faro;House
7881;1-Bedroom;395 000,00 €;94;Faro;House
7882;1-Bedroom;395 000,00 €;76;Faro;House
7883;2-Bedroom;395 000,00 €;119;Faro;House
7884;1-Bedroom;395 000,00 €;76;Faro;House
7885;1-Bedroom;395 000,00 €;77;Faro;House
7886;4-Bedroom;395 000,00 €;128;Faro;House
7887;2-Bedroom;395 000,00 €;127;Faro;House
7888;2-Bedroom;395 000,00 €;143;Faro;House
7889;1-Bedroom;395 000,00 €;70;Faro;House
7890;2-Bedroom;395 000,00 €;127;Faro;House
7891;Detached House;395 000,00 €;141;Faro;House
7892;3-Bedroom;395 000,00 €;155;Faro;House
7893;2-Bedroom;395 000,00 €;116;Faro;House
7894;2-Bedroom;395 000,00 €;131;Faro;House
7895;4-Bedroom;395 000,00 €;100;Faro;House
7896;2+3-Bedroom;398 000,00 €;394;Faro;House
7897;2-Bedroom;398 000,00 €;110;Faro;House
7898;2-Bedroom;398 000,00 €;132;Faro;House
7899;3-Bedroom;398 500,00 €;130;Faro;House
7900;3-Bedroom;399 000,00 €;50;Faro;House
7901;1-Bedroom;399 000,00 €;86;Faro;House
7902;Apartment;399 000,00 €;146;Faro;House
7903;2-Bedroom;399 000,00 €;133;Faro;House
7904;2-Bedroom;399 500,00 €;149;Faro;House
7905;1-Bedroom;400 000,00 €;79;Faro;House
7906;1-Bedroom;400 000,00 €;77;Faro;House
7907;1-Bedroom;400 000,00 €;77;Faro;House
7908;1-Bedroom;400 000,00 €;76;Faro;House
7909;1-Bedroom;400 000,00 €;78;Faro;House
7910;2-Bedroom;400 000,00 €;84;Faro;House
7911;1-Bedroom;400 000,00 €;132;Faro;House
7912;2-Bedroom;400 000,00 €;114;Faro;House
7913;3-Bedroom;400 000,00 €;151;Faro;House
7914;3-Bedroom;400 000,00 €;151;Faro;House
7915;2-Bedroom;400 000,00 €;107;Faro;House
7916;3-Bedroom;400 000,00 €;151;Faro;House
7917;3-Bedroom;400 000,00 €;151;Faro;House
7918;3-Bedroom;400 000,00 €;151;Faro;House
7919;3-Bedroom;400 000,00 €;151;Faro;House
7920;2-Bedroom;400 000,00 €;106;Faro;House
7921;3-Bedroom;400 000,00 €;218;Faro;House
7922;2-Bedroom;400 000,00 €;96;Faro;House
7923;2-Bedroom;400 000,00 €;100;Faro;House
7924;2-Bedroom;405 000,00 €;152;Faro;House
7925;2+2-Bedroom;405 000,00 €;148;Faro;House
7926;3-Bedroom;405 000,00 €;108;Faro;House
7927;3-Bedroom;410 000,00 €;154;Faro;House
7928;2-Bedroom;410 000,00 €;98;Faro;House
7929;1-Bedroom;410 000,00 €;79;Faro;House
7930;1-Bedroom;410 000,00 €;94;Faro;House
7931;1-Bedroom;410 000,00 €;79;Faro;House
7932;3-Bedroom;410 000,00 €;182;Faro;House
7933;2-Bedroom;410 000,00 €;98;Faro;House
7934;2-Bedroom;410 875,00 €;160;Faro;House
7935;Detached House;415 000,00 €;153;Faro;House
7936;3-Bedroom;415 000,00 €;218;Faro;House
7937;2-Bedroom;415 000,00 €;117;Faro;House
7938;3-Bedroom;416 576,00 €;137;Faro;House
7939;3-Bedroom;416 576,00 €;137;Faro;House
7940;3-Bedroom;419 000,00 €;148;Faro;House
7941;3-Bedroom;419 403,00 €;137;Faro;House
7942;4-Bedroom;420 000,00 €;329;Faro;House
7943;2-Bedroom;420 000,00 €;80;Faro;House
7944;3-Bedroom;420 000,00 €;154;Faro;House
7945;3-Bedroom;420 000,00 €;176;Faro;House
7946;1-Bedroom;420 000,00 €;79;Faro;House
7947;1-Bedroom;420 000,00 €;84;Faro;House
7948;1-Bedroom;420 000,00 €;77;Faro;House
7949;2-Bedroom;420 000,00 €;84;Faro;House
7950;3-Bedroom;420 000,00 €;176;Faro;House
7951;2+1-Bedroom;420 000,00 €;102;Faro;House
7952;3-Bedroom;420 000,00 €;151;Faro;House
7953;2-Bedroom;420 000,00 €;100;Faro;House
7954;3-Bedroom;420 000,00 €;124;Faro;House
7955;2-Bedroom;420 000,00 €;115;Faro;House
7956;2-Bedroom;425 000,00 €;130;Faro;House
7957;2-Bedroom;425 000,00 €;109;Faro;House
7958;2-Bedroom;425 000,00 €;109;Faro;House
7959;2-Bedroom;425 000,00 €;112;Faro;House
7960;2-Bedroom;425 000,00 €;153;Faro;House
7961;3-Bedroom;425 000,00 €;151;Faro;House
7962;2-Bedroom;425 000,00 €;202;Faro;House
7963;7-Bedroom;425 000,00 €;316;Faro;House
7964;2-Bedroom;430 000,00 €;130;Faro;House
7965;8-Bedroom;430 000,00 €;570;Faro;House
7966;2-Bedroom;430 000,00 €;79;Faro;House
7967;2-Bedroom;432 345,00 €;119;Faro;House
7968;2-Bedroom;432 345,00 €;152;Faro;House
7969;2-Bedroom;433 000,00 €;101;Faro;House
7970;2-Bedroom;435 000,00 €;89;Faro;House
7971;2-Bedroom;435 000,00 €;94;Faro;House
7972;2-Bedroom;435 000,00 €;94;Faro;House
7973;2-Bedroom;435 000,00 €;112;Faro;House
7974;3-Bedroom;435 000,00 €;135;Faro;House
7975;3-Bedroom;435 000,00 €;127;Faro;House
7976;2-Bedroom;435 000,00 €;107;Faro;House
7977;2-Bedroom;437 000,00 €;82;Faro;House
7978;2-Bedroom;439 000,00 €;91;Faro;House
7979;3-Bedroom;439 900,00 €;134;Faro;House
7980;3-Bedroom;440 000,00 €;200;Faro;House
7981;2-Bedroom;440 000,00 €;106;Faro;House
7982;3-Bedroom;440 000,00 €;128;Faro;House
7983;2-Bedroom;440 000,00 €;143;Faro;House
7984;2-Bedroom;440 000,00 €;131;Faro;House
7985;3-Bedroom;440 000,00 €;220;Faro;House
7986;2-Bedroom;441 000,00 €;136;Faro;House
7987;2-Bedroom;442 750,00 €;123;Faro;House
7988;2-Bedroom;444 000,00 €;90;Faro;House
7989;Detached House;445 000,00 €;80;Faro;House
7990;2-Bedroom;445 000,00 €;133;Faro;House
7991;2-Bedroom;445 000,00 €;135;Faro;House
7992;2-Bedroom;445 000,00 €;133;Faro;House
7993;2-Bedroom;447 440,00 €;119;Faro;House
7994;2-Bedroom;447 440,00 €;119;Faro;House
7995;2-Bedroom;449 000,00 €;149;Faro;House
7996;2-Bedroom;449 000,00 €;131;Faro;House
7997;2-Bedroom;449 500,00 €;99;Faro;House
7998;2-Bedroom;450 000,00 €;84;Faro;House
7999;2+1-Bedroom;450 000,00 €;150;Faro;House
8000;2-Bedroom;450 000,00 €;84;Faro;House
8001;2-Bedroom;450 000,00 €;130;Faro;House
8002;2-Bedroom;450 000,00 €;153;Faro;House
8003;3-Bedroom;450 000,00 €;168;Faro;House
8004;3-Bedroom;450 000,00 €;144;Faro;House
8005;2-Bedroom;450 000,00 €;105;Faro;House
8006;2-Bedroom;450 000,00 €;136;Faro;House
8007;3-Bedroom;450 000,00 €;156;Faro;House
8008;2-Bedroom;450 000,00 €;143;Faro;House
8009;2-Bedroom;450 000,00 €;100;Faro;House
8010;3-Bedroom;450 000,00 €;195;Faro;House
8011;3-Bedroom;450 000,00 €;165;Faro;House
8012;2-Bedroom;450 000,00 €;188;Faro;House
8013;4-Bedroom;450 000,00 €;138;Faro;House
8014;1-Bedroom;450 000,00 €;130;Faro;House
8015;2-Bedroom;451 000,00 €;90;Faro;House
8016;2-Bedroom;453 000,00 €;112;Faro;House
8017;2-Bedroom;455 000,00 €;153;Faro;House
8018;2-Bedroom;455 000,00 €;153;Faro;House
8019;2-Bedroom;455 000,00 €;142;Faro;House
8020;2-Bedroom;455 100,00 €;111;Faro;House
8021;2-Bedroom;457 000,00 €;113;Faro;House
8022;3-Bedroom;459 000,00 €;168;Faro;House
8023;2-Bedroom;459 000,00 €;121;Faro;House
8024;3-Bedroom;459 500,00 €;192;Faro;House
8025;3-Bedroom;459 500,00 €;192;Faro;House
8026;3-Bedroom;460 000,00 €;134;Faro;House
8027;4-Bedroom;460 000,00 €;120;Faro;House
8028;3-Bedroom;460 000,00 €;102;Faro;House
8029;2-Bedroom;460 000,00 €;153;Faro;House
8030;2-Bedroom;460 000,00 €;153;Faro;House
8031;2-Bedroom;460 000,00 €;131;Faro;House
8032;3-Bedroom;460 000,00 €;133;Faro;House
8033;2-Bedroom;460 000,00 €;133;Faro;House
8034;3-Bedroom;460 000,00 €;146;Faro;House
8035;2-Bedroom;460 000,00 €;146;Faro;House
8036;2-Bedroom;460 000,00 €;152;Faro;House
8037;2-Bedroom;465 000,00 €;157;Faro;House
8038;3-Bedroom;465 000,00 €;168;Faro;House
8039;3-Bedroom;465 000,00 €;163;Faro;House
8040;3-Bedroom;465 500,00 €;201;Faro;House
8041;3-Bedroom;467 000,00 €;162;Faro;House
8042;2+3-Bedroom;470 000,00 €;198;Faro;House
8043;Loft;470 000,00 €;223;Faro;House
8044;2-Bedroom;470 000,00 €;98;Faro;House
8045;1-Bedroom;470 000,00 €;70;Faro;House
8046;2-Bedroom;470 000,00 €;214;Faro;House
8047;1-Bedroom;470 000,00 €;70;Faro;House
8048;2-Bedroom;470 000,00 €;153;Faro;House
8049;2-Bedroom;470 000,00 €;153;Faro;House
8050;2-Bedroom;470 000,00 €;153;Faro;House
8051;3-Bedroom;470 000,00 €;97;Faro;House
8052;2-Bedroom;470 000,00 €;120;Faro;House
8053;2-Bedroom;470 000,00 €;120;Faro;House
8054;3-Bedroom;470 000,00 €;180;Faro;House
8055;2+3-Bedroom;470 000,00 €;198;Faro;House
8056;2-Bedroom;471 000,00 €;88;Faro;House
8057;2-Bedroom;471 200,00 €;112;Faro;House
8058;2-Bedroom;474 000,00 €;112;Faro;House
8059;3-Bedroom;474 525,00 €;191;Faro;House
8060;3-Bedroom;474 525,00 €;186;Faro;House
8061;3-Bedroom;474 525,00 €;191;Faro;House
8062;3-Bedroom;474 525,00 €;186;Faro;House
8063;3-Bedroom;474 525,00 €;188;Faro;House
8064;2-Bedroom;475 000,00 €;153;Faro;House
8065;2-Bedroom;475 000,00 €;153;Faro;House
8066;2-Bedroom;475 000,00 €;112;Faro;House
8067;2-Bedroom;475 000,00 €;111;Faro;House
8068;2-Bedroom;475 000,00 €;108;Faro;House
8069;4-Bedroom;475 000,00 €;172;Faro;House
8070;Apartment;475 000,00 €;92;Faro;House
8071;2-Bedroom;478 000,00 €;132;Faro;House
8072;3+2-Bedroom;479 000,00 €;165;Faro;House
8073;3-Bedroom;480 000,00 €;103;Faro;House
8074;1-Bedroom;480 000,00 €;108;Faro;House
8075;4-Bedroom;481 607,00 €;158;Faro;House
8076;1-Bedroom;484 000,00 €;82;Faro;House
8077;1-Bedroom;484 000,00 €;72;Faro;House
8078;2-Bedroom;485 000,00 €;99;Faro;House
8079;3-Bedroom;485 000,00 €;280;Faro;House
8080;3-Bedroom;485 000,00 €;153;Faro;House
8081;2-Bedroom;485 000,00 €;153;Faro;House
8082;Detached House;485 000,00 €;156;Faro;House
8083;3-Bedroom;485 000,00 €;148;Faro;House
8084;2-Bedroom;485 000,00 €;100;Faro;House
8085;2-Bedroom;485 000,00 €;99;Faro;House
8086;2-Bedroom;485 000,00 €;107;Faro;House
8087;3-Bedroom;489 000,00 €;110;Faro;House
8088;3-Bedroom;489 250,00 €;168;Faro;House
8089;3-Bedroom;490 000,00 €;209;Faro;House
8090;11-Bedroom;490 000,00 €;372;Faro;House
8091;3-Bedroom;490 000,00 €;209;Faro;House
8092;11-Bedroom;490 000,00 €;372;Faro;House
8093;3-Bedroom;490 000,00 €;200;Faro;House
8094;2-Bedroom;490 000,00 €;163;Faro;House
8095;3-Bedroom;490 000,00 €;144;Faro;House
8096;2-Bedroom;490 000,00 €;161;Faro;House
8097;4-Bedroom;490 000,00 €;96;Faro;House
8098;2-Bedroom;490 000,00 €;102;Faro;House
8099;3-Bedroom;490 000,00 €;200;Faro;House
8100;2-Bedroom;490 000,00 €;108;Faro;House
8101;2-Bedroom;490 000,00 €;102;Faro;House
8102;3-Bedroom;494 000,00 €;163;Faro;House
8103;3-Bedroom;494 000,00 €;176;Faro;House
8104;4-Bedroom;495 000,00 €;250;Faro;House
8105;2-Bedroom;495 000,00 €;197;Faro;House
8106;4+2-Bedroom;495 000,00 €;341;Faro;House
8107;4+2-Bedroom;495 000,00 €;341;Faro;House
8108;4-Bedroom;495 000,00 €;142;Faro;House
8109;4-Bedroom;495 000,00 €;194;Faro;House
8110;2-Bedroom;495 000,00 €;136;Faro;House
8111;2-Bedroom;495 000,00 €;124;Faro;House
8112;3-Bedroom;495 000,00 €;249;Faro;House
8113;3-Bedroom;495 000,00 €;207;Faro;House
8114;4-Bedroom;495 000,00 €;188;Faro;House
8115;2-Bedroom;495 000,00 €;119;Faro;House
8116;4-Bedroom;495 000,00 €;199;Faro;House
8117;3-Bedroom;495 000,00 €;207;Faro;House
8118;2-Bedroom;495 000,00 €;123;Faro;House
8119;4-Bedroom;495 000,00 €;180;Faro;House
8120;Apartment;495 000,00 €;102;Faro;House
8121;2-Bedroom;495 000,00 €;124;Faro;House
8122;3-Bedroom;495 000,00 €;207;Faro;House
8123;3-Bedroom;498 000,00 €;225;Faro;House
8124;4-Bedroom;498 000,00 €;160;Faro;House
8125;Apartment;499 000,00 €;135;Faro;House
8126;Apartment;499 000,00 €;135;Faro;House
8127;3-Bedroom;499 000,00 €;110;Faro;House
8128;1+2-Bedroom;499 000,00 €;101;Faro;House
8129;3-Bedroom;499 000,00 €;110;Faro;House
8130;3-Bedroom;500 000,00 €;212;Faro;House
8131;2-Bedroom;500 000,00 €;135;Faro;House
8132;2-Bedroom;500 000,00 €;80;Faro;House
8133;2-Bedroom;500 000,00 €;143;Faro;House
8134;1-Bedroom;500 000,00 €;72;Faro;House
8135;Detached House;500 000,00 €;200;Faro;House
8136;Farmhouse;500 000,00 €;200;Faro;House
8137;5-Bedroom;500 000,00 €;204;Faro;House
8138;2-Bedroom;500 000,00 €;143;Faro;House
8139;1-Bedroom;500 000,00 €;72;Faro;House
8140;1-Bedroom;500 000,00 €;72;Faro;House
8141;1-Bedroom;500 000,00 €;78;Faro;House
8142;3-Bedroom;500 000,00 €;181;Faro;House
8143;2-Bedroom;505 000,00 €;216;Faro;House
8144;2-Bedroom;505 000,00 €;127;Faro;House
8145;2-Bedroom;505 000,00 €;124;Faro;House
8146;2-Bedroom;505 000,00 €;125;Faro;House
8147;2-Bedroom;505 875,00 €;179;Faro;House
8148;3-Bedroom;510 000,00 €;97;Faro;House
8149;3-Bedroom;510 000,00 €;139;Faro;House
8150;3-Bedroom;510 000,00 €;157;Faro;House
8151;4-Bedroom;510 000,00 €;135;Faro;House
8152;3-Bedroom;515 000,00 €;167;Faro;House
8153;3-Bedroom;515 000,00 €;120;Faro;House
8154;1-Bedroom;519 200,00 €;88;Faro;House
8155;2-Bedroom;519 500,00 €;131;Faro;House
8156;3-Bedroom;520 000,00 €;167;Faro;House
8157;3-Bedroom;520 000,00 €;190;Faro;House
8158;Detached House;520 000,00 €;146;Faro;House
8159;3-Bedroom;520 000,00 €;207;Faro;House
8160;Detached House;520 000,00 €;146;Faro;House
8161;2-Bedroom;520 000,00 €;153;Faro;House
8162;3-Bedroom;520 000,00 €;246;Faro;House
8163;2-Bedroom;520 000,00 €;60;Faro;House
8164;2-Bedroom;525 000,00 €;75;Faro;House
8165;2-Bedroom;525 000,00 €;124;Faro;House
8166;Detached House;525 000,00 €;90;Faro;House
8167;4-Bedroom;530 000,00 €;211;Faro;House
8168;4-Bedroom;530 000,00 €;211;Faro;House
8169;1-Bedroom;530 000,00 €;137;Faro;House
8170;3+1-Bedroom;530 000,00 €;132;Faro;House
8171;2-Bedroom;530 000,00 €;147;Faro;House
8172;4-Bedroom;533 000,00 €;183;Faro;House
8173;2-Bedroom;535 000,00 €;143;Faro;House
8174;2-Bedroom;535 000,00 €;136;Faro;House
8175;1-Bedroom;535 000,00 €;84;Faro;House
8176;4-Bedroom;535 000,00 €;136;Faro;House
8177;4-Bedroom;535 000,00 €;195;Faro;House
8178;3-Bedroom;537 500,00 €;225;Faro;House
8179;1-Bedroom;540 000,00 €;77;Faro;House
8180;3-Bedroom;540 000,00 €;140;Faro;House
8181;3-Bedroom;540 000,00 €;140;Faro;House
8182;1-Bedroom;540 000,00 €;77;Faro;House
8183;1-Bedroom;540 000,00 €;67;Faro;House
8184;4-Bedroom;542 000,00 €;163;Faro;House
8185;2-Bedroom;543 000,00 €;131;Faro;House
8186;6-Bedroom;545 000,00 €;154;Faro;House
8187;3-Bedroom;545 000,00 €;143;Faro;House
8188;2-Bedroom;549 000,00 €;120;Faro;House
8189;5-Bedroom;549 500,00 €;280;Faro;House
8190;4-Bedroom;550 000,00 €;353;Faro;House
8191;4-Bedroom;550 000,00 €;212;Faro;House
8192;3-Bedroom;550 000,00 €;141;Faro;House
8193;3-Bedroom;550 000,00 €;141;Faro;House
8194;2-Bedroom;550 000,00 €;191;Faro;House
8195;2-Bedroom;550 000,00 €;140;Faro;House
8196;3-Bedroom;550 000,00 €;124;Faro;House
8197;3-Bedroom;550 000,00 €;234;Faro;House
8198;3-Bedroom;550 000,00 €;124;Faro;House
8199;2-Bedroom;550 000,00 €;142;Faro;House
8200;4-Bedroom;550 000,00 €;158;Faro;House
8201;1-Bedroom;550 000,00 €;112;Faro;House
8202;3-Bedroom;550 000,00 €;1.789;Faro;House
8203;2-Bedroom;550 000,00 €;142;Faro;House
8204;2-Bedroom;550 000,00 €;142;Faro;House
8205;3-Bedroom;550 000,00 €;157;Faro;House
8206;3-Bedroom;550 000,00 €;152;Faro;House
8207;3-Bedroom;550 000,00 €;120;Faro;House
8208;2-Bedroom;551 000,00 €;68;Faro;House
8209;3-Bedroom;555 000,00 €;177;Faro;House
8210;3-Bedroom;555 750,00 €;185;Faro;House
8211;5-Bedroom;558 000,00 €;318;Faro;House
8212;3-Bedroom;559 000,00 €;217;Faro;House
8213;3-Bedroom;559 000,00 €;186;Faro;House
8214;3-Bedroom;560 000,00 €;143;Faro;House
8215;3-Bedroom;560 000,00 €;130;Faro;House
8216;2-Bedroom;560 000,00 €;113;Faro;House
8217;5-Bedroom;560 000,00 €;217;Faro;House
8218;4-Bedroom;562 000,00 €;273;Faro;House
8219;3-Bedroom;564 000,00 €;176;Faro;House
8220;3-Bedroom;565 000,00 €;192;Faro;House
8221;2-Bedroom;565 000,00 €;116;Faro;House
8222;2-Bedroom;565 000,00 €;116;Faro;House
8223;1+1-Bedroom;565 000,00 €;182;Faro;House
8224;2-Bedroom;565 000,00 €;136;Faro;House
8225;2-Bedroom;565 000,00 €;136;Faro;House
8226;3-Bedroom;565 000,00 €;140;Faro;House
8227;1+2-Bedroom;565 000,00 €;193;Faro;House
8228;3-Bedroom;565 000,00 €;141;Faro;House
8229;5+1-Bedroom;565 000,00 €;297;Faro;House
8230;Detached House;570 000,00 €;313;Faro;House
8231;4-Bedroom;570 000,00 €;304;Faro;House
8232;2-Bedroom;570 000,00 €;107;Faro;House
8233;Apartment;570 000,00 €;161;Faro;House
8234;2-Bedroom;570 000,00 €;152;Faro;House
8235;2-Bedroom;570 000,00 €;146;Faro;House
8236;2-Bedroom;570 000,00 €;107;Faro;House
8237;4-Bedroom;570 000,00 €;240;Faro;House
8238;2-Bedroom;572 000,00 €;125;Faro;House
8239;3-Bedroom;572 000,00 €;168;Faro;House
8240;2-Bedroom;575 000,00 €;119;Faro;House
8241;2-Bedroom;575 000,00 €;119;Faro;House
8242;4-Bedroom;575 000,00 €;169;Faro;House
8243;2-Bedroom;575 000,00 €;144;Faro;House
8244;3-Bedroom;575 000,00 €;185;Faro;House
8245;2-Bedroom;575 000,00 €;143;Faro;House
8246;3-Bedroom;575 000,00 €;185;Faro;House
8247;10-Bedroom;575 000,00 €;488;Faro;House
8248;3-Bedroom;575 000,00 €;230;Faro;House
8249;3-Bedroom;575 000,00 €;115;Faro;House
8250;3-Bedroom;575 000,00 €;116;Faro;House
8251;2-Bedroom;575 000,00 €;154;Faro;House
8252;3-Bedroom;575 000,00 €;166;Faro;House
8253;2-Bedroom;577 500,00 €;105;Faro;House
8254;3-Bedroom;579 975,00 €;169;Faro;House
8255;2-Bedroom;579 975,00 €;188;Faro;House
8256;3-Bedroom;579 975,00 €;169;Faro;House
8257;3-Bedroom;580 000,00 €;184;Faro;House
8258;2-Bedroom;580 000,00 €;110;Faro;House
8259;2-Bedroom;580 000,00 €;110;Faro;House
8260;2-Bedroom;580 000,00 €;111;Faro;House
8261;2-Bedroom;580 000,00 €;110;Faro;House
8262;3-Bedroom;580 000,00 €;180;Faro;House
8263;3-Bedroom;580 000,00 €;196;Faro;House
8264;3-Bedroom;580 000,00 €;177;Faro;House
8265;3-Bedroom;580 000,00 €;118;Faro;House
8266;2-Bedroom;585 000,00 €;138;Faro;House
8267;2-Bedroom;589 000,00 €;241;Faro;House
8268;4-Bedroom;589 000,00 €;275;Faro;House
8269;2-Bedroom;590 000,00 €;111;Faro;House
8270;2-Bedroom;590 000,00 €;158;Faro;House
8271;2-Bedroom;590 000,00 €;110;Faro;House
8272;2-Bedroom;590 000,00 €;110;Faro;House
8273;3-Bedroom;590 000,00 €;176;Faro;House
8274;3-Bedroom;590 000,00 €;176;Faro;House
8275;3-Bedroom;590 000,00 €;176;Faro;House
8276;3-Bedroom;590 000,00 €;178;Faro;House
8277;4-Bedroom;590 000,00 €;299;Faro;House
8278;2+2-Bedroom;590 000,00 €;178;Faro;House
8279;3-Bedroom;590 000,00 €;177;Faro;House
8280;3-Bedroom;590 000,00 €;176;Faro;House
8281;2-Bedroom;590 520,00 €;207;Faro;House
8282;2-Bedroom;590 520,00 €;207;Faro;House
8283;2-Bedroom;590 520,00 €;219;Faro;House
8284;2-Bedroom;592 000,00 €;108;Faro;House
8285;3-Bedroom;592 000,00 €;174;Faro;House
8286;3+1-Bedroom;594 000,00 €;218;Faro;House
8287;2-Bedroom;595 000,00 €;108;Faro;House
8288;2-Bedroom;595 000,00 €;134;Faro;House
8289;3-Bedroom;595 000,00 €;220;Faro;House
8290;3-Bedroom;595 000,00 €;160;Faro;House
8291;2-Bedroom;595 000,00 €;162;Faro;House
8292;4-Bedroom;595 000,00 €;195;Faro;House
8293;3-Bedroom;597 000,00 €;166;Faro;House
8294;2-Bedroom;598 000,00 €;108;Faro;House
8295;3-Bedroom;598 000,00 €;235;Faro;House
8296;1+1-Bedroom;599 000,00 €;104;Faro;House
8297;3-Bedroom;599 000,00 €;111;Faro;House
8298;3-Bedroom;599 000,00 €;202;Faro;House
8299;4-Bedroom;599 000,00 €;260;Faro;House
8300;2-Bedroom;599 000,00 €;140;Faro;House
8301;Detached House;599 000,00 €;140;Faro;House
8302;3-Bedroom;599 500,00 €;201;Faro;House
8303;3-Bedroom;599 500,00 €;201;Faro;House
8304;2-Bedroom;600 000,00 €;117;Faro;House
8305;5-Bedroom;600 000,00 €;486;Faro;House
8306;2-Bedroom;600 000,00 €;110;Faro;House
8307;2-Bedroom;600 000,00 €;134;Faro;House
8308;2-Bedroom;600 000,00 €;111;Faro;House
8309;2-Bedroom;600 000,00 €;134;Faro;House
8310;2-Bedroom;600 000,00 €;106;Faro;House
8311;2-Bedroom;600 000,00 €;106;Faro;House
8312;2-Bedroom;600 000,00 €;106;Faro;House
8313;2-Bedroom;600 000,00 €;127;Faro;House
8314;3-Bedroom;600 000,00 €;116;Faro;House
8315;2-Bedroom;600 000,00 €;105;Faro;House
8316;2-Bedroom;600 000,00 €;117;Faro;House
8317;3-Bedroom;602 000,00 €;117;Faro;House
8318;3-Bedroom;602 000,00 €;117;Faro;House
8319;3-Bedroom;603 000,00 €;168;Faro;House
8320;1-Bedroom;605 000,00 €;75;Faro;House
8321;2-Bedroom;610 000,00 €;134;Faro;House
8322;2-Bedroom;610 000,00 €;110;Faro;House
8323;2-Bedroom;610 000,00 €;110;Faro;House
8324;2-Bedroom;610 000,00 €;111;Faro;House
8325;2-Bedroom;610 000,00 €;173;Faro;House
8326;3-Bedroom;610 000,00 €;193;Faro;House
8327;2-Bedroom;613 000,00 €;159;Faro;House
8328;3-Bedroom;615 000,00 €;140;Faro;House
8329;3-Bedroom;615 000,00 €;140;Faro;House
8330;3-Bedroom;615 000,00 €;168;Faro;House
8331;5-Bedroom;620 000,00 €;250;Faro;House
8332;2-Bedroom;620 000,00 €;134;Faro;House
8333;3-Bedroom;625 000,00 €;235;Faro;House
8334;2-Bedroom;625 000,00 €;123;Faro;House
8335;3-Bedroom;625 000,00 €;151;Faro;House
8336;2-Bedroom;625 000,00 €;105;Faro;House
8337;2-Bedroom;625 000,00 €;131;Faro;House
8338;3-Bedroom;630 000,00 €;256;Faro;House
8339;3-Bedroom;630 000,00 €;256;Faro;House
8340;Apartment;630 000,00 €;210;Faro;House
8341;3-Bedroom;630 000,00 €;217;Faro;House
8342;3-Bedroom;632 000,00 €;298;Faro;House
8343;2-Bedroom;633 000,00 €;175;Faro;House
8344;2-Bedroom;633 000,00 €;175;Faro;House
8345;2-Bedroom;635 000,00 €;323;Faro;House
8346;3-Bedroom;635 000,00 €;145;Faro;House
8347;2-Bedroom;635 000,00 €;400;Faro;House
8348;3-Bedroom;639 500,00 €;157;Faro;House
8349;3-Bedroom;640 000,00 €;194;Faro;House
8350;2-Bedroom;640 000,00 €;173;Faro;House
8351;3-Bedroom;640 000,00 €;136;Faro;House
8352;4+1-Bedroom;645 000,00 €;395;Faro;House
8353;5-Bedroom;645 000,00 €;282;Faro;House
8354;12-Bedroom;645 000,00 €;1.176;Faro;House
8355;3-Bedroom;649 000,00 €;183;Faro;House
8356;2-Bedroom;649 000,00 €;96;Faro;House
8357;2-Bedroom;650 000,00 €;147;Faro;House
8358;4-Bedroom;650 000,00 €;271;Faro;House
8359;2-Bedroom;650 000,00 €;147;Faro;House
8360;3-Bedroom;650 000,00 €;190;Faro;House
8361;4-Bedroom;650 000,00 €;271;Faro;House
8362;4+1-Bedroom;650 000,00 €;227;Faro;House
8363;3-Bedroom;650 000,00 €;176;Faro;House
8364;5-Bedroom;650 000,00 €;230;Faro;House
8365;3-Bedroom;650 000,00 €;160;Faro;House
8366;2-Bedroom;650 000,00 €;105;Faro;House
8367;2-Bedroom;650 000,00 €;101;Faro;House
8368;3-Bedroom;650 000,00 €;190;Faro;House
8369;3-Bedroom;650 000,00 €;189;Faro;House
8370;3-Bedroom;650 000,00 €;116;Faro;House
8371;2-Bedroom;650 000,00 €;133;Faro;House
8372;4-Bedroom;650 000,00 €;279;Faro;House
8373;2-Bedroom;650 000,00 €;81;Faro;House
8374;2-Bedroom;650 000,00 €;110;Faro;House
8375;2-Bedroom;650 000,00 €;70;Faro;House
8376;4-Bedroom;650 000,00 €;177;Faro;House
8377;3-Bedroom;654 000,00 €;215;Faro;House
8378;2-Bedroom;655 000,00 €;124;Faro;House
8379;2-Bedroom;655 000,00 €;124;Faro;House
8380;4-Bedroom;655 000,00 €;185;Faro;House
8381;2-Bedroom;655 000,00 €;140;Faro;House
8382;4-Bedroom;659 000,00 €;225;Faro;House
8383;3-Bedroom;660 000,00 €;230;Faro;House
8384;4-Bedroom;660 000,00 €;166;Faro;House
8385;4-Bedroom;660 000,00 €;310;Faro;House
8386;4-Bedroom;670 000,00 €;160;Faro;House
8387;2-Bedroom;670 000,00 €;199;Faro;House
8388;2-Bedroom;670 000,00 €;199;Faro;House
8389;4-Bedroom;670 000,00 €;204;Faro;House
8390;3-Bedroom;670 000,00 €;177;Faro;House
8391;4-Bedroom;670 000,00 €;161;Faro;House
8392;4-Bedroom;675 000,00 €;254;Faro;House
8393;5-Bedroom;675 000,00 €;312;Faro;House
8394;5-Bedroom;675 000,00 €;312;Faro;House
8395;5-Bedroom;675 000,00 €;341;Faro;House
8396;3-Bedroom;675 000,00 €;176;Faro;House
8397;2-Bedroom;675 000,00 €;120;Faro;House
8398;4-Bedroom;675 000,00 €;254;Faro;House
8399;2-Bedroom;677 000,00 €;277;Faro;House
8400;2-Bedroom;677 000,00 €;126;Faro;House
8401;2-Bedroom;677 000,00 €;126;Faro;House
8402;2-Bedroom;677 000,00 €;277;Faro;House
8403;2-Bedroom;679 000,00 €;127;Faro;House
8404;3-Bedroom;680 000,00 €;190;Faro;House
8405;1-Bedroom;680 000,00 €;112;Faro;House
8406;3-Bedroom;680 000,00 €;224;Faro;House
8407;3-Bedroom;680 000,00 €;150;Faro;House
8408;3-Bedroom;680 000,00 €;150;Faro;House
8409;3-Bedroom;680 000,00 €;284;Faro;House
8410;3-Bedroom;680 000,00 €;150;Faro;House
8411;Detached House;680 000,00 €;145;Faro;House
8412;3-Bedroom;680 000,00 €;270;Faro;House
8413;2-Bedroom;680 000,00 €;144;Faro;House
8414;Detached House;684 000,00 €;220;Faro;House
8415;3-Bedroom;689 000,00 €;367;Faro;House
8416;2-Bedroom;690 000,00 €;144;Faro;House
8417;3-Bedroom;690 000,00 €;176;Faro;House
8418;1-Bedroom;690 000,00 €;135;Faro;House
8419;2-Bedroom;690 000,00 €;291;Faro;House
8420;2-Bedroom;690 000,00 €;214;Faro;House
8421;4-Bedroom;690 000,00 €;302;Faro;House
8422;5-Bedroom;690 000,00 €;236;Faro;House
8423;4-Bedroom;690 000,00 €;302;Faro;House
8424;2-Bedroom;690 000,00 €;144;Faro;House
8425;5-Bedroom;690 000,00 €;146;Faro;House
8426;2-Bedroom;690 000,00 €;104;Faro;House
8427;3-Bedroom;690 000,00 €;264;Faro;House
8428;4-Bedroom;695 000,00 €;259;Faro;House
8429;4-Bedroom;695 000,00 €;200;Faro;House
8430;2-Bedroom;695 000,00 €;171;Faro;House
8431;4-Bedroom;695 000,00 €;200;Faro;House
8432;3-Bedroom;695 000,00 €;224;Faro;House
8433;3-Bedroom;695 000,00 €;92;Faro;House
8434;3-Bedroom;695 000,00 €;92;Faro;House
8435;4-Bedroom;695 000,00 €;199;Faro;House
8436;3-Bedroom;695 000,00 €;128;Faro;House
8437;2-Bedroom;697 000,00 €;103;Faro;House
8438;3-Bedroom;699 000,00 €;173;Faro;House
8439;3-Bedroom;699 000,00 €;255;Faro;House
8440;3-Bedroom;699 000,00 €;173;Faro;House
8441;4-Bedroom;699 990,00 €;379;Faro;House
8442;3-Bedroom;699 999,00 €;163;Faro;House
8443;3-Bedroom;699 999,00 €;163;Faro;House
8444;3-Bedroom;700 000,00 €;139;Faro;House
8445;4-Bedroom;700 000,00 €;176;Faro;House
8446;3-Bedroom;700 000,00 €;150;Faro;House
8447;4-Bedroom;700 000,00 €;304;Faro;House
8448;2-Bedroom;705 000,00 €;105;Faro;House
8449;2-Bedroom;710 000,00 €;214;Faro;House
8450;3-Bedroom;710 000,00 €;210;Faro;House
8451;3-Bedroom;710 000,00 €;210;Faro;House
8452;2-Bedroom;710 000,00 €;214;Faro;House
8453;3-Bedroom;716 000,00 €;231;Faro;House
8454;3-Bedroom;716 000,00 €;231;Faro;House
8455;2-Bedroom;720 000,00 €;186;Faro;House
8456;2-Bedroom;725 000,00 €;150;Faro;House
8457;2-Bedroom;725 000,00 €;182;Faro;House
8458;3-Bedroom;725 000,00 €;301;Faro;House
8459;3-Bedroom;727 605,00 €;275;Faro;House
8460;4-Bedroom;730 000,00 €;252;Faro;House
8461;2-Bedroom;735 000,00 €;128;Faro;House
8462;3-Bedroom;735 000,00 €;224;Faro;House
8463;4-Bedroom;735 000,00 €;224;Faro;House
8464;4-Bedroom;735 000,00 €;224;Faro;House
8465;4-Bedroom;735 000,00 €;224;Faro;House
8466;4-Bedroom;735 000,00 €;224;Faro;House
8467;Detached House;735 000,00 €;244;Faro;House
8468;4-Bedroom;735 000,00 €;244;Faro;House
8469;4-Bedroom;735 000,00 €;264;Faro;House
8470;2-Bedroom;735 000,00 €;128;Faro;House
8471;3-Bedroom;736 250,00 €;268;Faro;House
8472;Detached House;738 750,00 €;219;Faro;House
8473;4-Bedroom;739 000,00 €;279;Faro;House
8474;Detached House;739 230,00 €;218;Faro;House
8475;3-Bedroom;745 000,00 €;186;Faro;House
8476;3-Bedroom;745 000,00 €;193;Faro;House
8477;3-Bedroom;745 000,00 €;186;Faro;House
8478;3-Bedroom;745 000,00 €;193;Faro;House
8479;3-Bedroom;745 000,00 €;217;Faro;House
8480;3-Bedroom;748 000,00 €;193;Faro;House
8481;3-Bedroom;748 000,00 €;193;Faro;House
8482;2-Bedroom;749 000,00 €;108;Faro;House
8483;3-Bedroom;750 000,00 €;147;Faro;House
8484;4-Bedroom;750 000,00 €;221;Faro;House
8485;3-Bedroom;750 000,00 €;52;Faro;House
8486;3-Bedroom;750 000,00 €;210;Faro;House
8487;3-Bedroom;750 000,00 €;193;Faro;House
8488;3-Bedroom;750 000,00 €;210;Faro;House
8489;Detached House;750 000,00 €;266;Faro;House
8490;3-Bedroom;750 000,00 €;183;Faro;House
8491;2-Bedroom;750 000,00 €;80;Faro;House
8492;4-Bedroom;750 000,00 €;2.825;Faro;House
8493;3-Bedroom;750 000,00 €;220;Faro;House
8494;3-Bedroom;750 000,00 €;162;Faro;House
8495;6-Bedroom;750 000,00 €;312;Faro;House
8496;4-Bedroom;750 000,00 €;172;Faro;House
8497;2-Bedroom;750 000,00 €;90;Faro;House
8498;3-Bedroom;756 000,00 €;229;Faro;House
8499;3-Bedroom;759 000,00 €;222;Faro;House
8500;3-Bedroom;759 525,00 €;283;Faro;House
8501;3-Bedroom;765 000,00 €;290;Faro;House
8502;3-Bedroom;770 000,00 €;304;Faro;House
8503;3-Bedroom;770 000,00 €;308;Faro;House
8504;4-Bedroom;775 000,00 €;199;Faro;House
8505;3-Bedroom;775 000,00 €;312;Faro;House
8506;4-Bedroom;775 000,00 €;199;Faro;House
8507;3-Bedroom;780 000,00 €;152;Faro;House
8508;3-Bedroom;780 000,00 €;138;Faro;House
8509;3-Bedroom;780 000,00 €;210;Faro;House
8510;3-Bedroom;780 000,00 €;138;Faro;House
8511;3-Bedroom;780 000,00 €;210;Faro;House
8512;3-Bedroom;780 000,00 €;181;Faro;House
8513;5-Bedroom;780 000,00 €;344;Faro;House
8514;3-Bedroom;780 000,00 €;237;Faro;House
8515;3-Bedroom;780 000,00 €;210;Faro;House
8516;3-Bedroom;780 000,00 €;182;Faro;House
8517;6-Bedroom;785 000,00 €;377;Faro;House
8518;3-Bedroom;788 000,00 €;283;Faro;House
8519;2-Bedroom;790 000,00 €;182;Faro;House
8520;4-Bedroom;790 000,00 €;277;Faro;House
8521;2-Bedroom;790 000,00 €;112;Faro;House
8522;2-Bedroom;790 000,00 €;112;Faro;House
8523;4-Bedroom;790 000,00 €;176;Faro;House
8524;4-Bedroom;790 000,00 €;175;Faro;House
8525;4-Bedroom;790 000,00 €;126;Faro;House
8526;Detached House;791 680,00 €;239;Faro;House
8527;5-Bedroom;795 000,00 €;230;Faro;House
8528;2-Bedroom;795 000,00 €;177;Faro;House
8529;3-Bedroom;795 000,00 €;219;Faro;House
8530;4-Bedroom;795 000,00 €;320;Faro;House
8531;4-Bedroom;795 000,00 €;316;Faro;House
8532;4-Bedroom;795 000,00 €;180;Faro;House
8533;5-Bedroom;795 000,00 €;210;Faro;House
8534;5-Bedroom;795 000,00 €;230;Faro;House
8535;2-Bedroom;795 000,00 €;177;Faro;House
8536;3-Bedroom;795 000,00 €;219;Faro;House
8537;2-Bedroom;796 125,00 €;50;Faro;House
8538;2-Bedroom;796 125,00 €;50;Faro;House
8539;4-Bedroom;799 000,00 €;282;Faro;House
8540;4-Bedroom;799 000,00 €;390;Faro;House
8541;2+1-Bedroom;799 000,00 €;181;Faro;House
8542;6-Bedroom;800 000,00 €;202;Faro;House
8543;5-Bedroom;800 000,00 €;235;Faro;House
8544;5-Bedroom;800 000,00 €;235;Faro;House
8545;6-Bedroom;800 000,00 €;202;Faro;House
8546;5-Bedroom;800 000,00 €;280;Faro;House
8547;Detached House;800 000,00 €;214;Faro;House
8548;2-Bedroom;810 000,00 €;191;Faro;House
8549;3-Bedroom;815 000,00 €;170;Faro;House
8550;2-Bedroom;818 400,00 €;129;Faro;House
8551;4-Bedroom;819 000,00 €;371;Faro;House
8552;Detached House;820 000,00 €;480;Faro;House
8553;3-Bedroom;820 000,00 €;210;Faro;House
8554;Detached House;825 000,00 €;97;Faro;House
8555;2-Bedroom;829 500,00 €;150;Faro;House
8556;Detached House;829 800,00 €;236;Faro;House
8557;3-Bedroom;830 000,00 €;157;Faro;House
8558;5-Bedroom;840 000,00 €;504;Faro;House
8559;3-Bedroom;840 000,00 €;214;Faro;House
8560;6-Bedroom;840 000,00 €;504;Faro;House
8561;3-Bedroom;840 000,00 €;196;Faro;House
8562;3-Bedroom;840 000,00 €;91;Faro;House
8563;5-Bedroom;840 000,00 €;504;Faro;House
8564;3-Bedroom;845 000,00 €;191;Faro;House
8565;4-Bedroom;849 000,00 €;242;Faro;House
8566;4-Bedroom;849 500,00 €;640;Faro;House
8567;4-Bedroom;850 000,00 €;224;Faro;House
8568;4-Bedroom;850 000,00 €;300;Faro;House
8569;3-Bedroom;850 000,00 €;140;Faro;House
8570;4-Bedroom;850 000,00 €;207;Faro;House
8571;4-Bedroom;850 000,00 €;207;Faro;House
8572;3-Bedroom;850 000,00 €;187;Faro;House
8573;5-Bedroom;850 000,00 €;285;Faro;House
8574;2-Bedroom;850 000,00 €;82;Faro;House
8575;2-Bedroom;850 000,00 €;140;Faro;House
8576;3-Bedroom;850 000,00 €;250;Faro;House
8577;2-Bedroom;850 000,00 €;82;Faro;House
8578;Farmhouse;850 000,00 €;280;Faro;House
8579;3-Bedroom;850 000,00 €;200;Faro;House
8580;4-Bedroom;850 000,00 €;176;Faro;House
8581;3-Bedroom;850 000,00 €;193;Faro;House
8582;4-Bedroom;850 000,00 €;175;Faro;House
8583;4-Bedroom;850 000,00 €;262;Faro;House
8584;5-Bedroom;850 000,00 €;2.080;Faro;House
8585;3-Bedroom;860 000,00 €;229;Faro;House
8586;3-Bedroom;870 000,00 €;379;Faro;House
8587;3-Bedroom;870 000,00 €;379;Faro;House
8588;4-Bedroom;874 000,00 €;247;Faro;House
8589;5-Bedroom;875 000,00 €;264;Faro;House
8590;4-Bedroom;875 000,00 €;238;Faro;House
8591;7-Bedroom;875 000,00 €;280;Faro;House
8592;2-Bedroom;875 000,00 €;116;Faro;House
8593;2-Bedroom;885 000,00 €;161;Faro;House
8594;4-Bedroom;885 000,00 €;145;Faro;House
8595;4-Bedroom;890 000,00 €;160;Faro;House
8596;3-Bedroom;890 000,00 €;288;Faro;House
8597;3-Bedroom;890 000,00 €;303;Faro;House
8598;2-Bedroom;890 000,00 €;134;Faro;House
8599;3+1-Bedroom;890 000,00 €;288;Faro;House
8600;5-Bedroom;890 000,00 €;244;Faro;House
8601;Detached House;890 000,00 €;180;Faro;House
8602;6-Bedroom;890 000,00 €;149;Faro;House
8603;2-Bedroom;890 000,00 €;111;Faro;House
8604;4-Bedroom;890 000,00 €;212;Faro;House
8605;3-Bedroom;891 000,00 €;313;Faro;House
8606;6-Bedroom;895 000,00 €;350;Faro;House
8607;4-Bedroom;895 000,00 €;345;Faro;House
8608;4-Bedroom;895 000,00 €;275;Faro;House
8609;4-Bedroom;895 000,00 €;345;Faro;House
8610;4-Bedroom;895 000,00 €;366;Faro;House
8611;3-Bedroom;895 000,00 €;216;Faro;House
8612;5-Bedroom;895 000,00 €;372;Faro;House
8613;3-Bedroom;899 000,00 €;170;Faro;House
8614;4-Bedroom;899 000,00 €;302;Faro;House
8615;5-Bedroom;900 000,00 €;240;Faro;House
8616;6-Bedroom;920 000,00 €;265;Faro;House
8617;2-Bedroom;920 700,00 €;114;Faro;House
8618;3-Bedroom;925 000,00 €;247;Faro;House
8619;3-Bedroom;925 000,00 €;247;Faro;House
8620;2-Bedroom;925 000,00 €;122;Faro;House
8621;3+1-Bedroom;925 000,00 €;247;Faro;House
8622;3-Bedroom;925 000,00 €;270;Faro;House
8623;2-Bedroom;925 000,00 €;130;Faro;House
8624;3-Bedroom;930 000,00 €;204;Faro;House
8625;5-Bedroom;930 000,00 €;322;Faro;House
8626;3-Bedroom;930 000,00 €;247;Faro;House
8627;3-Bedroom;930 000,00 €;204;Faro;House
8628;3-Bedroom;945 000,00 €;434;Faro;House
8629;4-Bedroom;948 000,00 €;157;Faro;House
8630;2-Bedroom;950 000,00 €;168;Faro;House
8631;3-Bedroom;950 000,00 €;190;Faro;House
8632;3-Bedroom;950 000,00 €;190;Faro;House
8633;2-Bedroom;950 000,00 €;168;Faro;House
8634;2-Bedroom;950 000,00 €;123;Faro;House
8635;3-Bedroom;950 000,00 €;189;Faro;House
8636;5-Bedroom;950 000,00 €;207;Faro;House
8637;3-Bedroom;950 000,00 €;190;Faro;House
8638;3-Bedroom;950 000,00 €;248;Faro;House
8639;3-Bedroom;950 000,00 €;248;Faro;House
8640;2-Bedroom;950 000,00 €;117;Faro;House
8641;Detached House;954 000,00 €;159;Faro;House
8642;3-Bedroom;965 000,00 €;790;Faro;House
8643;Detached House;980 000,00 €;286;Faro;House
8644;4-Bedroom;985 000,00 €;280;Faro;House
8645;4-Bedroom;985 000,00 €;204;Faro;House
8646;4-Bedroom;990 000,00 €;360;Faro;House
8647;3+1-Bedroom;990 000,00 €;317;Faro;House
8648;5-Bedroom;990 000,00 €;506;Faro;House
8649;3-Bedroom;995 000,00 €;154;Faro;House
8650;3-Bedroom;995 000,00 €;210;Faro;House
8651;4-Bedroom;995 000,00 €;296;Faro;House
8652;4-Bedroom;995 000,00 €;293;Faro;House
8653;Detached House;995 000,00 €;238;Faro;House
8654;5-Bedroom;997 500,00 €;225;Faro;House
8655;3-Bedroom;999 500,00 €;155;Faro;House
8656;3-Bedroom;1 000 000,00 €;89;Faro;House
8657;2-Bedroom;1 000 000,00 €;155;Faro;House
8658;3-Bedroom;1 000 000,00 €;138;Faro;House
8659;3-Bedroom;1 000 000,00 €;155;Faro;House
8660;Detached House;1 000 000,00 €;284;Faro;House
8661;3-Bedroom;1 000 000,00 €;156;Faro;House
8662;7-Bedroom;1 000 000,00 €;258;Faro;House
8663;3-Bedroom;1 000 000,00 €;191;Faro;House
8664;2-Bedroom;1 020 000,00 €;281;Faro;House
8665;3+1-Bedroom;1 050 000,00 €;261;Faro;House
8666;4-Bedroom;1 050 000,00 €;420;Faro;House
8667;3-Bedroom;1 050 000,00 €;340;Faro;House
8668;3-Bedroom;1 050 000,00 €;330;Faro;House
8669;3-Bedroom;1 050 000,00 €;340;Faro;House
8670;4-Bedroom;1 050 000,00 €;420;Faro;House
8671;3+1-Bedroom;1 050 000,00 €;261;Faro;House
8672;3-Bedroom;1 075 000,00 €;431;Faro;House
8673;3-Bedroom;1 080 000,00 €;168;Faro;House
8674;3-Bedroom;1 080 000,00 €;136;Faro;House
8675;4-Bedroom;1 090 000,00 €;451;Faro;House
8676;12-Bedroom;1 100 000,00 €;364;Faro;House
8677;5-Bedroom;1 100 000,00 €;207;Faro;House
8678;3-Bedroom;1 100 000,00 €;82;Faro;House
8679;3-Bedroom;1 100 000,00 €;450;Faro;House
8680;3-Bedroom;1 100 000,00 €;195;Faro;House
8681;Detached House;1 100 000,00 €;269;Faro;House
8682;4-Bedroom;1 100 000,00 €;340;Faro;House
8683;3-Bedroom;1 100 000,00 €;168;Faro;House
8684;3-Bedroom;1 100 000,00 €;359;Faro;House
8685;3-Bedroom;1 104 450,00 €;358;Faro;House
8686;3-Bedroom;1 125 000,00 €;166;Faro;House
8687;3-Bedroom;1 125 000,00 €;166;Faro;House
8688;4-Bedroom;1 150 000,00 €;280;Faro;House
8689;4-Bedroom;1 150 000,00 €;273;Faro;House
8690;4-Bedroom;1 150 000,00 €;273;Faro;House
8691;4+2-Bedroom;1 150 000,00 €;412;Faro;House
8692;4+1-Bedroom;1 150 000,00 €;230;Faro;House
8693;3-Bedroom;1 150 000,00 €;802;Faro;House
8694;2-Bedroom;1 154 100,00 €;168;Faro;House
8695;4-Bedroom;1 160 000,00 €;420;Faro;House
8696;3-Bedroom;1 165 000,00 €;146;Faro;House
8697;4-Bedroom;1 170 000,00 €;321;Faro;House
8698;4-Bedroom;1 170 000,00 €;233;Faro;House
8699;3-Bedroom;1 175 000,00 €;322;Faro;House
8700;Detached House;1 175 000,00 €;209;Faro;House
8701;5-Bedroom;1 180 000,00 €;235;Faro;House
8702;4-Bedroom;1 195 000,00 €;164;Faro;House
8703;3-Bedroom;1 195 000,00 €;164;Faro;House
8704;5-Bedroom;1 195 000,00 €;299;Faro;House
8705;5-Bedroom;1 195 000,00 €;299;Faro;House
8706;5-Bedroom;1 195 000,00 €;521;Faro;House
8707;4-Bedroom;1 199 000,00 €;230;Faro;House
8708;3-Bedroom;1 200 000,00 €;161;Faro;House
8709;4-Bedroom;1 200 000,00 €;209;Faro;House
8710;4-Bedroom;1 200 000,00 €;354;Faro;House
8711;3-Bedroom;1 200 000,00 €;237;Faro;House
8712;2-Bedroom;1 200 000,00 €;147;Faro;House
8713;4-Bedroom;1 200 000,00 €;253;Faro;House
8714;3-Bedroom;1 200 000,00 €;308;Faro;House
8715;2-Bedroom;1 200 000,00 €;200;Faro;House
8716;Detached House;1 200 000,00 €;282;Faro;House
8717;2-Bedroom;1 200 000,00 €;183;Faro;House
8718;5-Bedroom;1 200 000,00 €;288;Faro;House
8719;Detached House;1 200 000,00 €;178;Faro;House
8720;3-Bedroom;1 200 000,00 €;132;Faro;House
8721;2-Bedroom;1 220 000,00 €;312;Faro;House
8722;3-Bedroom;1 227 600,00 €;225;Faro;House
8723;3-Bedroom;1 245 000,00 €;200;Faro;House
8724;3-Bedroom;1 250 000,00 €;183;Faro;House
8725;4-Bedroom;1 250 000,00 €;429;Faro;House
8726;3-Bedroom;1 250 000,00 €;230;Faro;House
8727;4-Bedroom;1 250 000,00 €;522;Faro;House
8728;3-Bedroom;1 250 000,00 €;300;Faro;House
8729;3-Bedroom;1 250 000,00 €;230;Faro;House
8730;3-Bedroom;1 250 000,00 €;594;Faro;House
8731;3-Bedroom;1 250 000,00 €;230;Faro;House
8732;4-Bedroom;1 270 000,00 €;223;Faro;House
8733;4-Bedroom;1 275 000,00 €;499;Faro;House
8734;Detached House;1 275 000,00 €;325;Faro;House
8735;4-Bedroom;1 275 000,00 €;320;Faro;House
8736;4-Bedroom;1 290 000,00 €;359;Faro;House
8737;2-Bedroom;1 290 000,00 €;198;Faro;House
8738;5-Bedroom;1 299 000,00 €;216;Faro;House
8739;4-Bedroom;1 300 000,00 €;242;Faro;House
8740;Detached House;1 300 000,00 €;290;Faro;House
8741;9-Bedroom;1 300 000,00 €;159;Faro;House
8742;3-Bedroom;1 300 000,00 €;310;Faro;House
8743;5-Bedroom;1 300 000,00 €;5.800;Faro;House
8744;4-Bedroom;1 300 000,00 €;365;Faro;House
8745;3-Bedroom;1 300 000,00 €;300;Faro;House
8746;3-Bedroom;1 300 000,00 €;148;Faro;House
8747;4-Bedroom;1 300 000,00 €;242;Faro;House
8748;4-Bedroom;1 345 995,00 €;259;Faro;House
8749;3-Bedroom;1 350 000,00 €;255;Faro;House
8750;4-Bedroom;1 350 000,00 €;535;Faro;House
8751;5-Bedroom;1 350 000,00 €;494;Faro;House
8752;6-Bedroom;1 350 000,00 €;374;Faro;House
8753;3-Bedroom;1 350 000,00 €;300;Faro;House
8754;2-Bedroom;1 350 000,00 €;131;Faro;House
8755;3-Bedroom;1 350 000,00 €;204;Faro;House
8756;5-Bedroom;1 350 000,00 €;270;Faro;House
8757;5-Bedroom;1 365 000,00 €;590;Faro;House
8758;5-Bedroom;1 365 000,00 €;590;Faro;House
8759;4-Bedroom;1 380 000,00 €;241;Faro;House
8760;4-Bedroom;1 380 000,00 €;241;Faro;House
8761;3-Bedroom;1 385 000,00 €;180;Faro;House
8762;4-Bedroom;1 390 000,00 €;395;Faro;House
8763;3-Bedroom;1 390 000,00 €;129;Faro;House
8764;4-Bedroom;1 390 000,00 €;430;Faro;House
8765;6-Bedroom;1 390 000,00 €;208;Faro;House
8766;2-Bedroom;1 390 000,00 €;197;Faro;House
8767;3-Bedroom;1 395 000,00 €;191;Faro;House
8768;6-Bedroom;1 395 000,00 €;295;Faro;House
8769;3-Bedroom;1 395 000,00 €;338;Faro;House
8770;5-Bedroom;1 399 000,00 €;264;Faro;House
8771;5-Bedroom;1 400 000,00 €;243;Faro;House
8772;4-Bedroom;1 450 000,00 €;130;Faro;House
8773;3-Bedroom;1 450 000,00 €;216;Faro;House
8774;3-Bedroom;1 450 000,00 €;232;Faro;House
8775;5-Bedroom;1 450 000,00 €;332;Faro;House
8776;3-Bedroom;1 450 000,00 €;245;Faro;House
8777;Detached House;1 450 000,00 €;363;Faro;House
8778;3-Bedroom;1 450 000,00 €;185;Faro;House
8779;4-Bedroom;1 460 000,00 €;314;Faro;House
8780;5-Bedroom;1 480 000,00 €;412;Faro;House
8781;4-Bedroom;1 480 000,00 €;295;Faro;House
8782;3-Bedroom;1 490 000,00 €;295;Faro;House
8783;Detached House;1 490 000,00 €;425;Faro;House
8784;4-Bedroom;1 495 000,00 €;273;Faro;House
8785;4-Bedroom;1 495 000,00 €;273;Faro;House
8786;3-Bedroom;1 495 000,00 €;300;Faro;House
8787;3-Bedroom;1 499 000,00 €;176;Faro;House
8788;7-Bedroom;1 500 000,00 €;530;Faro;House
8789;Detached House;1 500 000,00 €;258;Faro;House
8790;2-Bedroom;1 500 000,00 €;64;Faro;House
8791;2-Bedroom;1 500 000,00 €;64;Faro;House
8792;Detached House;1 500 000,00 €;258;Faro;House
8793;6-Bedroom;1 500 000,00 €;369;Faro;House
8794;3-Bedroom;1 500 000,00 €;300;Faro;House
8795;6-Bedroom;1 500 000,00 €;386;Faro;House
8796;4-Bedroom;1 500 000,00 €;262;Faro;House
8797;7-Bedroom;1 500 000,00 €;530;Faro;House
8798;6-Bedroom;1 500 000,00 €;298;Faro;House
8799;4-Bedroom;1 500 000,00 €;315;Faro;House
8800;4-Bedroom;1 500 000,00 €;379;Faro;House
8801;2-Bedroom;1 550 000,00 €;102;Faro;House
8802;4-Bedroom;1 550 000,00 €;281;Faro;House
8803;4-Bedroom;1 560 000,00 €;246;Faro;House
8804;4-Bedroom;1 560 000,00 €;303;Faro;House
8805;6-Bedroom;1 595 000,00 €;698;Faro;House
8806;3-Bedroom;1 595 000,00 €;180;Faro;House
8807;6-Bedroom;1 595 000,00 €;698;Faro;House
8808;4-Bedroom;1 595 000,00 €;180;Faro;House
8809;5-Bedroom;1 600 000,00 €;300;Faro;House
8810;5-Bedroom;1 600 000,00 €;300;Faro;House
8811;5-Bedroom;1 600 000,00 €;400;Faro;House
8812;3-Bedroom;1 600 000,00 €;300;Faro;House
8813;6-Bedroom;1 600 000,00 €;704;Faro;House
8814;4-Bedroom;1 625 000,00 €;310;Faro;House
8815;4-Bedroom;1 665 000,00 €;209;Faro;House
8816;3+1-Bedroom;1 699 000,00 €;170;Faro;House
8817;4-Bedroom;1 700 000,00 €;207;Faro;House
8818;3-Bedroom;1 700 000,00 €;216;Faro;House
8819;3-Bedroom;1 700 000,00 €;145;Faro;House
8820;4-Bedroom;1 700 000,00 €;207;Faro;House
8821;5-Bedroom;1 750 000,00 €;312;Faro;House
8822;3-Bedroom;1 750 000,00 €;187;Faro;House
8823;4-Bedroom;1 750 000,00 €;227;Faro;House
8824;3-Bedroom;1 750 000,00 €;187;Faro;House
8825;5-Bedroom;1 750 000,00 €;385;Faro;House
8826;4+1-Bedroom;1 750 000,00 €;626;Faro;House
8827;4-Bedroom;1 750 000,00 €;209;Faro;House
8828;5-Bedroom;1 750 000,00 €;312;Faro;House
8829;7-Bedroom;1 780 000,00 €;605;Faro;House
8830;7-Bedroom;1 780 000,00 €;605;Faro;House
8831;7-Bedroom;1 780 000,00 €;605;Faro;House
8832;6-Bedroom;1 790 000,00 €;328;Faro;House
8833;2-Bedroom;1 790 000,00 €;217;Faro;House
8834;4-Bedroom;1 795 000,00 €;495;Faro;House
8835;4-Bedroom;1 795 000,00 €;495;Faro;House
8836;Detached House;1 800 000,00 €;605;Faro;House
8837;10-Bedroom;1 800 000,00 €;652;Faro;House
8838;3-Bedroom;1 800 000,00 €;472;Faro;House
8839;4-Bedroom;1 800 000,00 €;180;Faro;House
8840;5-Bedroom;1 850 000,00 €;424;Faro;House
8841;6-Bedroom;1 850 000,00 €;333;Faro;House
8842;5-Bedroom;1 890 000,00 €;409;Faro;House
8843;4-Bedroom;1 890 000,00 €;354;Faro;House
8844;3-Bedroom;1 895 000,00 €;223;Faro;House
8845;5-Bedroom;1 895 000,00 €;321;Faro;House
8846;3-Bedroom;1 900 000,00 €;355;Faro;House
8847;3-Bedroom;1 929 000,00 €;440;Faro;House
8848;2-Bedroom;1 950 000,00 €;365;Faro;House
8849;3-Bedroom;1 950 000,00 €;154;Faro;House
8850;11-Bedroom;1 950 000,00 €;859;Faro;House
8851;4-Bedroom;1 950 000,00 €;408;Faro;House
8852;5-Bedroom;1 990 000,00 €;354;Faro;House
8853;5-Bedroom;1 995 000,00 €;333;Faro;House
8854;3-Bedroom;1 995 000,00 €;274;Faro;House
8855;7-Bedroom;1 999 000,00 €;583;Faro;House
8856;8-Bedroom;2 000 000,00 €;422;Faro;House
8857;3-Bedroom;2 100 000,00 €;371;Faro;House
8858;3-Bedroom;2 100 000,00 €;179;Faro;House
8859;3-Bedroom;2 100 000,00 €;179;Faro;House
8860;4-Bedroom;2 100 000,00 €;387;Faro;House
8861;4-Bedroom;2 170 000,00 €;180;Faro;House
8862;4-Bedroom;2 175 000,00 €;325;Faro;House
8863;3-Bedroom;2 200 000,00 €;371;Faro;House
8864;3-Bedroom;2 200 000,00 €;339;Faro;House
8865;6-Bedroom;2 200 000,00 €;684;Faro;House
8866;4-Bedroom;2 200 000,00 €;472;Faro;House
8867;4-Bedroom;2 250 000,00 €;300;Faro;House
8868;4-Bedroom;2 250 000,00 €;315;Faro;House
8869;6-Bedroom;2 250 000,00 €;546;Faro;House
8870;T21;2 250 000,00 €;1.200;Faro;House
8871;3-Bedroom;2 290 000,00 €;575;Faro;House
8872;3-Bedroom;2 300 000,00 €;724;Faro;House
8873;5-Bedroom;2 300 000,00 €;587;Faro;House
8874;5-Bedroom;2 300 000,00 €;600;Faro;House
8875;3-Bedroom;2 300 000,00 €;724;Faro;House
8876;3-Bedroom;2 300 000,00 €;372;Faro;House
8877;9-Bedroom;2 300 000,00 €;513;Faro;House
8878;3-Bedroom;2 300 000,00 €;384;Faro;House
8879;3-Bedroom;2 350 000,00 €;302;Faro;House
8880;3-Bedroom;2 350 000,00 €;302;Faro;House
8881;3-Bedroom;2 350 000,00 €;295;Faro;House
8882;4-Bedroom;2 350 000,00 €;300;Faro;House
8883;5-Bedroom;2 390 000,00 €;500;Faro;House
8884;5-Bedroom;2 395 000,00 €;527;Faro;House
8885;4-Bedroom;2 400 000,00 €;300;Faro;House
8886;4-Bedroom;2 400 000,00 €;300;Faro;House
8887;4-Bedroom;2 400 000,00 €;300;Faro;House
8888;4-Bedroom;2 400 000,00 €;300;Faro;House
8889;4-Bedroom;2 400 000,00 €;300;Faro;House
8890;4-Bedroom;2 400 000,00 €;293;Faro;House
8891;4-Bedroom;2 400 000,00 €;300;Faro;House
8892;4-Bedroom;2 400 000,00 €;300;Faro;House
8893;4-Bedroom;2 400 000,00 €;300;Faro;House
8894;4-Bedroom;2 400 000,00 €;300;Faro;House
8895;4-Bedroom;2 400 000,00 €;300;Faro;House
8896;4-Bedroom;2 400 000,00 €;300;Faro;House
8897;4-Bedroom;2 400 000,00 €;300;Faro;House
8898;4-Bedroom;2 400 000,00 €;300;Faro;House
8899;4-Bedroom;2 400 000,00 €;300;Faro;House
8900;4-Bedroom;2 400 000,00 €;300;Faro;House
8901;4-Bedroom;2 400 000,00 €;300;Faro;House
8902;4-Bedroom;2 400 000,00 €;263;Faro;House
8903;4-Bedroom;2 400 000,00 €;263;Faro;House
8904;4-Bedroom;2 400 000,00 €;300;Faro;House
8905;4-Bedroom;2 400 000,00 €;263;Faro;House
8906;4-Bedroom;2 400 000,00 €;263;Faro;House
8907;4-Bedroom;2 400 000,00 €;263;Faro;House
8908;4-Bedroom;2 400 000,00 €;300;Faro;House
8909;4+1-Bedroom;2 400 000,00 €;300;Faro;House
8910;4-Bedroom;2 450 000,00 €;458;Faro;House
8911;4-Bedroom;2 450 000,00 €;300;Faro;House
8912;4-Bedroom;2 450 000,00 €;390;Faro;House
8913;4-Bedroom;2 450 000,00 €;300;Faro;House
8914;6-Bedroom;2 475 000,00 €;400;Faro;House
8915;5-Bedroom;2 495 000,00 €;534;Faro;House
8916;5-Bedroom;2 495 000,00 €;534;Faro;House
8917;13-Bedroom;2 500 000,00 €;1.183;Faro;House
8918;13-Bedroom;2 500 000,00 €;1.183;Faro;House
8919;4-Bedroom;2 500 000,00 €;369;Faro;House
8920;5-Bedroom;2 500 000,00 €;198;Faro;House
8921;4-Bedroom;2 500 000,00 €;300;Faro;House
8922;4-Bedroom;2 500 000,00 €;175;Faro;House
8923;3+2-Bedroom;2 600 000,00 €;289;Faro;House
8924;4-Bedroom;2 600 000,00 €;284;Faro;House
8925;5-Bedroom;2 650 000,00 €;348;Faro;House
8926;5-Bedroom;2 650 000,00 €;405;Faro;House
8927;6-Bedroom;2 700 000,00 €;508;Faro;House
8928;4-Bedroom;2 750 000,00 €;248;Faro;House
8929;T20;2 750 000,00 €;40.520;Faro;House
8930;4-Bedroom;2 770 000,00 €;314;Faro;House
8931;12-Bedroom;2 800 000,00 €;1.300;Faro;House
8932;4-Bedroom;2 875 000,00 €;385;Faro;House
8933;4-Bedroom;2 875 000,00 €;385;Faro;House
8934;7-Bedroom;2 900 000,00 €;255;Faro;House
8935;2-Bedroom;2 900 000,00 €;175;Faro;House
8936;5-Bedroom;2 900 000,00 €;300;Faro;House
8937;4-Bedroom;2 900 000,00 €;537;Faro;House
8938;7-Bedroom;2 900 000,00 €;475;Faro;House
8939;4-Bedroom;2 900 000,00 €;175;Faro;House
8940;4-Bedroom;2 900 000,00 €;175;Faro;House
8941;4-Bedroom;2 950 000,00 €;345;Faro;House
8942;5-Bedroom;2 950 000,00 €;257;Faro;House
8943;4-Bedroom;3 000 000,00 €;496;Faro;House
8944;4-Bedroom;3 100 000,00 €;600;Faro;House
8945;4-Bedroom;3 150 000,00 €;659;Faro;House
8946;5-Bedroom;3 150 000,00 €;290;Faro;House
8947;4+1-Bedroom;3 150 000,00 €;640;Faro;House
8948;4-Bedroom;3 175 000,00 €;545;Faro;House
8949;4-Bedroom;3 200 000,00 €;538;Faro;House
8950;5-Bedroom;3 200 000,00 €;432;Faro;House
8951;5-Bedroom;3 200 000,00 €;432;Faro;House
8952;3-Bedroom;3 200 000,00 €;300;Faro;House
8953;4-Bedroom;3 250 000,00 €;338;Faro;House
8954;6-Bedroom;3 250 000,00 €;518;Faro;House
8955;4-Bedroom;3 250 000,00 €;338;Faro;House
8956;4-Bedroom;3 250 000,00 €;290;Faro;House
8957;4-Bedroom;3 250 000,00 €;334;Faro;House
8958;4-Bedroom;3 250 000,00 €;337;Faro;House
8959;5-Bedroom;3 300 000,00 €;906;Faro;House
8960;5-Bedroom;3 500 000,00 €;743;Faro;House
8961;7-Bedroom;3 500 000,00 €;348;Faro;House
8962;5-Bedroom;3 500 000,00 €;300;Faro;House
8963;4-Bedroom;3 500 000,00 €;575;Faro;House
8964;4-Bedroom;3 550 000,00 €;222;Faro;House
8965;4-Bedroom;3 600 000,00 €;385;Faro;House
8966;8-Bedroom;3 700 000,00 €;1.200;Faro;House
8967;5-Bedroom;3 750 000,00 €;900;Faro;House
8968;6-Bedroom;3 790 000,00 €;748;Faro;House
8969;3-Bedroom;3 900 000,00 €;693;Faro;House
8970;11-Bedroom;3 900 000,00 €;762;Faro;House
8971;11-Bedroom;3 900 000,00 €;762;Faro;House
8972;T15;3 900 000,00 €;836;Faro;House
8973;6-Bedroom;4 000 000,00 €;500;Faro;House
8974;6-Bedroom;4 000 000,00 €;343;Faro;House
8975;4-Bedroom;4 200 000,00 €;437;Faro;House
8976;4-Bedroom;4 200 000,00 €;437;Faro;House
8977;3-Bedroom;4 200 000,00 €;643;Faro;House
8978;4-Bedroom;4 295 000,00 €;640;Faro;House
8979;11-Bedroom;4 300 000,00 €;860;Faro;House
8980;5-Bedroom;4 500 000,00 €;560;Faro;House
8981;5-Bedroom;4 950 000,00 €;743;Faro;House
8982;6-Bedroom;5 200 000,00 €;1.600;Faro;House
8983;6-Bedroom;5 375 000,00 €;839;Faro;House
8984;6-Bedroom;6 250 000,00 €;653;Faro;House
8985;5-Bedroom;6 900 000,00 €;776;Faro;House
8986;5-Bedroom;8 490 000,00 €;2.000;Faro;House
8987;4-Bedroom;8 500 000,00 €;1.037;Faro;House
8988;5-Bedroom;8 500 000,00 €;390;Faro;House
8989;5-Bedroom;8 500 000,00 €;390;Faro;House
8990;6-Bedroom;12 000 000,00 €;374;Faro;House
8991;6-Bedroom;12 000 000,00 €;524;Faro;House
8992;6-Bedroom;12 000 000,00 €;374;Faro;House
8993;4-Bedroom;12 500 000,00 €;790;Faro;House
8994;4-Bedroom;12 500 000,00 €;790;Faro;House
8995;Estate;13 900 000,00 €;7.000.000;Faro;House
8996;7-Bedroom;14 500 000,00 €;1.035;Faro;House
8997;4-Bedroom;15 000 000,00 €;442;Faro;House
8998;4-Bedroom;15 000 000,00 €;442;Faro;House
8999;5-Bedroom;15 000 000,00 €;360;Faro;House
9000;8-Bedroom;18 500 000,00 €;825;Faro;House
9001;Detached House;27 000 000,00 €;778;Faro;House
9002;House;4 700,00 €;102;Guarda;House
9003;2-Bedroom;6 500,00 €;65;Guarda;House
9004;2-Bedroom;7 000,00 €;60;Guarda;House
9005;House;8 000,00 €;30;Guarda;House
9006;Detached House;8 500,00 €;25;Guarda;House
9007;House;8 500,00 €;32;Guarda;House
9008;Studio;9 000,00 €;10;Guarda;House
9009;House;10 000,00 €;100;Guarda;House
9010;Studio;10 000,00 €;6.988;Guarda;House
9011;1-Bedroom;11 800,00 €;59;Guarda;House
9012;1-Bedroom;11 800,00 €;59;Guarda;House
9013;Studio;11 950,00 €;70;Guarda;House
9014;House;12 000,00 €;172;Guarda;House
9015;Detached House;12 000,00 €;408;Guarda;House
9016;Detached House;12 000,00 €;408;Guarda;House
9017;1-Bedroom;12 500,00 €;25;Guarda;House
9018;1-Bedroom;13 000,00 €;56;Guarda;House
9019;Ruin;13 000,00 €;120;Guarda;House
9020;1-Bedroom;14 000,00 €;130;Guarda;House
9021;Detached House;15 000,00 €;49;Guarda;House
9022;2-Bedroom;15 000,00 €;36;Guarda;House
9023;Studio;15 000,00 €;37;Guarda;House
9024;1-Bedroom;15 000,00 €;182;Guarda;House
9025;3-Bedroom;15 000,00 €;84;Guarda;House
9026;1-Bedroom;15 000,00 €;98;Guarda;House
9027;2-Bedroom;15 950,00 €;40;Guarda;House
9028;Detached House;16 000,00 €;100;Guarda;House
9029;3-Bedroom;17 000,00 €;75;Guarda;House
9030;3-Bedroom;17 000,00 €;100;Guarda;House
9031;1-Bedroom;17 000,00 €;40;Guarda;House
9032;1-Bedroom;17 000,00 €;114;Guarda;House
9033;Studio;17 500,00 €;30;Guarda;House
9034;Studio;17 500,00 €;165;Guarda;House
9035;Detached House;17 500,00 €;43;Guarda;House
9036;Detached House;17 500,00 €;43;Guarda;House
9037;Studio;17 990,00 €;10;Guarda;House
9038;Mill;18 000,00 €;49;Guarda;House
9039;3-Bedroom;18 000,00 €;144;Guarda;House
9040;Detached House;19 000,00 €;167;Guarda;House
9041;3-Bedroom;19 500,00 €;131;Guarda;House
9042;3-Bedroom;19 500,00 €;131;Guarda;House
9043;3+1-Bedroom;19 900,00 €;208;Guarda;House
9044;3+1-Bedroom;19 900,00 €;208;Guarda;House
9045;3-Bedroom;20 000,00 €;247;Guarda;House
9046;3-Bedroom;20 000,00 €;108;Guarda;House
9047;2-Bedroom;20 000,00 €;127;Guarda;House
9048;1-Bedroom;20 000,00 €;60;Guarda;House
9049;Studio;21 000,00 €;21;Guarda;House
9050;2-Bedroom;21 000,00 €;96;Guarda;House
9051;House;22 000,00 €;146;Guarda;House
9052;4-Bedroom;22 500,00 €;172;Guarda;House
9053;3-Bedroom;24 900,00 €;231;Guarda;House
9054;3-Bedroom;24 900,00 €;231;Guarda;House
9055;2-Bedroom;25 000,00 €;170;Guarda;House
9056;2-Bedroom;25 000,00 €;70;Guarda;House
9057;Detached House;25 000,00 €;140;Guarda;House
9058;Studio;25 000,00 €;60;Guarda;House
9059;2-Bedroom;25 000,00 €;97;Guarda;House
9060;2-Bedroom;25 000,00 €;50;Guarda;House
9061;Studio;25 000,00 €;340;Guarda;House
9062;2-Bedroom;25 000,00 €;178;Guarda;House
9063;2-Bedroom;25 000,00 €;52;Guarda;House
9064;Studio;25 000,00 €;28;Guarda;House
9065;Studio;25 000,00 €;45;Guarda;House
9066;House;25 000,00 €;54;Guarda;House
9067;2+1-Bedroom;25 950,00 €;110;Guarda;House
9068;Studio;26 000,00 €;128;Guarda;House
9069;2-Bedroom;26 000,00 €;160;Guarda;House
9070;2-Bedroom;27 500,00 €;129;Guarda;House
9071;2-Bedroom;27 500,00 €;50;Guarda;House
9072;3-Bedroom;28 000,00 €;222;Guarda;House
9073;Studio;28 000,00 €;34;Guarda;House
9074;2-Bedroom;28 700,00 €;212;Guarda;House
9075;Ruin;29 000,00 €;255;Guarda;House
9076;2-Bedroom;29 000,00 €;116;Guarda;House
9077;Studio;29 500,00 €;86;Guarda;House
9078;Studio;29 900,00 €;135;Guarda;House
9079;2-Bedroom;30 000,00 €;120;Guarda;House
9080;3-Bedroom;30 000,00 €;80;Guarda;House
9081;1-Bedroom;30 000,00 €;150;Guarda;House
9082;Studio;30 000,00 €;50;Guarda;House
9083;Studio;30 000,00 €;68;Guarda;House
9084;Detached House;30 000,00 €;107;Guarda;House
9085;House;30 000,00 €;112;Guarda;House
9086;House;30 000,00 €;69;Guarda;House
9087;2-Bedroom;32 000,00 €;28;Guarda;House
9088;2-Bedroom;32 000,00 €;28;Guarda;House
9089;Detached House;34 000,00 €;180;Guarda;House
9090;2-Bedroom;35 000,00 €;61;Guarda;House
9091;3-Bedroom;35 000,00 €;160;Guarda;House
9092;3-Bedroom;35 000,00 €;544;Guarda;House
9093;1-Bedroom;35 000,00 €;57;Guarda;House
9094;Studio;35 000,00 €;342;Guarda;House
9095;Studio;35 000,00 €;100;Guarda;House
9096;2-Bedroom;35 000,00 €;122;Guarda;House
9097;3-Bedroom;36 000,00 €;154;Guarda;House
9098;Studio;36 000,00 €;64;Guarda;House
9099;2-Bedroom;37 000,00 €;64;Guarda;House
9100;4-Bedroom;37 500,00 €;192;Guarda;House
9101;4-Bedroom;38 000,00 €;190;Guarda;House
9102;3-Bedroom;38 000,00 €;97;Guarda;House
9103;3-Bedroom;38 000,00 €;198;Guarda;House
9104;3-Bedroom;39 000,00 €;128;Guarda;House
9105;2-Bedroom;39 000,00 €;108;Guarda;House
9106;Detached House;39 000,00 €;220;Guarda;House
9107;3-Bedroom;39 000,00 €;148;Guarda;House
9108;3-Bedroom;39 500,00 €;84;Guarda;House
9109;Studio;40 000,00 €;77;Guarda;House
9110;Studio;40 000,00 €;94;Guarda;House
9111;Studio;40 000,00 €;94;Guarda;House
9112;2-Bedroom;41 000,00 €;281;Guarda;House
9113;1-Bedroom;41 962,00 €;54;Guarda;House
9114;3-Bedroom;42 500,00 €;144;Guarda;House
9115;1-Bedroom;42 500,00 €;86;Guarda;House
9116;House;43 000,00 €;160;Guarda;House
9117;1-Bedroom;43 000,00 €;35;Guarda;House
9118;1-Bedroom;43 000,00 €;274;Guarda;House
9119;1-Bedroom;43 000,00 €;274;Guarda;House
9120;2-Bedroom;43 353,00 €;58;Guarda;House
9121;3-Bedroom;43 500,00 €;222;Guarda;House
9122;Detached House;44 000,00 €;160;Guarda;House
9123;1-Bedroom;45 000,00 €;112;Guarda;House
9124;3-Bedroom;45 000,00 €;52;Guarda;House
9125;Studio;45 000,00 €;61;Guarda;House
9126;Studio;45 000,00 €;59;Guarda;House
9127;2-Bedroom;45 000,00 €;113;Guarda;House
9128;Detached House;45 000,00 €;467;Guarda;House
9129;2-Bedroom;46 500,00 €;86;Guarda;House
9130;Detached House;46 500,00 €;102;Guarda;House
9131;1-Bedroom;46 986,00 €;80;Guarda;House
9132;3-Bedroom;47 500,00 €;162;Guarda;House
9133;2-Bedroom;47 500,00 €;60;Guarda;House
9134;3-Bedroom;47 500,00 €;110;Guarda;House
9135;1+1-Bedroom;47 950,00 €;30;Guarda;House
9136;6-Bedroom;48 000,00 €;231;Guarda;House
9137;Studio;48 000,00 €;48;Guarda;House
9138;2-Bedroom;49 000,00 €;398;Guarda;House
9139;6-Bedroom;49 500,00 €;340;Guarda;House
9140;Detached House;49 900,00 €;210;Guarda;House
9141;3-Bedroom;49 900,00 €;88;Guarda;House
9142;3-Bedroom;49 900,00 €;50;Guarda;House
9143;Farmhouse;50 000,00 €;741;Guarda;House
9144;Farmhouse;50 000,00 €;222;Guarda;House
9145;5-Bedroom;50 000,00 €;255;Guarda;House
9146;2-Bedroom;50 000,00 €;205;Guarda;House
9147;1-Bedroom;50 000,00 €;60;Guarda;House
9148;Studio;50 000,00 €;15;Guarda;House
9149;6-Bedroom;50 000,00 €;70;Guarda;House
9150;3-Bedroom;50 000,00 €;167;Guarda;House
9151;2-Bedroom;50 000,00 €;90;Guarda;House
9152;3-Bedroom;52 000,00 €;97;Guarda;House
9153;3-Bedroom;54 900,00 €;460;Guarda;House
9154;3-Bedroom;54 900,00 €;460;Guarda;House
9155;5-Bedroom;55 000,00 €;140;Guarda;House
9156;House;55 000,00 €;170;Guarda;House
9157;Studio;55 000,00 €;177;Guarda;House
9158;3-Bedroom;55 000,00 €;260;Guarda;House
9159;2-Bedroom;55 000,00 €;70;Guarda;House
9160;4-Bedroom;55 000,00 €;94;Guarda;House
9161;3-Bedroom;55 000,00 €;390;Guarda;House
9162;2-Bedroom;55 000,00 €;100;Guarda;House
9163;2-Bedroom;55 500,00 €;90;Guarda;House
9164;Studio;56 000,00 €;20;Guarda;House
9165;2-Bedroom;57 500,00 €;141;Guarda;House
9166;Studio;57 500,00 €;150;Guarda;House
9167;Farmhouse;59 000,00 €;42.614;Guarda;House
9168;2-Bedroom;59 500,00 €;108;Guarda;House
9169;1-Bedroom;59 500,00 €;166;Guarda;House
9170;5-Bedroom;59 750,00 €;138;Guarda;House
9171;Detached House;59 900,00 €;143;Guarda;House
9172;5-Bedroom;60 000,00 €;250;Guarda;House
9173;4-Bedroom;60 000,00 €;305;Guarda;House
9174;1-Bedroom;60 000,00 €;99;Guarda;House
9175;2-Bedroom;60 000,00 €;262;Guarda;House
9176;1-Bedroom;62 471,00 €;93;Guarda;House
9177;3-Bedroom;62 500,00 €;236;Guarda;House
9178;3-Bedroom;63 000,00 €;498;Guarda;House
9179;3-Bedroom;63 000,00 €;105;Guarda;House
9180;3-Bedroom;63 000,00 €;186;Guarda;House
9181;3-Bedroom;65 000,00 €;160;Guarda;House
9182;3-Bedroom;65 000,00 €;140;Guarda;House
9183;5-Bedroom;65 000,00 €;199;Guarda;House
9184;7-Bedroom;65 000,00 €;170;Guarda;House
9185;2-Bedroom;65 000,00 €;178;Guarda;House
9186;2-Bedroom;65 000,00 €;55;Guarda;House
9187;Studio;65 000,00 €;2.570;Guarda;House
9188;3-Bedroom;65 000,00 €;54;Guarda;House
9189;2-Bedroom;65 000,00 €;37.188;Guarda;House
9190;Detached House;65 000,00 €;230;Guarda;House
9191;5-Bedroom;66 000,00 €;505;Guarda;House
9192;1-Bedroom;67 000,00 €;40;Guarda;House
9193;4-Bedroom;68 500,00 €;283;Guarda;House
9194;4-Bedroom;69 000,00 €;220;Guarda;House
9195;3-Bedroom;69 500,00 €;121;Guarda;House
9196;3-Bedroom;69 500,00 €;241;Guarda;House
9197;3-Bedroom;69 750,00 €;180;Guarda;House
9198;3-Bedroom;70 000,00 €;127;Guarda;House
9199;1-Bedroom;70 000,00 €;312;Guarda;House
9200;4-Bedroom;70 000,00 €;123;Guarda;House
9201;Detached House;70 000,00 €;198;Guarda;House
9202;Detached House;70 000,00 €;198;Guarda;House
9203;5-Bedroom;70 000,00 €;150;Guarda;House
9204;5-Bedroom;72 000,00 €;190;Guarda;House
9205;Studio;73 000,00 €;20;Guarda;House
9206;4-Bedroom;74 000,00 €;400;Guarda;House
9207;Detached House;74 500,00 €;300;Guarda;House
9208;2-Bedroom;75 000,00 €;94;Guarda;House
9209;2-Bedroom;75 000,00 €;27;Guarda;House
9210;3-Bedroom;75 777,00 €;93;Guarda;House
9211;3-Bedroom;77 000,00 €;116;Guarda;House
9212;2-Bedroom;77 500,00 €;63;Guarda;House
9213;2-Bedroom;78 000,00 €;91;Guarda;House
9214;4-Bedroom;79 000,00 €;260;Guarda;House
9215;6+1-Bedroom;79 000,00 €;320;Guarda;House
9216;4-Bedroom;80 000,00 €;341;Guarda;House
9217;1-Bedroom;80 000,00 €;8.047;Guarda;House
9218;Studio;80 000,00 €;42;Guarda;House
9219;House;80 000,00 €;216;Guarda;House
9220;2-Bedroom;85 000,00 €;200;Guarda;House
9221;2-Bedroom;85 000,00 €;120;Guarda;House
9222;Studio;85 000,00 €;88;Guarda;House
9223;3-Bedroom;88 000,00 €;322;Guarda;House
9224;3-Bedroom;88 000,00 €;632;Guarda;House
9225;3-Bedroom;89 000,00 €;94;Guarda;House
9226;4-Bedroom;89 000,00 €;100;Guarda;House
9227;Detached House;89 000,00 €;330;Guarda;House
9228;4-Bedroom;89 500,00 €;194;Guarda;House
9229;1-Bedroom;90 000,00 €;53;Guarda;House
9230;Detached House;90 000,00 €;300;Guarda;House
9231;4-Bedroom;90 000,00 €;240;Guarda;House
9232;Studio;90 000,00 €;360;Guarda;House
9233;3-Bedroom;90 000,00 €;144;Guarda;House
9234;3-Bedroom;90 000,00 €;132;Guarda;House
9235;4-Bedroom;90 000,00 €;334;Guarda;House
9236;Studio;90 000,00 €;38;Guarda;House
9237;Studio;90 000,00 €;38;Guarda;House
9238;Studio;90 000,00 €;150;Guarda;House
9239;Ruin;90 000,00 €;120;Guarda;House
9240;3-Bedroom;92 000,00 €;247;Guarda;House
9241;4-Bedroom;92 000,00 €;160;Guarda;House
9242;3-Bedroom;92 500,00 €;129;Guarda;House
9243;2-Bedroom;94 000,00 €;275;Guarda;House
9244;2-Bedroom;95 000,00 €;131;Guarda;House
9245;4-Bedroom;95 000,00 €;68;Guarda;House
9246;2-Bedroom;95 000,00 €;36;Guarda;House
9247;4-Bedroom;96 000,00 €;240;Guarda;House
9248;Studio;97 500,00 €;90;Guarda;House
9249;Farmhouse;98 000,00 €;31.721;Guarda;House
9250;4-Bedroom;99 000,00 €;321;Guarda;House
9251;Detached House;99 000,00 €;566;Guarda;House
9252;Detached House;99 750,00 €;204;Guarda;House
9253;3-Bedroom;99 750,00 €;196;Guarda;House
9254;Manor House;100 000,00 €;922;Guarda;House
9255;2-Bedroom;100 000,00 €;185;Guarda;House
9256;3-Bedroom;100 000,00 €;120;Guarda;House
9257;6-Bedroom;100 000,00 €;592;Guarda;House
9258;3-Bedroom;100 000,00 €;128;Guarda;House
9259;5-Bedroom;105 000,00 €;335;Guarda;House
9260;3-Bedroom;105 000,00 €;160;Guarda;House
9261;8-Bedroom;105 000,00 €;350;Guarda;House
9262;3-Bedroom;110 000,00 €;216;Guarda;House
9263;4-Bedroom;110 000,00 €;220;Guarda;House
9264;5-Bedroom;110 000,00 €;310;Guarda;House
9265;5-Bedroom;110 000,00 €;206;Guarda;House
9266;3-Bedroom;110 000,00 €;152;Guarda;House
9267;4-Bedroom;110 000,00 €;486;Guarda;House
9268;4-Bedroom;112 000,00 €;233;Guarda;House
9269;Apartment;115 000,00 €;138;Guarda;House
9270;3-Bedroom;115 000,00 €;75;Guarda;House
9271;Studio;115 000,00 €;146;Guarda;House
9272;3-Bedroom;120 000,00 €;127;Guarda;House
9273;3-Bedroom;120 000,00 €;89;Guarda;House
9274;3-Bedroom;120 000,00 €;356;Guarda;House
9275;2-Bedroom;120 000,00 €;88;Guarda;House
9276;5-Bedroom;120 000,00 €;122;Guarda;House
9277;T17;120 000,00 €;667;Guarda;House
9278;4-Bedroom;120 000,00 €;237;Guarda;House
9279;5-Bedroom;120 000,00 €;122;Guarda;House
9280;3-Bedroom;120 000,00 €;126;Guarda;House
9281;Studio;120 000,00 €;10;Guarda;House
9282;Studio;120 000,00 €;176;Guarda;House
9283;3-Bedroom;125 000,00 €;106;Guarda;House
9284;4-Bedroom;125 000,00 €;270;Guarda;House
9285;4-Bedroom;127 500,00 €;50;Guarda;House
9286;3-Bedroom;130 000,00 €;191;Guarda;House
9287;3-Bedroom;130 000,00 €;107;Guarda;House
9288;4-Bedroom;130 000,00 €;318;Guarda;House
9289;Detached House;130 000,00 €;339;Guarda;House
9290;Detached House;130 000,00 €;178;Guarda;House
9291;Detached House;135 000,00 €;157;Guarda;House
9292;3-Bedroom;135 000,00 €;265;Guarda;House
9293;1-Bedroom;135 000,00 €;37;Guarda;House
9294;6-Bedroom;135 000,00 €;348;Guarda;House
9295;6-Bedroom;135 000,00 €;348;Guarda;House
9296;Farmhouse;135 000,00 €;50.000;Guarda;House
9297;House;138 000,00 €;195;Guarda;House
9298;6-Bedroom;139 000,00 €;210;Guarda;House
9299;7-Bedroom;139 500,00 €;180;Guarda;House
9300;3-Bedroom;140 000,00 €;273;Guarda;House
9301;5-Bedroom;140 000,00 €;228;Guarda;House
9302;3-Bedroom;140 000,00 €;522;Guarda;House
9303;3-Bedroom;140 000,00 €;318;Guarda;House
9304;1-Bedroom;140 000,00 €;86;Guarda;House
9305;3-Bedroom;140 000,00 €;318;Guarda;House
9306;3-Bedroom;140 000,00 €;190;Guarda;House
9307;6-Bedroom;142 000,00 €;545;Guarda;House
9308;5-Bedroom;142 000,00 €;545;Guarda;House
9309;Detached House;145 000,00 €;270;Guarda;House
9310;3-Bedroom;145 000,00 €;130;Guarda;House
9311;3+1-Bedroom;145 000,00 €;70;Guarda;House
9312;3-Bedroom;145 000,00 €;309;Guarda;House
9313;3-Bedroom;145 000,00 €;78;Guarda;House
9314;Detached House;145 900,00 €;130;Guarda;House
9315;4-Bedroom;149 000,00 €;239;Guarda;House
9316;Apartment;150 000,00 €;115;Guarda;House
9317;4-Bedroom;150 000,00 €;142;Guarda;House
9318;5-Bedroom;153 000,00 €;195;Guarda;House
9319;6-Bedroom;155 000,00 €;240;Guarda;House
9320;Duplex;159 000,00 €;281;Guarda;House
9321;4-Bedroom;159 500,00 €;572;Guarda;House
9322;3-Bedroom;159 500,00 €;105;Guarda;House
9323;2-Bedroom;160 000,00 €;129;Guarda;House
9324;House;160 000,00 €;280;Guarda;House
9325;2-Bedroom;160 000,00 €;98;Guarda;House
9326;Detached House;160 000,00 €;218;Guarda;House
9327;1-Bedroom;160 000,00 €;58;Guarda;House
9328;1-Bedroom;160 000,00 €;58;Guarda;House
9329;1-Bedroom;160 500,00 €;66;Guarda;House
9330;1-Bedroom;160 500,00 €;68;Guarda;House
9331;6-Bedroom;162 000,00 €;153;Guarda;House
9332;1-Bedroom;166 000,00 €;66;Guarda;House
9333;1-Bedroom;166 000,00 €;66;Guarda;House
9334;3-Bedroom;166 000,00 €;160;Guarda;House
9335;4-Bedroom;170 000,00 €;310;Guarda;House
9336;1-Bedroom;170 000,00 €;82;Guarda;House
9337;1-Bedroom;170 000,00 €;82;Guarda;House
9338;2-Bedroom;170 000,00 €;80;Guarda;House
9339;3-Bedroom;170 000,00 €;252;Guarda;House
9340;3-Bedroom;172 000,00 €;140;Guarda;House
9341;3-Bedroom;175 000,00 €;117;Guarda;House
9342;3-Bedroom;175 000,00 €;273;Guarda;House
9343;5-Bedroom;175 000,00 €;290;Guarda;House
9344;4-Bedroom;175 000,00 €;210;Guarda;House
9345;2-Bedroom;180 000,00 €;95;Guarda;House
9346;4-Bedroom;180 000,00 €;42;Guarda;House
9347;3-Bedroom;180 000,00 €;160;Guarda;House
9348;4-Bedroom;185 000,00 €;260;Guarda;House
9349;Farmhouse;185 000,00 €;162.456;Guarda;House
9350;4-Bedroom;190 000,00 €;203;Guarda;House
9351;3-Bedroom;195 000,00 €;112;Guarda;House
9352;3-Bedroom;195 000,00 €;150;Guarda;House
9353;2-Bedroom;195 000,00 €;20.000;Guarda;House
9354;Studio;196 000,00 €;174;Guarda;House
9355;10-Bedroom;200 000,00 €;868;Guarda;House
9356;8-Bedroom;200 000,00 €;386;Guarda;House
9357;2-Bedroom;200 000,00 €;140;Guarda;House
9358;4-Bedroom;200 000,00 €;220;Guarda;House
9359;5-Bedroom;208 000,00 €;200;Guarda;House
9360;7-Bedroom;210 000,00 €;202;Guarda;House
9361;2-Bedroom;210 000,00 €;85;Guarda;House
9362;2-Bedroom;210 000,00 €;82;Guarda;House
9363;2-Bedroom;210 000,00 €;82;Guarda;House
9364;2-Bedroom;214 000,00 €;124;Guarda;House
9365;2-Bedroom;214 000,00 €;124;Guarda;House
9366;4-Bedroom;215 000,00 €;125;Guarda;House
9367;2-Bedroom;215 000,00 €;82;Guarda;House
9368;2-Bedroom;215 000,00 €;82;Guarda;House
9369;5-Bedroom;220 000,00 €;390;Guarda;House
9370;4-Bedroom;220 000,00 €;2.100;Guarda;House
9371;2-Bedroom;220 000,00 €;68;Guarda;House
9372;2-Bedroom;220 000,00 €;68;Guarda;House
9373;2-Bedroom;225 000,00 €;88;Guarda;House
9374;2-Bedroom;225 000,00 €;87;Guarda;House
9375;2-Bedroom;225 000,00 €;88;Guarda;House
9376;5-Bedroom;230 000,00 €;453;Guarda;House
9377;6-Bedroom;230 000,00 €;220;Guarda;House
9378;Detached House;234 000,00 €;244;Guarda;House
9379;4-Bedroom;234 500,00 €;280;Guarda;House
9380;4-Bedroom;235 000,00 €;331;Guarda;House
9381;7-Bedroom;240 000,00 €;621;Guarda;House
9382;2-Bedroom;246 100,00 €;120;Guarda;House
9383;2-Bedroom;246 100,00 €;123;Guarda;House
9384;2-Bedroom;246 100,00 €;120;Guarda;House
9385;5-Bedroom;250 000,00 €;216;Guarda;House
9386;5-Bedroom;250 000,00 €;216;Guarda;House
9387;Studio;250 000,00 €;40;Guarda;House
9388;6-Bedroom;250 000,00 €;435;Guarda;House
9389;Studio;250 000,00 €;464;Guarda;House
9390;3-Bedroom;250 000,00 €;203;Guarda;House
9391;4-Bedroom;250 000,00 €;280;Guarda;House
9392;2-Bedroom;250 000,00 €;114;Guarda;House
9393;2-Bedroom;250 000,00 €;114;Guarda;House
9394;4-Bedroom;250 000,00 €;280;Guarda;House
9395;2-Bedroom;251 450,00 €;143;Guarda;House
9396;3-Bedroom;255 000,00 €;220;Guarda;House
9397;3-Bedroom;255 000,00 €;220;Guarda;House
9398;3-Bedroom;259 000,00 €;271;Guarda;House
9399;3-Bedroom;260 000,00 €;423;Guarda;House
9400;Farmhouse;260 000,00 €;1.200;Guarda;House
9401;Detached House;260 000,00 €;78;Guarda;House
9402;3-Bedroom;265 000,00 €;240;Guarda;House
9403;3-Bedroom;269 000,00 €;350;Guarda;House
9404;5-Bedroom;275 000,00 €;211;Guarda;House
9405;Farmhouse;279 000,00 €;480;Guarda;House
9406;8-Bedroom;280 000,00 €;486;Guarda;House
9407;3-Bedroom;285 000,00 €;130;Guarda;House
9408;2-Bedroom;285 000,00 €;182;Guarda;House
9409;3+1-Bedroom;285 000,00 €;426;Guarda;House
9410;4-Bedroom;289 000,00 €;380;Guarda;House
9411;4-Bedroom;290 000,00 €;224;Guarda;House
9412;6+2-Bedroom;290 000,00 €;757;Guarda;House
9413;6-Bedroom;294 500,00 €;392;Guarda;House
9414;4-Bedroom;294 500,00 €;685;Guarda;House
9415;4-Bedroom;295 000,00 €;250;Guarda;House
9416;4-Bedroom;295 000,00 €;112;Guarda;House
9417;5-Bedroom;298 000,00 €;432;Guarda;House
9418;5-Bedroom;300 000,00 €;450;Guarda;House
9419;3-Bedroom;300 000,00 €;528;Guarda;House
9420;6-Bedroom;305 000,00 €;1.200;Guarda;House
9421;5-Bedroom;310 000,00 €;425;Guarda;House
9422;5-Bedroom;315 000,00 €;516;Guarda;House
9423;3-Bedroom;320 000,00 €;165;Guarda;House
9424;3-Bedroom;320 000,00 €;165;Guarda;House
9425;3-Bedroom;325 000,00 €;160;Guarda;House
9426;Studio;335 000,00 €;1.664;Guarda;House
9427;3-Bedroom;340 000,00 €;263;Guarda;House
9428;5-Bedroom;345 000,00 €;240;Guarda;House
9429;Studio;345 000,00 €;155;Guarda;House
9430;Studio;345 000,00 €;262;Guarda;House
9431;Studio;345 000,00 €;155;Guarda;House
9432;3-Bedroom;349 000,00 €;400;Guarda;House
9433;6-Bedroom;350 000,00 €;621;Guarda;House
9434;4-Bedroom;355 000,00 €;235;Guarda;House
9435;5-Bedroom;370 000,00 €;240;Guarda;House
9436;7-Bedroom;380 000,00 €;519;Guarda;House
9437;Farmhouse;399 000,00 €;741;Guarda;House
9438;10-Bedroom;420 000,00 €;523;Guarda;House
9439;3-Bedroom;440 000,00 €;318;Guarda;House
9440;3-Bedroom;450 000,00 €;250;Guarda;House
9441;4-Bedroom;450 000,00 €;506;Guarda;House
9442;4-Bedroom;450 000,00 €;305;Guarda;House
9443;Studio;450 000,00 €;150;Guarda;House
9444;5-Bedroom;450 000,00 €;671;Guarda;House
9445;6-Bedroom;468 000,00 €;814;Guarda;House
9446;6-Bedroom;468 000,00 €;814;Guarda;House
9447;4-Bedroom;480 000,00 €;369;Guarda;House
9448;4-Bedroom;495 000,00 €;353;Guarda;House
9449;4-Bedroom;500 000,00 €;459;Guarda;House
9450;Farmhouse;525 000,00 €;340;Guarda;House
9451;3-Bedroom;525 000,00 €;414;Guarda;House
9452;Estate;525 000,00 €;240;Guarda;House
9453;Farmhouse;534 000,00 €;40.000;Guarda;House
9454;Studio;550 000,00 €;350;Guarda;House
9455;Farmhouse;550 000,00 €;479;Guarda;House
9456;5-Bedroom;599 000,00 €;272;Guarda;House
9457;Detached House;637 000,00 €;245;Guarda;House
9458;6-Bedroom;650 000,00 €;500;Guarda;House
9459;House;700 000,00 €;839;Guarda;House
9460;12-Bedroom;700 000,00 €;577;Guarda;House
9461;4-Bedroom;736 000,00 €;300;Guarda;House
9462;5-Bedroom;750 000,00 €;1.720;Guarda;House
9463;10-Bedroom;750 000,00 €;700;Guarda;House
9464;4-Bedroom;830 000,00 €;387;Guarda;House
9465;4-Bedroom;830 000,00 €;387;Guarda;House
9466;4-Bedroom;830 000,00 €;387;Guarda;House
9467;T21;850 000,00 €;1.386;Guarda;House
9468;8-Bedroom;890 000,00 €;1.475;Guarda;House
9469;4-Bedroom;895 000,00 €;43.361;Guarda;House
9470;7-Bedroom;1 500 000,00 €;1.100;Guarda;House
9471;Farmhouse;1 500 000,00 €;300.000;Guarda;House
9472;Studio;1 650 000,00 €;1.200;Guarda;House
9473;Farmhouse;2 500 000,00 €;3.000;Guarda;House
9474;3+2-Bedroom;2 625 000,00 €;445;Guarda;House
9475;Estate;3 500 000,00 €;253.483;Guarda;House
9476;10-Bedroom;4 900 000,00 €;800;Guarda;House
9477;Studio;5 000 000,00 €;620.000;Guarda;House
9478;Farmhouse;5 000 000,00 €;620.000;Guarda;House
9479;T15;7 000 000,00 €;5.750;Guarda;House
9480;Farmhouse;10 500 000,00 €;2.780.000;Guarda;House
9481;2-Bedroom;9 000,00 €;108;Leiria;House
9482;Studio;10 500,00 €;11;Leiria;House
9483;Studio;17 000,00 €;148;Leiria;House
9484;2-Bedroom;17 500,00 €;70;Leiria;House
9485;2-Bedroom;17 500,00 €;70;Leiria;House
9486;Studio;18 421,00 €;36;Leiria;House
9487;Detached House;20 000,00 €;48;Leiria;House
9488;3-Bedroom;23 000,00 €;60;Leiria;House
9489;5-Bedroom;27 000,00 €;96;Leiria;House
9490;2-Bedroom;27 500,00 €;32;Leiria;House
9491;5-Bedroom;28 000,00 €;321;Leiria;House
9492;Studio;28 500,00 €;57;Leiria;House
9493;2-Bedroom;29 900,00 €;60;Leiria;House
9494;House;35 000,00 €;80;Leiria;House
9495;2-Bedroom;35 000,00 €;142;Leiria;House
9496;3-Bedroom;36 000,00 €;100;Leiria;House
9497;2-Bedroom;37 000,00 €;70;Leiria;House
9498;Detached House;37 500,00 €;86;Leiria;House
9499;2-Bedroom;38 000,00 €;78;Leiria;House
9500;3-Bedroom;38 500,00 €;141;Leiria;House
9501;4-Bedroom;39 900,00 €;178;Leiria;House
9502;Detached House;40 000,00 €;59;Leiria;House
9503;2-Bedroom;40 000,00 €;106;Leiria;House
9504;2-Bedroom;40 000,00 €;255;Leiria;House
9505;Studio;42 000,00 €;72;Leiria;House
9506;Detached House;45 000,00 €;56;Leiria;House
9507;Ruin;45 000,00 €;1.600;Leiria;House
9508;4-Bedroom;45 000,00 €;265;Leiria;House
9509;1-Bedroom;45 000,00 €;190;Leiria;House
9510;2-Bedroom;49 500,00 €;50;Leiria;House
9511;3-Bedroom;50 000,00 €;162;Leiria;House
9512;2-Bedroom;50 000,00 €;80;Leiria;House
9513;4-Bedroom;50 000,00 €;48;Leiria;House
9514;Detached House;51 000,00 €;167;Leiria;House
9515;3-Bedroom;52 500,00 €;145;Leiria;House
9516;3-Bedroom;53 000,00 €;312;Leiria;House
9517;2-Bedroom;54 000,00 €;149;Leiria;House
9518;3-Bedroom;55 000,00 €;54;Leiria;House
9519;Detached House;55 000,00 €;151;Leiria;House
9520;4-Bedroom;55 000,00 €;286;Leiria;House
9521;2-Bedroom;55 000,00 €;145;Leiria;House
9522;2-Bedroom;59 000,00 €;95;Leiria;House
9523;2-Bedroom;59 000,00 €;168;Leiria;House
9524;2-Bedroom;59 500,00 €;189;Leiria;House
9525;Detached House;60 000,00 €;200;Leiria;House
9526;Detached House;60 000,00 €;180;Leiria;House
9527;3-Bedroom;60 000,00 €;71;Leiria;House
9528;Detached House;62 000,00 €;72;Leiria;House
9529;3-Bedroom;62 000,00 €;160;Leiria;House
9530;2-Bedroom;62 500,00 €;89;Leiria;House
9531;5-Bedroom;65 000,00 €;282;Leiria;House
9532;1-Bedroom;65 000,00 €;102;Leiria;House
9533;3-Bedroom;67 000,00 €;206;Leiria;House
9534;3-Bedroom;67 000,00 €;347;Leiria;House
9535;3-Bedroom;67 000,00 €;206;Leiria;House
9536;3-Bedroom;67 500,00 €;190;Leiria;House
9537;3-Bedroom;67 500,00 €;108;Leiria;House
9538;Detached House;68 500,00 €;60;Leiria;House
9539;2-Bedroom;69 900,00 €;89;Leiria;House
9540;Detached House;69 950,00 €;88;Leiria;House
9541;2-Bedroom;70 000,00 €;150;Leiria;House
9542;3-Bedroom;70 000,00 €;234;Leiria;House
9543;3-Bedroom;72 000,00 €;281;Leiria;House
9544;2-Bedroom;75 000,00 €;216;Leiria;House
9545;3-Bedroom;75 000,00 €;158;Leiria;House
9546;3-Bedroom;76 000,00 €;150;Leiria;House
9547;3-Bedroom;77 000,00 €;355;Leiria;House
9548;5-Bedroom;79 000,00 €;232;Leiria;House
9549;3-Bedroom;79 500,00 €;130;Leiria;House
9550;Ruin;80 000,00 €;134;Leiria;House
9551;2-Bedroom;80 000,00 €;170;Leiria;House
9552;Studio;80 000,00 €;30;Leiria;House
9553;House;80 000,00 €;130;Leiria;House
9554;2-Bedroom;82 500,00 €;283;Leiria;House
9555;3-Bedroom;85 000,00 €;152;Leiria;House
9556;2-Bedroom;85 000,00 €;76;Leiria;House
9557;3-Bedroom;85 000,00 €;271;Leiria;House
9558;Detached House;87 000,00 €;54;Leiria;House
9559;3-Bedroom;87 500,00 €;240;Leiria;House
9560;5-Bedroom;87 500,00 €;238;Leiria;House
9561;3-Bedroom;89 000,00 €;128;Leiria;House
9562;3-Bedroom;89 000,00 €;128;Leiria;House
9563;4-Bedroom;89 000,00 €;128;Leiria;House
9564;4-Bedroom;90 000,00 €;503;Leiria;House
9565;Detached House;90 000,00 €;160;Leiria;House
9566;2-Bedroom;90 000,00 €;80;Leiria;House
9567;2-Bedroom;90 000,00 €;80;Leiria;House
9568;2-Bedroom;90 000,00 €;110;Leiria;House
9569;3-Bedroom;90 000,00 €;110;Leiria;House
9570;3-Bedroom;90 000,00 €;90;Leiria;House
9571;3-Bedroom;94 500,00 €;201;Leiria;House
9572;Detached House;95 000,00 €;54;Leiria;House
9573;2-Bedroom;95 000,00 €;100;Leiria;House
9574;3+1-Bedroom;95 000,00 €;110;Leiria;House
9575;2-Bedroom;98 000,00 €;153;Leiria;House
9576;Detached House;99 000,00 €;42;Leiria;House
9577;Detached House;99 750,00 €;240;Leiria;House
9578;4-Bedroom;100 000,00 €;256;Leiria;House
9579;2+1-Bedroom;107 000,00 €;200;Leiria;House
9580;2-Bedroom;107 000,00 €;200;Leiria;House
9581;2-Bedroom;110 000,00 €;29;Leiria;House
9582;2-Bedroom;110 000,00 €;85;Leiria;House
9583;Detached House;110 000,00 €;55;Leiria;House
9584;Studio;110 000,00 €;183;Leiria;House
9585;3-Bedroom;110 000,00 €;347;Leiria;House
9586;4-Bedroom;111 000,00 €;280;Leiria;House
9587;Detached House;114 500,00 €;109;Leiria;House
9588;Studio;115 000,00 €;32;Leiria;House
9589;Detached House;115 000,00 €;94;Leiria;House
9590;2-Bedroom;115 000,00 €;130;Leiria;House
9591;2-Bedroom;115 000,00 €;105;Leiria;House
9592;3+1-Bedroom;116 000,00 €;67;Leiria;House
9593;1-Bedroom;119 000,00 €;400;Leiria;House
9594;2-Bedroom;119 500,00 €;52;Leiria;House
9595;Detached House;120 000,00 €;174;Leiria;House
9596;4-Bedroom;120 000,00 €;110;Leiria;House
9597;3+2-Bedroom;120 000,00 €;258;Leiria;House
9598;4-Bedroom;120 000,00 €;110;Leiria;House
9599;3-Bedroom;122 500,00 €;316;Leiria;House
9600;2-Bedroom;125 000,00 €;98;Leiria;House
9601;Studio;125 000,00 €;41;Leiria;House
9602;2-Bedroom;125 000,00 €;86;Leiria;House
9603;2-Bedroom;125 000,00 €;98;Leiria;House
9604;4-Bedroom;125 000,00 €;202;Leiria;House
9605;2-Bedroom;125 000,00 €;98;Leiria;House
9606;3-Bedroom;127 500,00 €;201;Leiria;House
9607;Detached House;129 900,00 €;143;Leiria;House
9608;Detached House;130 000,00 €;178;Leiria;House
9609;Detached House;130 000,00 €;136;Leiria;House
9610;4-Bedroom;130 000,00 €;260;Leiria;House
9611;2-Bedroom;130 000,00 €;96;Leiria;House
9612;2-Bedroom;130 000,00 €;130;Leiria;House
9613;3-Bedroom;138 000,00 €;215;Leiria;House
9614;6-Bedroom;139 000,00 €;466;Leiria;House
9615;5-Bedroom;140 000,00 €;334;Leiria;House
9616;Studio;140 000,00 €;30;Leiria;House
9617;2-Bedroom;145 000,00 €;126;Leiria;House
9618;Detached House;149 500,00 €;49;Leiria;House
9619;3-Bedroom;150 000,00 €;132;Leiria;House
9620;Detached House;150 000,00 €;77;Leiria;House
9621;3-Bedroom;150 000,00 €;176;Leiria;House
9622;6-Bedroom;150 000,00 €;160;Leiria;House
9623;3-Bedroom;150 000,00 €;80;Leiria;House
9624;Detached House;150 000,00 €;130;Leiria;House
9625;2+1-Bedroom;150 000,00 €;137;Leiria;House
9626;3-Bedroom;150 000,00 €;251;Leiria;House
9627;6-Bedroom;150 000,00 €;176;Leiria;House
9628;6-Bedroom;150 000,00 €;642;Leiria;House
9629;3-Bedroom;150 000,00 €;117;Leiria;House
9630;3-Bedroom;150 000,00 €;132;Leiria;House
9631;Detached House;153 000,00 €;120;Leiria;House
9632;Detached House;155 000,00 €;Terreno 3.000;Leiria;House
9633;2-Bedroom;155 000,00 €;383;Leiria;House
9634;3-Bedroom;155 000,00 €;75;Leiria;House
9635;1-Bedroom;155 000,00 €;65;Leiria;House
9636;3-Bedroom;155 000,00 €;324;Leiria;House
9637;3-Bedroom;158 000,00 €;224;Leiria;House
9638;4-Bedroom;158 000,00 €;142;Leiria;House
9639;2-Bedroom;159 000,00 €;76;Leiria;House
9640;3-Bedroom;159 000,00 €;63;Leiria;House
9641;House;160 000,00 €;Terreno 1.260;Leiria;House
9642;Detached House;160 000,00 €;140;Leiria;House
9643;4-Bedroom;160 000,00 €;456;Leiria;House
9644;3-Bedroom;160 000,00 €;63;Leiria;House
9645;6-Bedroom;160 000,00 €;120;Leiria;House
9646;4-Bedroom;162 000,00 €;446;Leiria;House
9647;3-Bedroom;163 000,00 €;270;Leiria;House
9648;1-Bedroom;163 000,00 €;62;Leiria;House
9649;1-Bedroom;165 000,00 €;59;Leiria;House
9650;Detached House;165 000,00 €;204;Leiria;House
9651;3-Bedroom;165 000,00 €;134;Leiria;House
9652;Detached House;166 950,00 €;260;Leiria;House
9653;1-Bedroom;167 500,00 €;62;Leiria;House
9654;4-Bedroom;167 500,00 €;551;Leiria;House
9655;3-Bedroom;169 500,00 €;110;Leiria;House
9656;2-Bedroom;169 500,00 €;94;Leiria;House
9657;2-Bedroom;169 900,00 €;189;Leiria;House
9658;Detached House;170 000,00 €;258;Leiria;House
9659;Detached House;170 000,00 €;103;Leiria;House
9660;Detached House;170 000,00 €;258;Leiria;House
9661;4-Bedroom;170 000,00 €;70;Leiria;House
9662;4-Bedroom;170 000,00 €;75;Leiria;House
9663;4-Bedroom;170 000,00 €;162;Leiria;House
9664;4-Bedroom;170 000,00 €;70;Leiria;House
9665;4-Bedroom;170 000,00 €;70;Leiria;House
9666;1-Bedroom;172 500,00 €;67;Leiria;House
9667;2-Bedroom;173 500,00 €;60;Leiria;House
9668;Apartment;175 000,00 €;125;Leiria;House
9669;2-Bedroom;175 000,00 €;26;Leiria;House
9670;2-Bedroom;175 000,00 €;178;Leiria;House
9671;2-Bedroom;175 000,00 €;117;Leiria;House
9672;2-Bedroom;177 000,00 €;68;Leiria;House
9673;1-Bedroom;177 500,00 €;85;Leiria;House
9674;6-Bedroom;180 000,00 €;530;Leiria;House
9675;3-Bedroom;180 000,00 €;470;Leiria;House
9676;2-Bedroom;182 000,00 €;102;Leiria;House
9677;1-Bedroom;182 500,00 €;62;Leiria;House
9678;1-Bedroom;182 500,00 €;85;Leiria;House
9679;3-Bedroom;185 000,00 €;130;Leiria;House
9680;2-Bedroom;185 000,00 €;153;Leiria;House
9681;2+1-Bedroom;185 000,00 €;82;Leiria;House
9682;4-Bedroom;185 000,00 €;166;Leiria;House
9683;3-Bedroom;185 000,00 €;130;Leiria;House
9684;Apartment;185 000,00 €;44;Leiria;House
9685;2-Bedroom;189 000,00 €;99;Leiria;House
9686;2+1-Bedroom;190 000,00 €;66;Leiria;House
9687;3-Bedroom;190 000,00 €;179;Leiria;House
9688;2-Bedroom;190 000,00 €;132;Leiria;House
9689;1-Bedroom;190 000,00 €;42;Leiria;House
9690;4-Bedroom;190 000,00 €;120;Leiria;House
9691;Detached House;194 500,00 €;197;Leiria;House
9692;1-Bedroom;195 000,00 €;62;Leiria;House
9693;1-Bedroom;195 000,00 €;55;Leiria;House
9694;1-Bedroom;195 000,00 €;42;Leiria;House
9695;1-Bedroom;195 000,00 €;42;Leiria;House
9696;4-Bedroom;195 000,00 €;342;Leiria;House
9697;3-Bedroom;195 000,00 €;91;Leiria;House
9698;4-Bedroom;197 500,00 €;108;Leiria;House
9699;2-Bedroom;197 500,00 €;76;Leiria;House
9700;4-Bedroom;198 000,00 €;209;Leiria;House
9701;4-Bedroom;198 000,00 €;209;Leiria;House
9702;Apartment;198 300,00 €;83;Leiria;House
9703;2-Bedroom;198 500,00 €;63;Leiria;House
9704;3-Bedroom;199 000,00 €;157;Leiria;House
9705;3-Bedroom;199 000,00 €;172;Leiria;House
9706;Studio;199 000,00 €;590;Leiria;House
9707;3-Bedroom;199 000,00 €;76;Leiria;House
9708;3-Bedroom;199 000,00 €;386;Leiria;House
9709;2-Bedroom;199 500,00 €;96;Leiria;House
9710;2-Bedroom;199 750,00 €;64;Leiria;House
9711;2-Bedroom;199 750,00 €;64;Leiria;House
9712;3-Bedroom;199 990,00 €;151;Leiria;House
9713;3-Bedroom;199 990,00 €;151;Leiria;House
9714;Detached House;200 000,00 €;24;Leiria;House
9715;4-Bedroom;200 000,00 €;195;Leiria;House
9716;4-Bedroom;200 000,00 €;128;Leiria;House
9717;Detached House;200 000,00 €;24;Leiria;House
9718;4-Bedroom;200 000,00 €;195;Leiria;House
9719;2-Bedroom;200 000,00 €;99;Leiria;House
9720;5-Bedroom;200 000,00 €;218;Leiria;House
9721;2-Bedroom;205 000,00 €;129;Leiria;House
9722;3-Bedroom;208 000,00 €;294;Leiria;House
9723;3-Bedroom;210 000,00 €;280;Leiria;House
9724;1-Bedroom;210 000,00 €;55;Leiria;House
9725;1-Bedroom;210 000,00 €;55;Leiria;House
9726;5-Bedroom;210 000,00 €;235;Leiria;House
9727;8-Bedroom;210 000,00 €;230;Leiria;House
9728;2-Bedroom;210 000,00 €;253;Leiria;House
9729;5-Bedroom;210 000,00 €;230;Leiria;House
9730;Detached House;210 000,00 €;165;Leiria;House
9731;1-Bedroom;210 000,00 €;55;Leiria;House
9732;3-Bedroom;214 000,00 €;89;Leiria;House
9733;3-Bedroom;214 000,00 €;88;Leiria;House
9734;1-Bedroom;215 000,00 €;55;Leiria;House
9735;3-Bedroom;215 000,00 €;333;Leiria;House
9736;2-Bedroom;215 000,00 €;130;Leiria;House
9737;1-Bedroom;216 050,00 €;73;Leiria;House
9738;1-Bedroom;216 050,00 €;73;Leiria;House
9739;3-Bedroom;220 000,00 €;130;Leiria;House
9740;5-Bedroom;220 000,00 €;437;Leiria;House
9741;3-Bedroom;220 000,00 €;125;Leiria;House
9742;3-Bedroom;220 000,00 €;240;Leiria;House
9743;3-Bedroom;220 000,00 €;93;Leiria;House
9744;Apartment;220 000,00 €;136;Leiria;House
9745;5-Bedroom;220 000,00 €;245;Leiria;House
9746;Apartment;220 000,00 €;53;Leiria;House
9747;2-Bedroom;220 000,00 €;205;Leiria;House
9748;1-Bedroom;220 000,00 €;53;Leiria;House
9749;Apartment;220 000,00 €;53;Leiria;House
9750;Detached House;223 500,00 €;200;Leiria;House
9751;3-Bedroom;225 000,00 €;172;Leiria;House
9752;Apartment;225 000,00 €;94;Leiria;House
9753;3-Bedroom;225 000,00 €;280;Leiria;House
9754;2-Bedroom;225 000,00 €;89;Leiria;House
9755;3-Bedroom;225 000,00 €;130;Leiria;House
9756;2-Bedroom;225 000,00 €;78;Leiria;House
9757;4-Bedroom;225 000,00 €;468;Leiria;House
9758;2-Bedroom;225 000,00 €;84;Leiria;House
9759;2-Bedroom;225 000,00 €;119;Leiria;House
9760;3-Bedroom;225 000,00 €;173;Leiria;House
9761;2-Bedroom;227 500,00 €;88;Leiria;House
9762;3-Bedroom;229 000,00 €;160;Leiria;House
9763;3-Bedroom;229 000,00 €;180;Leiria;House
9764;3-Bedroom;229 000,00 €;123;Leiria;House
9765;3-Bedroom;230 000,00 €;240;Leiria;House
9766;2-Bedroom;230 000,00 €;199;Leiria;House
9767;3-Bedroom;230 000,00 €;296;Leiria;House
9768;3-Bedroom;230 000,00 €;92;Leiria;House
9769;2-Bedroom;230 000,00 €;136;Leiria;House
9770;4-Bedroom;230 000,00 €;155;Leiria;House
9771;2-Bedroom;230 000,00 €;309;Leiria;House
9772;Apartment;230 000,00 €;56;Leiria;House
9773;Apartment;230 000,00 €;60;Leiria;House
9774;Apartment;230 000,00 €;54;Leiria;House
9775;5-Bedroom;230 000,00 €;143;Leiria;House
9776;1-Bedroom;230 000,00 €;75;Leiria;House
9777;3-Bedroom;232 500,00 €;156;Leiria;House
9778;3-Bedroom;232 500,00 €;156;Leiria;House
9779;1-Bedroom;233 900,00 €;84;Leiria;House
9780;1-Bedroom;233 900,00 €;78;Leiria;House
9781;1-Bedroom;233 900,00 €;78;Leiria;House
9782;1-Bedroom;233 900,00 €;84;Leiria;House
9783;1-Bedroom;233 900,00 €;76;Leiria;House
9784;1-Bedroom;233 900,00 €;76;Leiria;House
9785;1-Bedroom;233 900,00 €;73;Leiria;House
9786;2-Bedroom;235 000,00 €;128;Leiria;House
9787;2-Bedroom;235 000,00 €;164;Leiria;House
9788;2-Bedroom;235 000,00 €;84;Leiria;House
9789;2-Bedroom;235 000,00 €;113;Leiria;House
9790;1+1-Bedroom;236 550,00 €;81;Leiria;House
9791;1+1-Bedroom;236 550,00 €;81;Leiria;House
9792;2-Bedroom;239 000,00 €;155;Leiria;House
9793;Detached House;239 000,00 €;294;Leiria;House
9794;3-Bedroom;239 000,00 €;104;Leiria;House
9795;Apartment;240 000,00 €;125;Leiria;House
9796;3+1-Bedroom;240 000,00 €;123;Leiria;House
9797;Detached House;240 000,00 €;126;Leiria;House
9798;3-Bedroom;240 000,00 €;160;Leiria;House
9799;Detached House;240 000,00 €;126;Leiria;House
9800;3-Bedroom;240 000,00 €;125;Leiria;House
9801;1-Bedroom;240 000,00 €;66;Leiria;House
9802;2-Bedroom;240 000,00 €;156;Leiria;House
9803;3-Bedroom;244 900,00 €;156;Leiria;House
9804;4-Bedroom;245 000,00 €;129;Leiria;House
9805;6-Bedroom;245 000,00 €;330;Leiria;House
9806;2-Bedroom;245 000,00 €;137;Leiria;House
9807;Detached House;245 000,00 €;242;Leiria;House
9808;3-Bedroom;245 000,00 €;91;Leiria;House
9809;3-Bedroom;245 000,00 €;234;Leiria;House
9810;3-Bedroom;245 000,00 €;129;Leiria;House
9811;2-Bedroom;245 000,00 €;95;Leiria;House
9812;Apartment;245 000,00 €;55;Leiria;House
9813;6-Bedroom;245 000,00 €;330;Leiria;House
9814;2-Bedroom;247 500,00 €;126;Leiria;House
9815;2-Bedroom;249 000,00 €;96;Leiria;House
9816;3-Bedroom;249 000,00 €;189;Leiria;House
9817;4-Bedroom;249 000,00 €;160;Leiria;House
9818;2-Bedroom;249 000,00 €;99;Leiria;House
9819;3-Bedroom;249 000,00 €;439;Leiria;House
9820;4-Bedroom;249 000,00 €;200;Leiria;House
9821;10-Bedroom;249 500,00 €;800;Leiria;House
9822;2-Bedroom;249 800,00 €;141;Leiria;House
9823;Apartment;249 900,00 €;140;Leiria;House
9824;Detached House;250 000,00 €;127;Leiria;House
9825;3-Bedroom;250 000,00 €;220;Leiria;House
9826;2+1-Bedroom;250 000,00 €;98;Leiria;House
9827;Detached House;250 000,00 €;127;Leiria;House
9828;2-Bedroom;250 000,00 €;80;Leiria;House
9829;5-Bedroom;250 000,00 €;660;Leiria;House
9830;2+1-Bedroom;250 000,00 €;94;Leiria;House
9831;3-Bedroom;250 000,00 €;255;Leiria;House
9832;3-Bedroom;250 000,00 €;169;Leiria;House
9833;3-Bedroom;250 000,00 €;220;Leiria;House
9834;Apartment;250 000,00 €;64;Leiria;House
9835;Apartment;250 000,00 €;80;Leiria;House
9836;2-Bedroom;250 000,00 €;95;Leiria;House
9837;1-Bedroom;250 000,00 €;100;Leiria;House
9838;2-Bedroom;250 000,00 €;141;Leiria;House
9839;2-Bedroom;255 000,00 €;92;Leiria;House
9840;2-Bedroom;255 000,00 €;81;Leiria;House
9841;2-Bedroom;255 000,00 €;81;Leiria;House
9842;2-Bedroom;255 000,00 €;85;Leiria;House
9843;Detached House;255 000,00 €;275;Leiria;House
9844;3-Bedroom;255 000,00 €;188;Leiria;House
9845;2-Bedroom;259 000,00 €;85;Leiria;House
9846;7-Bedroom;259 000,00 €;235;Leiria;House
9847;4-Bedroom;259 500,00 €;180;Leiria;House
9848;4-Bedroom;260 000,00 €;124;Leiria;House
9849;2-Bedroom;260 000,00 €;181;Leiria;House
9850;5-Bedroom;260 000,00 €;197;Leiria;House
9851;2-Bedroom;262 500,00 €;92;Leiria;House
9852;2-Bedroom;262 500,00 €;93;Leiria;House
9853;3-Bedroom;264 000,00 €;360;Leiria;House
9854;3-Bedroom;265 000,00 €;288;Leiria;House
9855;3-Bedroom;265 000,00 €;138;Leiria;House
9856;2-Bedroom;265 000,00 €;96;Leiria;House
9857;2-Bedroom;265 000,00 €;117;Leiria;House
9858;3-Bedroom;265 000,00 €;115;Leiria;House
9859;T15;265 000,00 €;298;Leiria;House
9860;3-Bedroom;265 000,00 €;288;Leiria;House
9861;Studio;267 000,00 €;42;Leiria;House
9862;2-Bedroom;267 500,00 €;85;Leiria;House
9863;2-Bedroom;267 500,00 €;103;Leiria;House
9864;3-Bedroom;268 500,00 €;210;Leiria;House
9865;2-Bedroom;269 000,00 €;117;Leiria;House
9866;2-Bedroom;269 000,00 €;81;Leiria;House
9867;2-Bedroom;269 500,00 €;90;Leiria;House
9868;3-Bedroom;269 500,00 €;272;Leiria;House
9869;3-Bedroom;270 000,00 €;249;Leiria;House
9870;2-Bedroom;270 000,00 €;92;Leiria;House
9871;Detached House;270 000,00 €;434;Leiria;House
9872;3-Bedroom;270 000,00 €;125;Leiria;House
9873;Detached House;270 000,00 €;138;Leiria;House
9874;4-Bedroom;270 000,00 €;220;Leiria;House
9875;Apartment;270 000,00 €;101;Leiria;House
9876;Apartment;270 000,00 €;332;Leiria;House
9877;2-Bedroom;270 650,00 €;93;Leiria;House
9878;3-Bedroom;272 500,00 €;158;Leiria;House
9879;3-Bedroom;274 500,00 €;147;Leiria;House
9880;2-Bedroom;275 000,00 €;93;Leiria;House
9881;2-Bedroom;275 000,00 €;125;Leiria;House
9882;2-Bedroom;275 000,00 €;125;Leiria;House
9883;2-Bedroom;275 000,00 €;90;Leiria;House
9884;Detached House;275 000,00 €;185;Leiria;House
9885;2-Bedroom;275 000,00 €;96;Leiria;House
9886;Apartment;275 000,00 €;101;Leiria;House
9887;2-Bedroom;275 000,00 €;90;Leiria;House
9888;2-Bedroom;275 000,00 €;180;Leiria;House
9889;1-Bedroom;275 000,00 €;85;Leiria;House
9890;6-Bedroom;275 000,00 €;250;Leiria;House
9891;2-Bedroom;275 000,00 €;92;Leiria;House
9892;2-Bedroom;275 000,00 €;180;Leiria;House
9893;4-Bedroom;275 000,00 €;216;Leiria;House
9894;2-Bedroom;275 000,00 €;100;Leiria;House
9895;3-Bedroom;279 000,00 €;347;Leiria;House
9896;3-Bedroom;279 000,00 €;166;Leiria;House
9897;2-Bedroom;279 000,00 €;120;Leiria;House
9898;Apartment;279 000,00 €;215;Leiria;House
9899;3-Bedroom;279 500,00 €;112;Leiria;House
9900;3-Bedroom;279 500,00 €;258;Leiria;House
9901;2+2-Bedroom;280 000,00 €;81;Leiria;House
9902;3-Bedroom;280 000,00 €;390;Leiria;House
9903;1-Bedroom;280 000,00 €;83;Leiria;House
9904;3-Bedroom;280 000,00 €;390;Leiria;House
9905;3-Bedroom;280 000,00 €;96;Leiria;House
9906;2-Bedroom;280 000,00 €;115;Leiria;House
9907;4-Bedroom;280 000,00 €;214;Leiria;House
9908;4-Bedroom;280 000,00 €;143;Leiria;House
9909;1-Bedroom;280 000,00 €;71;Leiria;House
9910;3-Bedroom;280 000,00 €;137;Leiria;House
9911;Detached House;280 000,00 €;214;Leiria;House
9912;3-Bedroom;280 000,00 €;390;Leiria;House
9913;Detached House;280 000,00 €;145;Leiria;House
9914;2-Bedroom;280 000,00 €;145;Leiria;House
9915;2+2-Bedroom;280 000,00 €;81;Leiria;House
9916;2-Bedroom;282 500,00 €;93;Leiria;House
9917;3-Bedroom;283 000,00 €;320;Leiria;House
9918;2-Bedroom;285 000,00 €;96;Leiria;House
9919;3-Bedroom;285 000,00 €;250;Leiria;House
9920;2-Bedroom;285 000,00 €;220;Leiria;House
9921;3-Bedroom;285 000,00 €;118;Leiria;House
9922;3-Bedroom;285 000,00 €;250;Leiria;House
9923;4-Bedroom;285 000,00 €;155;Leiria;House
9924;3-Bedroom;285 000,00 €;327;Leiria;House
9925;2-Bedroom;285 000,00 €;90;Leiria;House
9926;1-Bedroom;285 000,00 €;75;Leiria;House
9927;2-Bedroom;286 925,00 €;93;Leiria;House
9928;2-Bedroom;286 925,00 €;93;Leiria;House
9929;2-Bedroom;286 925,00 €;93;Leiria;House
9930;2-Bedroom;286 925,00 €;93;Leiria;House
9931;4-Bedroom;287 000,00 €;208;Leiria;House
9932;Detached House;288 000,00 €;2.480;Leiria;House
9933;3-Bedroom;288 000,00 €;224;Leiria;House
9934;3-Bedroom;289 000,00 €;117;Leiria;House
9935;Detached House;289 000,00 €;185;Leiria;House
9936;1+1-Bedroom;289 000,00 €;55;Leiria;House
9937;4-Bedroom;289 000,00 €;215;Leiria;House
9938;3-Bedroom;289 000,00 €;208;Leiria;House
9939;4-Bedroom;289 500,00 €;260;Leiria;House
9940;3-Bedroom;289 500,00 €;110;Leiria;House
9941;3-Bedroom;289 500,00 €;86;Leiria;House
9942;4-Bedroom;290 000,00 €;188;Leiria;House
9943;4-Bedroom;290 000,00 €;314;Leiria;House
9944;2-Bedroom;290 000,00 €;100;Leiria;House
9945;2-Bedroom;290 000,00 €;67;Leiria;House
9946;3-Bedroom;290 000,00 €;157;Leiria;House
9947;5-Bedroom;290 000,00 €;569;Leiria;House
9948;Apartment;290 000,00 €;94;Leiria;House
9949;2-Bedroom;290 000,00 €;228;Leiria;House
9950;5-Bedroom;290 000,00 €;194;Leiria;House
9951;4-Bedroom;290 000,00 €;188;Leiria;House
9952;2-Bedroom;292 500,00 €;103;Leiria;House
9953;3-Bedroom;293 000,00 €;199;Leiria;House
9954;3-Bedroom;293 000,00 €;255;Leiria;House
9955;3-Bedroom;293 000,00 €;199;Leiria;House
9956;2-Bedroom;295 000,00 €;114;Leiria;House
9957;3-Bedroom;295 000,00 €;214;Leiria;House
9958;2-Bedroom;295 000,00 €;122;Leiria;House
9959;2-Bedroom;295 000,00 €;169;Leiria;House
9960;2-Bedroom;295 000,00 €;188;Leiria;House
9961;2-Bedroom;295 000,00 €;116;Leiria;House
9962;2-Bedroom;295 000,00 €;106;Leiria;House
9963;3-Bedroom;295 000,00 €;168;Leiria;House
9964;1-Bedroom;295 000,00 €;68;Leiria;House
9965;2-Bedroom;295 000,00 €;169;Leiria;House
9966;4-Bedroom;295 000,00 €;533;Leiria;House
9967;3-Bedroom;295 000,00 €;149;Leiria;House
9968;2-Bedroom;295 000,00 €;90;Leiria;House
9969;1-Bedroom;295 000,00 €;50;Leiria;House
9970;3-Bedroom;295 000,00 €;168;Leiria;House
9971;2-Bedroom;295 000,00 €;125;Leiria;House
9972;3-Bedroom;296 000,00 €;204;Leiria;House
9973;3-Bedroom;297 000,00 €;143;Leiria;House
9974;3+1-Bedroom;297 000,00 €;143;Leiria;House
9975;3+1-Bedroom;297 000,00 €;143;Leiria;House
9976;3-Bedroom;297 000,00 €;143;Leiria;House
9977;2-Bedroom;297 000,00 €;270;Leiria;House
9978;3-Bedroom;297 000,00 €;143;Leiria;House
9979;3-Bedroom;297 500,00 €;257;Leiria;House
9980;4-Bedroom;298 500,00 €;171;Leiria;House
9981;4-Bedroom;299 000,00 €;228;Leiria;House
9982;3-Bedroom;299 000,00 €;155;Leiria;House
9983;2-Bedroom;299 000,00 €;130;Leiria;House
9984;3-Bedroom;299 000,00 €;153;Leiria;House
9985;3-Bedroom;299 900,00 €;310;Leiria;House
9986;3-Bedroom;299 900,00 €;310;Leiria;House
9987;2-Bedroom;299 900,00 €;85;Leiria;House
9988;Detached House;299 900,00 €;112;Leiria;House
9989;5-Bedroom;300 000,00 €;214;Leiria;House
9990;2-Bedroom;300 000,00 €;125;Leiria;House
9991;3-Bedroom;300 000,00 €;290;Leiria;House
9992;7-Bedroom;300 000,00 €;526;Leiria;House
9993;5-Bedroom;300 000,00 €;1.022;Leiria;House
9994;6-Bedroom;300 000,00 €;300;Leiria;House
9995;4-Bedroom;300 000,00 €;691;Leiria;House
9996;3-Bedroom;300 000,00 €;158;Leiria;House
9997;5-Bedroom;300 000,00 €;214;Leiria;House
9998;3-Bedroom;302 000,00 €;213;Leiria;House
9999;4-Bedroom;305 000,00 €;258;Leiria;House
10000;3-Bedroom;305 000,00 €;199;Leiria;House
10001;1-Bedroom;310 000,00 €;68;Leiria;House
10002;4-Bedroom;310 000,00 €;336;Leiria;House
10003;3-Bedroom;310 000,00 €;278;Leiria;House
10004;1-Bedroom;310 000,00 €;56;Leiria;House
10005;1-Bedroom;310 000,00 €;50;Leiria;House
10006;4-Bedroom;310 000,00 €;163;Leiria;House
10007;1-Bedroom;310 000,00 €;50;Leiria;House
10008;1-Bedroom;310 000,00 €;56;Leiria;House
10009;4-Bedroom;313 000,00 €;317;Leiria;House
10010;Studio;313 000,00 €;191;Leiria;House
10011;4-Bedroom;313 000,00 €;192;Leiria;House
10012;5-Bedroom;313 000,00 €;270;Leiria;House
10013;4-Bedroom;313 000,00 €;192;Leiria;House
10014;Apartment;313 500,00 €;101;Leiria;House
10015;3-Bedroom;314 000,00 €;96;Leiria;House
10016;2-Bedroom;314 000,00 €;95;Leiria;House
10017;3-Bedroom;315 000,00 €;199;Leiria;House
10018;3-Bedroom;315 000,00 €;238;Leiria;House
10019;4-Bedroom;315 000,00 €;115;Leiria;House
10020;4-Bedroom;315 000,00 €;276;Leiria;House
10021;2-Bedroom;315 000,00 €;229;Leiria;House
10022;4-Bedroom;315 000,00 €;115;Leiria;House
10023;3-Bedroom;315 000,00 €;137;Leiria;House
10024;2-Bedroom;315 000,00 €;130;Leiria;House
10025;4-Bedroom;315 000,00 €;76;Leiria;House
10026;1-Bedroom;315 000,00 €;50;Leiria;House
10027;3-Bedroom;315 000,00 €;104;Leiria;House
10028;3-Bedroom;315 000,00 €;183;Leiria;House
10029;3-Bedroom;315 000,00 €;238;Leiria;House
10030;3-Bedroom;317 500,00 €;198;Leiria;House
10031;2-Bedroom;319 000,00 €;95;Leiria;House
10032;4-Bedroom;320 000,00 €;212;Leiria;House
10033;2-Bedroom;320 000,00 €;125;Leiria;House
10034;7-Bedroom;320 000,00 €;216;Leiria;House
10035;2-Bedroom;320 000,00 €;125;Leiria;House
10036;3-Bedroom;320 000,00 €;1.588;Leiria;House
10037;Detached House;320 000,00 €;230;Leiria;House
10038;3-Bedroom;320 000,00 €;310;Leiria;House
10039;3-Bedroom;320 000,00 €;222;Leiria;House
10040;4-Bedroom;320 000,00 €;263;Leiria;House
10041;4-Bedroom;320 000,00 €;150;Leiria;House
10042;3-Bedroom;320 000,00 €;314;Leiria;House
10043;4-Bedroom;320 000,00 €;161;Leiria;House
10044;3-Bedroom;320 000,00 €;271;Leiria;House
10045;Apartment;320 000,00 €;150;Leiria;House
10046;4-Bedroom;324 000,00 €;342;Leiria;House
10047;3-Bedroom;325 000,00 €;204;Leiria;House
10048;4-Bedroom;325 000,00 €;222;Leiria;House
10049;2-Bedroom;325 000,00 €;230;Leiria;House
10050;3-Bedroom;325 000,00 €;345;Leiria;House
10051;4-Bedroom;325 000,00 €;222;Leiria;House
10052;3-Bedroom;325 000,00 €;217;Leiria;House
10053;4-Bedroom;325 000,00 €;339;Leiria;House
10054;4-Bedroom;325 000,00 €;160;Leiria;House
10055;3-Bedroom;325 000,00 €;266;Leiria;House
10056;3-Bedroom;325 000,00 €;104;Leiria;House
10057;4-Bedroom;325 000,00 €;400;Leiria;House
10058;3-Bedroom;325 000,00 €;177;Leiria;House
10059;3-Bedroom;328 000,00 €;231;Leiria;House
10060;3-Bedroom;328 000,00 €;300;Leiria;House
10061;3-Bedroom;328 500,00 €;196;Leiria;House
10062;5-Bedroom;328 500,00 €;273;Leiria;House
10063;Detached House;328 500,00 €;273;Leiria;House
10064;2-Bedroom;329 000,00 €;100;Leiria;House
10065;3-Bedroom;329 000,00 €;210;Leiria;House
10066;2-Bedroom;330 000,00 €;87;Leiria;House
10067;3-Bedroom;330 000,00 €;205;Leiria;House
10068;Detached House;330 000,00 €;185;Leiria;House
10069;3-Bedroom;330 000,00 €;208;Leiria;House
10070;5-Bedroom;330 000,00 €;197;Leiria;House
10071;3-Bedroom;330 000,00 €;262;Leiria;House
10072;2-Bedroom;330 000,00 €;89;Leiria;House
10073;2+1-Bedroom;330 000,00 €;170;Leiria;House
10074;3-Bedroom;330 000,00 €;204;Leiria;House
10075;2-Bedroom;330 000,00 €;143;Leiria;House
10076;2-Bedroom;330 000,00 €;89;Leiria;House
10077;2+1-Bedroom;330 000,00 €;170;Leiria;House
10078;3-Bedroom;330 000,00 €;179;Leiria;House
10079;3-Bedroom;330 000,00 €;125;Leiria;House
10080;3-Bedroom;330 000,00 €;200;Leiria;House
10081;3-Bedroom;330 000,00 €;179;Leiria;House
10082;2-Bedroom;330 000,00 €;87;Leiria;House
10083;3-Bedroom;335 000,00 €;221;Leiria;House
10084;3-Bedroom;335 000,00 €;126;Leiria;House
10085;1-Bedroom;335 000,00 €;63;Leiria;House
10086;2-Bedroom;335 000,00 €;102;Leiria;House
10087;2-Bedroom;335 000,00 €;135;Leiria;House
10088;2-Bedroom;335 000,00 €;101;Leiria;House
10089;3-Bedroom;337 000,00 €;106;Leiria;House
10090;3-Bedroom;337 000,00 €;103;Leiria;House
10091;3-Bedroom;339 000,00 €;412;Leiria;House
10092;3-Bedroom;339 000,00 €;115;Leiria;House
10093;5-Bedroom;340 000,00 €;169;Leiria;House
10094;3-Bedroom;340 000,00 €;243;Leiria;House
10095;4-Bedroom;340 000,00 €;318;Leiria;House
10096;Detached House;341 000,00 €;276;Leiria;House
10097;Apartment;344 680,00 €;131;Leiria;House
10098;2-Bedroom;345 000,00 €;74;Leiria;House
10099;3-Bedroom;345 000,00 €;557;Leiria;House
10100;2-Bedroom;345 000,00 €;83;Leiria;House
10101;4-Bedroom;345 000,00 €;240;Leiria;House
10102;3-Bedroom;345 000,00 €;348;Leiria;House
10103;2-Bedroom;345 000,00 €;74;Leiria;House
10104;3-Bedroom;349 000,00 €;169;Leiria;House
10105;4-Bedroom;349 000,00 €;290;Leiria;House
10106;3-Bedroom;349 000,00 €;179;Leiria;House
10107;5-Bedroom;349 000,00 €;279;Leiria;House
10108;5-Bedroom;349 000,00 €;249;Leiria;House
10109;4-Bedroom;349 000,00 €;179;Leiria;House
10110;3-Bedroom;349 000,00 €;131;Leiria;House
10111;3-Bedroom;349 900,00 €;233;Leiria;House
10112;2-Bedroom;350 000,00 €;251;Leiria;House
10113;2+1-Bedroom;350 000,00 €;79;Leiria;House
10114;Detached House;350 000,00 €;339;Leiria;House
10115;4-Bedroom;350 000,00 €;230;Leiria;House
10116;3-Bedroom;350 000,00 €;228;Leiria;House
10117;3-Bedroom;350 000,00 €;270;Leiria;House
10118;2-Bedroom;350 000,00 €;104;Leiria;House
10119;2-Bedroom;350 000,00 €;150;Leiria;House
10120;2-Bedroom;350 000,00 €;150;Leiria;House
10121;1-Bedroom;350 000,00 €;64;Leiria;House
10122;6-Bedroom;350 000,00 €;340;Leiria;House
10123;5-Bedroom;350 000,00 €;183;Leiria;House
10124;3-Bedroom;350 000,00 €;195;Leiria;House
10125;2-Bedroom;350 000,00 €;72;Leiria;House
10126;4-Bedroom;350 000,00 €;164;Leiria;House
10127;1-Bedroom;350 000,00 €;68;Leiria;House
10128;5-Bedroom;350 000,00 €;2.629;Leiria;House
10129;4-Bedroom;350 000,00 €;270;Leiria;House
10130;1-Bedroom;350 000,00 €;70;Leiria;House
10131;3-Bedroom;350 000,00 €;206;Leiria;House
10132;1-Bedroom;350 000,00 €;56;Leiria;House
10133;3-Bedroom;350 000,00 €;128;Leiria;House
10134;4-Bedroom;350 000,00 €;197;Leiria;House
10135;3-Bedroom;355 000,00 €;272;Leiria;House
10136;2-Bedroom;355 000,00 €;137;Leiria;House
10137;Detached House;355 000,00 €;173;Leiria;House
10138;Detached House;355 000,00 €;173;Leiria;House
10139;Detached House;355 000,00 €;173;Leiria;House
10140;Detached House;355 000,00 €;173;Leiria;House
10141;Detached House;355 000,00 €;173;Leiria;House
10142;Detached House;355 000,00 €;173;Leiria;House
10143;Detached House;355 000,00 €;173;Leiria;House
10144;2-Bedroom;355 000,00 €;132;Leiria;House
10145;3-Bedroom;355 000,00 €;160;Leiria;House
10146;4-Bedroom;355 000,00 €;197;Leiria;House
10147;3-Bedroom;355 000,00 €;243;Leiria;House
10148;2-Bedroom;355 000,00 €;116;Leiria;House
10149;3-Bedroom;355 000,00 €;272;Leiria;House
10150;3+2-Bedroom;357 000,00 €;334;Leiria;House
10151;3-Bedroom;359 000,00 €;182;Leiria;House
10152;3+1-Bedroom;359 000,00 €;181;Leiria;House
10153;4-Bedroom;360 000,00 €;200;Leiria;House
10154;3-Bedroom;360 000,00 €;229;Leiria;House
10155;11-Bedroom;360 000,00 €;880;Leiria;House
10156;4-Bedroom;360 000,00 €;180;Leiria;House
10157;4-Bedroom;360 000,00 €;180;Leiria;House
10158;5-Bedroom;360 000,00 €;312;Leiria;House
10159;3-Bedroom;360 000,00 €;189;Leiria;House
10160;4-Bedroom;360 000,00 €;196;Leiria;House
10161;8-Bedroom;360 000,00 €;838;Leiria;House
10162;4-Bedroom;360 000,00 €;161;Leiria;House
10163;3-Bedroom;360 000,00 €;213;Leiria;House
10164;Apartment;360 000,00 €;162;Leiria;House
10165;Detached House;361 000,00 €;284;Leiria;House
10166;3-Bedroom;365 000,00 €;142;Leiria;House
10167;2-Bedroom;365 000,00 €;88;Leiria;House
10168;2-Bedroom;365 000,00 €;106;Leiria;House
10169;2-Bedroom;365 000,00 €;101;Leiria;House
10170;3-Bedroom;365 000,00 €;320;Leiria;House
10171;2-Bedroom;365 000,00 €;74;Leiria;House
10172;4-Bedroom;365 000,00 €;197;Leiria;House
10173;2-Bedroom;365 000,00 €;106;Leiria;House
10174;3-Bedroom;369 000,00 €;152;Leiria;House
10175;3-Bedroom;369 900,00 €;177;Leiria;House
10176;3-Bedroom;370 000,00 €;175;Leiria;House
10177;3-Bedroom;370 000,00 €;175;Leiria;House
10178;Detached House;370 000,00 €;137;Leiria;House
10179;3-Bedroom;370 000,00 €;160;Leiria;House
10180;Mill;370 000,00 €;6.100;Leiria;House
10181;Detached House;370 000,00 €;196;Leiria;House
10182;4-Bedroom;370 000,00 €;388;Leiria;House
10183;Mill;370 000,00 €;6.100;Leiria;House
10184;4-Bedroom;370 000,00 €;195;Leiria;House
10185;Detached House;370 000,00 €;196;Leiria;House
10186;3-Bedroom;370 000,00 €;152;Leiria;House
10187;3+1-Bedroom;370 000,00 €;367;Leiria;House
10188;2-Bedroom;370 000,00 €;69;Leiria;House
10189;3-Bedroom;370 000,00 €;152;Leiria;House
10190;3-Bedroom;370 000,00 €;239;Leiria;House
10191;3-Bedroom;370 000,00 €;175;Leiria;House
10192;3-Bedroom;370 000,00 €;288;Leiria;House
10193;3-Bedroom;370 000,00 €;158;Leiria;House
10194;4-Bedroom;370 000,00 €;322;Leiria;House
10195;3-Bedroom;370 000,00 €;182;Leiria;House
10196;5-Bedroom;370 000,00 €;443;Leiria;House
10197;3-Bedroom;370 000,00 €;160;Leiria;House
10198;3-Bedroom;370 000,00 €;175;Leiria;House
10199;4-Bedroom;375 000,00 €;274;Leiria;House
10200;2-Bedroom;375 000,00 €;120;Leiria;House
10201;2-Bedroom;375 000,00 €;74;Leiria;House
10202;2-Bedroom;375 000,00 €;74;Leiria;House
10203;2-Bedroom;375 000,00 €;120;Leiria;House
10204;3-Bedroom;375 000,00 €;166;Leiria;House
10205;4-Bedroom;375 000,00 €;274;Leiria;House
10206;4-Bedroom;375 000,00 €;232;Leiria;House
10207;2-Bedroom;375 000,00 €;94;Leiria;House
10208;4-Bedroom;375 000,00 €;232;Leiria;House
10209;4-Bedroom;375 000,00 €;274;Leiria;House
10210;4-Bedroom;375 000,00 €;274;Leiria;House
10211;4-Bedroom;375 000,00 €;335;Leiria;House
10212;4-Bedroom;375 000,00 €;356;Leiria;House
10213;4-Bedroom;375 000,00 €;274;Leiria;House
10214;4-Bedroom;375 000,00 €;274;Leiria;House
10215;3-Bedroom;375 000,00 €;222;Leiria;House
10216;2-Bedroom;375 000,00 €;171;Leiria;House
10217;3-Bedroom;375 000,00 €;119;Leiria;House
10218;4-Bedroom;375 000,00 €;183;Leiria;House
10219;4-Bedroom;375 000,00 €;274;Leiria;House
10220;2-Bedroom;375 000,00 €;150;Leiria;House
10221;2-Bedroom;375 000,00 €;94;Leiria;House
10222;4-Bedroom;375 000,00 €;274;Leiria;House
10223;3-Bedroom;375 000,00 €;207;Leiria;House
10224;4-Bedroom;375 000,00 €;340;Leiria;House
10225;2-Bedroom;378 000,00 €;91;Leiria;House
10226;2-Bedroom;378 000,00 €;91;Leiria;House
10227;7-Bedroom;379 000,00 €;358;Leiria;House
10228;3-Bedroom;379 000,00 €;121;Leiria;House
10229;2-Bedroom;380 000,00 €;89;Leiria;House
10230;3-Bedroom;380 000,00 €;488;Leiria;House
10231;3-Bedroom;380 000,00 €;305;Leiria;House
10232;2-Bedroom;380 000,00 €;75;Leiria;House
10233;3-Bedroom;380 000,00 €;123;Leiria;House
10234;3-Bedroom;380 000,00 €;200;Leiria;House
10235;3-Bedroom;380 000,00 €;488;Leiria;House
10236;Studio;380 000,00 €;89;Leiria;House
10237;4-Bedroom;380 000,00 €;330;Leiria;House
10238;3-Bedroom;380 000,00 €;267;Leiria;House
10239;2-Bedroom;380 000,00 €;89;Leiria;House
10240;3-Bedroom;380 000,00 €;169;Leiria;House
10241;5-Bedroom;380 000,00 €;460;Leiria;House
10242;2-Bedroom;383 000,00 €;91;Leiria;House
10243;2-Bedroom;383 000,00 €;95;Leiria;House
10244;2-Bedroom;383 000,00 €;91;Leiria;House
10245;2-Bedroom;383 000,00 €;95;Leiria;House
10246;2-Bedroom;383 000,00 €;81;Leiria;House
10247;2-Bedroom;383 000,00 €;80;Leiria;House
10248;7-Bedroom;385 000,00 €;634;Leiria;House
10249;3-Bedroom;385 000,00 €;243;Leiria;House
10250;3-Bedroom;385 000,00 €;169;Leiria;House
10251;4-Bedroom;385 000,00 €;274;Leiria;House
10252;4-Bedroom;385 000,00 €;164;Leiria;House
10253;4-Bedroom;385 000,00 €;232;Leiria;House
10254;3-Bedroom;385 000,00 €;315;Leiria;House
10255;3-Bedroom;385 000,00 €;176;Leiria;House
10256;7-Bedroom;385 000,00 €;635;Leiria;House
10257;8-Bedroom;385 000,00 €;378;Leiria;House
10258;7-Bedroom;385 000,00 €;372;Leiria;House
10259;7-Bedroom;385 000,00 €;635;Leiria;House
10260;7-Bedroom;385 000,00 €;633;Leiria;House
10261;6+1-Bedroom;385 000,00 €;635;Leiria;House
10262;7-Bedroom;385 000,00 €;634;Leiria;House
10263;7-Bedroom;385 000,00 €;635;Leiria;House
10264;3-Bedroom;385 000,00 €;169;Leiria;House
10265;7-Bedroom;385 000,00 €;635;Leiria;House
10266;3-Bedroom;385 000,00 €;499;Leiria;House
10267;7-Bedroom;385 000,00 €;372;Leiria;House
10268;4-Bedroom;385 000,00 €;231;Leiria;House
10269;3-Bedroom;385 000,00 €;169;Leiria;House
10270;Apartment;385 000,00 €;169;Leiria;House
10271;4-Bedroom;385 000,00 €;223;Leiria;House
10272;6-Bedroom;385 000,00 €;372;Leiria;House
10273;7-Bedroom;385 000,00 €;634;Leiria;House
10274;7-Bedroom;385 000,00 €;635;Leiria;House
10275;7-Bedroom;385 000,00 €;373;Leiria;House
10276;6-Bedroom;385 000,00 €;309;Leiria;House
10277;3-Bedroom;385 000,00 €;169;Leiria;House
10278;7-Bedroom;385 000,00 €;635;Leiria;House
10279;2-Bedroom;387 000,00 €;99;Leiria;House
10280;4-Bedroom;387 000,00 €;524;Leiria;House
10281;4-Bedroom;389 000,00 €;370;Leiria;House
10282;5-Bedroom;389 000,00 €;184;Leiria;House
10283;Detached House;389 500,00 €;260;Leiria;House
10284;4-Bedroom;390 000,00 €;168;Leiria;House
10285;3-Bedroom;390 000,00 €;206;Leiria;House
10286;4-Bedroom;390 000,00 €;454;Leiria;House
10287;4-Bedroom;390 000,00 €;284;Leiria;House
10288;3-Bedroom;390 000,00 €;128;Leiria;House
10289;3-Bedroom;390 000,00 €;255;Leiria;House
10290;3-Bedroom;390 000,00 €;128;Leiria;House
10291;4-Bedroom;390 000,00 €;168;Leiria;House
10292;5-Bedroom;390 000,00 €;341;Leiria;House
10293;3-Bedroom;390 000,00 €;298;Leiria;House
10294;1-Bedroom;390 000,00 €;65;Leiria;House
10295;1-Bedroom;390 000,00 €;65;Leiria;House
10296;1-Bedroom;390 000,00 €;65;Leiria;House
10297;4-Bedroom;390 000,00 €;168;Leiria;House
10298;1-Bedroom;390 000,00 €;65;Leiria;House
10299;1-Bedroom;390 000,00 €;103;Leiria;House
10300;3-Bedroom;390 000,00 €;226;Leiria;House
10301;4-Bedroom;390 000,00 €;284;Leiria;House
10302;4-Bedroom;390 000,00 €;284;Leiria;House
10303;4-Bedroom;394 000,00 €;201;Leiria;House
10304;4-Bedroom;395 000,00 €;162;Leiria;House
10305;Detached House;395 000,00 €;224;Leiria;House
10306;3-Bedroom;395 000,00 €;124;Leiria;House
10307;7-Bedroom;395 000,00 €;373;Leiria;House
10308;4-Bedroom;395 000,00 €;339;Leiria;House
10309;3-Bedroom;395 000,00 €;214;Leiria;House
10310;5-Bedroom;395 000,00 €;131;Leiria;House
10311;3-Bedroom;395 000,00 €;174;Leiria;House
10312;3-Bedroom;395 000,00 €;135;Leiria;House
10313;4-Bedroom;395 000,00 €;360;Leiria;House
10314;3-Bedroom;395 000,00 €;170;Leiria;House
10315;4+1-Bedroom;395 000,00 €;608;Leiria;House
10316;3-Bedroom;395 000,00 €;149;Leiria;House
10317;7-Bedroom;395 000,00 €;634;Leiria;House
10318;3-Bedroom;395 000,00 €;289;Leiria;House
10319;1+1-Bedroom;395 000,00 €;193;Leiria;House
10320;5-Bedroom;395 000,00 €;330;Leiria;House
10321;5-Bedroom;395 000,00 €;184;Leiria;House
10322;4-Bedroom;395 000,00 €;206;Leiria;House
10323;3-Bedroom;395 000,00 €;170;Leiria;House
10324;5-Bedroom;395 000,00 €;270;Leiria;House
10325;3-Bedroom;397 500,00 €;146;Leiria;House
10326;4-Bedroom;398 000,00 €;214;Leiria;House
10327;Detached House;399 000,00 €;299;Leiria;House
10328;3-Bedroom;399 000,00 €;151;Leiria;House
10329;3-Bedroom;399 000,00 €;199;Leiria;House
10330;4-Bedroom;399 000,00 €;281;Leiria;House
10331;Detached House;399 900,00 €;260;Leiria;House
10332;4-Bedroom;400 000,00 €;306;Leiria;House
10333;3-Bedroom;400 000,00 €;225;Leiria;House
10334;3-Bedroom;400 000,00 €;225;Leiria;House
10335;3-Bedroom;400 000,00 €;200;Leiria;House
10336;3-Bedroom;400 000,00 €;200;Leiria;House
10337;3-Bedroom;400 000,00 €;201;Leiria;House
10338;3-Bedroom;400 000,00 €;314;Leiria;House
10339;3-Bedroom;400 000,00 €;197;Leiria;House
10340;4-Bedroom;400 000,00 €;165;Leiria;House
10341;Apartment;400 000,00 €;197;Leiria;House
10342;3-Bedroom;400 000,00 €;152;Leiria;House
10343;2-Bedroom;405 000,00 €;79;Leiria;House
10344;3-Bedroom;405 000,00 €;207;Leiria;House
10345;3-Bedroom;405 000,00 €;206;Leiria;House
10346;Detached House;405 000,00 €;309;Leiria;House
10347;2-Bedroom;405 000,00 €;87;Leiria;House
10348;4-Bedroom;410 000,00 €;400;Leiria;House
10349;2-Bedroom;410 000,00 €;123;Leiria;House
10350;2-Bedroom;410 000,00 €;123;Leiria;House
10351;4-Bedroom;410 000,00 €;400;Leiria;House
10352;4-Bedroom;410 000,00 €;290;Leiria;House
10353;4-Bedroom;413 600,00 €;894;Leiria;House
10354;4-Bedroom;413 600,00 €;894;Leiria;House
10355;4-Bedroom;413 600,00 €;894;Leiria;House
10356;7-Bedroom;415 000,00 €;310;Leiria;House
10357;4-Bedroom;415 000,00 €;234;Leiria;House
10358;3-Bedroom;415 000,00 €;171;Leiria;House
10359;3+1-Bedroom;415 000,00 €;144;Leiria;House
10360;2-Bedroom;415 000,00 €;115;Leiria;House
10361;3-Bedroom;415 000,00 €;151;Leiria;House
10362;2-Bedroom;420 000,00 €;189;Leiria;House
10363;2-Bedroom;420 000,00 €;85;Leiria;House
10364;4-Bedroom;420 000,00 €;370;Leiria;House
10365;3+1-Bedroom;420 000,00 €;246;Leiria;House
10366;2-Bedroom;420 000,00 €;85;Leiria;House
10367;4-Bedroom;420 000,00 €;370;Leiria;House
10368;2-Bedroom;420 000,00 €;70;Leiria;House
10369;2-Bedroom;420 000,00 €;102;Leiria;House
10370;3-Bedroom;420 000,00 €;137;Leiria;House
10371;5-Bedroom;420 000,00 €;542;Leiria;House
10372;1-Bedroom;420 000,00 €;65;Leiria;House
10373;3-Bedroom;422 000,00 €;228;Leiria;House
10374;3-Bedroom;422 000,00 €;228;Leiria;House
10375;3-Bedroom;423 000,00 €;200;Leiria;House
10376;7-Bedroom;425 000,00 €;645;Leiria;House
10377;3-Bedroom;425 000,00 €;165;Leiria;House
10378;7-Bedroom;425 000,00 €;644;Leiria;House
10379;6-Bedroom;425 000,00 €;128;Leiria;House
10380;Detached House;425 000,00 €;201;Leiria;House
10381;2-Bedroom;425 000,00 €;85;Leiria;House
10382;6-Bedroom;425 000,00 €;110;Leiria;House
10383;3-Bedroom;425 000,00 €;460;Leiria;House
10384;1-Bedroom;425 000,00 €;66;Leiria;House
10385;Detached House;425 000,00 €;460;Leiria;House
10386;3-Bedroom;425 000,00 €;460;Leiria;House
10387;1-Bedroom;425 000,00 €;66;Leiria;House
10388;2-Bedroom;427 000,00 €;212;Leiria;House
10389;2-Bedroom;427 000,00 €;97;Leiria;House
10390;4-Bedroom;429 000,00 €;212;Leiria;House
10391;4-Bedroom;429 000,00 €;209;Leiria;House
10392;4-Bedroom;429 000,00 €;212;Leiria;House
10393;4-Bedroom;429 000,00 €;212;Leiria;House
10394;3-Bedroom;430 000,00 €;240;Leiria;House
10395;3-Bedroom;430 000,00 €;203;Leiria;House
10396;4-Bedroom;430 000,00 €;180;Leiria;House
10397;4-Bedroom;430 000,00 €;180;Leiria;House
10398;4-Bedroom;430 000,00 €;139;Leiria;House
10399;3-Bedroom;430 000,00 €;255;Leiria;House
10400;4-Bedroom;430 000,00 €;240;Leiria;House
10401;4-Bedroom;430 000,00 €;300;Leiria;House
10402;3-Bedroom;435 000,00 €;165;Leiria;House
10403;Detached House;435 000,00 €;175;Leiria;House
10404;4-Bedroom;435 000,00 €;150;Leiria;House
10405;5-Bedroom;435 000,00 €;420;Leiria;House
10406;5-Bedroom;437 500,00 €;246;Leiria;House
10407;5-Bedroom;437 500,00 €;246;Leiria;House
10408;3-Bedroom;439 000,00 €;218;Leiria;House
10409;3-Bedroom;439 000,00 €;218;Leiria;House
10410;5-Bedroom;440 000,00 €;694;Leiria;House
10411;5-Bedroom;440 000,00 €;694;Leiria;House
10412;5-Bedroom;440 000,00 €;258;Leiria;House
10413;5-Bedroom;440 000,00 €;415;Leiria;House
10414;4-Bedroom;440 000,00 €;479;Leiria;House
10415;6-Bedroom;440 000,00 €;454;Leiria;House
10416;3-Bedroom;445 000,00 €;127;Leiria;House
10417;3-Bedroom;445 000,00 €;171;Leiria;House
10418;3-Bedroom;445 000,00 €;169;Leiria;House
10419;3-Bedroom;445 000,00 €;260;Leiria;House
10420;Detached House;445 000,00 €;284;Leiria;House
10421;3-Bedroom;445 000,00 €;127;Leiria;House
10422;3-Bedroom;445 000,00 €;279;Leiria;House
10423;3-Bedroom;445 000,00 €;279;Leiria;House
10424;4-Bedroom;445 000,00 €;233;Leiria;House
10425;3-Bedroom;445 000,00 €;279;Leiria;House
10426;3-Bedroom;445 000,00 €;279;Leiria;House
10427;4-Bedroom;448 000,00 €;339;Leiria;House
10428;Detached House;449 000,00 €;180;Leiria;House
10429;3-Bedroom;449 000,00 €;323;Leiria;House
10430;Detached House;449 000,00 €;179;Leiria;House
10431;Detached House;449 500,00 €;340;Leiria;House
10432;2-Bedroom;450 000,00 €;200;Leiria;House
10433;3-Bedroom;450 000,00 €;165;Leiria;House
10434;3+1-Bedroom;450 000,00 €;235;Leiria;House
10435;4-Bedroom;450 000,00 €;683;Leiria;House
10436;4-Bedroom;450 000,00 €;352;Leiria;House
10437;4-Bedroom;450 000,00 €;352;Leiria;House
10438;3-Bedroom;450 000,00 €;168;Leiria;House
10439;1-Bedroom;450 000,00 €;65;Leiria;House
10440;2-Bedroom;450 000,00 €;82;Leiria;House
10441;3-Bedroom;450 000,00 €;247;Leiria;House
10442;3-Bedroom;450 000,00 €;168;Leiria;House
10443;4-Bedroom;450 000,00 €;264;Leiria;House
10444;2-Bedroom;450 000,00 €;98;Leiria;House
10445;4-Bedroom;450 000,00 €;226;Leiria;House
10446;6-Bedroom;450 000,00 €;228;Leiria;House
10447;4-Bedroom;450 000,00 €;240;Leiria;House
10448;4-Bedroom;450 000,00 €;241;Leiria;House
10449;4-Bedroom;450 000,00 €;249;Leiria;House
10450;4-Bedroom;450 000,00 €;380;Leiria;House
10451;3-Bedroom;450 000,00 €;130;Leiria;House
10452;5-Bedroom;450 000,00 €;208;Leiria;House
10453;3-Bedroom;450 000,00 €;155;Leiria;House
10454;4-Bedroom;450 000,00 €;179;Leiria;House
10455;4-Bedroom;450 000,00 €;322;Leiria;House
10456;3-Bedroom;450 000,00 €;134;Leiria;House
10457;4-Bedroom;450 000,00 €;241;Leiria;House
10458;3-Bedroom;455 000,00 €;147;Leiria;House
10459;7-Bedroom;457 000,00 €;454;Leiria;House
10460;3-Bedroom;459 000,00 €;501;Leiria;House
10461;1-Bedroom;460 000,00 €;136;Leiria;House
10462;3-Bedroom;460 000,00 €;247;Leiria;House
10463;3-Bedroom;460 000,00 €;Terreno 3.200;Leiria;House
10464;Detached House;460 000,00 €;187;Leiria;House
10465;1-Bedroom;460 000,00 €;135;Leiria;House
10466;1-Bedroom;460 000,00 €;135;Leiria;House
10467;1-Bedroom;460 000,00 €;135;Leiria;House
10468;3-Bedroom;460 000,00 €;273;Leiria;House
10469;3-Bedroom;465 000,00 €;176;Leiria;House
10470;3-Bedroom;465 000,00 €;143;Leiria;House
10471;3-Bedroom;465 000,00 €;170;Leiria;House
10472;4-Bedroom;465 000,00 €;227;Leiria;House
10473;4-Bedroom;465 000,00 €;174;Leiria;House
10474;4-Bedroom;467 000,00 €;209;Leiria;House
10475;5-Bedroom;467 500,00 €;324;Leiria;House
10476;4-Bedroom;469 000,00 €;262;Leiria;House
10477;2-Bedroom;470 000,00 €;104;Leiria;House
10478;3-Bedroom;470 000,00 €;225;Leiria;House
10479;Detached House;470 000,00 €;207;Leiria;House
10480;4-Bedroom;470 000,00 €;160;Leiria;House
10481;2-Bedroom;470 000,00 €;255;Leiria;House
10482;3+1-Bedroom;475 000,00 €;364;Leiria;House
10483;Detached House;475 000,00 €;240;Leiria;House
10484;3-Bedroom;475 000,00 €;145;Leiria;House
10485;3-Bedroom;475 000,00 €;195;Leiria;House
10486;3-Bedroom;475 000,00 €;109;Leiria;House
10487;4-Bedroom;475 000,00 €;563;Leiria;House
10488;3-Bedroom;475 000,00 €;101;Leiria;House
10489;4-Bedroom;475 000,00 €;251;Leiria;House
10490;5-Bedroom;475 000,00 €;334;Leiria;House
10491;2-Bedroom;475 000,00 €;141;Leiria;House
10492;3-Bedroom;475 000,00 €;179;Leiria;House
10493;Detached House;475 000,00 €;333;Leiria;House
10494;7-Bedroom;480 000,00 €;412;Leiria;House
10495;2-Bedroom;480 000,00 €;117;Leiria;House
10496;3-Bedroom;480 000,00 €;100;Leiria;House
10497;3-Bedroom;480 000,00 €;232;Leiria;House
10498;6-Bedroom;480 000,00 €;257;Leiria;House
10499;7-Bedroom;480 000,00 €;238;Leiria;House
10500;3-Bedroom;480 000,00 €;114;Leiria;House
10501;2-Bedroom;480 000,00 €;191;Leiria;House
10502;3-Bedroom;480 000,00 €;173;Leiria;House
10503;3-Bedroom;480 000,00 €;191;Leiria;House
10504;3-Bedroom;485 000,00 €;172;Leiria;House
10505;4-Bedroom;485 000,00 €;260;Leiria;House
10506;4-Bedroom;485 000,00 €;256;Leiria;House
10507;4-Bedroom;487 000,00 €;228;Leiria;House
10508;5-Bedroom;490 000,00 €;260;Leiria;House
10509;Studio;490 000,00 €;270;Leiria;House
10510;4-Bedroom;490 000,00 €;389;Leiria;House
10511;4-Bedroom;490 000,00 €;445;Leiria;House
10512;5-Bedroom;490 000,00 €;192;Leiria;House
10513;6-Bedroom;490 000,00 €;270;Leiria;House
10514;2-Bedroom;490 000,00 €;74;Leiria;House
10515;2-Bedroom;490 000,00 €;74;Leiria;House
10516;5-Bedroom;494 000,00 €;320;Leiria;House
10517;Detached House;495 000,00 €;172;Leiria;House
10518;3-Bedroom;495 000,00 €;263;Leiria;House
10519;3-Bedroom;495 000,00 €;181;Leiria;House
10520;4-Bedroom;495 000,00 €;294;Leiria;House
10521;2-Bedroom;495 000,00 €;215;Leiria;House
10522;5-Bedroom;495 000,00 €;316;Leiria;House
10523;Floor;495 000,00 €;281;Leiria;House
10524;5-Bedroom;495 000,00 €;396;Leiria;House
10525;4-Bedroom;495 000,00 €;281;Leiria;House
10526;2-Bedroom;495 000,00 €;74;Leiria;House
10527;2-Bedroom;495 000,00 €;74;Leiria;House
10528;5-Bedroom;495 000,00 €;171;Leiria;House
10529;2-Bedroom;495 000,00 €;77;Leiria;House
10530;2-Bedroom;495 000,00 €;93;Leiria;House
10531;3-Bedroom;495 000,00 €;118;Leiria;House
10532;2-Bedroom;495 000,00 €;146;Leiria;House
10533;4-Bedroom;497 000,00 €;210;Leiria;House
10534;6-Bedroom;498 000,00 €;708;Leiria;House
10535;3-Bedroom;499 000,00 €;470;Leiria;House
10536;3-Bedroom;499 000,00 €;202;Leiria;House
10537;4-Bedroom;499 000,00 €;279;Leiria;House
10538;3-Bedroom;499 000,00 €;470;Leiria;House
10539;4-Bedroom;499 000,00 €;287;Leiria;House
10540;6-Bedroom;499 000,00 €;230;Leiria;House
10541;Detached House;500 000,00 €;220;Leiria;House
10542;5-Bedroom;500 000,00 €;143;Leiria;House
10543;3-Bedroom;500 000,00 €;191;Leiria;House
10544;3-Bedroom;500 000,00 €;191;Leiria;House
10545;3-Bedroom;500 000,00 €;151;Leiria;House
10546;4-Bedroom;500 000,00 €;495;Leiria;House
10547;5-Bedroom;500 000,00 €;114;Leiria;House
10548;3-Bedroom;500 000,00 €;270;Leiria;House
10549;5-Bedroom;500 000,00 €;542;Leiria;House
10550;Detached House;500 000,00 €;220;Leiria;House
10551;3-Bedroom;507 000,00 €;277;Leiria;House
10552;Detached House;510 000,00 €;119;Leiria;House
10553;Detached House;510 000,00 €;119;Leiria;House
10554;3-Bedroom;515 000,00 €;158;Leiria;House
10555;3-Bedroom;519 000,00 €;218;Leiria;House
10556;4-Bedroom;520 000,00 €;232;Leiria;House
10557;4-Bedroom;525 000,00 €;230;Leiria;House
10558;5-Bedroom;525 000,00 €;320;Leiria;House
10559;3-Bedroom;525 000,00 €;205;Leiria;House
10560;5-Bedroom;525 000,00 €;400;Leiria;House
10561;3-Bedroom;525 000,00 €;205;Leiria;House
10562;4-Bedroom;525 000,00 €;181;Leiria;House
10563;3-Bedroom;525 000,00 €;239;Leiria;House
10564;2-Bedroom;525 000,00 €;1.138;Leiria;House
10565;4-Bedroom;525 000,00 €;235;Leiria;House
10566;4-Bedroom;525 000,00 €;170;Leiria;House
10567;4-Bedroom;525 000,00 €;230;Leiria;House
10568;4-Bedroom;527 000,00 €;166;Leiria;House
10569;3-Bedroom;529 000,00 €;253;Leiria;House
10570;3-Bedroom;529 000,00 €;253;Leiria;House
10571;3-Bedroom;529 000,00 €;272;Leiria;House
10572;3-Bedroom;529 000,00 €;253;Leiria;House
10573;3-Bedroom;529 000,00 €;253;Leiria;House
10574;4-Bedroom;530 000,00 €;338;Leiria;House
10575;3-Bedroom;530 000,00 €;175;Leiria;House
10576;5-Bedroom;530 000,00 €;427;Leiria;House
10577;1-Bedroom;530 000,00 €;123;Leiria;House
10578;Small Farmhouse;535 000,00 €;138;Leiria;House
10579;4-Bedroom;535 000,00 €;320;Leiria;House
10580;4-Bedroom;538 000,00 €;150;Leiria;House
10581;4-Bedroom;539 000,00 €;327;Leiria;House
10582;4-Bedroom;540 000,00 €;224;Leiria;House
10583;3-Bedroom;540 000,00 €;320;Leiria;House
10584;4-Bedroom;540 000,00 €;249;Leiria;House
10585;3-Bedroom;540 000,00 €;320;Leiria;House
10586;4-Bedroom;540 000,00 €;249;Leiria;House
10587;3-Bedroom;540 000,00 €;320;Leiria;House
10588;4-Bedroom;540 000,00 €;262;Leiria;House
10589;3-Bedroom;545 000,00 €;113;Leiria;House
10590;3-Bedroom;545 000,00 €;308;Leiria;House
10591;3-Bedroom;545 000,00 €;299;Leiria;House
10592;3-Bedroom;545 000,00 €;241;Leiria;House
10593;3-Bedroom;545 000,00 €;113;Leiria;House
10594;3-Bedroom;547 500,00 €;374;Leiria;House
10595;4-Bedroom;549 000,00 €;316;Leiria;House
10596;3-Bedroom;549 000,00 €;316;Leiria;House
10597;6-Bedroom;549 000,00 €;287;Leiria;House
10598;5-Bedroom;549 000,00 €;300;Leiria;House
10599;4-Bedroom;550 000,00 €;90;Leiria;House
10600;4-Bedroom;550 000,00 €;265;Leiria;House
10601;4+1-Bedroom;550 000,00 €;265;Leiria;House
10602;3-Bedroom;550 000,00 €;148;Leiria;House
10603;6-Bedroom;550 000,00 €;335;Leiria;House
10604;5-Bedroom;550 000,00 €;380;Leiria;House
10605;4-Bedroom;550 000,00 €;205;Leiria;House
10606;3-Bedroom;550 000,00 €;421;Leiria;House
10607;3-Bedroom;550 000,00 €;248;Leiria;House
10608;3-Bedroom;550 000,00 €;430;Leiria;House
10609;3-Bedroom;550 000,00 €;294;Leiria;House
10610;2-Bedroom;550 000,00 €;86;Leiria;House
10611;3-Bedroom;550 000,00 €;175;Leiria;House
10612;2-Bedroom;550 000,00 €;132;Leiria;House
10613;2-Bedroom;550 000,00 €;86;Leiria;House
10614;3-Bedroom;550 000,00 €;114;Leiria;House
10615;3+1-Bedroom;550 000,00 €;293;Leiria;House
10616;3-Bedroom;550 000,00 €;636;Leiria;House
10617;4-Bedroom;550 000,00 €;240;Leiria;House
10618;8-Bedroom;555 000,00 €;390;Leiria;House
10619;5-Bedroom;557 000,00 €;195;Leiria;House
10620;4-Bedroom;560 000,00 €;471;Leiria;House
10621;3-Bedroom;560 000,00 €;237;Leiria;House
10622;3-Bedroom;560 000,00 €;247;Leiria;House
10623;5-Bedroom;560 000,00 €;445;Leiria;House
10624;3-Bedroom;560 000,00 €;88;Leiria;House
10625;3-Bedroom;560 000,00 €;237;Leiria;House
10626;5-Bedroom;560 000,00 €;640;Leiria;House
10627;2-Bedroom;560 000,00 €;85;Leiria;House
10628;4-Bedroom;568 000,00 €;256;Leiria;House
10629;2-Bedroom;570 000,00 €;159;Leiria;House
10630;2-Bedroom;570 000,00 €;158;Leiria;House
10631;11-Bedroom;570 000,00 €;533;Leiria;House
10632;2-Bedroom;570 000,00 €;158;Leiria;House
10633;5-Bedroom;575 000,00 €;315;Leiria;House
10634;3-Bedroom;575 000,00 €;210;Leiria;House
10635;4-Bedroom;575 000,00 €;326;Leiria;House
10636;2-Bedroom;575 000,00 €;131;Leiria;House
10637;4-Bedroom;575 000,00 €;369;Leiria;House
10638;4-Bedroom;575 000,00 €;368;Leiria;House
10639;Detached House;575 000,00 €;293;Leiria;House
10640;2-Bedroom;575 000,00 €;86;Leiria;House
10641;2-Bedroom;575 000,00 €;78;Leiria;House
10642;2-Bedroom;575 000,00 €;78;Leiria;House
10643;2-Bedroom;575 000,00 €;86;Leiria;House
10644;2-Bedroom;575 000,00 €;74;Leiria;House
10645;3-Bedroom;576 000,00 €;237;Leiria;House
10646;3-Bedroom;580 000,00 €;429;Leiria;House
10647;3-Bedroom;580 000,00 €;173;Leiria;House
10648;3-Bedroom;580 000,00 €;210;Leiria;House
10649;3-Bedroom;580 000,00 €;210;Leiria;House
10650;4-Bedroom;580 000,00 €;429;Leiria;House
10651;4-Bedroom;590 000,00 €;348;Leiria;House
10652;3-Bedroom;590 000,00 €;204;Leiria;House
10653;3-Bedroom;593 400,00 €;185;Leiria;House
10654;3-Bedroom;595 000,00 €;182;Leiria;House
10655;4-Bedroom;595 000,00 €;210;Leiria;House
10656;3-Bedroom;595 000,00 €;158;Leiria;House
10657;3-Bedroom;595 000,00 €;182;Leiria;House
10658;3-Bedroom;595 000,00 €;182;Leiria;House
10659;5-Bedroom;595 000,00 €;318;Leiria;House
10660;5-Bedroom;595 000,00 €;669;Leiria;House
10661;5-Bedroom;595 000,00 €;669;Leiria;House
10662;2-Bedroom;595 000,00 €;144;Leiria;House
10663;4-Bedroom;597 500,00 €;662;Leiria;House
10664;4-Bedroom;598 000,00 €;219;Leiria;House
10665;3-Bedroom;599 000,00 €;151;Leiria;House
10666;5-Bedroom;599 000,00 €;320;Leiria;House
10667;4-Bedroom;599 000,00 €;339;Leiria;House
10668;4-Bedroom;599 000,00 €;208;Leiria;House
10669;3-Bedroom;600 000,00 €;184;Leiria;House
10670;2-Bedroom;600 000,00 €;283;Leiria;House
10671;11-Bedroom;610 000,00 €;533;Leiria;House
10672;11-Bedroom;610 000,00 €;533;Leiria;House
10673;11-Bedroom;610 000,00 €;533;Leiria;House
10674;4-Bedroom;615 000,00 €;212;Leiria;House
10675;3-Bedroom;620 000,00 €;91;Leiria;House
10676;4-Bedroom;620 000,00 €;217;Leiria;House
10677;3-Bedroom;620 000,00 €;211;Leiria;House
10678;3-Bedroom;622 000,00 €;177;Leiria;House
10679;3-Bedroom;629 500,00 €;98;Leiria;House
10680;3-Bedroom;629 500,00 €;88;Leiria;House
10681;3-Bedroom;630 000,00 €;157;Leiria;House
10682;Apartment;635 000,00 €;148;Leiria;House
10683;3-Bedroom;639 400,00 €;212;Leiria;House
10684;4-Bedroom;640 000,00 €;243;Leiria;House
10685;3-Bedroom;640 000,00 €;284;Leiria;House
10686;5-Bedroom;640 000,00 €;412;Leiria;House
10687;6-Bedroom;640 000,00 €;359;Leiria;House
10688;6-Bedroom;640 000,00 €;359;Leiria;House
10689;6-Bedroom;640 000,00 €;176;Leiria;House
10690;4-Bedroom;640 000,00 €;243;Leiria;House
10691;4-Bedroom;640 000,00 €;450;Leiria;House
10692;Detached House;645 000,00 €;413;Leiria;House
10693;3-Bedroom;645 000,00 €;280;Leiria;House
10694;6-Bedroom;646 000,00 €;560;Leiria;House
10695;4-Bedroom;646 500,00 €;164;Leiria;House
10696;4-Bedroom;649 000,00 €;252;Leiria;House
10697;4-Bedroom;650 000,00 €;325;Leiria;House
10698;3-Bedroom;650 000,00 €;296;Leiria;House
10699;4-Bedroom;650 000,00 €;288;Leiria;House
10700;5-Bedroom;650 000,00 €;320;Leiria;House
10701;3-Bedroom;650 000,00 €;296;Leiria;House
10702;4-Bedroom;650 000,00 €;283;Leiria;House
10703;4-Bedroom;650 000,00 €;288;Leiria;House
10704;5-Bedroom;659 000,00 €;315;Leiria;House
10705;5-Bedroom;660 000,00 €;370;Leiria;House
10706;5-Bedroom;670 750,00 €;265;Leiria;House
10707;3-Bedroom;675 000,00 €;166;Leiria;House
10708;3-Bedroom;675 000,00 €;150;Leiria;House
10709;3-Bedroom;675 000,00 €;166;Leiria;House
10710;4-Bedroom;675 000,00 €;313;Leiria;House
10711;4-Bedroom;675 000,00 €;200;Leiria;House
10712;3-Bedroom;680 000,00 €;200;Leiria;House
10713;4-Bedroom;680 000,00 €;484;Leiria;House
10714;3-Bedroom;680 000,00 €;190;Leiria;House
10715;4-Bedroom;685 000,00 €;234;Leiria;House
10716;4-Bedroom;685 000,00 €;234;Leiria;House
10717;7-Bedroom;685 000,00 €;585;Leiria;House
10718;3-Bedroom;685 000,00 €;210;Leiria;House
10719;4-Bedroom;685 000,00 €;373;Leiria;House
10720;4-Bedroom;689 000,00 €;252;Leiria;House
10721;4-Bedroom;689 000,00 €;252;Leiria;House
10722;4-Bedroom;689 000,00 €;252;Leiria;House
10723;4-Bedroom;689 000,00 €;251;Leiria;House
10724;Detached House;690 000,00 €;297;Leiria;House
10725;5-Bedroom;690 000,00 €;310;Leiria;House
10726;7-Bedroom;690 000,00 €;448;Leiria;House
10727;3-Bedroom;692 500,00 €;278;Leiria;House
10728;3-Bedroom;692 500,00 €;315;Leiria;House
10729;3-Bedroom;695 000,00 €;150;Leiria;House
10730;5-Bedroom;695 000,00 €;236;Leiria;House
10731;3-Bedroom;695 000,00 €;150;Leiria;House
10732;Studio;695 000,00 €;150;Leiria;House
10733;3-Bedroom;695 000,00 €;206;Leiria;House
10734;6-Bedroom;695 000,00 €;421;Leiria;House
10735;5-Bedroom;695 000,00 €;276;Leiria;House
10736;3-Bedroom;695 000,00 €;153;Leiria;House
10737;3-Bedroom;695 000,00 €;153;Leiria;House
10738;3-Bedroom;695 000,00 €;153;Leiria;House
10739;3-Bedroom;695 000,00 €;150;Leiria;House
10740;3-Bedroom;695 000,00 €;153;Leiria;House
10741;3-Bedroom;695 000,00 €;153;Leiria;House
10742;4-Bedroom;695 000,00 €;302;Leiria;House
10743;4-Bedroom;695 000,00 €;309;Leiria;House
10744;7-Bedroom;695 000,00 €;421;Leiria;House
10745;9-Bedroom;698 000,00 €;800;Leiria;House
10746;10-Bedroom;698 000,00 €;655;Leiria;House
10747;4-Bedroom;699 900,00 €;377;Leiria;House
10748;2-Bedroom;700 000,00 €;120;Leiria;House
10749;3-Bedroom;700 000,00 €;181;Leiria;House
10750;3-Bedroom;700 000,00 €;167;Leiria;House
10751;3-Bedroom;700 000,00 €;171;Leiria;House
10752;3-Bedroom;700 000,00 €;335;Leiria;House
10753;4-Bedroom;700 000,00 €;251;Leiria;House
10754;2-Bedroom;700 000,00 €;120;Leiria;House
10755;3-Bedroom;700 000,00 €;335;Leiria;House
10756;3-Bedroom;710 000,00 €;616;Leiria;House
10757;3-Bedroom;710 000,00 €;101;Leiria;House
10758;3-Bedroom;710 000,00 €;616;Leiria;House
10759;3-Bedroom;710 000,00 €;247;Leiria;House
10760;4-Bedroom;710 000,00 €;247;Leiria;House
10761;3-Bedroom;710 000,00 €;101;Leiria;House
10762;4-Bedroom;714 000,00 €;330;Leiria;House
10763;4-Bedroom;714 000,00 €;279;Leiria;House
10764;3-Bedroom;715 500,00 €;100;Leiria;House
10765;3-Bedroom;720 000,00 €;144;Leiria;House
10766;3-Bedroom;720 000,00 €;162;Leiria;House
10767;8-Bedroom;730 000,00 €;411;Leiria;House
10768;4-Bedroom;730 000,00 €;411;Leiria;House
10769;4-Bedroom;730 000,00 €;235;Leiria;House
10770;2-Bedroom;730 000,00 €;160;Leiria;House
10771;5-Bedroom;740 000,00 €;1.000;Leiria;House
10772;6-Bedroom;740 000,00 €;374;Leiria;House
10773;3-Bedroom;745 000,00 €;207;Leiria;House
10774;3-Bedroom;745 000,00 €;207;Leiria;House
10775;4-Bedroom;745 000,00 €;296;Leiria;House
10776;5-Bedroom;745 000,00 €;421;Leiria;House
10777;2-Bedroom;750 000,00 €;135;Leiria;House
10778;3-Bedroom;750 000,00 €;396;Leiria;House
10779;3-Bedroom;750 000,00 €;282;Leiria;House
10780;3-Bedroom;750 000,00 €;230;Leiria;House
10781;4-Bedroom;750 000,00 €;247;Leiria;House
10782;7-Bedroom;750 000,00 €;300;Leiria;House
10783;2-Bedroom;750 000,00 €;136;Leiria;House
10784;6-Bedroom;750 000,00 €;905;Leiria;House
10785;3-Bedroom;750 000,00 €;310;Leiria;House
10786;5-Bedroom;750 000,00 €;290;Leiria;House
10787;3-Bedroom;750 000,00 €;310;Leiria;House
10788;5-Bedroom;750 000,00 €;290;Leiria;House
10789;3-Bedroom;750 000,00 €;271;Leiria;House
10790;2-Bedroom;750 000,00 €;135;Leiria;House
10791;8-Bedroom;750 000,00 €;405;Leiria;House
10792;4-Bedroom;750 000,00 €;283;Leiria;House
10793;5-Bedroom;750 000,00 €;198;Leiria;House
10794;3-Bedroom;770 000,00 €;286;Leiria;House
10795;Detached House;775 000,00 €;228;Leiria;House
10796;3-Bedroom;775 000,00 €;133;Leiria;House
10797;3-Bedroom;775 000,00 €;225;Leiria;House
10798;3-Bedroom;775 000,00 €;150;Leiria;House
10799;3-Bedroom;775 000,00 €;228;Leiria;House
10800;3-Bedroom;775 000,00 €;133;Leiria;House
10801;11-Bedroom;780 000,00 €;820;Leiria;House
10802;5-Bedroom;780 000,00 €;1.000;Leiria;House
10803;3-Bedroom;780 000,00 €;200;Leiria;House
10804;3-Bedroom;788 000,00 €;401;Leiria;House
10805;3-Bedroom;790 000,00 €;133;Leiria;House
10806;3-Bedroom;790 000,00 €;150;Leiria;House
10807;3-Bedroom;790 000,00 €;405;Leiria;House
10808;3-Bedroom;790 000,00 €;310;Leiria;House
10809;3-Bedroom;790 000,00 €;133;Leiria;House
10810;11-Bedroom;790 000,00 €;500;Leiria;House
10811;3-Bedroom;790 000,00 €;133;Leiria;House
10812;3-Bedroom;790 000,00 €;135;Leiria;House
10813;3-Bedroom;790 000,00 €;150;Leiria;House
10814;3-Bedroom;790 000,00 €;150;Leiria;House
10815;3-Bedroom;790 000,00 €;150;Leiria;House
10816;3-Bedroom;790 000,00 €;150;Leiria;House
10817;3-Bedroom;795 000,00 €;171;Leiria;House
10818;10-Bedroom;795 000,00 €;720;Leiria;House
10819;6-Bedroom;797 000,00 €;535;Leiria;House
10820;5-Bedroom;798 000,00 €;682;Leiria;House
10821;Detached House;799 500,00 €;228;Leiria;House
10822;3-Bedroom;800 000,00 €;171;Leiria;House
10823;3-Bedroom;800 000,00 €;256;Leiria;House
10824;5-Bedroom;800 000,00 €;270;Leiria;House
10825;3-Bedroom;800 000,00 €;161;Leiria;House
10826;3-Bedroom;800 000,00 €;239;Leiria;House
10827;4-Bedroom;800 000,00 €;483;Leiria;House
10828;Detached House;800 000,00 €;490;Leiria;House
10829;4-Bedroom;800 000,00 €;334;Leiria;House
10830;5-Bedroom;800 000,00 €;270;Leiria;House
10831;3-Bedroom;805 000,00 €;274;Leiria;House
10832;4-Bedroom;820 000,00 €;235;Leiria;House
10833;3-Bedroom;825 000,00 €;300;Leiria;House
10834;3-Bedroom;830 000,00 €;150;Leiria;House
10835;3-Bedroom;830 000,00 €;150;Leiria;House
10836;3-Bedroom;830 000,00 €;150;Leiria;House
10837;3-Bedroom;830 000,00 €;150;Leiria;House
10838;3-Bedroom;830 000,00 €;150;Leiria;House
10839;3-Bedroom;830 000,00 €;150;Leiria;House
10840;3-Bedroom;830 000,00 €;209;Leiria;House
10841;2-Bedroom;835 600,00 €;232;Leiria;House
10842;4-Bedroom;849 000,00 €;149;Leiria;House
10843;7-Bedroom;849 995,00 €;314;Leiria;House
10844;4-Bedroom;850 000,00 €;542;Leiria;House
10845;Detached House;850 000,00 €;652;Leiria;House
10846;5-Bedroom;850 000,00 €;393;Leiria;House
10847;3-Bedroom;850 000,00 €;150;Leiria;House
10848;4-Bedroom;850 000,00 €;890;Leiria;House
10849;3-Bedroom;850 000,00 €;150;Leiria;House
10850;4-Bedroom;850 000,00 €;180;Leiria;House
10851;4-Bedroom;854 000,00 €;619;Leiria;House
10852;4-Bedroom;860 000,00 €;460;Leiria;House
10853;4-Bedroom;860 000,00 €;460;Leiria;House
10854;5-Bedroom;875 000,00 €;335;Leiria;House
10855;5-Bedroom;875 000,00 €;372;Leiria;House
10856;4-Bedroom;875 000,00 €;270;Leiria;House
10857;4-Bedroom;875 000,00 €;249;Leiria;House
10858;5-Bedroom;875 000,00 €;335;Leiria;House
10859;4-Bedroom;880 000,00 €;270;Leiria;House
10860;4-Bedroom;880 000,00 €;270;Leiria;House
10861;3-Bedroom;880 000,00 €;281;Leiria;House
10862;3+1-Bedroom;880 000,00 €;285;Leiria;House
10863;4-Bedroom;880 000,00 €;270;Leiria;House
10864;3-Bedroom;890 000,00 €;230;Leiria;House
10865;Chalet;890 000,00 €;1.111;Leiria;House
10866;4-Bedroom;890 000,00 €;203;Leiria;House
10867;4-Bedroom;890 000,00 €;184;Leiria;House
10868;4-Bedroom;890 000,00 €;202;Leiria;House
10869;3-Bedroom;890 000,00 €;230;Leiria;House
10870;Chalet;890 000,00 €;1.111;Leiria;House
10871;4-Bedroom;895 000,00 €;421;Leiria;House
10872;4-Bedroom;895 000,00 €;518;Leiria;House
10873;4-Bedroom;895 000,00 €;421;Leiria;House
10874;7-Bedroom;895 000,00 €;1.785;Leiria;House
10875;4+1-Bedroom;895 000,00 €;421;Leiria;House
10876;Farmhouse;895 000,00 €;1.034;Leiria;House
10877;4-Bedroom;895 000,00 €;410;Leiria;House
10878;5-Bedroom;895 000,00 €;421;Leiria;House
10879;4-Bedroom;895 000,00 €;421;Leiria;House
10880;12-Bedroom;900 000,00 €;416;Leiria;House
10881;5-Bedroom;900 000,00 €;332;Leiria;House
10882;4-Bedroom;908 250,00 €;202;Leiria;House
10883;5-Bedroom;909 900,00 €;338;Leiria;House
10884;4-Bedroom;925 000,00 €;233;Leiria;House
10885;4-Bedroom;935 000,00 €;380;Leiria;House
10886;4-Bedroom;935 000,00 €;201;Leiria;House
10887;4-Bedroom;950 000,00 €;410;Leiria;House
10888;4-Bedroom;950 000,00 €;538;Leiria;House
10889;3-Bedroom;950 000,00 €;171;Leiria;House
10890;3-Bedroom;950 000,00 €;239;Leiria;House
10891;4+1-Bedroom;950 000,00 €;379;Leiria;House
10892;4-Bedroom;950 000,00 €;538;Leiria;House
10893;5-Bedroom;950 000,00 €;514;Leiria;House
10894;4-Bedroom;950 000,00 €;410;Leiria;House
10895;5-Bedroom;960 000,00 €;820;Leiria;House
10896;3-Bedroom;968 000,00 €;214;Leiria;House
10897;3-Bedroom;970 000,00 €;286;Leiria;House
10898;3-Bedroom;970 000,00 €;286;Leiria;House
10899;4-Bedroom;980 000,00 €;268;Leiria;House
10900;11-Bedroom;980 000,00 €;400;Leiria;House
10901;5-Bedroom;985 000,00 €;622;Leiria;House
10902;5-Bedroom;990 000,00 €;600;Leiria;House
10903;4-Bedroom;990 000,00 €;249;Leiria;House
10904;4-Bedroom;995 000,00 €;560;Leiria;House
10905;8-Bedroom;995 000,00 €;460;Leiria;House
10906;8-Bedroom;995 000,00 €;422;Leiria;House
10907;5-Bedroom;995 000,00 €;387;Leiria;House
10908;3-Bedroom;999 000,00 €;234;Leiria;House
10909;8-Bedroom;1 000 000,00 €;303;Leiria;House
10910;8-Bedroom;1 000 000,00 €;303;Leiria;House
10911;3-Bedroom;1 000 000,00 €;185;Leiria;House
10912;4-Bedroom;1 049 000,00 €;374;Leiria;House
10913;4-Bedroom;1 050 000,00 €;175;Leiria;House
10914;4-Bedroom;1 050 000,00 €;175;Leiria;House
10915;4-Bedroom;1 050 000,00 €;175;Leiria;House
10916;4-Bedroom;1 050 000,00 €;249;Leiria;House
10917;4-Bedroom;1 060 000,00 €;268;Leiria;House
10918;Farmhouse;1 080 000,00 €;274;Leiria;House
10919;4-Bedroom;1 100 000,00 €;250;Leiria;House
10920;5-Bedroom;1 100 000,00 €;293;Leiria;House
10921;4-Bedroom;1 100 000,00 €;250;Leiria;House
10922;4-Bedroom;1 100 000,00 €;250;Leiria;House
10923;4-Bedroom;1 100 000,00 €;325;Leiria;House
10924;4-Bedroom;1 100 000,00 €;504;Leiria;House
10925;4-Bedroom;1 100 000,00 €;264;Leiria;House
10926;7-Bedroom;1 150 000,00 €;1.551;Leiria;House
10927;5-Bedroom;1 150 000,00 €;679;Leiria;House
10928;5-Bedroom;1 150 000,00 €;1.354;Leiria;House
10929;4-Bedroom;1 160 000,00 €;372;Leiria;House
10930;5-Bedroom;1 180 000,00 €;771;Leiria;House
10931;3-Bedroom;1 185 000,00 €;371;Leiria;House
10932;4-Bedroom;1 190 000,00 €;450;Leiria;House
10933;Detached House;1 200 000,00 €;316;Leiria;House
10934;4-Bedroom;1 200 000,00 €;34.289;Leiria;House
10935;3-Bedroom;1 200 000,00 €;212;Leiria;House
10936;6-Bedroom;1 200 000,00 €;428;Leiria;House
10937;3-Bedroom;1 225 000,00 €;445;Leiria;House
10938;4-Bedroom;1 250 000,00 €;313;Leiria;House
10939;Detached House;1 250 000,00 €;269;Leiria;House
10940;4-Bedroom;1 270 000,00 €;292;Leiria;House
10941;3-Bedroom;1 270 000,00 €;292;Leiria;House
10942;3-Bedroom;1 270 000,00 €;294;Leiria;House
10943;6-Bedroom;1 350 000,00 €;723;Leiria;House
10944;3-Bedroom;1 350 000,00 €;345;Leiria;House
10945;Detached House;1 350 000,00 €;345;Leiria;House
10946;7-Bedroom;1 350 000,00 €;341;Leiria;House
10947;6-Bedroom;1 350 000,00 €;723;Leiria;House
10948;9-Bedroom;1 355 000,00 €;1.158;Leiria;House
10949;3-Bedroom;1 380 000,00 €;338;Leiria;House
10950;Detached House;1 380 000,00 €;338;Leiria;House
10951;4-Bedroom;1 395 000,00 €;304;Leiria;House
10952;5-Bedroom;1 400 000,00 €;391;Leiria;House
10953;6-Bedroom;1 400 000,00 €;428;Leiria;House
10954;4-Bedroom;1 450 000,00 €;495;Leiria;House
10955;4-Bedroom;1 485 000,00 €;324;Leiria;House
10956;5-Bedroom;1 485 000,00 €;392;Leiria;House
10957;4-Bedroom;1 485 000,00 €;324;Leiria;House
10958;4-Bedroom;1 490 000,00 €;437;Leiria;House
10959;Detached House;1 490 000,00 €;886;Leiria;House
10960;4-Bedroom;1 500 000,00 €;360;Leiria;House
10961;4-Bedroom;1 500 000,00 €;314;Leiria;House
10962;4-Bedroom;1 500 000,00 €;314;Leiria;House
10963;4-Bedroom;1 500 000,00 €;200;Leiria;House
10964;4-Bedroom;1 500 000,00 €;200;Leiria;House
10965;4-Bedroom;1 500 000,00 €;314;Leiria;House
10966;Detached House;1 600 000,00 €;699;Leiria;House
10967;3-Bedroom;1 600 000,00 €;687;Leiria;House
10968;Detached House;1 600 000,00 €;695;Leiria;House
10969;Detached House;1 600 000,00 €;696;Leiria;House
10970;Detached House;1 600 000,00 €;687;Leiria;House
10971;3-Bedroom;1 600 000,00 €;696;Leiria;House
10972;3-Bedroom;1 600 000,00 €;695;Leiria;House
10973;3-Bedroom;1 600 000,00 €;698;Leiria;House
10974;6-Bedroom;1 600 000,00 €;564;Leiria;House
10975;5-Bedroom;1 625 000,00 €;862;Leiria;House
10976;4-Bedroom;1 650 000,00 €;220;Leiria;House
10977;3-Bedroom;1 650 000,00 €;220;Leiria;House
10978;10-Bedroom;1 650 000,00 €;408;Leiria;House
10979;4-Bedroom;1 675 000,00 €;312;Leiria;House
10980;4-Bedroom;1 675 000,00 €;312;Leiria;House
10981;3-Bedroom;1 700 000,00 €;212;Leiria;House
10982;4-Bedroom;1 750 000,00 €;245;Leiria;House
10983;4-Bedroom;1 750 000,00 €;245;Leiria;House
10984;4-Bedroom;1 750 000,00 €;245;Leiria;House
10985;4-Bedroom;1 780 000,00 €;907;Leiria;House
10986;4-Bedroom;1 800 000,00 €;468;Leiria;House
10987;7-Bedroom;1 800 000,00 €;578;Leiria;House
10988;3-Bedroom;1 850 000,00 €;649;Leiria;House
10989;Detached House;1 900 000,00 €;646;Leiria;House
10990;3-Bedroom;1 950 000,00 €;631;Leiria;House
10991;3-Bedroom;1 950 000,00 €;631;Leiria;House
10992;Detached House;1 950 000,00 €;631;Leiria;House
10993;7-Bedroom;1 955 000,00 €;1.000;Leiria;House
10994;8-Bedroom;1 985 000,00 €;675;Leiria;House
10995;8-Bedroom;1 985 000,00 €;675;Leiria;House
10996;5-Bedroom;2 100 000,00 €;384;Leiria;House
10997;5-Bedroom;2 123 000,00 €;956;Leiria;House
10998;6-Bedroom;2 300 000,00 €;403;Leiria;House
10999;4-Bedroom;2 350 000,00 €;720;Leiria;House
11000;4-Bedroom;2 350 000,00 €;720;Leiria;House
11001;Detached House;2 350 000,00 €;720;Leiria;House
11002;6-Bedroom;2 450 000,00 €;686;Leiria;House
11003;10-Bedroom;2 500 000,00 €;2.623;Leiria;House
11004;10-Bedroom;2 500 000,00 €;1.000;Leiria;House
11005;10-Bedroom;2 500 000,00 €;1.000;Leiria;House
11006;5-Bedroom;2 800 000,00 €;515;Leiria;House
11007;T27;2 800 000,00 €;1.461;Leiria;House
11008;5-Bedroom;2 800 000,00 €;515;Leiria;House
11009;4-Bedroom;2 800 000,00 €;296;Leiria;House
11010;5-Bedroom;2 800 000,00 €;296;Leiria;House
11011;5-Bedroom;2 800 000,00 €;515;Leiria;House
11012;5-Bedroom;2 800 000,00 €;296;Leiria;House
11013;5-Bedroom;2 800 000,00 €;296;Leiria;House
11014;T15;2 800 000,00 €;1.850;Leiria;House
11015;4-Bedroom;2 970 000,00 €;835;Leiria;House
11016;T20;3 500 000,00 €;5.575;Leiria;House
11017;14-Bedroom;3 500 000,00 €;5.573;Leiria;House
11018;8-Bedroom;4 950 000,00 €;1.510;Leiria;House
11019;Detached House;26 500,00 €;113;Lisboa;House
11020;Detached House;38 000,00 €;144;Lisboa;House
11021;Detached House;45 000,00 €;80;Lisboa;House
11022;2-Bedroom;68 000,00 €;100;Lisboa;House
11023;Detached House;86 000,00 €;84;Lisboa;House
11024;Detached House;99 000,00 €;115;Lisboa;House
11025;Detached House;110 000,00 €;455;Lisboa;House
11026;Detached House;120 000,00 €;90;Lisboa;House
11027;2-Bedroom;130 000,00 €;110;Lisboa;House
11028;2-Bedroom;133 000,00 €;100;Lisboa;House
11029;House;135 000,00 €;160;Lisboa;House
11030;Apartment;146 000,00 €;60;Lisboa;House
11031;2-Bedroom;149 000,00 €;70;Lisboa;House
11032;Detached House;152 000,00 €;43;Lisboa;House
11033;4-Bedroom;155 000,00 €;116;Lisboa;House
11034;Apartment;156 200,00 €;91;Lisboa;House
11035;Detached House;160 000,00 €;245;Lisboa;House
11036;1-Bedroom;160 000,00 €;63;Lisboa;House
11037;3-Bedroom;162 500,00 €;288;Lisboa;House
11038;2-Bedroom;165 000,00 €;75;Lisboa;House
11039;Detached House;165 000,00 €;160;Lisboa;House
11040;Apartment;165 000,00 €;53;Lisboa;House
11041;2+2-Bedroom;170 000,00 €;63;Lisboa;House
11042;1-Bedroom;170 000,00 €;50;Lisboa;House
11043;2-Bedroom;180 000,00 €;107;Lisboa;House
11044;Detached House;185 000,00 €;64;Lisboa;House
11045;1-Bedroom;185 000,00 €;41;Lisboa;House
11046;Detached House;185 000,00 €;165;Lisboa;House
11047;Apartment;188 000,00 €;54;Lisboa;House
11048;4-Bedroom;190 000,00 €;190;Lisboa;House
11049;House;193 500,00 €;360;Lisboa;House
11050;Detached House;195 000,00 €;70;Lisboa;House
11051;Studio;195 000,00 €;36;Lisboa;House
11052;Apartment;195 000,00 €;77;Lisboa;House
11053;Apartment;195 000,00 €;50;Lisboa;House
11054;Detached House;199 900,00 €;138;Lisboa;House
11055;Detached House;205 000,00 €;249;Lisboa;House
11056;Detached House;205 000,00 €;90;Lisboa;House
11057;2+2-Bedroom;209 700,00 €;203;Lisboa;House
11058;2-Bedroom;210 000,00 €;67;Lisboa;House
11059;Apartment;215 000,00 €;44;Lisboa;House
11060;Apartment;215 000,00 €;65;Lisboa;House
11061;10-Bedroom;220 000,00 €;330;Lisboa;House
11062;Detached House;220 000,00 €;164;Lisboa;House
11063;3-Bedroom;220 000,00 €;131;Lisboa;House
11064;Apartment;225 000,00 €;78;Lisboa;House
11065;Apartment;225 000,00 €;115;Lisboa;House
11066;Apartment;225 000,00 €;109;Lisboa;House
11067;Apartment;225 000,00 €;112;Lisboa;House
11068;Apartment;225 000,00 €;100;Lisboa;House
11069;Detached House;229 000,00 €;82;Lisboa;House
11070;Studio+1;230 000,00 €;34;Lisboa;House
11071;2-Bedroom;230 000,00 €;59;Lisboa;House
11072;2-Bedroom;230 000,00 €;89;Lisboa;House
11073;2-Bedroom;235 000,00 €;69;Lisboa;House
11074;Studio;235 000,00 €;35;Lisboa;House
11075;1-Bedroom;235 000,00 €;57;Lisboa;House
11076;Apartment;235 000,00 €;117;Lisboa;House
11077;Apartment;235 000,00 €;115;Lisboa;House
11078;3-Bedroom;235 000,00 €;125;Lisboa;House
11079;Apartment;235 000,00 €;109;Lisboa;House
11080;5-Bedroom;240 000,00 €;305;Lisboa;House
11081;Detached House;240 000,00 €;201;Lisboa;House
11082;Apartment;240 000,00 €;34;Lisboa;House
11083;2-Bedroom;241 000,00 €;87;Lisboa;House
11084;Apartment;241 000,00 €;85;Lisboa;House
11085;Detached House;242 500,00 €;100;Lisboa;House
11086;Apartment;245 000,00 €;46;Lisboa;House
11087;Apartment;245 000,00 €;90;Lisboa;House
11088;Apartment;245 000,00 €;110;Lisboa;House
11089;2-Bedroom;248 500,00 €;83;Lisboa;House
11090;Apartment;249 000,00 €;74;Lisboa;House
11091;Apartment;250 000,00 €;56;Lisboa;House
11092;Apartment;250 000,00 €;135;Lisboa;House
11093;2-Bedroom;250 000,00 €;103;Lisboa;House
11094;Apartment;250 000,00 €;118;Lisboa;House
11095;Apartment;250 000,00 €;90;Lisboa;House
11096;3-Bedroom;252 000,00 €;96;Lisboa;House
11097;Apartment;255 000,00 €;78;Lisboa;House
11098;Apartment;256 000,00 €;123;Lisboa;House
11099;Detached House;258 000,00 €;178;Lisboa;House
11100;Detached House;258 000,00 €;178;Lisboa;House
11101;2-Bedroom;258 000,00 €;72;Lisboa;House
11102;5-Bedroom;259 900,00 €;212;Lisboa;House
11103;Apartment;259 999,00 €;73;Lisboa;House
11104;2-Bedroom;260 000,00 €;81;Lisboa;House
11105;2-Bedroom;260 000,00 €;88;Lisboa;House
11106;Apartment;260 000,00 €;86;Lisboa;House
11107;2+1-Bedroom;260 000,00 €;60;Lisboa;House
11108;Apartment;260 000,00 €;52;Lisboa;House
11109;Apartment;260 000,00 €;112;Lisboa;House
11110;Apartment;260 000,00 €;52;Lisboa;House
11111;2-Bedroom;260 000,00 €;136;Lisboa;House
11112;2-Bedroom;260 000,00 €;96;Lisboa;House
11113;Apartment;260 000,00 €;83;Lisboa;House
11114;3-Bedroom;265 000,00 €;95;Lisboa;House
11115;2-Bedroom;265 000,00 €;72;Lisboa;House
11116;Studio;265 000,00 €;38;Lisboa;House
11117;1-Bedroom;267 000,00 €;63;Lisboa;House
11118;Apartment;268 000,00 €;88;Lisboa;House
11119;Detached House;269 000,00 €;130;Lisboa;House
11120;Detached House;269 000,00 €;95;Lisboa;House
11121;3-Bedroom;269 000,00 €;95;Lisboa;House
11122;2-Bedroom;269 000,00 €;77;Lisboa;House
11123;1-Bedroom;270 000,00 €;50;Lisboa;House
11124;2-Bedroom;270 000,00 €;118;Lisboa;House
11125;2-Bedroom;270 000,00 €;79;Lisboa;House
11126;1-Bedroom;275 000,00 €;75;Lisboa;House
11127;4-Bedroom;275 000,00 €;275;Lisboa;House
11128;4-Bedroom;275 000,00 €;275;Lisboa;House
11129;5-Bedroom;275 000,00 €;207;Lisboa;House
11130;2-Bedroom;275 000,00 €;86;Lisboa;House
11131;Apartment;275 000,00 €;80;Lisboa;House
11132;2-Bedroom;279 000,00 €;144;Lisboa;House
11133;2+1-Bedroom;279 000,00 €;115;Lisboa;House
11134;Apartment;279 900,00 €;93;Lisboa;House
11135;8-Bedroom;280 000,00 €;687;Lisboa;House
11136;3-Bedroom;280 000,00 €;154;Lisboa;House
11137;3-Bedroom;280 000,00 €;154;Lisboa;House
11138;8-Bedroom;280 000,00 €;687;Lisboa;House
11139;2-Bedroom;280 000,00 €;89;Lisboa;House
11140;1-Bedroom;282 000,00 €;75;Lisboa;House
11141;Apartment;282 000,00 €;80;Lisboa;House
11142;Apartment;282 000,00 €;80;Lisboa;House
11143;Detached House;282 000,00 €;46;Lisboa;House
11144;2-Bedroom;285 000,00 €;108;Lisboa;House
11145;1-Bedroom;289 000,00 €;62;Lisboa;House
11146;3-Bedroom;289 000,00 €;85;Lisboa;House
11147;2-Bedroom;290 000,00 €;113;Lisboa;House
11148;Detached House;290 000,00 €;185;Lisboa;House
11149;Apartment;290 000,00 €;80;Lisboa;House
11150;3-Bedroom;295 000,00 €;69;Lisboa;House
11151;3-Bedroom;295 000,00 €;68;Lisboa;House
11152;3-Bedroom;295 000,00 €;68;Lisboa;House
11153;3-Bedroom;295 000,00 €;68;Lisboa;House
11154;2-Bedroom;295 000,00 €;50;Lisboa;House
11155;3-Bedroom;295 000,00 €;72;Lisboa;House
11156;3-Bedroom;295 000,00 €;67;Lisboa;House
11157;3-Bedroom;295 000,00 €;67;Lisboa;House
11158;3-Bedroom;295 000,00 €;68;Lisboa;House
11159;3-Bedroom;295 000,00 €;72;Lisboa;House
11160;3-Bedroom;295 000,00 €;80;Lisboa;House
11161;3-Bedroom;295 000,00 €;69;Lisboa;House
11162;Apartment;298 000,00 €;55;Lisboa;House
11163;Detached House;298 000,00 €;120;Lisboa;House
11164;1-Bedroom;299 000,00 €;61;Lisboa;House
11165;Apartment;299 000,00 €;96;Lisboa;House
11166;4-Bedroom;299 000,00 €;413;Lisboa;House
11167;1-Bedroom;299 000,00 €;72;Lisboa;House
11168;1-Bedroom;299 000,00 €;62;Lisboa;House
11169;5-Bedroom;299 900,00 €;260;Lisboa;House
11170;3-Bedroom;300 000,00 €;128;Lisboa;House
11171;Detached House;300 000,00 €;260;Lisboa;House
11172;4+1-Bedroom;300 000,00 €;149;Lisboa;House
11173;Apartment;305 000,00 €;35;Lisboa;House
11174;2-Bedroom;309 000,00 €;60;Lisboa;House
11175;3-Bedroom;310 000,00 €;100;Lisboa;House
11176;1-Bedroom;310 000,00 €;83;Lisboa;House
11177;Apartment;310 000,00 €;85;Lisboa;House
11178;1-Bedroom;310 000,00 €;56;Lisboa;House
11179;2-Bedroom;310 000,00 €;88;Lisboa;House
11180;1-Bedroom;310 000,00 €;56;Lisboa;House
11181;3-Bedroom;310 000,00 €;160;Lisboa;House
11182;Apartment;312 000,00 €;52;Lisboa;House
11183;2-Bedroom;315 000,00 €;86;Lisboa;House
11184;Apartment;315 000,00 €;65;Lisboa;House
11185;3-Bedroom;318 000,00 €;210;Lisboa;House
11186;1-Bedroom;318 000,00 €;83;Lisboa;House
11187;3-Bedroom;318 000,00 €;205;Lisboa;House
11188;Detached House;318 450,00 €;205;Lisboa;House
11189;1-Bedroom;320 000,00 €;53;Lisboa;House
11190;Apartment;320 000,00 €;88;Lisboa;House
11191;3-Bedroom;320 000,00 €;335;Lisboa;House
11192;3-Bedroom;320 000,00 €;1.236;Lisboa;House
11193;Apartment;320 000,00 €;74;Lisboa;House
11194;2-Bedroom;320 000,00 €;110;Lisboa;House
11195;3-Bedroom;320 000,00 €;74;Lisboa;House
11196;Apartment;320 000,00 €;74;Lisboa;House
11197;4-Bedroom;320 000,00 €;351;Lisboa;House
11198;3-Bedroom;320 000,00 €;125;Lisboa;House
11199;3-Bedroom;320 000,00 €;149;Lisboa;House
11200;2-Bedroom;320 000,00 €;110;Lisboa;House
11201;Apartment;322 000,00 €;55;Lisboa;House
11202;1-Bedroom;323 000,00 €;70;Lisboa;House
11203;3-Bedroom;325 000,00 €;135;Lisboa;House
11204;Detached House;325 000,00 €;168;Lisboa;House
11205;3-Bedroom;325 000,00 €;110;Lisboa;House
11206;Apartment;325 000,00 €;40;Lisboa;House
11207;1-Bedroom;330 000,00 €;49;Lisboa;House
11208;1-Bedroom;330 000,00 €;87;Lisboa;House
11209;Apartment;330 000,00 €;81;Lisboa;House
11210;2-Bedroom;330 000,00 €;60;Lisboa;House
11211;Apartment;330 000,00 €;123;Lisboa;House
11212;2-Bedroom;330 000,00 €;99;Lisboa;House
11213;2-Bedroom;330 000,00 €;89;Lisboa;House
11214;2-Bedroom;330 000,00 €;140;Lisboa;House
11215;3-Bedroom;331 000,00 €;175;Lisboa;House
11216;Detached House;335 000,00 €;145;Lisboa;House
11217;1-Bedroom;335 000,00 €;42;Lisboa;House
11218;Studio;335 000,00 €;48;Lisboa;House
11219;3-Bedroom;335 000,00 €;5;Lisboa;House
11220;3-Bedroom;335 700,00 €;134;Lisboa;House
11221;3-Bedroom;337 500,00 €;110;Lisboa;House
11222;1-Bedroom;338 000,00 €;80;Lisboa;House
11223;1-Bedroom;339 500,00 €;52;Lisboa;House
11224;1-Bedroom;339 500,00 €;52;Lisboa;House
11225;3-Bedroom;339 500,00 €;77;Lisboa;House
11226;1-Bedroom;339 500,00 €;50;Lisboa;House
11227;1-Bedroom;339 500,00 €;54;Lisboa;House
11228;1-Bedroom;339 500,00 €;50;Lisboa;House
11229;1-Bedroom;339 500,00 €;50;Lisboa;House
11230;1-Bedroom;339 500,00 €;54;Lisboa;House
11231;1-Bedroom;339 500,00 €;54;Lisboa;House
11232;3-Bedroom;340 000,00 €;90;Lisboa;House
11233;Detached House;340 000,00 €;225;Lisboa;House
11234;2-Bedroom;340 000,00 €;117;Lisboa;House
11235;Apartment;340 000,00 €;98;Lisboa;House
11236;1-Bedroom;340 000,00 €;70;Lisboa;House
11237;Detached House;340 000,00 €;400;Lisboa;House
11238;1-Bedroom;341 000,00 €;96;Lisboa;House
11239;2-Bedroom;345 000,00 €;73;Lisboa;House
11240;4-Bedroom;345 000,00 €;89;Lisboa;House
11241;3-Bedroom;345 000,00 €;106;Lisboa;House
11242;2-Bedroom;345 000,00 €;92;Lisboa;House
11243;2-Bedroom;345 000,00 €;95;Lisboa;House
11244;4-Bedroom;350 000,00 €;105;Lisboa;House
11245;1-Bedroom;350 000,00 €;62;Lisboa;House
11246;3-Bedroom;350 000,00 €;121;Lisboa;House
11247;3-Bedroom;350 000,00 €;121;Lisboa;House
11248;Detached House;350 000,00 €;100;Lisboa;House
11249;1-Bedroom;350 000,00 €;77;Lisboa;House
11250;3-Bedroom;350 000,00 €;66;Lisboa;House
11251;Apartment;350 000,00 €;60;Lisboa;House
11252;3-Bedroom;350 000,00 €;150;Lisboa;House
11253;3-Bedroom;354 000,00 €;110;Lisboa;House
11254;2-Bedroom;360 000,00 €;56;Lisboa;House
11255;Detached House;360 000,00 €;232;Lisboa;House
11256;1-Bedroom;360 000,00 €;46;Lisboa;House
11257;3-Bedroom;360 000,00 €;154;Lisboa;House
11258;2-Bedroom;360 000,00 €;99;Lisboa;House
11259;3-Bedroom;365 000,00 €;174;Lisboa;House
11260;1-Bedroom;365 000,00 €;51;Lisboa;House
11261;2+1-Bedroom;365 000,00 €;90;Lisboa;House
11262;Apartment;365 000,00 €;85;Lisboa;House
11263;Apartment;368 000,00 €;114;Lisboa;House
11264;3-Bedroom;369 000,00 €;121;Lisboa;House
11265;3-Bedroom;370 000,00 €;172;Lisboa;House
11266;Detached House;370 000,00 €;115;Lisboa;House
11267;2-Bedroom;370 000,00 €;99;Lisboa;House
11268;4-Bedroom;371 000,00 €;303;Lisboa;House
11269;Detached House;373 000,00 €;138;Lisboa;House
11270;1-Bedroom;375 000,00 €;65;Lisboa;House
11271;2-Bedroom;375 000,00 €;187;Lisboa;House
11272;4-Bedroom;375 000,00 €;200;Lisboa;House
11273;2-Bedroom;375 000,00 €;86;Lisboa;House
11274;Apartment;375 000,00 €;96;Lisboa;House
11275;3-Bedroom;375 000,00 €;125;Lisboa;House
11276;3-Bedroom;375 000,00 €;160;Lisboa;House
11277;Apartment;375 000,00 €;133;Lisboa;House
11278;3-Bedroom;375 000,00 €;114;Lisboa;House
11279;3-Bedroom;376 000,00 €;120;Lisboa;House
11280;3-Bedroom;377 500,00 €;104;Lisboa;House
11281;3-Bedroom;379 000,00 €;214;Lisboa;House
11282;2-Bedroom;380 000,00 €;125;Lisboa;House
11283;3-Bedroom;380 000,00 €;125;Lisboa;House
11284;Detached House;380 000,00 €;232;Lisboa;House
11285;3-Bedroom;380 000,00 €;176;Lisboa;House
11286;Apartment;380 000,00 €;58;Lisboa;House
11287;2-Bedroom;380 000,00 €;125;Lisboa;House
11288;Detached House;384 000,00 €;80;Lisboa;House
11289;Detached House;385 000,00 €;246;Lisboa;House
11290;1-Bedroom;385 000,00 €;55;Lisboa;House
11291;Apartment;385 000,00 €;136;Lisboa;House
11292;4+1-Bedroom;390 000,00 €;210;Lisboa;House
11293;3-Bedroom;390 000,00 €;156;Lisboa;House
11294;3-Bedroom;390 000,00 €;6;Lisboa;House
11295;Penthouse;390 000,00 €;276;Lisboa;House
11296;Apartment;390 000,00 €;140;Lisboa;House
11297;Detached House;390 000,00 €;292;Lisboa;House
11298;2-Bedroom;395 000,00 €;178;Lisboa;House
11299;3+3-Bedroom;395 000,00 €;317;Lisboa;House
11300;2-Bedroom;395 000,00 €;77;Lisboa;House
11301;1-Bedroom;395 000,00 €;58;Lisboa;House
11302;3-Bedroom;395 000,00 €;150;Lisboa;House
11303;Detached House;395 000,00 €;115;Lisboa;House
11304;Farmhouse;395 000,00 €;252;Lisboa;House
11305;1-Bedroom;395 000,00 €;45;Lisboa;House
11306;Detached House;395 000,00 €;173;Lisboa;House
11307;2-Bedroom;395 000,00 €;88;Lisboa;House
11308;Detached House;395 000,00 €;196;Lisboa;House
11309;1-Bedroom;395 000,00 €;65;Lisboa;House
11310;2-Bedroom;395 000,00 €;178;Lisboa;House
11311;Apartment;398 000,00 €;70;Lisboa;House
11312;2-Bedroom;399 000,00 €;117;Lisboa;House
11313;6-Bedroom;399 000,00 €;143;Lisboa;House
11314;2-Bedroom;399 900,00 €;70;Lisboa;House
11315;2-Bedroom;399 900,00 €;47;Lisboa;House
11316;2-Bedroom;399 900,00 €;70;Lisboa;House
11317;2-Bedroom;400 000,00 €;53;Lisboa;House
11318;2-Bedroom;400 000,00 €;129;Lisboa;House
11319;4-Bedroom;400 000,00 €;452;Lisboa;House
11320;Apartment;400 000,00 €;122;Lisboa;House
11321;Apartment;400 000,00 €;122;Lisboa;House
11322;1-Bedroom;405 000,00 €;60;Lisboa;House
11323;2-Bedroom;405 000,00 €;166;Lisboa;House
11324;2-Bedroom;409 000,00 €;116;Lisboa;House
11325;2-Bedroom;410 000,00 €;157;Lisboa;House
11326;3-Bedroom;410 000,00 €;144;Lisboa;House
11327;Apartment;410 000,00 €;37;Lisboa;House
11328;Apartment;410 000,00 €;163;Lisboa;House
11329;Apartment;414 500,00 €;80;Lisboa;House
11330;3+2-Bedroom;415 000,00 €;244;Lisboa;House
11331;2-Bedroom;415 000,00 €;163;Lisboa;House
11332;3-Bedroom;415 000,00 €;140;Lisboa;House
11333;4-Bedroom;415 000,00 €;330;Lisboa;House
11334;Apartment;415 000,00 €;122;Lisboa;House
11335;2-Bedroom;420 000,00 €;123;Lisboa;House
11336;4-Bedroom;420 000,00 €;90;Lisboa;House
11337;Detached House;420 000,00 €;160;Lisboa;House
11338;4-Bedroom;420 000,00 €;90;Lisboa;House
11339;2-Bedroom;420 000,00 €;149;Lisboa;House
11340;2-Bedroom;420 000,00 €;75;Lisboa;House
11341;Detached House;420 000,00 €;141;Lisboa;House
11342;2-Bedroom;421 000,00 €;116;Lisboa;House
11343;Apartment;422 000,00 €;122;Lisboa;House
11344;Apartment;422 000,00 €;122;Lisboa;House
11345;1-Bedroom;425 000,00 €;47;Lisboa;House
11346;Detached House;425 000,00 €;210;Lisboa;House
11347;Apartment;425 000,00 €;72;Lisboa;House
11348;Detached House;425 000,00 €;150;Lisboa;House
11349;2-Bedroom;425 000,00 €;159;Lisboa;House
11350;3-Bedroom;425 000,00 €;186;Lisboa;House
11351;Apartment;426 500,00 €;145;Lisboa;House
11352;Detached House;428 000,00 €;333;Lisboa;House
11353;2-Bedroom;430 000,00 €;120;Lisboa;House
11354;1-Bedroom;430 000,00 €;92;Lisboa;House
11355;1-Bedroom;430 000,00 €;58;Lisboa;House
11356;Detached House;430 000,00 €;424;Lisboa;House
11357;3-Bedroom;430 000,00 €;250;Lisboa;House
11358;1-Bedroom;430 000,00 €;67;Lisboa;House
11359;3-Bedroom;430 000,00 €;90;Lisboa;House
11360;4-Bedroom;430 000,00 €;157;Lisboa;House
11361;Detached House;430 000,00 €;320;Lisboa;House
11362;Apartment;430 000,00 €;70;Lisboa;House
11363;2-Bedroom;430 000,00 €;120;Lisboa;House
11364;3-Bedroom;434 000,00 €;193;Lisboa;House
11365;3-Bedroom;434 000,00 €;193;Lisboa;House
11366;3-Bedroom;435 000,00 €;110;Lisboa;House
11367;Apartment;435 000,00 €;117;Lisboa;House
11368;2-Bedroom;435 000,00 €;92;Lisboa;House
11369;1-Bedroom;435 000,00 €;94;Lisboa;House
11370;Apartment;435 000,00 €;122;Lisboa;House
11371;Apartment;435 000,00 €;59;Lisboa;House
11372;Apartment;435 000,00 €;122;Lisboa;House
11373;Detached House;435 000,00 €;465;Lisboa;House
11374;2-Bedroom;437 500,00 €;99;Lisboa;House
11375;Apartment;438 000,00 €;146;Lisboa;House
11376;3-Bedroom;438 500,00 €;130;Lisboa;House
11377;Apartment;439 000,00 €;151;Lisboa;House
11378;4-Bedroom;439 000,00 €;191;Lisboa;House
11379;3+1-Bedroom;440 000,00 €;130;Lisboa;House
11380;2-Bedroom;440 000,00 €;83;Lisboa;House
11381;2-Bedroom;441 000,00 €;119;Lisboa;House
11382;Detached House;442 000,00 €;200;Lisboa;House
11383;Detached House;448 000,00 €;223;Lisboa;House
11384;2-Bedroom;448 000,00 €;109;Lisboa;House
11385;Detached House;449 000,00 €;213;Lisboa;House
11386;2-Bedroom;449 000,00 €;92;Lisboa;House
11387;2-Bedroom;450 000,00 €;67;Lisboa;House
11388;3-Bedroom;450 000,00 €;90;Lisboa;House
11389;2+1-Bedroom;450 000,00 €;96;Lisboa;House
11390;Detached House;450 000,00 €;280;Lisboa;House
11391;2-Bedroom;450 000,00 €;226;Lisboa;House
11392;4-Bedroom;450 000,00 €;195;Lisboa;House
11393;Apartment;450 000,00 €;156;Lisboa;House
11394;2-Bedroom;450 000,00 €;84;Lisboa;House
11395;Detached House;450 000,00 €;457;Lisboa;House
11396;Detached House;450 000,00 €;233;Lisboa;House
11397;3-Bedroom;450 000,00 €;132;Lisboa;House
11398;Apartment;450 000,00 €;88;Lisboa;House
11399;1-Bedroom;455 000,00 €;72;Lisboa;House
11400;3-Bedroom;455 000,00 €;91;Lisboa;House
11401;4-Bedroom;459 000,00 €;140;Lisboa;House
11402;3-Bedroom;460 000,00 €;194;Lisboa;House
11403;1-Bedroom;460 000,00 €;52;Lisboa;House
11404;1-Bedroom;460 000,00 €;52;Lisboa;House
11405;3-Bedroom;460 000,00 €;133;Lisboa;House
11406;2-Bedroom;460 000,00 €;70;Lisboa;House
11407;3-Bedroom;460 000,00 €;133;Lisboa;House
11408;3-Bedroom;460 000,00 €;133;Lisboa;House
11409;3-Bedroom;460 000,00 €;231;Lisboa;House
11410;3-Bedroom;460 000,00 €;173;Lisboa;House
11411;Apartment;460 000,00 €;147;Lisboa;House
11412;Apartment;460 000,00 €;147;Lisboa;House
11413;Apartment;460 000,00 €;147;Lisboa;House
11414;Apartment;460 000,00 €;147;Lisboa;House
11415;Apartment;460 000,00 €;147;Lisboa;House
11416;4-Bedroom;465 000,00 €;186;Lisboa;House
11417;1-Bedroom;465 000,00 €;57;Lisboa;House
11418;3-Bedroom;470 000,00 €;156;Lisboa;House
11419;2-Bedroom;470 000,00 €;105;Lisboa;House
11420;3-Bedroom;470 000,00 €;204;Lisboa;House
11421;4-Bedroom;470 000,00 €;237;Lisboa;House
11422;Detached House;470 000,00 €;284;Lisboa;House
11423;Detached House;470 000,00 €;489;Lisboa;House
11424;5-Bedroom;470 000,00 €;110;Lisboa;House
11425;3-Bedroom;470 000,00 €;156;Lisboa;House
11426;3-Bedroom;474 000,00 €;91;Lisboa;House
11427;2-Bedroom;475 000,00 €;87;Lisboa;House
11428;Detached House;475 000,00 €;277;Lisboa;House
11429;Detached House;475 000,00 €;312;Lisboa;House
11430;2-Bedroom;475 000,00 €;60;Lisboa;House
11431;Apartment;475 000,00 €;84;Lisboa;House
11432;3-Bedroom;476 000,00 €;181;Lisboa;House
11433;3-Bedroom;476 000,00 €;212;Lisboa;House
11434;Apartment;477 000,00 €;158;Lisboa;House
11435;2-Bedroom;478 000,00 €;110;Lisboa;House
11436;3-Bedroom;479 900,00 €;143;Lisboa;House
11437;1-Bedroom;480 000,00 €;83;Lisboa;House
11438;3-Bedroom;480 000,00 €;144;Lisboa;House
11439;4-Bedroom;480 000,00 €;260;Lisboa;House
11440;4-Bedroom;480 000,00 €;260;Lisboa;House
11441;3-Bedroom;480 000,00 €;161;Lisboa;House
11442;5-Bedroom;480 000,00 €;277;Lisboa;House
11443;Detached House;480 000,00 €;355;Lisboa;House
11444;Apartment;480 000,00 €;158;Lisboa;House
11445;Apartment;480 000,00 €;162;Lisboa;House
11446;3-Bedroom;480 000,00 €;260;Lisboa;House
11447;1-Bedroom;480 000,00 €;83;Lisboa;House
11448;3-Bedroom;484 000,00 €;213;Lisboa;House
11449;3-Bedroom;485 000,00 €;130;Lisboa;House
11450;3-Bedroom;485 000,00 €;76;Lisboa;House
11451;4-Bedroom;485 000,00 €;113;Lisboa;House
11452;3-Bedroom;485 000,00 €;140;Lisboa;House
11453;3-Bedroom;485 000,00 €;140;Lisboa;House
11454;3-Bedroom;485 000,00 €;130;Lisboa;House
11455;Apartment;487 000,00 €;162;Lisboa;House
11456;2-Bedroom;489 000,00 €;95;Lisboa;House
11457;3-Bedroom;489 000,00 €;182;Lisboa;House
11458;Detached House;489 000,00 €;277;Lisboa;House
11459;2-Bedroom;490 000,00 €;78;Lisboa;House
11460;Detached House;490 000,00 €;170;Lisboa;House
11461;Detached House;490 000,00 €;368;Lisboa;House
11462;Detached House;490 000,00 €;198;Lisboa;House
11463;2-Bedroom;490 000,00 €;84;Lisboa;House
11464;Apartment;490 000,00 €;70;Lisboa;House
11465;2-Bedroom;490 000,00 €;84;Lisboa;House
11466;Apartment;490 000,00 €;110;Lisboa;House
11467;Detached House;490 000,00 €;368;Lisboa;House
11468;3-Bedroom;490 000,00 €;310;Lisboa;House
11469;Detached House;490 000,00 €;170;Lisboa;House
11470;4-Bedroom;490 000,00 €;321;Lisboa;House
11471;Detached House;490 000,00 €;176;Lisboa;House
11472;2-Bedroom;490 000,00 €;90;Lisboa;House
11473;4-Bedroom;491 000,00 €;297;Lisboa;House
11474;Apartment;494 000,00 €;58;Lisboa;House
11475;3-Bedroom;495 000,00 €;220;Lisboa;House
11476;3-Bedroom;495 000,00 €;200;Lisboa;House
11477;Apartment;495 000,00 €;126;Lisboa;House
11478;3-Bedroom;495 000,00 €;100;Lisboa;House
11479;4-Bedroom;495 000,00 €;113;Lisboa;House
11480;Apartment;495 000,00 €;113;Lisboa;House
11481;3-Bedroom;495 000,00 €;120;Lisboa;House
11482;1-Bedroom;495 000,00 €;90;Lisboa;House
11483;2-Bedroom;495 000,00 €;240;Lisboa;House
11484;3-Bedroom;495 000,00 €;120;Lisboa;House
11485;2-Bedroom;495 000,00 €;86;Lisboa;House
11486;3-Bedroom;496 000,00 €;103;Lisboa;House
11487;3-Bedroom;499 000,00 €;174;Lisboa;House
11488;1-Bedroom;499 000,00 €;65;Lisboa;House
11489;2-Bedroom;499 000,00 €;100;Lisboa;House
11490;3-Bedroom;499 900,00 €;103;Lisboa;House
11491;3-Bedroom;499 900,00 €;93;Lisboa;House
11492;3-Bedroom;499 900,00 €;110;Lisboa;House
11493;3-Bedroom;499 900,00 €;110;Lisboa;House
11494;3-Bedroom;499 900,00 €;90;Lisboa;House
11495;3-Bedroom;499 900,00 €;103;Lisboa;House
11496;3-Bedroom;499 900,00 €;105;Lisboa;House
11497;3-Bedroom;499 900,00 €;92;Lisboa;House
11498;3-Bedroom;499 900,00 €;100;Lisboa;House
11499;3-Bedroom;499 900,00 €;100;Lisboa;House
11500;3-Bedroom;499 900,00 €;88;Lisboa;House
11501;3-Bedroom;499 900,00 €;103;Lisboa;House
11502;3-Bedroom;499 900,00 €;93;Lisboa;House
11503;3-Bedroom;499 900,00 €;103;Lisboa;House
11504;Detached House;499 950,00 €;149;Lisboa;House
11505;3-Bedroom;500 000,00 €;150;Lisboa;House
11506;1-Bedroom;500 000,00 €;58;Lisboa;House
11507;3-Bedroom;500 000,00 €;145;Lisboa;House
11508;Farmhouse;500 000,00 €;284;Lisboa;House
11509;Studio;500 000,00 €;68;Lisboa;House
11510;3-Bedroom;500 000,00 €;150;Lisboa;House
11511;2-Bedroom;505 000,00 €;87;Lisboa;House
11512;1-Bedroom;505 000,00 €;65;Lisboa;House
11513;4-Bedroom;505 000,00 €;117;Lisboa;House
11514;2-Bedroom;505 000,00 €;87;Lisboa;House
11515;3-Bedroom;510 000,00 €;220;Lisboa;House
11516;2+1-Bedroom;510 000,00 €;68;Lisboa;House
11517;3-Bedroom;510 000,00 €;164;Lisboa;House
11518;2-Bedroom;515 000,00 €;120;Lisboa;House
11519;2-Bedroom;515 000,00 €;120;Lisboa;House
11520;1-Bedroom;515 000,00 €;66;Lisboa;House
11521;2-Bedroom;515 000,00 €;85;Lisboa;House
11522;3-Bedroom;515 000,00 €;196;Lisboa;House
11523;2-Bedroom;515 700,00 €;123;Lisboa;House
11524;Detached House;519 500,00 €;118;Lisboa;House
11525;1-Bedroom;520 000,00 €;80;Lisboa;House
11526;1-Bedroom;520 000,00 €;90;Lisboa;House
11527;1-Bedroom;520 000,00 €;90;Lisboa;House
11528;3-Bedroom;520 000,00 €;210;Lisboa;House
11529;4-Bedroom;520 000,00 €;227;Lisboa;House
11530;3-Bedroom;520 000,00 €;229;Lisboa;House
11531;4-Bedroom;520 000,00 €;164;Lisboa;House
11532;3-Bedroom;525 000,00 €;166;Lisboa;House
11533;3-Bedroom;525 000,00 €;99;Lisboa;House
11534;Apartment;525 000,00 €;121;Lisboa;House
11535;2-Bedroom;525 000,00 €;74;Lisboa;House
11536;3-Bedroom;525 000,00 €;166;Lisboa;House
11537;3-Bedroom;526 000,00 €;148;Lisboa;House
11538;3-Bedroom;529 000,00 €;120;Lisboa;House
11539;3-Bedroom;529 000,00 €;134;Lisboa;House
11540;3-Bedroom;529 000,00 €;160;Lisboa;House
11541;Apartment;529 000,00 €;123;Lisboa;House
11542;Apartment;530 000,00 €;90;Lisboa;House
11543;Apartment;530 000,00 €;122;Lisboa;House
11544;Detached House;535 000,00 €;282;Lisboa;House
11545;Detached House;535 000,00 €;282;Lisboa;House
11546;Studio;535 000,00 €;58;Lisboa;House
11547;3-Bedroom;535 000,00 €;195;Lisboa;House
11548;5-Bedroom;537 000,00 €;300;Lisboa;House
11549;2-Bedroom;538 000,00 €;60;Lisboa;House
11550;1-Bedroom;539 000,00 €;78;Lisboa;House
11551;Apartment;540 000,00 €;80;Lisboa;House
11552;Detached House;540 000,00 €;476;Lisboa;House
11553;Detached House;540 000,00 €;162;Lisboa;House
11554;1-Bedroom;540 000,00 €;75;Lisboa;House
11555;1-Bedroom;540 000,00 €;56;Lisboa;House
11556;4-Bedroom;540 000,00 €;336;Lisboa;House
11557;4-Bedroom;544 000,00 €;250;Lisboa;House
11558;1-Bedroom;545 000,00 €;97;Lisboa;House
11559;Detached House;545 000,00 €;325;Lisboa;House
11560;Apartment;545 000,00 €;96;Lisboa;House
11561;2-Bedroom;545 000,00 €;240;Lisboa;House
11562;Apartment;547 000,00 €;90;Lisboa;House
11563;2-Bedroom;550 000,00 €;65;Lisboa;House
11564;1-Bedroom;550 000,00 €;82;Lisboa;House
11565;4-Bedroom;550 000,00 €;245;Lisboa;House
11566;3-Bedroom;550 000,00 €;114;Lisboa;House
11567;Detached House;550 000,00 €;312;Lisboa;House
11568;5-Bedroom;550 000,00 €;348;Lisboa;House
11569;Detached House;550 000,00 €;300;Lisboa;House
11570;1-Bedroom;550 000,00 €;128;Lisboa;House
11571;2-Bedroom;550 000,00 €;103;Lisboa;House
11572;4-Bedroom;550 000,00 €;105;Lisboa;House
11573;3-Bedroom;550 000,00 €;164;Lisboa;House
11574;2-Bedroom;550 000,00 €;105;Lisboa;House
11575;2-Bedroom;550 000,00 €;314;Lisboa;House
11576;1-Bedroom;550 000,00 €;111;Lisboa;House
11577;5-Bedroom;555 000,00 €;245;Lisboa;House
11578;Apartment;557 000,00 €;63;Lisboa;House
11579;2-Bedroom;560 000,00 €;74;Lisboa;House
11580;Detached House;560 000,00 €;205;Lisboa;House
11581;Apartment;560 000,00 €;131;Lisboa;House
11582;3-Bedroom;562 000,00 €;131;Lisboa;House
11583;Detached House;563 000,00 €;561;Lisboa;House
11584;Detached House;563 000,00 €;561;Lisboa;House
11585;4-Bedroom;565 000,00 €;225;Lisboa;House
11586;5-Bedroom;565 000,00 €;277;Lisboa;House
11587;3-Bedroom;565 000,00 €;178;Lisboa;House
11588;Detached House;565 000,00 €;257;Lisboa;House
11589;2-Bedroom;565 000,00 €;160;Lisboa;House
11590;4-Bedroom;565 000,00 €;225;Lisboa;House
11591;4-Bedroom;569 000,00 €;179;Lisboa;House
11592;3-Bedroom;570 000,00 €;123;Lisboa;House
11593;2-Bedroom;570 000,00 €;76;Lisboa;House
11594;2-Bedroom;570 000,00 €;120;Lisboa;House
11595;Detached House;570 000,00 €;140;Lisboa;House
11596;2-Bedroom;570 000,00 €;119;Lisboa;House
11597;Detached House;574 500,00 €;332;Lisboa;House
11598;3-Bedroom;575 000,00 €;105;Lisboa;House
11599;3-Bedroom;575 000,00 €;156;Lisboa;House
11600;3-Bedroom;575 000,00 €;85;Lisboa;House
11601;Detached House;575 000,00 €;338;Lisboa;House
11602;1-Bedroom;575 000,00 €;66;Lisboa;House
11603;4-Bedroom;575 000,00 €;170;Lisboa;House
11604;3-Bedroom;575 000,00 €;126;Lisboa;House
11605;3-Bedroom;575 000,00 €;130;Lisboa;House
11606;Apartment;576 000,00 €;128;Lisboa;House
11607;3-Bedroom;580 000,00 €;342;Lisboa;House
11608;2-Bedroom;580 000,00 €;86;Lisboa;House
11609;Detached House;580 000,00 €;155;Lisboa;House
11610;Apartment;580 000,00 €;73;Lisboa;House
11611;1-Bedroom;580 000,00 €;52;Lisboa;House
11612;4-Bedroom;580 000,00 €;210;Lisboa;House
11613;2-Bedroom;580 000,00 €;106;Lisboa;House
11614;Detached House;580 000,00 €;165;Lisboa;House
11615;3-Bedroom;580 000,00 €;101;Lisboa;House
11616;3-Bedroom;580 000,00 €;137;Lisboa;House
11617;4-Bedroom;580 000,00 €;345;Lisboa;House
11618;3-Bedroom;580 000,00 €;342;Lisboa;House
11619;Detached House;584 000,00 €;258;Lisboa;House
11620;6-Bedroom;585 000,00 €;369;Lisboa;House
11621;3-Bedroom;585 000,00 €;176;Lisboa;House
11622;6-Bedroom;585 000,00 €;414;Lisboa;House
11623;Studio;585 000,00 €;119;Lisboa;House
11624;3+1-Bedroom;585 000,00 €;175;Lisboa;House
11625;2-Bedroom;585 000,00 €;97;Lisboa;House
11626;3-Bedroom;586 000,00 €;199;Lisboa;House
11627;3-Bedroom;588 000,00 €;196;Lisboa;House
11628;2+1-Bedroom;589 000,00 €;115;Lisboa;House
11629;Detached House;589 000,00 €;292;Lisboa;House
11630;3-Bedroom;590 000,00 €;224;Lisboa;House
11631;3-Bedroom;590 000,00 €;211;Lisboa;House
11632;3-Bedroom;590 000,00 €;113;Lisboa;House
11633;2-Bedroom;590 000,00 €;98;Lisboa;House
11634;3-Bedroom;590 000,00 €;224;Lisboa;House
11635;Apartment;593 000,00 €;83;Lisboa;House
11636;2-Bedroom;595 000,00 €;80;Lisboa;House
11637;3-Bedroom;595 000,00 €;199;Lisboa;House
11638;Detached House;595 000,00 €;215;Lisboa;House
11639;3-Bedroom;595 000,00 €;183;Lisboa;House
11640;2-Bedroom;595 000,00 €;168;Lisboa;House
11641;5-Bedroom;595 000,00 €;616;Lisboa;House
11642;2-Bedroom;595 000,00 €;108;Lisboa;House
11643;Detached House;595 000,00 €;185;Lisboa;House
11644;Detached House;595 000,00 €;132;Lisboa;House
11645;9-Bedroom;595 500,00 €;180;Lisboa;House
11646;9-Bedroom;595 500,00 €;152;Lisboa;House
11647;3-Bedroom;600 000,00 €;201;Lisboa;House
11648;2-Bedroom;600 000,00 €;113;Lisboa;House
11649;3-Bedroom;600 000,00 €;212;Lisboa;House
11650;3-Bedroom;600 000,00 €;201;Lisboa;House
11651;3-Bedroom;600 000,00 €;180;Lisboa;House
11652;Farmhouse;600 000,00 €;144;Lisboa;House
11653;3-Bedroom;603 750,00 €;143;Lisboa;House
11654;3-Bedroom;610 000,00 €;123;Lisboa;House
11655;2-Bedroom;610 000,00 €;94;Lisboa;House
11656;2-Bedroom;615 000,00 €;102;Lisboa;House
11657;1-Bedroom;615 000,00 €;84;Lisboa;House
11658;2-Bedroom;615 000,00 €;102;Lisboa;House
11659;2-Bedroom;617 000,00 €;98;Lisboa;House
11660;4+1-Bedroom;620 000,00 €;135;Lisboa;House
11661;4-Bedroom;620 000,00 €;134;Lisboa;House
11662;5-Bedroom;620 000,00 €;168;Lisboa;House
11663;5-Bedroom;620 000,00 €;168;Lisboa;House
11664;Detached House;620 000,00 €;340;Lisboa;House
11665;2-Bedroom;620 160,00 €;77;Lisboa;House
11666;1-Bedroom;620 175,00 €;71;Lisboa;House
11667;8-Bedroom;625 000,00 €;648;Lisboa;House
11668;8-Bedroom;625 000,00 €;648;Lisboa;House
11669;3-Bedroom;625 000,00 €;174;Lisboa;House
11670;4-Bedroom;625 000,00 €;190;Lisboa;House
11671;4-Bedroom;627 000,00 €;195;Lisboa;House
11672;3-Bedroom;629 000,00 €;100;Lisboa;House
11673;4-Bedroom;630 000,00 €;190;Lisboa;House
11674;Detached House;630 000,00 €;250;Lisboa;House
11675;4-Bedroom;630 000,00 €;296;Lisboa;House
11676;1-Bedroom;630 000,00 €;73;Lisboa;House
11677;1-Bedroom;630 000,00 €;85;Lisboa;House
11678;3-Bedroom;635 000,00 €;213;Lisboa;House
11679;3+1-Bedroom;635 000,00 €;220;Lisboa;House
11680;4-Bedroom;635 000,00 €;219;Lisboa;House
11681;4-Bedroom;635 000,00 €;220;Lisboa;House
11682;3+1-Bedroom;635 000,00 €;220;Lisboa;House
11683;3-Bedroom;635 000,00 €;213;Lisboa;House
11684;4-Bedroom;638 000,00 €;150;Lisboa;House
11685;4-Bedroom;639 000,00 €;231;Lisboa;House
11686;Apartment;640 000,00 €;176;Lisboa;House
11687;4-Bedroom;640 000,00 €;288;Lisboa;House
11688;3+1-Bedroom;640 000,00 €;130;Lisboa;House
11689;3-Bedroom;640 000,00 €;237;Lisboa;House
11690;2-Bedroom;645 000,00 €;81;Lisboa;House
11691;Apartment;645 000,00 €;135;Lisboa;House
11692;3-Bedroom;647 500,00 €;190;Lisboa;House
11693;4-Bedroom;648 000,00 €;276;Lisboa;House
11694;2-Bedroom;650 000,00 €;117;Lisboa;House
11695;3-Bedroom;650 000,00 €;305;Lisboa;House
11696;3-Bedroom;650 000,00 €;305;Lisboa;House
11697;House;650 000,00 €;483;Lisboa;House
11698;3-Bedroom;650 000,00 €;115;Lisboa;House
11699;Apartment;650 000,00 €;136;Lisboa;House
11700;3-Bedroom;650 000,00 €;214;Lisboa;House
11701;3-Bedroom;650 000,00 €;136;Lisboa;House
11702;3-Bedroom;650 000,00 €;218;Lisboa;House
11703;4-Bedroom;650 000,00 €;184;Lisboa;House
11704;4-Bedroom;650 000,00 €;392;Lisboa;House
11705;2-Bedroom;650 000,00 €;109;Lisboa;House
11706;3-Bedroom;650 000,00 €;174;Lisboa;House
11707;3-Bedroom;650 000,00 €;246;Lisboa;House
11708;3-Bedroom;650 000,00 €;179;Lisboa;House
11709;3-Bedroom;650 000,00 €;220;Lisboa;House
11710;Detached House;655 000,00 €;335;Lisboa;House
11711;5-Bedroom;655 000,00 €;122;Lisboa;House
11712;2-Bedroom;655 860,00 €;85;Lisboa;House
11713;4-Bedroom;657 000,00 €;211;Lisboa;House
11714;Detached House;657 500,00 €;188;Lisboa;House
11715;2-Bedroom;660 000,00 €;188;Lisboa;House
11716;4-Bedroom;660 000,00 €;430;Lisboa;House
11717;2-Bedroom;660 000,00 €;100;Lisboa;House
11718;Detached House;660 000,00 €;500;Lisboa;House
11719;2-Bedroom;660 000,00 €;125;Lisboa;House
11720;2-Bedroom;666 000,00 €;104;Lisboa;House
11721;Apartment;670 000,00 €;71;Lisboa;House
11722;3-Bedroom;670 000,00 €;135;Lisboa;House
11723;3+1-Bedroom;675 000,00 €;280;Lisboa;House
11724;2-Bedroom;675 000,00 €;188;Lisboa;House
11725;Detached House;675 000,00 €;300;Lisboa;House
11726;3-Bedroom;675 000,00 €;162;Lisboa;House
11727;Detached House;675 000,00 €;160;Lisboa;House
11728;3-Bedroom;675 000,00 €;252;Lisboa;House
11729;3-Bedroom;675 000,00 €;325;Lisboa;House
11730;2-Bedroom;677 000,00 €;150;Lisboa;House
11731;1-Bedroom;680 000,00 €;102;Lisboa;House
11732;4+1-Bedroom;680 000,00 €;249;Lisboa;House
11733;4-Bedroom;680 000,00 €;211;Lisboa;House
11734;6-Bedroom;680 000,00 €;315;Lisboa;House
11735;4-Bedroom;680 000,00 €;190;Lisboa;House
11736;3-Bedroom;680 000,00 €;129;Lisboa;House
11737;3-Bedroom;680 000,00 €;129;Lisboa;House
11738;3-Bedroom;680 000,00 €;231;Lisboa;House
11739;2-Bedroom;680 000,00 €;83;Lisboa;House
11740;4-Bedroom;680 000,00 €;200;Lisboa;House
11741;4-Bedroom;680 000,00 €;225;Lisboa;House
11742;2-Bedroom;680 000,00 €;122;Lisboa;House
11743;2-Bedroom;680 000,00 €;113;Lisboa;House
11744;6-Bedroom;680 000,00 €;270;Lisboa;House
11745;4-Bedroom;680 000,00 €;225;Lisboa;House
11746;3-Bedroom;685 000,00 €;205;Lisboa;House
11747;4-Bedroom;685 000,00 €;231;Lisboa;House
11748;3-Bedroom;685 000,00 €;252;Lisboa;House
11749;3-Bedroom;685 000,00 €;146;Lisboa;House
11750;3-Bedroom;685 020,00 €;114;Lisboa;House
11751;3-Bedroom;690 000,00 €;190;Lisboa;House
11752;5-Bedroom;690 000,00 €;240;Lisboa;House
11753;5-Bedroom;690 000,00 €;357;Lisboa;House
11754;3-Bedroom;690 000,00 €;129;Lisboa;House
11755;Detached House;690 000,00 €;173;Lisboa;House
11756;3-Bedroom;690 000,00 €;190;Lisboa;House
11757;3-Bedroom;695 000,00 €;130;Lisboa;House
11758;1-Bedroom;695 000,00 €;57;Lisboa;House
11759;3-Bedroom;695 000,00 €;252;Lisboa;House
11760;Detached House;695 000,00 €;623;Lisboa;House
11761;3-Bedroom;695 000,00 €;252;Lisboa;House
11762;3-Bedroom;695 000,00 €;342;Lisboa;House
11763;3-Bedroom;695 000,00 €;198;Lisboa;House
11764;3-Bedroom;695 000,00 €;232;Lisboa;House
11765;3-Bedroom;695 000,00 €;130;Lisboa;House
11766;2-Bedroom;698 000,00 €;85;Lisboa;House
11767;1-Bedroom;699 000,00 €;103;Lisboa;House
11768;Apartment;699 000,00 €;112;Lisboa;House
11769;2-Bedroom;699 000,00 €;109;Lisboa;House
11770;3-Bedroom;699 000,00 €;123;Lisboa;House
11771;2-Bedroom;700 000,00 €;147;Lisboa;House
11772;3-Bedroom;700 000,00 €;463;Lisboa;House
11773;2-Bedroom;700 000,00 €;147;Lisboa;House
11774;5-Bedroom;700 000,00 €;313;Lisboa;House
11775;4-Bedroom;700 000,00 €;159;Lisboa;House
11776;4-Bedroom;700 000,00 €;262;Lisboa;House
11777;2-Bedroom;700 500,00 €;77;Lisboa;House
11778;2-Bedroom;704 000,00 €;110;Lisboa;House
11779;3-Bedroom;705 000,00 €;259;Lisboa;House
11780;3-Bedroom;710 000,00 €;309;Lisboa;House
11781;3-Bedroom;710 000,00 €;230;Lisboa;House
11782;3-Bedroom;710 000,00 €;178;Lisboa;House
11783;3-Bedroom;710 000,00 €;309;Lisboa;House
11784;2-Bedroom;715 000,00 €;89;Lisboa;House
11785;2-Bedroom;715 000,00 €;163;Lisboa;House
11786;2-Bedroom;716 000,00 €;125;Lisboa;House
11787;2-Bedroom;716 000,00 €;125;Lisboa;House
11788;4-Bedroom;719 000,00 €;259;Lisboa;House
11789;1-Bedroom;720 000,00 €;75;Lisboa;House
11790;4-Bedroom;720 000,00 €;220;Lisboa;House
11791;2-Bedroom;720 000,00 €;126;Lisboa;House
11792;2-Bedroom;720 000,00 €;118;Lisboa;House
11793;3-Bedroom;720 000,00 €;104;Lisboa;House
11794;3-Bedroom;720 000,00 €;178;Lisboa;House
11795;4-Bedroom;725 000,00 €;244;Lisboa;House
11796;2-Bedroom;725 000,00 €;105;Lisboa;House
11797;2-Bedroom;730 000,00 €;129;Lisboa;House
11798;Apartment;730 000,00 €;193;Lisboa;House
11799;Detached House;730 000,00 €;214;Lisboa;House
11800;3-Bedroom;730 000,00 €;134;Lisboa;House
11801;3-Bedroom;730 000,00 €;300;Lisboa;House
11802;2-Bedroom;730 000,00 €;110;Lisboa;House
11803;2-Bedroom;730 200,00 €;78;Lisboa;House
11804;1-Bedroom;735 000,00 €;130;Lisboa;House
11805;Detached House;735 000,00 €;301;Lisboa;House
11806;2-Bedroom;736 000,00 €;189;Lisboa;House
11807;3-Bedroom;739 000,00 €;139;Lisboa;House
11808;Apartment;749 000,00 €;240;Lisboa;House
11809;3-Bedroom;749 000,00 €;298;Lisboa;House
11810;5-Bedroom;749 000,00 €;347;Lisboa;House
11811;3-Bedroom;749 900,00 €;120;Lisboa;House
11812;2-Bedroom;750 000,00 €;120;Lisboa;House
11813;2+1-Bedroom;750 000,00 €;125;Lisboa;House
11814;2-Bedroom;750 000,00 €;121;Lisboa;House
11815;Apartment;750 000,00 €;458;Lisboa;House
11816;1-Bedroom;750 000,00 €;61;Lisboa;House
11817;3-Bedroom;750 000,00 €;134;Lisboa;House
11818;1-Bedroom;750 000,00 €;66;Lisboa;House
11819;3+1-Bedroom;750 000,00 €;203;Lisboa;House
11820;Apartment;750 000,00 €;458;Lisboa;House
11821;3-Bedroom;750 000,00 €;159;Lisboa;House
11822;2-Bedroom;750 000,00 €;136;Lisboa;House
11823;3-Bedroom;750 000,00 €;138;Lisboa;House
11824;4-Bedroom;750 000,00 €;351;Lisboa;House
11825;3-Bedroom;750 000,00 €;138;Lisboa;House
11826;1-Bedroom;750 000,00 €;83;Lisboa;House
11827;5-Bedroom;750 000,00 €;127;Lisboa;House
11828;Apartment;750 000,00 €;80;Lisboa;House
11829;4-Bedroom;750 000,00 €;144;Lisboa;House
11830;Apartment;750 000,00 €;116;Lisboa;House
11831;4-Bedroom;755 000,00 €;196;Lisboa;House
11832;6-Bedroom;755 000,00 €;237;Lisboa;House
11833;4-Bedroom;760 000,00 €;257;Lisboa;House
11834;2-Bedroom;760 000,00 €;96;Lisboa;House
11835;2-Bedroom;760 000,00 €;113;Lisboa;House
11836;4-Bedroom;760 000,00 €;189;Lisboa;House
11837;3-Bedroom;760 000,00 €;169;Lisboa;House
11838;4-Bedroom;760 000,00 €;125;Lisboa;House
11839;4-Bedroom;760 000,00 €;287;Lisboa;House
11840;2-Bedroom;765 000,00 €;91;Lisboa;House
11841;4-Bedroom;765 000,00 €;117;Lisboa;House
11842;2-Bedroom;770 000,00 €;151;Lisboa;House
11843;3-Bedroom;770 000,00 €;150;Lisboa;House
11844;3-Bedroom;770 000,00 €;230;Lisboa;House
11845;2-Bedroom;770 000,00 €;110;Lisboa;House
11846;4-Bedroom;770 000,00 €;170;Lisboa;House
11847;3-Bedroom;770 000,00 €;130;Lisboa;House
11848;2-Bedroom;770 000,00 €;92;Lisboa;House
11849;3+1-Bedroom;775 000,00 €;273;Lisboa;House
11850;3-Bedroom;775 000,00 €;90;Lisboa;House
11851;2+1-Bedroom;780 000,00 €;120;Lisboa;House
11852;4-Bedroom;780 000,00 €;297;Lisboa;House
11853;4-Bedroom;780 000,00 €;205;Lisboa;House
11854;4-Bedroom;780 000,00 €;201;Lisboa;House
11855;4-Bedroom;780 000,00 €;297;Lisboa;House
11856;1-Bedroom;780 000,00 €;138;Lisboa;House
11857;2-Bedroom;780 000,00 €;93;Lisboa;House
11858;Detached House;785 000,00 €;246;Lisboa;House
11859;Detached House;785 000,00 €;246;Lisboa;House
11860;3-Bedroom;789 000,00 €;181;Lisboa;House
11861;3-Bedroom;789 000,00 €;144;Lisboa;House
11862;3-Bedroom;789 000,00 €;187;Lisboa;House
11863;3-Bedroom;789 000,00 €;153;Lisboa;House
11864;3-Bedroom;789 000,00 €;144;Lisboa;House
11865;3-Bedroom;789 000,00 €;181;Lisboa;House
11866;5-Bedroom;790 000,00 €;385;Lisboa;House
11867;4-Bedroom;790 000,00 €;188;Lisboa;House
11868;2-Bedroom;790 000,00 €;108;Lisboa;House
11869;4-Bedroom;790 000,00 €;188;Lisboa;House
11870;3-Bedroom;790 000,00 €;220;Lisboa;House
11871;5-Bedroom;790 000,00 €;279;Lisboa;House
11872;3-Bedroom;790 000,00 €;176;Lisboa;House
11873;2-Bedroom;790 000,00 €;151;Lisboa;House
11874;3-Bedroom;790 000,00 €;157;Lisboa;House
11875;2-Bedroom;790 000,00 €;108;Lisboa;House
11876;5-Bedroom;790 000,00 €;385;Lisboa;House
11877;4-Bedroom;795 000,00 €;258;Lisboa;House
11878;3-Bedroom;795 000,00 €;219;Lisboa;House
11879;Detached House;795 000,00 €;479;Lisboa;House
11880;4-Bedroom;795 000,00 €;333;Lisboa;House
11881;Apartment;795 000,00 €;190;Lisboa;House
11882;Apartment;795 000,00 €;125;Lisboa;House
11883;5-Bedroom;795 000,00 €;384;Lisboa;House
11884;4-Bedroom;795 000,00 €;333;Lisboa;House
11885;4-Bedroom;795 000,00 €;130;Lisboa;House
11886;2-Bedroom;795 000,00 €;119;Lisboa;House
11887;3-Bedroom;797 000,00 €;133;Lisboa;House
11888;4-Bedroom;797 500,00 €;266;Lisboa;House
11889;4-Bedroom;797 500,00 €;225;Lisboa;House
11890;4-Bedroom;797 500,00 €;226;Lisboa;House
11891;4-Bedroom;798 500,00 €;167;Lisboa;House
11892;4-Bedroom;799 000,00 €;237;Lisboa;House
11893;4-Bedroom;799 000,00 €;187;Lisboa;House
11894;4+1-Bedroom;800 000,00 €;220;Lisboa;House
11895;4-Bedroom;800 000,00 €;380;Lisboa;House
11896;4+1-Bedroom;800 000,00 €;254;Lisboa;House
11897;5-Bedroom;800 000,00 €;218;Lisboa;House
11898;Apartment;800 000,00 €;124;Lisboa;House
11899;4-Bedroom;800 000,00 €;280;Lisboa;House
11900;Apartment;817 000,00 €;137;Lisboa;House
11901;3-Bedroom;820 000,00 €;142;Lisboa;House
11902;Detached House;820 000,00 €;402;Lisboa;House
11903;3-Bedroom;820 000,00 €;165;Lisboa;House
11904;Detached House;820 000,00 €;402;Lisboa;House
11905;3-Bedroom;820 000,00 €;122;Lisboa;House
11906;Apartment;825 000,00 €;163;Lisboa;House
11907;3-Bedroom;830 000,00 €;107;Lisboa;House
11908;3+1-Bedroom;830 000,00 €;180;Lisboa;House
11909;3-Bedroom;830 000,00 €;252;Lisboa;House
11910;3-Bedroom;835 000,00 €;131;Lisboa;House
11911;3-Bedroom;836 000,00 €;145;Lisboa;House
11912;2-Bedroom;837 410,00 €;116;Lisboa;House
11913;3-Bedroom;840 000,00 €;168;Lisboa;House
11914;2+1-Bedroom;840 000,00 €;115;Lisboa;House
11915;3-Bedroom;840 000,00 €;314;Lisboa;House
11916;2+1-Bedroom;845 000,00 €;124;Lisboa;House
11917;4-Bedroom;849 000,00 €;328;Lisboa;House
11918;5-Bedroom;849 500,00 €;186;Lisboa;House
11919;5-Bedroom;850 000,00 €;402;Lisboa;House
11920;3-Bedroom;850 000,00 €;196;Lisboa;House
11921;Detached House;850 000,00 €;215;Lisboa;House
11922;3-Bedroom;850 000,00 €;135;Lisboa;House
11923;4-Bedroom;850 000,00 €;205;Lisboa;House
11924;4+1-Bedroom;850 000,00 €;353;Lisboa;House
11925;3-Bedroom;850 000,00 €;135;Lisboa;House
11926;5-Bedroom;850 000,00 €;402;Lisboa;House
11927;2-Bedroom;850 000,00 €;105;Lisboa;House
11928;3-Bedroom;850 000,00 €;178;Lisboa;House
11929;4-Bedroom;850 000,00 €;241;Lisboa;House
11930;4-Bedroom;850 000,00 €;237;Lisboa;House
11931;4-Bedroom;850 000,00 €;190;Lisboa;House
11932;3-Bedroom;850 000,00 €;241;Lisboa;House
11933;4-Bedroom;850 000,00 €;220;Lisboa;House
11934;2-Bedroom;850 000,00 €;133;Lisboa;House
11935;2-Bedroom;850 000,00 €;110;Lisboa;House
11936;1-Bedroom;850 000,00 €;105;Lisboa;House
11937;5-Bedroom;850 000,00 €;170;Lisboa;House
11938;2-Bedroom;853 000,00 €;129;Lisboa;House
11939;2+1-Bedroom;853 000,00 €;129;Lisboa;House
11940;4-Bedroom;854 000,00 €;135;Lisboa;House
11941;4-Bedroom;855 000,00 €;227;Lisboa;House
11942;3-Bedroom;856 000,00 €;145;Lisboa;House
11943;2-Bedroom;860 000,00 €;117;Lisboa;House
11944;2-Bedroom;860 000,00 €;110;Lisboa;House
11945;Apartment;864 500,00 €;135;Lisboa;House
11946;4-Bedroom;865 000,00 €;207;Lisboa;House
11947;4-Bedroom;867 500,00 €;150;Lisboa;House
11948;2-Bedroom;870 000,00 €;117;Lisboa;House
11949;3-Bedroom;870 000,00 €;140;Lisboa;House
11950;Detached House;875 000,00 €;565;Lisboa;House
11951;4-Bedroom;875 000,00 €;530;Lisboa;House
11952;Apartment;875 000,00 €;103;Lisboa;House
11953;4-Bedroom;875 000,00 €;530;Lisboa;House
11954;Detached House;875 000,00 €;565;Lisboa;House
11955;2-Bedroom;875 000,00 €;115;Lisboa;House
11956;4-Bedroom;875 000,00 €;308;Lisboa;House
11957;2-Bedroom;880 000,00 €;108;Lisboa;House
11958;2-Bedroom;880 000,00 €;148;Lisboa;House
11959;2-Bedroom;880 000,00 €;138;Lisboa;House
11960;4-Bedroom;880 000,00 €;135;Lisboa;House
11961;2-Bedroom;880 000,00 €;87;Lisboa;House
11962;3-Bedroom;880 000,00 €;145;Lisboa;House
11963;5-Bedroom;880 000,00 €;500;Lisboa;House
11964;4-Bedroom;885 000,00 €;300;Lisboa;House
11965;Detached House;885 000,00 €;355;Lisboa;House
11966;4-Bedroom;890 000,00 €;665;Lisboa;House
11967;4-Bedroom;890 000,00 €;245;Lisboa;House
11968;4-Bedroom;890 000,00 €;263;Lisboa;House
11969;4-Bedroom;890 000,00 €;256;Lisboa;House
11970;4-Bedroom;890 000,00 €;256;Lisboa;House
11971;Apartment;890 000,00 €;86;Lisboa;House
11972;3-Bedroom;890 000,00 €;150;Lisboa;House
11973;5-Bedroom;890 000,00 €;377;Lisboa;House
11974;3-Bedroom;890 000,00 €;194;Lisboa;House
11975;4-Bedroom;890 000,00 €;210;Lisboa;House
11976;6-Bedroom;890 000,00 €;765;Lisboa;House
11977;5-Bedroom;890 000,00 €;331;Lisboa;House
11978;4-Bedroom;895 000,00 €;180;Lisboa;House
11979;3-Bedroom;895 000,00 €;123;Lisboa;House
11980;3-Bedroom;895 000,00 €;166;Lisboa;House
11981;2-Bedroom;895 000,00 €;145;Lisboa;House
11982;4-Bedroom;895 000,00 €;493;Lisboa;House
11983;3-Bedroom;896 000,00 €;146;Lisboa;House
11984;4-Bedroom;899 000,00 €;335;Lisboa;House
11985;3-Bedroom;899 000,00 €;154;Lisboa;House
11986;Apartment;899 000,00 €;135;Lisboa;House
11987;4-Bedroom;900 000,00 €;425;Lisboa;House
11988;4-Bedroom;900 000,00 €;425;Lisboa;House
11989;4-Bedroom;900 000,00 €;270;Lisboa;House
11990;Apartment;900 000,00 €;80;Lisboa;House
11991;3-Bedroom;900 000,00 €;271;Lisboa;House
11992;Detached House;900 000,00 €;160;Lisboa;House
11993;4-Bedroom;907 500,00 €;166;Lisboa;House
11994;2-Bedroom;910 000,00 €;101;Lisboa;House
11995;4+1-Bedroom;925 000,00 €;217;Lisboa;House
11996;2-Bedroom;925 000,00 €;143;Lisboa;House
11997;3-Bedroom;929 000,00 €;292;Lisboa;House
11998;2-Bedroom;935 000,00 €;114;Lisboa;House
11999;2-Bedroom;935 000,00 €;100;Lisboa;House
12000;Detached House;935 000,00 €;200;Lisboa;House
12001;3+1-Bedroom;939 000,00 €;200;Lisboa;House
12002;3-Bedroom;940 000,00 €;250;Lisboa;House
12003;Apartment;940 000,00 €;187;Lisboa;House
12004;Apartment;940 000,00 €;164;Lisboa;House
12005;3-Bedroom;945 000,00 €;341;Lisboa;House
12006;3-Bedroom;945 000,00 €;347;Lisboa;House
12007;5-Bedroom;945 000,00 €;289;Lisboa;House
12008;4-Bedroom;945 000,00 €;341;Lisboa;House
12009;3-Bedroom;945 000,00 €;347;Lisboa;House
12010;3-Bedroom;945 000,00 €;347;Lisboa;House
12011;5-Bedroom;945 000,00 €;289;Lisboa;House
12012;3-Bedroom;945 000,00 €;347;Lisboa;House
12013;3-Bedroom;945 000,00 €;341;Lisboa;House
12014;3-Bedroom;945 000,00 €;470;Lisboa;House
12015;3-Bedroom;945 000,00 €;341;Lisboa;House
12016;Detached House;949 000,00 €;526;Lisboa;House
12017;Detached House;949 000,00 €;526;Lisboa;House
12018;5-Bedroom;950 000,00 €;336;Lisboa;House
12019;3-Bedroom;950 000,00 €;394;Lisboa;House
12020;5-Bedroom;950 000,00 €;305;Lisboa;House
12021;Detached House;950 000,00 €;274;Lisboa;House
12022;4-Bedroom;950 000,00 €;230;Lisboa;House
12023;5-Bedroom;950 000,00 €;350;Lisboa;House
12024;2-Bedroom;950 000,00 €;200;Lisboa;House
12025;Apartment;965 000,00 €;213;Lisboa;House
12026;2-Bedroom;970 000,00 €;126;Lisboa;House
12027;Detached House;975 000,00 €;250;Lisboa;House
12028;Apartment;980 000,00 €;211;Lisboa;House
12029;3-Bedroom;980 000,00 €;308;Lisboa;House
12030;3-Bedroom;980 000,00 €;135;Lisboa;House
12031;Detached House;980 000,00 €;395;Lisboa;House
12032;3-Bedroom;980 000,00 €;152;Lisboa;House
12033;4-Bedroom;980 000,00 €;113;Lisboa;House
12034;4-Bedroom;985 000,00 €;328;Lisboa;House
12035;2+1-Bedroom;985 000,00 €;116;Lisboa;House
12036;3-Bedroom;990 000,00 €;207;Lisboa;House
12037;7-Bedroom;990 000,00 €;352;Lisboa;House
12038;4-Bedroom;990 000,00 €;230;Lisboa;House
12039;5-Bedroom;990 000,00 €;343;Lisboa;House
12040;6-Bedroom;990 000,00 €;340;Lisboa;House
12041;2-Bedroom;990 000,00 €;111;Lisboa;House
12042;Detached House;995 000,00 €;189;Lisboa;House
12043;3-Bedroom;995 000,00 €;288;Lisboa;House
12044;4-Bedroom;995 000,00 €;179;Lisboa;House
12045;3-Bedroom;995 000,00 €;253;Lisboa;House
12046;3-Bedroom;995 000,00 €;300;Lisboa;House
12047;5+1-Bedroom;995 000,00 €;300;Lisboa;House
12048;3-Bedroom;997 000,00 €;203;Lisboa;House
12049;4-Bedroom;998 000,00 €;164;Lisboa;House
12050;Detached House;999 000,00 €;230;Lisboa;House
12051;4-Bedroom;999 000,00 €;232;Lisboa;House
12052;4-Bedroom;999 000,00 €;216;Lisboa;House
12053;Apartment;999 900,00 €;152;Lisboa;House
12054;3-Bedroom;1 000 000,00 €;151;Lisboa;House
12055;3-Bedroom;1 000 000,00 €;154;Lisboa;House
12056;3-Bedroom;1 008 960,00 €;182;Lisboa;House
12057;2-Bedroom;1 020 000,00 €;119;Lisboa;House
12058;2-Bedroom;1 020 000,00 €;109;Lisboa;House
12059;4-Bedroom;1 029 000,00 €;388;Lisboa;House
12060;Detached House;1 030 000,00 €;258;Lisboa;House
12061;2-Bedroom;1 040 000,00 €;119;Lisboa;House
12062;4-Bedroom;1 050 000,00 €;234;Lisboa;House
12063;4-Bedroom;1 050 000,00 €;234;Lisboa;House
12064;4-Bedroom;1 050 000,00 €;432;Lisboa;House
12065;11-Bedroom;1 050 000,00 €;576;Lisboa;House
12066;4-Bedroom;1 055 000,00 €;385;Lisboa;House
12067;5-Bedroom;1 060 000,00 €;410;Lisboa;House
12068;2-Bedroom;1 060 000,00 €;166;Lisboa;House
12069;5-Bedroom;1 060 000,00 €;410;Lisboa;House
12070;5-Bedroom;1 060 000,00 €;410;Lisboa;House
12071;Detached House;1 060 000,00 €;410;Lisboa;House
12072;Apartment;1 069 250,00 €;144;Lisboa;House
12073;5-Bedroom;1 075 000,00 €;241;Lisboa;House
12074;3+1-Bedroom;1 078 000,00 €;268;Lisboa;House
12075;4-Bedroom;1 080 000,00 €;350;Lisboa;House
12076;4-Bedroom;1 080 000,00 €;402;Lisboa;House
12077;4-Bedroom;1 085 700,00 €;248;Lisboa;House
12078;3-Bedroom;1 095 000,00 €;161;Lisboa;House
12079;2-Bedroom;1 100 000,00 €;107;Lisboa;House
12080;4-Bedroom;1 100 000,00 €;500;Lisboa;House
12081;Detached House;1 100 000,00 €;356;Lisboa;House
12082;3-Bedroom;1 100 000,00 €;134;Lisboa;House
12083;3+2-Bedroom;1 100 000,00 €;221;Lisboa;House
12084;3+2-Bedroom;1 100 000,00 €;221;Lisboa;House
12085;4-Bedroom;1 100 000,00 €;394;Lisboa;House
12086;5-Bedroom;1 100 000,00 €;272;Lisboa;House
12087;Detached House;1 100 000,00 €;356;Lisboa;House
12088;3-Bedroom;1 100 000,00 €;134;Lisboa;House
12089;4-Bedroom;1 100 000,00 €;201;Lisboa;House
12090;2-Bedroom;1 100 000,00 €;120;Lisboa;House
12091;Detached House;1 100 000,00 €;250;Lisboa;House
12092;3-Bedroom;1 100 000,00 €;218;Lisboa;House
12093;Detached House;1 100 000,00 €;395;Lisboa;House
12094;T15;1 100 000,00 €;634;Lisboa;House
12095;3-Bedroom;1 100 000,00 €;204;Lisboa;House
12096;3-Bedroom;1 100 000,00 €;194;Lisboa;House
12097;3-Bedroom;1 100 000,00 €;165;Lisboa;House
12098;4-Bedroom;1 100 000,00 €;193;Lisboa;House
12099;3-Bedroom;1 105 000,00 €;187;Lisboa;House
12100;3-Bedroom;1 120 000,00 €;308;Lisboa;House
12101;3-Bedroom;1 120 000,00 €;308;Lisboa;House
12102;4-Bedroom;1 120 000,00 €;201;Lisboa;House
12103;3-Bedroom;1 130 000,00 €;268;Lisboa;House
12104;5-Bedroom;1 130 000,00 €;466;Lisboa;House
12105;3-Bedroom;1 130 000,00 €;150;Lisboa;House
12106;Detached House;1 140 000,00 €;460;Lisboa;House
12107;Detached House;1 140 000,00 €;460;Lisboa;House
12108;2-Bedroom;1 149 000,00 €;140;Lisboa;House
12109;4-Bedroom;1 150 000,00 €;216;Lisboa;House
12110;3-Bedroom;1 150 000,00 €;274;Lisboa;House
12111;5-Bedroom;1 150 000,00 €;291;Lisboa;House
12112;Detached House;1 150 000,00 €;250;Lisboa;House
12113;Apartment;1 150 000,00 €;203;Lisboa;House
12114;4-Bedroom;1 150 000,00 €;350;Lisboa;House
12115;2-Bedroom;1 150 000,00 €;117;Lisboa;House
12116;3-Bedroom;1 166 000,00 €;172;Lisboa;House
12117;3-Bedroom;1 170 000,00 €;220;Lisboa;House
12118;3-Bedroom;1 170 000,00 €;207;Lisboa;House
12119;1-Bedroom;1 175 000,00 €;129;Lisboa;House
12120;3-Bedroom;1 180 000,00 €;300;Lisboa;House
12121;Apartment;1 180 000,00 €;163;Lisboa;House
12122;3-Bedroom;1 180 000,00 €;205;Lisboa;House
12123;3-Bedroom;1 190 000,00 €;395;Lisboa;House
12124;4-Bedroom;1 190 000,00 €;210;Lisboa;House
12125;5-Bedroom;1 195 000,00 €;538;Lisboa;House
12126;3-Bedroom;1 199 000,00 €;118;Lisboa;House
12127;3-Bedroom;1 199 000,00 €;119;Lisboa;House
12128;6-Bedroom;1 199 000,00 €;461;Lisboa;House
12129;Apartment;1 199 000,00 €;118;Lisboa;House
12130;2-Bedroom;1 200 000,00 €;96;Lisboa;House
12131;Detached House;1 200 000,00 €;382;Lisboa;House
12132;6+1-Bedroom;1 200 000,00 €;184;Lisboa;House
12133;3-Bedroom;1 200 000,00 €;186;Lisboa;House
12134;3-Bedroom;1 215 000,00 €;370;Lisboa;House
12135;2-Bedroom;1 225 000,00 €;140;Lisboa;House
12136;2-Bedroom;1 230 000,00 €;162;Lisboa;House
12137;3-Bedroom;1 240 000,00 €;153;Lisboa;House
12138;3-Bedroom;1 250 000,00 €;237;Lisboa;House
12139;3-Bedroom;1 250 000,00 €;175;Lisboa;House
12140;2-Bedroom;1 250 000,00 €;121;Lisboa;House
12141;2-Bedroom;1 250 000,00 €;142;Lisboa;House
12142;4-Bedroom;1 250 000,00 €;178;Lisboa;House
12143;Detached House;1 250 000,00 €;178;Lisboa;House
12144;3-Bedroom;1 250 000,00 €;185;Lisboa;House
12145;4-Bedroom;1 250 000,00 €;178;Lisboa;House
12146;3-Bedroom;1 250 000,00 €;211;Lisboa;House
12147;6-Bedroom;1 250 000,00 €;326;Lisboa;House
12148;Farmhouse;1 250 000,00 €;221;Lisboa;House
12149;3-Bedroom;1 250 000,00 €;158;Lisboa;House
12150;4-Bedroom;1 250 000,00 €;198;Lisboa;House
12151;5-Bedroom;1 250 000,00 €;384;Lisboa;House
12152;Detached House;1 250 000,00 €;415;Lisboa;House
12153;3-Bedroom;1 250 000,00 €;152;Lisboa;House
12154;3-Bedroom;1 250 000,00 €;237;Lisboa;House
12155;3-Bedroom;1 259 000,00 €;253;Lisboa;House
12156;2-Bedroom;1 270 000,00 €;140;Lisboa;House
12157;3-Bedroom;1 275 000,00 €;188;Lisboa;House
12158;3-Bedroom;1 277 000,00 €;160;Lisboa;House
12159;2-Bedroom;1 280 000,00 €;180;Lisboa;House
12160;3-Bedroom;1 280 000,00 €;305;Lisboa;House
12161;3-Bedroom;1 286 000,00 €;228;Lisboa;House
12162;3-Bedroom;1 286 000,00 €;228;Lisboa;House
12163;4-Bedroom;1 295 000,00 €;280;Lisboa;House
12164;2-Bedroom;1 295 000,00 €;172;Lisboa;House
12165;3-Bedroom;1 300 000,00 €;174;Lisboa;House
12166;6-Bedroom;1 300 000,00 €;365;Lisboa;House
12167;Apartment;1 300 000,00 €;214;Lisboa;House
12168;3-Bedroom;1 300 000,00 €;185;Lisboa;House
12169;9-Bedroom;1 300 000,00 €;267;Lisboa;House
12170;4-Bedroom;1 300 000,00 €;297;Lisboa;House
12171;2-Bedroom;1 300 000,00 €;301;Lisboa;House
12172;3+1-Bedroom;1 300 000,00 €;185;Lisboa;House
12173;Apartment;1 300 000,00 €;246;Lisboa;House
12174;Apartment;1 300 000,00 €;212;Lisboa;House
12175;4-Bedroom;1 320 000,00 €;236;Lisboa;House
12176;4-Bedroom;1 320 000,00 €;22.046;Lisboa;House
12177;5-Bedroom;1 325 000,00 €;160;Lisboa;House
12178;3-Bedroom;1 337 220,00 €;300;Lisboa;House
12179;4-Bedroom;1 345 000,00 €;238;Lisboa;House
12180;3-Bedroom;1 350 000,00 €;152;Lisboa;House
12181;5-Bedroom;1 350 000,00 €;285;Lisboa;House
12182;4-Bedroom;1 350 000,00 €;188;Lisboa;House
12183;2-Bedroom;1 350 000,00 €;109;Lisboa;House
12184;4-Bedroom;1 350 000,00 €;255;Lisboa;House
12185;4-Bedroom;1 350 000,00 €;180;Lisboa;House
12186;Apartment;1 350 000,00 €;229;Lisboa;House
12187;4-Bedroom;1 350 000,00 €;188;Lisboa;House
12188;2-Bedroom;1 350 000,00 €;128;Lisboa;House
12189;Detached House;1 350 000,00 €;250;Lisboa;House
12190;4-Bedroom;1 350 000,00 €;220;Lisboa;House
12191;4-Bedroom;1 367 000,00 €;198;Lisboa;House
12192;3+1-Bedroom;1 375 000,00 €;324;Lisboa;House
12193;3-Bedroom;1 380 000,00 €;300;Lisboa;House
12194;3-Bedroom;1 380 000,00 €;164;Lisboa;House
12195;3-Bedroom;1 380 000,00 €;174;Lisboa;House
12196;3-Bedroom;1 380 000,00 €;123;Lisboa;House
12197;3-Bedroom;1 380 000,00 €;204;Lisboa;House
12198;4-Bedroom;1 380 000,00 €;256;Lisboa;House
12199;3-Bedroom;1 383 000,00 €;186;Lisboa;House
12200;4-Bedroom;1 385 000,00 €;291;Lisboa;House
12201;Detached House;1 385 000,00 €;210;Lisboa;House
12202;3-Bedroom;1 390 000,00 €;192;Lisboa;House
12203;3-Bedroom;1 390 000,00 €;178;Lisboa;House
12204;3+1-Bedroom;1 399 000,00 €;201;Lisboa;House
12205;4-Bedroom;1 399 000,00 €;293;Lisboa;House
12206;4-Bedroom;1 399 000,00 €;201;Lisboa;House
12207;4-Bedroom;1 400 000,00 €;246;Lisboa;House
12208;2+2-Bedroom;1 400 000,00 €;270;Lisboa;House
12209;Detached House;1 400 000,00 €;1.008;Lisboa;House
12210;2-Bedroom;1 400 000,00 €;102;Lisboa;House
12211;5-Bedroom;1 400 000,00 €;1.008;Lisboa;House
12212;4-Bedroom;1 400 000,00 €;215;Lisboa;House
12213;7-Bedroom;1 400 000,00 €;312;Lisboa;House
12214;4-Bedroom;1 400 000,00 €;380;Lisboa;House
12215;2-Bedroom;1 420 000,00 €;131;Lisboa;House
12216;5-Bedroom;1 425 000,00 €;320;Lisboa;House
12217;2-Bedroom;1 430 000,00 €;143;Lisboa;House
12218;3-Bedroom;1 435 000,00 €;225;Lisboa;House
12219;3-Bedroom;1 450 000,00 €;189;Lisboa;House
12220;3-Bedroom;1 450 000,00 €;295;Lisboa;House
12221;4-Bedroom;1 450 000,00 €;580;Lisboa;House
12222;4-Bedroom;1 450 000,00 €;293;Lisboa;House
12223;4-Bedroom;1 450 000,00 €;580;Lisboa;House
12224;3-Bedroom;1 460 000,00 €;204;Lisboa;House
12225;3-Bedroom;1 480 000,00 €;261;Lisboa;House
12226;4-Bedroom;1 480 000,00 €;480;Lisboa;House
12227;6-Bedroom;1 490 000,00 €;406;Lisboa;House
12228;4-Bedroom;1 490 000,00 €;281;Lisboa;House
12229;4-Bedroom;1 490 000,00 €;217;Lisboa;House
12230;4-Bedroom;1 490 000,00 €;192;Lisboa;House
12231;4-Bedroom;1 490 000,00 €;192;Lisboa;House
12232;3-Bedroom;1 490 000,00 €;190;Lisboa;House
12233;4-Bedroom;1 495 000,00 €;238;Lisboa;House
12234;Detached House;1 495 000,00 €;220;Lisboa;House
12235;4-Bedroom;1 498 500,00 €;261;Lisboa;House
12236;4-Bedroom;1 500 000,00 €;220;Lisboa;House
12237;7-Bedroom;1 500 000,00 €;220;Lisboa;House
12238;3-Bedroom;1 500 000,00 €;193;Lisboa;House
12239;3-Bedroom;1 500 000,00 €;160;Lisboa;House
12240;Apartment;1 500 000,00 €;256;Lisboa;House
12241;Farmhouse;1 500 000,00 €;110;Lisboa;House
12242;4-Bedroom;1 500 000,00 €;329;Lisboa;House
12243;3-Bedroom;1 500 000,00 €;167;Lisboa;House
12244;2-Bedroom;1 520 000,00 €;150;Lisboa;House
12245;2-Bedroom;1 525 000,00 €;206;Lisboa;House
12246;3-Bedroom;1 525 000,00 €;120;Lisboa;House
12247;4-Bedroom;1 550 000,00 €;186;Lisboa;House
12248;3-Bedroom;1 550 000,00 €;173;Lisboa;House
12249;4-Bedroom;1 550 000,00 €;570;Lisboa;House
12250;3-Bedroom;1 550 000,00 €;185;Lisboa;House
12251;2-Bedroom;1 550 000,00 €;150;Lisboa;House
12252;3-Bedroom;1 563 840,00 €;182;Lisboa;House
12253;3-Bedroom;1 570 000,00 €;150;Lisboa;House
12254;3+1-Bedroom;1 575 000,00 €;200;Lisboa;House
12255;4-Bedroom;1 575 000,00 €;354;Lisboa;House
12256;3-Bedroom;1 575 000,00 €;200;Lisboa;House
12257;5-Bedroom;1 580 000,00 €;479;Lisboa;House
12258;6-Bedroom;1 580 000,00 €;263;Lisboa;House
12259;5-Bedroom;1 580 000,00 €;479;Lisboa;House
12260;4-Bedroom;1 590 000,00 €;382;Lisboa;House
12261;4-Bedroom;1 590 000,00 €;382;Lisboa;House
12262;4+2-Bedroom;1 590 000,00 €;430;Lisboa;House
12263;4-Bedroom;1 590 000,00 €;382;Lisboa;House
12264;5-Bedroom;1 590 000,00 €;420;Lisboa;House
12265;5-Bedroom;1 590 000,00 €;121;Lisboa;House
12266;8-Bedroom;1 600 000,00 €;227;Lisboa;House
12267;3-Bedroom;1 600 000,00 €;221;Lisboa;House
12268;4-Bedroom;1 600 000,00 €;329;Lisboa;House
12269;3-Bedroom;1 600 000,00 €;173;Lisboa;House
12270;4-Bedroom;1 650 000,00 €;276;Lisboa;House
12271;3-Bedroom;1 650 000,00 €;161;Lisboa;House
12272;3-Bedroom;1 650 000,00 €;184;Lisboa;House
12273;3-Bedroom;1 650 000,00 €;184;Lisboa;House
12274;3-Bedroom;1 650 000,00 €;230;Lisboa;House
12275;2-Bedroom;1 650 000,00 €;163;Lisboa;House
12276;4-Bedroom;1 650 000,00 €;368;Lisboa;House
12277;Detached House;1 650 000,00 €;273;Lisboa;House
12278;5-Bedroom;1 660 000,00 €;395;Lisboa;House
12279;Detached House;1 660 000,00 €;254;Lisboa;House
12280;3+1-Bedroom;1 670 000,00 €;301;Lisboa;House
12281;4-Bedroom;1 670 000,00 €;340;Lisboa;House
12282;3-Bedroom;1 670 000,00 €;301;Lisboa;House
12283;6-Bedroom;1 675 000,00 €;377;Lisboa;House
12284;4-Bedroom;1 680 000,00 €;294;Lisboa;House
12285;4-Bedroom;1 680 000,00 €;204;Lisboa;House
12286;4-Bedroom;1 680 000,00 €;261;Lisboa;House
12287;4-Bedroom;1 680 000,00 €;332;Lisboa;House
12288;4-Bedroom;1 680 000,00 €;261;Lisboa;House
12289;5-Bedroom;1 680 000,00 €;Terreno 3.360;Lisboa;House
12290;Detached House;1 680 000,00 €;289;Lisboa;House
12291;Detached House;1 680 000,00 €;289;Lisboa;House
12292;3-Bedroom;1 682 000,00 €;182;Lisboa;House
12293;3-Bedroom;1 690 000,00 €;200;Lisboa;House
12294;4-Bedroom;1 690 000,00 €;335;Lisboa;House
12295;6-Bedroom;1 700 000,00 €;332;Lisboa;House
12296;Apartment;1 700 000,00 €;278;Lisboa;House
12297;Apartment;1 700 000,00 €;207;Lisboa;House
12298;4-Bedroom;1 700 000,00 €;331;Lisboa;House
12299;4-Bedroom;1 700 000,00 €;282;Lisboa;House
12300;6-Bedroom;1 700 000,00 €;855;Lisboa;House
12301;4-Bedroom;1 700 000,00 €;543;Lisboa;House
12302;3-Bedroom;1 700 000,00 €;189;Lisboa;House
12303;2-Bedroom;1 700 000,00 €;234;Lisboa;House
12304;3-Bedroom;1 720 000,00 €;304;Lisboa;House
12305;3-Bedroom;1 737 000,00 €;184;Lisboa;House
12306;4-Bedroom;1 740 000,00 €;384;Lisboa;House
12307;5-Bedroom;1 745 000,00 €;410;Lisboa;House
12308;Detached House;1 750 000,00 €;298;Lisboa;House
12309;Detached House;1 750 000,00 €;298;Lisboa;House
12310;4+2-Bedroom;1 750 000,00 €;360;Lisboa;House
12311;5-Bedroom;1 750 000,00 €;479;Lisboa;House
12312;4+3-Bedroom;1 760 000,00 €;224;Lisboa;House
12313;5-Bedroom;1 780 000,00 €;238;Lisboa;House
12314;3-Bedroom;1 780 000,00 €;288;Lisboa;House
12315;4-Bedroom;1 790 000,00 €;408;Lisboa;House
12316;Apartment;1 800 000,00 €;214;Lisboa;House
12317;Apartment;1 800 000,00 €;278;Lisboa;House
12318;5-Bedroom;1 800 000,00 €;450;Lisboa;House
12319;5-Bedroom;1 800 000,00 €;450;Lisboa;House
12320;3-Bedroom;1 800 000,00 €;288;Lisboa;House
12321;6-Bedroom;1 800 000,00 €;374;Lisboa;House
12322;3-Bedroom;1 800 000,00 €;237;Lisboa;House
12323;4-Bedroom;1 800 000,00 €;450;Lisboa;House
12324;9-Bedroom;1 800 000,00 €;355;Lisboa;House
12325;3-Bedroom;1 820 000,00 €;288;Lisboa;House
12326;3-Bedroom;1 820 000,00 €;288;Lisboa;House
12327;Detached House;1 830 000,00 €;263;Lisboa;House
12328;Detached House;1 830 000,00 €;253;Lisboa;House
12329;3-Bedroom;1 845 000,00 €;230;Lisboa;House
12330;3-Bedroom;1 845 000,00 €;350;Lisboa;House
12331;T15;1 850 000,00 €;741;Lisboa;House
12332;T15;1 850 000,00 €;741;Lisboa;House
12333;5-Bedroom;1 850 000,00 €;360;Lisboa;House
12334;5-Bedroom;1 850 000,00 €;261;Lisboa;House
12335;Apartment;1 850 000,00 €;224;Lisboa;House
12336;Detached House;1 850 000,00 €;195;Lisboa;House
12337;Detached House;1 850 000,00 €;195;Lisboa;House
12338;4-Bedroom;1 850 000,00 €;282;Lisboa;House
12339;5-Bedroom;1 850 000,00 €;360;Lisboa;House
12340;6-Bedroom;1 850 000,00 €;240;Lisboa;House
12341;4-Bedroom;1 850 000,00 €;290;Lisboa;House
12342;T15;1 850 000,00 €;741;Lisboa;House
12343;4+1-Bedroom;1 870 000,00 €;230;Lisboa;House
12344;6-Bedroom;1 875 000,00 €;439;Lisboa;House
12345;6-Bedroom;1 875 000,00 €;439;Lisboa;House
12346;5-Bedroom;1 890 000,00 €;348;Lisboa;House
12347;4-Bedroom;1 895 000,00 €;192;Lisboa;House
12348;3-Bedroom;1 900 000,00 €;310;Lisboa;House
12349;4-Bedroom;1 900 000,00 €;228;Lisboa;House
12350;5-Bedroom;1 900 000,00 €;333;Lisboa;House
12351;3-Bedroom;1 900 000,00 €;172;Lisboa;House
12352;3-Bedroom;1 900 000,00 €;172;Lisboa;House
12353;Apartment;1 900 000,00 €;129;Lisboa;House
12354;4-Bedroom;1 900 000,00 €;290;Lisboa;House
12355;6-Bedroom;1 950 000,00 €;482;Lisboa;House
12356;Apartment;1 950 000,00 €;263;Lisboa;House
12357;3-Bedroom;1 950 000,00 €;192;Lisboa;House
12358;4+1-Bedroom;1 950 000,00 €;386;Lisboa;House
12359;Detached House;1 950 000,00 €;706;Lisboa;House
12360;4-Bedroom;1 950 000,00 €;352;Lisboa;House
12361;4-Bedroom;1 950 000,00 €;289;Lisboa;House
12362;3-Bedroom;1 950 000,00 €;247;Lisboa;House
12363;Apartment;1 950 000,00 €;278;Lisboa;House
12364;4-Bedroom;1 970 000,00 €;228;Lisboa;House
12365;4-Bedroom;1 975 000,00 €;279;Lisboa;House
12366;3-Bedroom;1 980 000,00 €;182;Lisboa;House
12367;5+1-Bedroom;1 990 000,00 €;265;Lisboa;House
12368;4-Bedroom;1 990 000,00 €;380;Lisboa;House
12369;5+1-Bedroom;1 990 000,00 €;265;Lisboa;House
12370;5-Bedroom;1 995 000,00 €;353;Lisboa;House
12371;4-Bedroom;2 000 000,00 €;280;Lisboa;House
12372;10-Bedroom;2 000 000,00 €;833;Lisboa;House
12373;5-Bedroom;2 000 000,00 €;401;Lisboa;House
12374;3-Bedroom;2 000 000,00 €;157;Lisboa;House
12375;12-Bedroom;2 000 000,00 €;700;Lisboa;House
12376;Apartment;2 050 000,00 €;278;Lisboa;House
12377;4-Bedroom;2 055 000,00 €;264;Lisboa;House
12378;5-Bedroom;2 100 000,00 €;266;Lisboa;House
12379;4-Bedroom;2 100 000,00 €;286;Lisboa;House
12380;3-Bedroom;2 100 000,00 €;172;Lisboa;House
12381;4-Bedroom;2 125 000,00 €;287;Lisboa;House
12382;4-Bedroom;2 125 000,00 €;287;Lisboa;House
12383;6-Bedroom;2 150 000,00 €;310;Lisboa;House
12384;Apartment;2 150 000,00 €;278;Lisboa;House
12385;4-Bedroom;2 150 000,00 €;194;Lisboa;House
12386;4-Bedroom;2 180 000,00 €;575;Lisboa;House
12387;4-Bedroom;2 180 000,00 €;575;Lisboa;House
12388;4-Bedroom;2 190 000,00 €;618;Lisboa;House
12389;3-Bedroom;2 190 000,00 €;256;Lisboa;House
12390;4-Bedroom;2 190 000,00 €;281;Lisboa;House
12391;2-Bedroom;2 199 793,00 €;177;Lisboa;House
12392;8-Bedroom;2 200 000,00 €;293;Lisboa;House
12393;3-Bedroom;2 200 000,00 €;172;Lisboa;House
12394;4-Bedroom;2 200 000,00 €;367;Lisboa;House
12395;4-Bedroom;2 200 000,00 €;256;Lisboa;House
12396;4-Bedroom;2 200 000,00 €;262;Lisboa;House
12397;3-Bedroom;2 200 000,00 €;172;Lisboa;House
12398;4-Bedroom;2 225 000,00 €;287;Lisboa;House
12399;Detached House;2 240 000,00 €;338;Lisboa;House
12400;4-Bedroom;2 250 000,00 €;315;Lisboa;House
12401;7-Bedroom;2 250 000,00 €;647;Lisboa;House
12402;4-Bedroom;2 250 000,00 €;309;Lisboa;House
12403;4-Bedroom;2 250 000,00 €;239;Lisboa;House
12404;6-Bedroom;2 299 000,00 €;605;Lisboa;House
12405;6-Bedroom;2 300 000,00 €;500;Lisboa;House
12406;5-Bedroom;2 300 000,00 €;819;Lisboa;House
12407;4+1-Bedroom;2 325 000,00 €;286;Lisboa;House
12408;4-Bedroom;2 340 000,00 €;301;Lisboa;House
12409;3+1-Bedroom;2 350 000,00 €;283;Lisboa;House
12410;5-Bedroom;2 350 000,00 €;504;Lisboa;House
12411;4-Bedroom;2 375 000,00 €;399;Lisboa;House
12412;4-Bedroom;2 375 000,00 €;287;Lisboa;House
12413;4-Bedroom;2 375 000,00 €;287;Lisboa;House
12414;3+1-Bedroom;2 375 000,00 €;399;Lisboa;House
12415;4-Bedroom;2 390 000,00 €;322;Lisboa;House
12416;4+1-Bedroom;2 390 000,00 €;268;Lisboa;House
12417;4-Bedroom;2 400 000,00 €;247;Lisboa;House
12418;4-Bedroom;2 400 000,00 €;356;Lisboa;House
12419;Detached House;2 400 000,00 €;218;Lisboa;House
12420;6-Bedroom;2 420 000,00 €;480;Lisboa;House
12421;4-Bedroom;2 425 000,00 €;287;Lisboa;House
12422;3-Bedroom;2 450 000,00 €;400;Lisboa;House
12423;Apartment;2 450 000,00 €;249;Lisboa;House
12424;Apartment;2 450 000,00 €;249;Lisboa;House
12425;5-Bedroom;2 450 000,00 €;314;Lisboa;House
12426;8-Bedroom;2 490 000,00 €;514;Lisboa;House
12427;4-Bedroom;2 490 000,00 €;403;Lisboa;House
12428;Detached House;2 495 000,00 €;163;Lisboa;House
12429;4-Bedroom;2 500 000,00 €;450;Lisboa;House
12430;5-Bedroom;2 500 000,00 €;329;Lisboa;House
12431;3-Bedroom;2 500 000,00 €;370;Lisboa;House
12432;4-Bedroom;2 500 000,00 €;313;Lisboa;House
12433;4-Bedroom;2 500 000,00 €;242;Lisboa;House
12434;4-Bedroom;2 500 000,00 €;315;Lisboa;House
12435;4-Bedroom;2 500 000,00 €;531;Lisboa;House
12436;Apartment;2 500 000,00 €;237;Lisboa;House
12437;5+1-Bedroom;2 500 000,00 €;410;Lisboa;House
12438;4-Bedroom;2 500 000,00 €;517;Lisboa;House
12439;4-Bedroom;2 500 000,00 €;531;Lisboa;House
12440;4-Bedroom;2 580 000,00 €;312;Lisboa;House
12441;4-Bedroom;2 600 000,00 €;259;Lisboa;House
12442;4-Bedroom;2 600 000,00 €;282;Lisboa;House
12443;4-Bedroom;2 600 000,00 €;277;Lisboa;House
12444;4-Bedroom;2 600 000,00 €;259;Lisboa;House
12445;3-Bedroom;2 650 000,00 €;177;Lisboa;House
12446;3-Bedroom;2 650 000,00 €;180;Lisboa;House
12447;Detached House;2 680 000,00 €;226;Lisboa;House
12448;4-Bedroom;2 690 000,00 €;348;Lisboa;House
12449;Detached House;2 700 000,00 €;271;Lisboa;House
12450;5-Bedroom;2 700 000,00 €;480;Lisboa;House
12451;3-Bedroom;2 700 000,00 €;164;Lisboa;House
12452;5+1-Bedroom;2 700 000,00 €;580;Lisboa;House
12453;4-Bedroom;2 705 000,00 €;401;Lisboa;House
12454;3-Bedroom;2 750 000,00 €;273;Lisboa;House
12455;7-Bedroom;2 750 000,00 €;469;Lisboa;House
12456;3-Bedroom;2 750 000,00 €;331;Lisboa;House
12457;3-Bedroom;2 760 000,00 €;742;Lisboa;House
12458;5-Bedroom;2 790 000,00 €;604;Lisboa;House
12459;3-Bedroom;2 798 036,00 €;181;Lisboa;House
12460;4-Bedroom;2 800 000,00 €;215;Lisboa;House
12461;3+1-Bedroom;2 800 000,00 €;228;Lisboa;House
12462;3+1-Bedroom;2 800 000,00 €;228;Lisboa;House
12463;6-Bedroom;2 850 000,00 €;607;Lisboa;House
12464;3-Bedroom;2 850 000,00 €;317;Lisboa;House
12465;8-Bedroom;2 850 000,00 €;236;Lisboa;House
12466;4-Bedroom;2 900 000,00 €;298;Lisboa;House
12467;4-Bedroom;2 900 000,00 €;296;Lisboa;House
12468;3-Bedroom;2 900 000,00 €;288;Lisboa;House
12469;3-Bedroom;2 900 000,00 €;296;Lisboa;House
12470;5-Bedroom;2 900 000,00 €;289;Lisboa;House
12471;4-Bedroom;2 920 000,00 €;434;Lisboa;House
12472;4-Bedroom;2 920 000,00 €;434;Lisboa;House
12473;Apartment;2 950 000,00 €;209;Lisboa;House
12474;5-Bedroom;2 950 000,00 €;538;Lisboa;House
12475;6-Bedroom;2 990 000,00 €;376;Lisboa;House
12476;4-Bedroom;2 995 000,00 €;488;Lisboa;House
12477;4-Bedroom;3 000 000,00 €;273;Lisboa;House
12478;3-Bedroom;3 000 000,00 €;313;Lisboa;House
12479;4-Bedroom;3 120 000,00 €;649;Lisboa;House
12480;4-Bedroom;3 120 000,00 €;517;Lisboa;House
12481;4-Bedroom;3 120 000,00 €;649;Lisboa;House
12482;4-Bedroom;3 150 000,00 €;482;Lisboa;House
12483;5-Bedroom;3 150 000,00 €;562;Lisboa;House
12484;3-Bedroom;3 200 000,00 €;213;Lisboa;House
12485;6-Bedroom;3 250 000,00 €;3.299;Lisboa;House
12486;8-Bedroom;3 250 000,00 €;717;Lisboa;House
12487;5-Bedroom;3 300 000,00 €;435;Lisboa;House
12488;4-Bedroom;3 400 000,00 €;491;Lisboa;House
12489;Detached House;3 450 000,00 €;562;Lisboa;House
12490;5-Bedroom;3 450 000,00 €;530;Lisboa;House
12491;4-Bedroom;3 475 000,00 €;284;Lisboa;House
12492;6-Bedroom;3 490 000,00 €;402;Lisboa;House
12493;7-Bedroom;3 500 000,00 €;655;Lisboa;House
12494;4-Bedroom;3 500 000,00 €;320;Lisboa;House
12495;4-Bedroom;3 500 000,00 €;1.110;Lisboa;House
12496;4-Bedroom;3 534 577,00 €;259;Lisboa;House
12497;3-Bedroom;3 562 200,00 €;516;Lisboa;House
12498;5-Bedroom;3 750 000,00 €;415;Lisboa;House
12499;4-Bedroom;3 800 000,00 €;258;Lisboa;House
12500;5+2-Bedroom;3 800 000,00 €;485;Lisboa;House
12501;4-Bedroom;3 800 000,00 €;258;Lisboa;House
12502;4-Bedroom;3 884 952,00 €;544;Lisboa;House
12503;4-Bedroom;3 900 000,00 €;431;Lisboa;House
12504;6-Bedroom;3 900 000,00 €;312;Lisboa;House
12505;4-Bedroom;3 950 000,00 €;318;Lisboa;House
12506;Detached House;3 950 000,00 €;573;Lisboa;House
12507;T15;4 000 000,00 €;600;Lisboa;House
12508;10-Bedroom;4 000 000,00 €;1.500;Lisboa;House
12509;3-Bedroom;4 000 000,00 €;238;Lisboa;House
12510;4-Bedroom;4 000 000,00 €;502;Lisboa;House
12511;7-Bedroom;4 200 000,00 €;273;Lisboa;House
12512;4-Bedroom;4 200 000,00 €;259;Lisboa;House
12513;6-Bedroom;4 200 000,00 €;908;Lisboa;House
12514;Apartment;4 200 000,00 €;580;Lisboa;House
12515;4-Bedroom;4 200 000,00 €;302;Lisboa;House
12516;5+1-Bedroom;4 200 000,00 €;908;Lisboa;House
12517;5-Bedroom;4 200 000,00 €;908;Lisboa;House
12518;4-Bedroom;4 200 000,00 €;302;Lisboa;House
12519;3-Bedroom;4 200 000,00 €;259;Lisboa;House
12520;T17;4 200 000,00 €;579;Lisboa;House
12521;4-Bedroom;4 200 000,00 €;502;Lisboa;House
12522;Detached House;4 400 000,00 €;360;Lisboa;House
12523;4+1-Bedroom;4 700 000,00 €;295;Lisboa;House
12524;4-Bedroom;4 700 000,00 €;470;Lisboa;House
12525;6-Bedroom;4 750 000,00 €;737;Lisboa;House
12526;4-Bedroom;4 800 000,00 €;547;Lisboa;House
12527;5-Bedroom;4 800 000,00 €;681;Lisboa;House
12528;Apartment;4 900 000,00 €;404;Lisboa;House
12529;6-Bedroom;4 990 000,00 €;732;Lisboa;House
12530;6-Bedroom;5 350 000,00 €;1.140;Lisboa;House
12531;6-Bedroom;5 500 000,00 €;575;Lisboa;House
12532;6-Bedroom;5 500 000,00 €;1.115;Lisboa;House
12533;6-Bedroom;5 500 000,00 €;1.115;Lisboa;House
12534;6-Bedroom;5 500 000,00 €;659;Lisboa;House
12535;7-Bedroom;5 800 000,00 €;621;Lisboa;House
12536;8-Bedroom;5 800 000,00 €;750;Lisboa;House
12537;T26;5 850 000,00 €;1.806;Lisboa;House
12538;6-Bedroom;5 950 000,00 €;720;Lisboa;House
12539;T20;6 500 000,00 €;5.000;Lisboa;House
12540;Detached House;6 800 000,00 €;787;Lisboa;House
12541;4-Bedroom;6 900 000,00 €;795;Lisboa;House
12542;5-Bedroom;6 950 000,00 €;500;Lisboa;House
12543;5-Bedroom;6 950 000,00 €;500;Lisboa;House
12544;8-Bedroom;7 400 000,00 €;1.288;Lisboa;House
12545;9-Bedroom;7 500 000,00 €;3.527;Lisboa;House
12546;8-Bedroom;10 500 000,00 €;1.311;Lisboa;House
12547;7-Bedroom;12 500 000,00 €;1.300;Lisboa;House
12548;6-Bedroom;13 500 000,00 €;509;Lisboa;House
12549;6-Bedroom;13 500 000,00 €;652;Lisboa;House
12550;6-Bedroom;13 500 000,00 €;1.085;Lisboa;House
12551;T21;16 500 000,00 €;2.264;Lisboa;House
12552;T32;16 500 000,00 €;2.639;Lisboa;House
12553;T20;23 500 000,00 €;6.768;Lisboa;House
12554;Detached House;3 750,00 €;50;Portalegre;House
12555;Studio;7 500,00 €;24;Portalegre;House
12556;2-Bedroom;8 000,00 €;24;Portalegre;House
12557;1-Bedroom;8 500,00 €;40;Portalegre;House
12558;Studio;9 000,00 €;28;Portalegre;House
12559;1-Bedroom;10 000,00 €;65;Portalegre;House
12560;2-Bedroom;10 000,00 €;30;Portalegre;House
12561;2-Bedroom;10 000,00 €;42;Portalegre;House
12562;1-Bedroom;10 000,00 €;65;Portalegre;House
12563;House;12 500,00 €;56;Portalegre;House
12564;2-Bedroom;14 000,00 €;70;Portalegre;House
12565;House;15 000,00 €;78;Portalegre;House
12566;2-Bedroom;15 000,00 €;66;Portalegre;House
12567;Detached House;15 000,00 €;88;Portalegre;House
12568;4-Bedroom;15 000,00 €;58;Portalegre;House
12569;2-Bedroom;15 000,00 €;60;Portalegre;House
12570;2-Bedroom;15 000,00 €;66;Portalegre;House
12571;1-Bedroom;15 500,00 €;40;Portalegre;House
12572;2-Bedroom;16 000,00 €;46;Portalegre;House
12573;1-Bedroom;16 000,00 €;36;Portalegre;House
12574;2-Bedroom;16 500,00 €;72;Portalegre;House
12575;Studio;16 500,00 €;58;Portalegre;House
12576;Detached House;17 000,00 €;50;Portalegre;House
12577;2-Bedroom;18 500,00 €;100;Portalegre;House
12578;5-Bedroom;18 500,00 €;115;Portalegre;House
12579;2-Bedroom;19 000,00 €;55;Portalegre;House
12580;Detached House;20 000,00 €;90;Portalegre;House
12581;2-Bedroom;20 000,00 €;24;Portalegre;House
12582;Detached House;20 000,00 €;64;Portalegre;House
12583;2-Bedroom;20 000,00 €;45;Portalegre;House
12584;1-Bedroom;20 000,00 €;90;Portalegre;House
12585;4-Bedroom;21 400,00 €;116;Portalegre;House
12586;6-Bedroom;22 000,00 €;90;Portalegre;House
12587;3-Bedroom;22 900,00 €;170;Portalegre;House
12588;1-Bedroom;23 750,00 €;47;Portalegre;House
12589;3+2-Bedroom;24 000,00 €;124;Portalegre;House
12590;2-Bedroom;24 500,00 €;44;Portalegre;House
12591;2-Bedroom;24 500,00 €;150;Portalegre;House
12592;Detached House;24 900,00 €;120;Portalegre;House
12593;2-Bedroom;25 000,00 €;85;Portalegre;House
12594;1-Bedroom;25 000,00 €;31;Portalegre;House
12595;2-Bedroom;25 000,00 €;38;Portalegre;House
12596;2-Bedroom;25 000,00 €;79;Portalegre;House
12597;2-Bedroom;26 000,00 €;60;Portalegre;House
12598;3-Bedroom;26 300,00 €;168;Portalegre;House
12599;1-Bedroom;26 500,00 €;69;Portalegre;House
12600;Studio;27 000,00 €;36;Portalegre;House
12601;4-Bedroom;27 000,00 €;33;Portalegre;House
12602;3-Bedroom;27 000,00 €;66;Portalegre;House
12603;2-Bedroom;27 500,00 €;37;Portalegre;House
12604;2-Bedroom;27 500,00 €;98;Portalegre;House
12605;3-Bedroom;27 500,00 €;140;Portalegre;House
12606;2-Bedroom;27 500,00 €;168;Portalegre;House
12607;2-Bedroom;28 000,00 €;120;Portalegre;House
12608;2-Bedroom;28 000,00 €;45;Portalegre;House
12609;Detached House;28 000,00 €;95;Portalegre;House
12610;1-Bedroom;28 000,00 €;36;Portalegre;House
12611;Apartment;28 150,00 €;35;Portalegre;House
12612;Apartment;28 150,00 €;39;Portalegre;House
12613;4-Bedroom;29 000,00 €;89;Portalegre;House
12614;3-Bedroom;29 500,00 €;90;Portalegre;House
12615;2-Bedroom;30 000,00 €;60;Portalegre;House
12616;Detached House;30 000,00 €;40;Portalegre;House
12617;Studio;30 000,00 €;198;Portalegre;House
12618;1+1-Bedroom;30 000,00 €;58;Portalegre;House
12619;2-Bedroom;31 500,00 €;79;Portalegre;House
12620;2-Bedroom;32 000,00 €;57;Portalegre;House
12621;1-Bedroom;32 000,00 €;64;Portalegre;House
12622;2-Bedroom;32 500,00 €;94;Portalegre;House
12623;Detached House;34 000,00 €;99;Portalegre;House
12624;3-Bedroom;34 500,00 €;112;Portalegre;House
12625;3-Bedroom;34 999,00 €;66;Portalegre;House
12626;2-Bedroom;35 000,00 €;57;Portalegre;House
12627;Detached House;35 000,00 €;42;Portalegre;House
12628;4+1-Bedroom;35 000,00 €;137;Portalegre;House
12629;2-Bedroom;35 000,00 €;118;Portalegre;House
12630;2-Bedroom;35 000,00 €;120;Portalegre;House
12631;4-Bedroom;35 000,00 €;128;Portalegre;House
12632;2-Bedroom;35 000,00 €;52;Portalegre;House
12633;3-Bedroom;35 000,00 €;102;Portalegre;House
12634;Studio;35 000,00 €;92;Portalegre;House
12635;5-Bedroom;35 000,00 €;137;Portalegre;House
12636;2-Bedroom;35 000,00 €;44;Portalegre;House
12637;2-Bedroom;35 500,00 €;108;Portalegre;House
12638;Detached House;36 000,00 €;170;Portalegre;House
12639;Studio;36 500,00 €;85;Portalegre;House
12640;1-Bedroom;36 500,00 €;64;Portalegre;House
12641;3-Bedroom;37 000,00 €;60;Portalegre;House
12642;2-Bedroom;37 000,00 €;94;Portalegre;House
12643;2-Bedroom;37 000,00 €;130;Portalegre;House
12644;2-Bedroom;37 600,00 €;142;Portalegre;House
12645;Studio;38 000,00 €;86;Portalegre;House
12646;3-Bedroom;38 000,00 €;154;Portalegre;House
12647;3-Bedroom;38 000,00 €;67;Portalegre;House
12648;2-Bedroom;38 000,00 €;64;Portalegre;House
12649;3-Bedroom;39 000,00 €;146;Portalegre;House
12650;Studio;39 000,00 €;69;Portalegre;House
12651;Studio;39 000,00 €;45;Portalegre;House
12652;4-Bedroom;39 000,00 €;138;Portalegre;House
12653;1-Bedroom;39 000,00 €;42;Portalegre;House
12654;2-Bedroom;39 000,00 €;90;Portalegre;House
12655;1-Bedroom;39 500,00 €;70;Portalegre;House
12656;3-Bedroom;39 500,00 €;315;Portalegre;House
12657;1-Bedroom;40 000,00 €;134;Portalegre;House
12658;1-Bedroom;40 000,00 €;96;Portalegre;House
12659;2-Bedroom;40 000,00 €;72;Portalegre;House
12660;3-Bedroom;40 000,00 €;160;Portalegre;House
12661;3-Bedroom;40 000,00 €;38;Portalegre;House
12662;4-Bedroom;40 000,00 €;139;Portalegre;House
12663;2-Bedroom;40 000,00 €;90;Portalegre;House
12664;Detached House;40 000,00 €;113;Portalegre;House
12665;3-Bedroom;40 000,00 €;114;Portalegre;House
12666;2-Bedroom;40 000,00 €;70;Portalegre;House
12667;5-Bedroom;40 000,00 €;170;Portalegre;House
12668;5-Bedroom;40 000,00 €;90;Portalegre;House
12669;4-Bedroom;40 000,00 €;76;Portalegre;House
12670;Detached House;42 000,00 €;48;Portalegre;House
12671;4-Bedroom;42 500,00 €;210;Portalegre;House
12672;Detached House;42 900,00 €;81;Portalegre;House
12673;Detached House;43 000,00 €;135;Portalegre;House
12674;Detached House;45 000,00 €;55;Portalegre;House
12675;3-Bedroom;45 000,00 €;147;Portalegre;House
12676;1+1-Bedroom;45 000,00 €;29;Portalegre;House
12677;Studio;45 000,00 €;174;Portalegre;House
12678;2-Bedroom;45 000,00 €;27;Portalegre;House
12679;3-Bedroom;45 000,00 €;72;Portalegre;House
12680;4-Bedroom;45 000,00 €;96;Portalegre;House
12681;3-Bedroom;45 000,00 €;86;Portalegre;House
12682;4-Bedroom;45 000,00 €;80;Portalegre;House
12683;2-Bedroom;45 000,00 €;100;Portalegre;House
12684;2-Bedroom;45 500,00 €;95;Portalegre;House
12685;2-Bedroom;46 000,00 €;112;Portalegre;House
12686;3-Bedroom;46 000,00 €;92;Portalegre;House
12687;2-Bedroom;47 000,00 €;188;Portalegre;House
12688;2-Bedroom;47 000,00 €;42;Portalegre;House
12689;Studio;48 000,00 €;119;Portalegre;House
12690;2-Bedroom;48 000,00 €;108;Portalegre;House
12691;3-Bedroom;48 000,00 €;160;Portalegre;House
12692;Studio;48 000,00 €;194;Portalegre;House
12693;2-Bedroom;49 000,00 €;273;Portalegre;House
12694;Studio;49 000,00 €;196;Portalegre;House
12695;Studio;49 000,00 €;258;Portalegre;House
12696;3-Bedroom;49 000,00 €;55;Portalegre;House
12697;2-Bedroom;49 000,00 €;105;Portalegre;House
12698;1-Bedroom;49 000,00 €;38;Portalegre;House
12699;3-Bedroom;49 000,00 €;55;Portalegre;House
12700;2+1-Bedroom;49 500,00 €;80;Portalegre;House
12701;Studio;49 500,00 €;96;Portalegre;House
12702;Studio;49 900,00 €;80;Portalegre;House
12703;2-Bedroom;50 000,00 €;40;Portalegre;House
12704;1-Bedroom;50 000,00 €;60;Portalegre;House
12705;2-Bedroom;50 000,00 €;99;Portalegre;House
12706;2-Bedroom;50 000,00 €;98;Portalegre;House
12707;3-Bedroom;50 000,00 €;50;Portalegre;House
12708;Apartment;50 000,00 €;36;Portalegre;House
12709;2-Bedroom;50 000,00 €;128;Portalegre;House
12710;3-Bedroom;50 000,00 €;110;Portalegre;House
12711;1-Bedroom;50 000,00 €;63;Portalegre;House
12712;Farmhouse;50 000,00 €;72;Portalegre;House
12713;2-Bedroom;50 000,00 €;49;Portalegre;House
12714;5-Bedroom;52 000,00 €;82;Portalegre;House
12715;3-Bedroom;53 500,00 €;293;Portalegre;House
12716;2-Bedroom;55 000,00 €;73;Portalegre;House
12717;3-Bedroom;55 000,00 €;90;Portalegre;House
12718;1-Bedroom;55 000,00 €;54;Portalegre;House
12719;1-Bedroom;55 000,00 €;67;Portalegre;House
12720;3-Bedroom;55 000,00 €;90;Portalegre;House
12721;Detached House;55 000,00 €;1.750;Portalegre;House
12722;3-Bedroom;55 000,00 €;122;Portalegre;House
12723;2-Bedroom;55 000,00 €;44;Portalegre;House
12724;2-Bedroom;55 000,00 €;64;Portalegre;House
12725;1-Bedroom;55 000,00 €;50;Portalegre;House
12726;2-Bedroom;55 000,00 €;72;Portalegre;House
12727;2-Bedroom;55 500,00 €;174;Portalegre;House
12728;3-Bedroom;56 000,00 €;195;Portalegre;House
12729;3-Bedroom;56 000,00 €;195;Portalegre;House
12730;4-Bedroom;56 160,00 €;108;Portalegre;House
12731;Detached House;56 500,00 €;53;Portalegre;House
12732;2-Bedroom;57 000,00 €;150;Portalegre;House
12733;5-Bedroom;57 200,00 €;398;Portalegre;House
12734;2-Bedroom;58 000,00 €;150;Portalegre;House
12735;Studio;59 000,00 €;90;Portalegre;House
12736;3-Bedroom;59 500,00 €;49;Portalegre;House
12737;2-Bedroom;60 000,00 €;63;Portalegre;House
12738;3-Bedroom;60 000,00 €;80;Portalegre;House
12739;1-Bedroom;60 000,00 €;68;Portalegre;House
12740;2-Bedroom;60 000,00 €;73;Portalegre;House
12741;4+1-Bedroom;60 000,00 €;73;Portalegre;House
12742;2-Bedroom;62 000,00 €;90;Portalegre;House
12743;2-Bedroom;62 000,00 €;120;Portalegre;House
12744;6-Bedroom;62 500,00 €;164;Portalegre;House
12745;2-Bedroom;62 500,00 €;68;Portalegre;House
12746;2-Bedroom;64 000,00 €;115;Portalegre;House
12747;Farmhouse;65 000,00 €;19.500;Portalegre;House
12748;2-Bedroom;65 000,00 €;87;Portalegre;House
12749;2-Bedroom;65 000,00 €;122;Portalegre;House
12750;1-Bedroom;65 000,00 €;60;Portalegre;House
12751;2-Bedroom;65 000,00 €;120;Portalegre;House
12752;Farmhouse;65 000,00 €;225;Portalegre;House
12753;3-Bedroom;65 000,00 €;130;Portalegre;House
12754;3-Bedroom;65 000,00 €;135;Portalegre;House
12755;1-Bedroom;65 000,00 €;50;Portalegre;House
12756;3-Bedroom;66 500,00 €;130;Portalegre;House
12757;4-Bedroom;67 000,00 €;6.250;Portalegre;House
12758;1-Bedroom;67 000,00 €;44;Portalegre;House
12759;Detached House;68 000,00 €;127;Portalegre;House
12760;2-Bedroom;69 000,00 €;50;Portalegre;House
12761;3-Bedroom;69 900,00 €;108;Portalegre;House
12762;4-Bedroom;70 000,00 €;124;Portalegre;House
12763;Farmhouse;70 000,00 €;115;Portalegre;House
12764;5-Bedroom;70 000,00 €;161;Portalegre;House
12765;1-Bedroom;70 000,00 €;376;Portalegre;House
12766;4-Bedroom;70 000,00 €;154;Portalegre;House
12767;1-Bedroom;70 000,00 €;81;Portalegre;House
12768;4-Bedroom;70 000,00 €;222;Portalegre;House
12769;6-Bedroom;70 000,00 €;191;Portalegre;House
12770;4-Bedroom;70 000,00 €;43;Portalegre;House
12771;4-Bedroom;70 000,00 €;120;Portalegre;House
12772;1-Bedroom;70 000,00 €;81;Portalegre;House
12773;4-Bedroom;70 000,00 €;240;Portalegre;House
12774;6-Bedroom;70 000,00 €;195;Portalegre;House
12775;6-Bedroom;70 000,00 €;229;Portalegre;House
12776;4-Bedroom;70 000,00 €;80;Portalegre;House
12777;3-Bedroom;70 000,00 €;98;Portalegre;House
12778;2-Bedroom;70 000,00 €;60;Portalegre;House
12779;4-Bedroom;70 000,00 €;78;Portalegre;House
12780;4-Bedroom;71 000,00 €;154;Portalegre;House
12781;Apartment;72 000,00 €;71;Portalegre;House
12782;2-Bedroom;74 000,00 €;92;Portalegre;House
12783;2-Bedroom;74 000,00 €;70;Portalegre;House
12784;3-Bedroom;74 500,00 €;169;Portalegre;House
12785;2-Bedroom;74 500,00 €;75;Portalegre;House
12786;3-Bedroom;75 000,00 €;72;Portalegre;House
12787;Detached House;75 000,00 €;46;Portalegre;House
12788;3-Bedroom;75 000,00 €;72;Portalegre;House
12789;4-Bedroom;75 000,00 €;141;Portalegre;House
12790;3-Bedroom;75 000,00 €;199;Portalegre;House
12791;3-Bedroom;78 000,00 €;1.590;Portalegre;House
12792;2-Bedroom;78 000,00 €;156;Portalegre;House
12793;3-Bedroom;78 000,00 €;52;Portalegre;House
12794;2-Bedroom;79 000,00 €;122;Portalegre;House
12795;2-Bedroom;79 900,00 €;116;Portalegre;House
12796;Farmhouse;80 000,00 €;78;Portalegre;House
12797;Studio;80 000,00 €;80;Portalegre;House
12798;1-Bedroom;80 000,00 €;71;Portalegre;House
12799;Studio;80 000,00 €;100;Portalegre;House
12800;4-Bedroom;80 000,00 €;196;Portalegre;House
12801;2-Bedroom;80 000,00 €;32;Portalegre;House
12802;3-Bedroom;80 000,00 €;156;Portalegre;House
12803;Farmhouse;80 000,00 €;162;Portalegre;House
12804;2-Bedroom;80 000,00 €;87;Portalegre;House
12805;3-Bedroom;85 000,00 €;101;Portalegre;House
12806;6-Bedroom;85 000,00 €;189;Portalegre;House
12807;2-Bedroom;85 000,00 €;45;Portalegre;House
12808;Studio;85 000,00 €;85;Portalegre;House
12809;2-Bedroom;85 000,00 €;20;Portalegre;House
12810;2-Bedroom;85 000,00 €;122;Portalegre;House
12811;6-Bedroom;85 000,00 €;447;Portalegre;House
12812;2-Bedroom;85 000,00 €;45;Portalegre;House
12813;8-Bedroom;85 000,00 €;345;Portalegre;House
12814;Studio;85 000,00 €;242;Portalegre;House
12815;3-Bedroom;85 000,00 €;84;Portalegre;House
12816;2-Bedroom;85 000,00 €;377;Portalegre;House
12817;3-Bedroom;85 000,00 €;147;Portalegre;House
12818;4-Bedroom;86 000,00 €;202;Portalegre;House
12819;2-Bedroom;86 400,00 €;96;Portalegre;House
12820;2-Bedroom;86 500,00 €;100;Portalegre;House
12821;3-Bedroom;87 000,00 €;58;Portalegre;House
12822;1-Bedroom;87 000,00 €;44;Portalegre;House
12823;2-Bedroom;87 400,00 €;64;Portalegre;House
12824;2-Bedroom;87 500,00 €;110;Portalegre;House
12825;Detached House;87 500,00 €;140;Portalegre;House
12826;2-Bedroom;87 500,00 €;110;Portalegre;House
12827;4-Bedroom;89 000,00 €;90;Portalegre;House
12828;3-Bedroom;89 000,00 €;244;Portalegre;House
12829;2-Bedroom;89 000,00 €;72;Portalegre;House
12830;3-Bedroom;89 000,00 €;128;Portalegre;House
12831;5-Bedroom;89 900,00 €;129;Portalegre;House
12832;Detached House;90 000,00 €;67;Portalegre;House
12833;2-Bedroom;90 000,00 €;70;Portalegre;House
12834;3-Bedroom;90 000,00 €;120;Portalegre;House
12835;Detached House;90 000,00 €;504;Portalegre;House
12836;3-Bedroom;90 000,00 €;84;Portalegre;House
12837;9-Bedroom;90 000,00 €;409;Portalegre;House
12838;3-Bedroom;90 000,00 €;225;Portalegre;House
12839;2-Bedroom;90 000,00 €;56;Portalegre;House
12840;3-Bedroom;90 000,00 €;84;Portalegre;House
12841;1-Bedroom;90 000,00 €;224;Portalegre;House
12842;2-Bedroom;90 000,00 €;117;Portalegre;House
12843;2-Bedroom;92 500,00 €;55;Portalegre;House
12844;4-Bedroom;92 500,00 €;179;Portalegre;House
12845;3-Bedroom;94 000,00 €;270;Portalegre;House
12846;3-Bedroom;94 000,00 €;103;Portalegre;House
12847;Country Estate;95 000,00 €;154;Portalegre;House
12848;5-Bedroom;95 000,00 €;83;Portalegre;House
12849;6-Bedroom;95 000,00 €;174;Portalegre;House
12850;3-Bedroom;97 000,00 €;180;Portalegre;House
12851;3-Bedroom;98 000,00 €;123;Portalegre;House
12852;1-Bedroom;98 000,00 €;110;Portalegre;House
12853;1-Bedroom;98 000,00 €;103;Portalegre;House
12854;2-Bedroom;99 000,00 €;73;Portalegre;House
12855;4-Bedroom;99 000,00 €;86;Portalegre;House
12856;3-Bedroom;99 000,00 €;88;Portalegre;House
12857;Detached House;100 000,00 €;183;Portalegre;House
12858;Detached House;100 000,00 €;38.750;Portalegre;House
12859;6-Bedroom;100 000,00 €;286;Portalegre;House
12860;6-Bedroom;102 000,00 €;382;Portalegre;House
12861;3-Bedroom;102 500,00 €;166;Portalegre;House
12862;3-Bedroom;104 000,00 €;110;Portalegre;House
12863;4-Bedroom;104 000,00 €;111;Portalegre;House
12864;2-Bedroom;105 000,00 €;151;Portalegre;House
12865;3-Bedroom;105 000,00 €;113;Portalegre;House
12866;3-Bedroom;105 000,00 €;95;Portalegre;House
12867;3-Bedroom;105 000,00 €;3.500;Portalegre;House
12868;3-Bedroom;105 000,00 €;126;Portalegre;House
12869;2-Bedroom;105 000,00 €;87;Portalegre;House
12870;3-Bedroom;105 000,00 €;95;Portalegre;House
12871;3-Bedroom;105 000,00 €;105;Portalegre;House
12872;Studio;108 000,00 €;70;Portalegre;House
12873;4-Bedroom;109 000,00 €;270;Portalegre;House
12874;4-Bedroom;110 000,00 €;211;Portalegre;House
12875;2-Bedroom;110 000,00 €;117;Portalegre;House
12876;6-Bedroom;110 000,00 €;388;Portalegre;House
12877;1-Bedroom;110 000,00 €;95;Portalegre;House
12878;3+1-Bedroom;115 000,00 €;120;Portalegre;House
12879;3-Bedroom;115 000,00 €;81;Portalegre;House
12880;4-Bedroom;115 000,00 €;164;Portalegre;House
12881;4-Bedroom;117 000,00 €;135;Portalegre;House
12882;6-Bedroom;119 000,00 €;77;Portalegre;House
12883;2-Bedroom;119 990,00 €;168;Portalegre;House
12884;4-Bedroom;120 000,00 €;354;Portalegre;House
12885;3-Bedroom;120 000,00 €;96;Portalegre;House
12886;3-Bedroom;120 000,00 €;123;Portalegre;House
12887;2-Bedroom;120 000,00 €;82;Portalegre;House
12888;8-Bedroom;120 000,00 €;354;Portalegre;House
12889;2-Bedroom;120 000,00 €;81.750;Portalegre;House
12890;2-Bedroom;120 000,00 €;39;Portalegre;House
12891;5-Bedroom;120 000,00 €;185;Portalegre;House
12892;2-Bedroom;120 000,00 €;75;Portalegre;House
12893;2-Bedroom;120 000,00 €;38;Portalegre;House
12894;2+2-Bedroom;120 000,00 €;286;Portalegre;House
12895;3-Bedroom;120 000,00 €;118;Portalegre;House
12896;2-Bedroom;120 000,00 €;99;Portalegre;House
12897;8-Bedroom;120 000,00 €;354;Portalegre;House
12898;5-Bedroom;120 000,00 €;268;Portalegre;House
12899;Detached House;125 000,00 €;90;Portalegre;House
12900;3-Bedroom;125 000,00 €;160;Portalegre;House
12901;Studio;125 000,00 €;225;Portalegre;House
12902;3-Bedroom;125 000,00 €;79;Portalegre;House
12903;1-Bedroom;127 000,00 €;216;Portalegre;House
12904;4-Bedroom;127 500,00 €;204;Portalegre;House
12905;2-Bedroom;127 500,00 €;72;Portalegre;House
12906;Studio;127 500,00 €;52;Portalegre;House
12907;Studio;128 200,00 €;214;Portalegre;House
12908;Detached House;129 000,00 €;51;Portalegre;House
12909;Studio;129 000,00 €;59;Portalegre;House
12910;2-Bedroom;129 000,00 €;105;Portalegre;House
12911;Detached House;129 000,00 €;51;Portalegre;House
12912;2-Bedroom;129 900,00 €;110;Portalegre;House
12913;2-Bedroom;130 000,00 €;80;Portalegre;House
12914;5-Bedroom;130 000,00 €;258;Portalegre;House
12915;3-Bedroom;130 000,00 €;240;Portalegre;House
12916;2-Bedroom;130 000,00 €;28.750;Portalegre;House
12917;5-Bedroom;130 000,00 €;221;Portalegre;House
12918;2-Bedroom;130 000,00 €;28.750;Portalegre;House
12919;4-Bedroom;130 000,00 €;258;Portalegre;House
12920;6-Bedroom;130 000,00 €;150;Portalegre;House
12921;1-Bedroom;130 000,00 €;127;Portalegre;House
12922;1-Bedroom;130 000,00 €;60;Portalegre;House
12923;T16;130 000,00 €;873;Portalegre;House
12924;5-Bedroom;130 000,00 €;258;Portalegre;House
12925;3-Bedroom;132 300,00 €;125;Portalegre;House
12926;4-Bedroom;132 500,00 €;194;Portalegre;House
12927;3-Bedroom;135 000,00 €;156;Portalegre;House
12928;2-Bedroom;135 000,00 €;117;Portalegre;House
12929;4-Bedroom;135 000,00 €;138;Portalegre;House
12930;4-Bedroom;135 000,00 €;270;Portalegre;House
12931;3-Bedroom;135 000,00 €;224;Portalegre;House
12932;3-Bedroom;135 000,00 €;65;Portalegre;House
12933;4-Bedroom;135 000,00 €;96;Portalegre;House
12934;4-Bedroom;135 000,00 €;96;Portalegre;House
12935;3-Bedroom;135 000,00 €;65;Portalegre;House
12936;3-Bedroom;135 000,00 €;109;Portalegre;House
12937;Detached House;137 500,00 €;331;Portalegre;House
12938;Detached House;138 000,00 €;78;Portalegre;House
12939;1-Bedroom;138 000,00 €;74;Portalegre;House
12940;Detached House;138 000,00 €;243;Portalegre;House
12941;13-Bedroom;139 000,00 €;518;Portalegre;House
12942;2-Bedroom;140 000,00 €;97;Portalegre;House
12943;4-Bedroom;140 000,00 €;240;Portalegre;House
12944;5-Bedroom;140 000,00 €;220;Portalegre;House
12945;Studio;140 000,00 €;193;Portalegre;House
12946;2-Bedroom;145 000,00 €;139;Portalegre;House
12947;3-Bedroom;148 000,00 €;1.610;Portalegre;House
12948;4-Bedroom;148 000,00 €;107;Portalegre;House
12949;7-Bedroom;149 000,00 €;285;Portalegre;House
12950;5+2-Bedroom;149 500,00 €;255;Portalegre;House
12951;4-Bedroom;149 900,00 €;134;Portalegre;House
12952;2-Bedroom;150 000,00 €;146;Portalegre;House
12953;6-Bedroom;150 000,00 €;216;Portalegre;House
12954;9-Bedroom;150 000,00 €;298;Portalegre;House
12955;5-Bedroom;150 000,00 €;271;Portalegre;House
12956;4-Bedroom;150 000,00 €;102;Portalegre;House
12957;7-Bedroom;150 000,00 €;375;Portalegre;House
12958;2-Bedroom;150 000,00 €;120;Portalegre;House
12959;4-Bedroom;150 000,00 €;491;Portalegre;House
12960;Studio;155 000,00 €;138;Portalegre;House
12961;5-Bedroom;155 000,00 €;233;Portalegre;House
12962;1-Bedroom;155 000,00 €;164;Portalegre;House
12963;3-Bedroom;155 000,00 €;140;Portalegre;House
12964;1-Bedroom;155 000,00 €;164;Portalegre;House
12965;Detached House;155 000,00 €;47.000;Portalegre;House
12966;1-Bedroom;155 000,00 €;164;Portalegre;House
12967;3-Bedroom;155 000,00 €;112;Portalegre;House
12968;3-Bedroom;159 000,00 €;351;Portalegre;House
12969;3-Bedroom;159 900,00 €;120;Portalegre;House
12970;Detached House;160 000,00 €;83;Portalegre;House
12971;3-Bedroom;160 000,00 €;198;Portalegre;House
12972;3-Bedroom;160 000,00 €;46;Portalegre;House
12973;3-Bedroom;160 000,00 €;113;Portalegre;House
12974;3-Bedroom;160 000,00 €;107;Portalegre;House
12975;3-Bedroom;160 000,00 €;198;Portalegre;House
12976;7-Bedroom;160 000,00 €;572;Portalegre;House
12977;3-Bedroom;162 000,00 €;122;Portalegre;House
12978;4-Bedroom;163 000,00 €;155;Portalegre;House
12979;2-Bedroom;165 000,00 €;70;Portalegre;House
12980;2-Bedroom;165 000,00 €;112;Portalegre;House
12981;2-Bedroom;165 000,00 €;85;Portalegre;House
12982;4-Bedroom;165 000,00 €;104;Portalegre;House
12983;3-Bedroom;165 000,00 €;226;Portalegre;House
12984;3-Bedroom;165 000,00 €;210;Portalegre;House
12985;6-Bedroom;167 500,00 €;189;Portalegre;House
12986;Farmhouse;168 000,00 €;110;Portalegre;House
12987;Studio;168 000,00 €;240;Portalegre;House
12988;Studio;168 000,00 €;240;Portalegre;House
12989;3-Bedroom;169 000,00 €;273;Portalegre;House
12990;2-Bedroom;169 000,00 €;370;Portalegre;House
12991;8-Bedroom;170 000,00 €;150;Portalegre;House
12992;4-Bedroom;170 000,00 €;210;Portalegre;House
12993;3-Bedroom;170 000,00 €;172;Portalegre;House
12994;4-Bedroom;170 000,00 €;214;Portalegre;House
12995;4-Bedroom;170 000,00 €;1;Portalegre;House
12996;4+2-Bedroom;170 000,00 €;140;Portalegre;House
12997;Studio;175 000,00 €;82;Portalegre;House
12998;3-Bedroom;175 000,00 €;125;Portalegre;House
12999;4+1-Bedroom;180 000,00 €;219;Portalegre;House
13000;5-Bedroom;180 000,00 €;109;Portalegre;House
13001;1-Bedroom;180 000,00 €;71;Portalegre;House
13002;3-Bedroom;180 000,00 €;3.865;Portalegre;House
13003;2-Bedroom;180 000,00 €;4.250;Portalegre;House
13004;4-Bedroom;180 000,00 €;120;Portalegre;House
13005;5-Bedroom;180 000,00 €;206;Portalegre;House
13006;Detached House;184 000,00 €;90;Portalegre;House
13007;10-Bedroom;185 000,00 €;450;Portalegre;House
13008;3-Bedroom;185 000,00 €;147;Portalegre;House
13009;3-Bedroom;185 000,00 €;147;Portalegre;House
13010;2-Bedroom;185 000,00 €;104;Portalegre;House
13011;4-Bedroom;185 000,00 €;35.750;Portalegre;House
13012;2-Bedroom;185 000,00 €;104;Portalegre;House
13013;3-Bedroom;185 000,00 €;118;Portalegre;House
13014;5-Bedroom;187 000,00 €;536;Portalegre;House
13015;Farmhouse;188 250,00 €;740;Portalegre;House
13016;5-Bedroom;188 250,00 €;740;Portalegre;House
13017;10-Bedroom;189 900,00 €;660;Portalegre;House
13018;3-Bedroom;190 000,00 €;160;Portalegre;House
13019;3-Bedroom;190 000,00 €;140;Portalegre;House
13020;3-Bedroom;190 000,00 €;150;Portalegre;House
13021;3-Bedroom;190 000,00 €;140;Portalegre;House
13022;3-Bedroom;190 000,00 €;140;Portalegre;House
13023;3-Bedroom;190 000,00 €;160;Portalegre;House
13024;Apartment;190 000,00 €;150;Portalegre;House
13025;4-Bedroom;190 000,00 €;204;Portalegre;House
13026;3-Bedroom;192 000,00 €;159;Portalegre;House
13027;6-Bedroom;195 000,00 €;174;Portalegre;House
13028;3-Bedroom;195 000,00 €;125;Portalegre;House
13029;Detached House;196 000,00 €;237;Portalegre;House
13030;3-Bedroom;197 000,00 €;155;Portalegre;House
13031;3-Bedroom;199 500,00 €;170;Portalegre;House
13032;1-Bedroom;200 000,00 €;91;Portalegre;House
13033;1-Bedroom;200 000,00 €;67;Portalegre;House
13034;Studio;200 000,00 €;150;Portalegre;House
13035;3-Bedroom;205 000,00 €;193;Portalegre;House
13036;3-Bedroom;205 000,00 €;196;Portalegre;House
13037;8-Bedroom;205 000,00 €;276;Portalegre;House
13038;Studio;210 000,00 €;826;Portalegre;House
13039;5-Bedroom;210 000,00 €;202;Portalegre;House
13040;7-Bedroom;210 000,00 €;340;Portalegre;House
13041;3-Bedroom;210 000,00 €;178;Portalegre;House
13042;Detached House;216 000,00 €;160;Portalegre;House
13043;Detached House;220 000,00 €;346;Portalegre;House
13044;3-Bedroom;220 000,00 €;120;Portalegre;House
13045;5-Bedroom;220 000,00 €;262;Portalegre;House
13046;3-Bedroom;224 000,00 €;233;Portalegre;House
13047;3-Bedroom;225 000,00 €;109;Portalegre;House
13048;5-Bedroom;229 000,00 €;248;Portalegre;House
13049;5-Bedroom;229 000,00 €;248;Portalegre;House
13050;7-Bedroom;229 000,00 €;328;Portalegre;House
13051;Farmhouse;230 000,00 €;400;Portalegre;House
13052;4-Bedroom;230 000,00 €;230;Portalegre;House
13053;3-Bedroom;235 000,00 €;170;Portalegre;House
13054;4-Bedroom;239 000,00 €;238;Portalegre;House
13055;3-Bedroom;240 000,00 €;200;Portalegre;House
13056;7-Bedroom;240 000,00 €;600;Portalegre;House
13057;Farmhouse;240 000,00 €;75.000;Portalegre;House
13058;3-Bedroom;243 000,00 €;130;Portalegre;House
13059;5-Bedroom;245 000,00 €;270;Portalegre;House
13060;3-Bedroom;248 000,00 €;109;Portalegre;House
13061;3-Bedroom;249 000,00 €;215;Portalegre;House
13062;6-Bedroom;249 000,00 €;392;Portalegre;House
13063;6-Bedroom;249 000,00 €;362;Portalegre;House
13064;5-Bedroom;250 000,00 €;420;Portalegre;House
13065;4-Bedroom;250 000,00 €;156;Portalegre;House
13066;6-Bedroom;250 000,00 €;180;Portalegre;House
13067;3-Bedroom;250 000,00 €;156;Portalegre;House
13068;2-Bedroom;250 000,00 €;340;Portalegre;House
13069;4-Bedroom;250 000,00 €;156;Portalegre;House
13070;Studio;250 000,00 €;420;Portalegre;House
13071;13-Bedroom;250 000,00 €;319;Portalegre;House
13072;2-Bedroom;250 000,00 €;151;Portalegre;House
13073;3-Bedroom;250 000,00 €;81;Portalegre;House
13074;5-Bedroom;250 000,00 €;215;Portalegre;House
13075;1-Bedroom;255 000,00 €;75;Portalegre;House
13076;Apartment;255 000,00 €;260;Portalegre;House
13077;8-Bedroom;260 000,00 €;310;Portalegre;House
13078;6-Bedroom;260 000,00 €;432;Portalegre;House
13079;6-Bedroom;260 000,00 €;558;Portalegre;House
13080;9-Bedroom;264 999,00 €;600;Portalegre;House
13081;6-Bedroom;265 000,00 €;451;Portalegre;House
13082;2-Bedroom;265 000,00 €;68;Portalegre;House
13083;4-Bedroom;265 000,00 €;201;Portalegre;House
13084;3-Bedroom;266 000,00 €;127;Portalegre;House
13085;4-Bedroom;268 000,00 €;241;Portalegre;House
13086;3-Bedroom;269 000,00 €;189;Portalegre;House
13087;6-Bedroom;270 000,00 €;370;Portalegre;House
13088;4-Bedroom;270 000,00 €;332;Portalegre;House
13089;13-Bedroom;270 000,00 €;369;Portalegre;House
13090;13-Bedroom;270 000,00 €;369;Portalegre;House
13091;Detached House;270 000,00 €;46;Portalegre;House
13092;Apartment;270 000,00 €;260;Portalegre;House
13093;2-Bedroom;270 000,00 €;250;Portalegre;House
13094;5-Bedroom;274 900,00 €;136;Portalegre;House
13095;2-Bedroom;275 000,00 €;446;Portalegre;House
13096;4-Bedroom;279 000,00 €;332;Portalegre;House
13097;4-Bedroom;279 000,00 €;283;Portalegre;House
13098;3-Bedroom;279 000,00 €;332;Portalegre;House
13099;3-Bedroom;280 000,00 €;160;Portalegre;House
13100;9-Bedroom;280 000,00 €;635;Portalegre;House
13101;9-Bedroom;280 000,00 €;635;Portalegre;House
13102;2-Bedroom;285 000,00 €;110;Portalegre;House
13103;2-Bedroom;285 000,00 €;110;Portalegre;House
13104;2-Bedroom;285 000,00 €;111;Portalegre;House
13105;3-Bedroom;285 000,00 €;7.980;Portalegre;House
13106;2-Bedroom;285 000,00 €;111;Portalegre;House
13107;3-Bedroom;285 000,00 €;194;Portalegre;House
13108;Detached House;290 000,00 €;50;Portalegre;House
13109;10-Bedroom;290 000,00 €;484;Portalegre;House
13110;Detached House;290 000,00 €;50;Portalegre;House
13111;10-Bedroom;290 000,00 €;484;Portalegre;House
13112;5-Bedroom;290 000,00 €;129;Portalegre;House
13113;2-Bedroom;295 000,00 €;100;Portalegre;House
13114;5-Bedroom;295 000,00 €;293;Portalegre;House
13115;3-Bedroom;295 000,00 €;96;Portalegre;House
13116;4-Bedroom;299 000,00 €;400;Portalegre;House
13117;4-Bedroom;310 000,00 €;160;Portalegre;House
13118;3-Bedroom;315 000,00 €;268;Portalegre;House
13119;4-Bedroom;318 000,00 €;168;Portalegre;House
13120;4-Bedroom;320 000,00 €;310;Portalegre;House
13121;4-Bedroom;320 000,00 €;172;Portalegre;House
13122;Detached House;320 000,00 €;1.368;Portalegre;House
13123;4-Bedroom;325 000,00 €;250;Portalegre;House
13124;Studio;325 000,00 €;440.000;Portalegre;House
13125;3-Bedroom;329 000,00 €;185;Portalegre;House
13126;6-Bedroom;330 000,00 €;888;Portalegre;House
13127;5-Bedroom;330 000,00 €;888;Portalegre;House
13128;1-Bedroom;330 000,00 €;43;Portalegre;House
13129;3-Bedroom;330 000,00 €;218;Portalegre;House
13130;12-Bedroom;330 000,00 €;844;Portalegre;House
13131;7-Bedroom;330 000,00 €;888;Portalegre;House
13132;Detached House;330 000,00 €;160;Portalegre;House
13133;Detached House;330 000,00 €;160;Portalegre;House
13134;Detached House;330 000,00 €;160;Portalegre;House
13135;7-Bedroom;335 000,00 €;259;Portalegre;House
13136;3-Bedroom;335 000,00 €;211;Portalegre;House
13137;4-Bedroom;340 000,00 €;271;Portalegre;House
13138;4-Bedroom;340 000,00 €;218;Portalegre;House
13139;4-Bedroom;340 000,00 €;271;Portalegre;House
13140;4-Bedroom;340 000,00 €;218;Portalegre;House
13141;4-Bedroom;340 000,00 €;271;Portalegre;House
13142;3-Bedroom;345 000,00 €;130;Portalegre;House
13143;4-Bedroom;349 200,00 €;196;Portalegre;House
13144;4-Bedroom;349 200,00 €;157;Portalegre;House
13145;4-Bedroom;350 000,00 €;317;Portalegre;House
13146;11-Bedroom;350 000,00 €;372;Portalegre;House
13147;4-Bedroom;355 000,00 €;210;Portalegre;House
13148;3-Bedroom;359 000,00 €;138;Portalegre;House
13149;Studio;365 000,00 €;235;Portalegre;House
13150;8-Bedroom;375 000,00 €;22.250;Portalegre;House
13151;8-Bedroom;380 000,00 €;737;Portalegre;House
13152;4-Bedroom;380 000,00 €;369;Portalegre;House
13153;2-Bedroom;380 000,00 €;123;Portalegre;House
13154;6-Bedroom;380 000,00 €;360;Portalegre;House
13155;3-Bedroom;380 000,00 €;253;Portalegre;House
13156;10-Bedroom;385 000,00 €;442;Portalegre;House
13157;4-Bedroom;390 000,00 €;360;Portalegre;House
13158;Estate;395 000,00 €;380;Portalegre;House
13159;4-Bedroom;395 000,00 €;592;Portalegre;House
13160;5-Bedroom;398 000,00 €;309;Portalegre;House
13161;6-Bedroom;420 000,00 €;280;Portalegre;House
13162;2-Bedroom;420 000,00 €;245;Portalegre;House
13163;5-Bedroom;420 000,00 €;304;Portalegre;House
13164;T18;430 000,00 €;567;Portalegre;House
13165;4-Bedroom;445 000,00 €;370;Portalegre;House
13166;3-Bedroom;447 000,00 €;441;Portalegre;House
13167;Farmhouse;450 000,00 €;130;Portalegre;House
13168;3-Bedroom;450 000,00 €;302;Portalegre;House
13169;2-Bedroom;450 000,00 €;150;Portalegre;House
13170;Studio;450 000,00 €;468;Portalegre;House
13171;3-Bedroom;452 500,00 €;230;Portalegre;House
13172;5-Bedroom;470 000,00 €;336;Portalegre;House
13173;Farmhouse;475 000,00 €;55;Portalegre;House
13174;9-Bedroom;480 000,00 €;5.000;Portalegre;House
13175;3-Bedroom;485 000,00 €;330;Portalegre;House
13176;9-Bedroom;490 000,00 €;740;Portalegre;House
13177;4-Bedroom;490 000,00 €;155;Portalegre;House
13178;7-Bedroom;490 000,00 €;402;Portalegre;House
13179;6-Bedroom;490 000,00 €;425;Portalegre;House
13180;4-Bedroom;490 000,00 €;282;Portalegre;House
13181;Studio;490 000,00 €;55;Portalegre;House
13182;8-Bedroom;495 000,00 €;356;Portalegre;House
13183;6-Bedroom;495 000,00 €;802;Portalegre;House
13184;Studio;495 000,00 €;356;Portalegre;House
13185;10-Bedroom;500 000,00 €;1.621;Portalegre;House
13186;4-Bedroom;510 000,00 €;234;Portalegre;House
13187;2-Bedroom;510 000,00 €;193;Portalegre;House
13188;4-Bedroom;520 000,00 €;500;Portalegre;House
13189;10-Bedroom;520 000,00 €;2.700;Portalegre;House
13190;T17;526 500,00 €;320;Portalegre;House
13191;T17;526 500,00 €;320;Portalegre;House
13192;6-Bedroom;527 000,00 €;366;Portalegre;House
13193;4-Bedroom;530 000,00 €;369;Portalegre;House
13194;6-Bedroom;545 000,00 €;467;Portalegre;House
13195;8-Bedroom;549 500,00 €;378;Portalegre;House
13196;4-Bedroom;550 000,00 €;11.000;Portalegre;House
13197;T16;550 000,00 €;906;Portalegre;House
13198;4-Bedroom;570 000,00 €;245;Portalegre;House
13199;6-Bedroom;580 000,00 €;263;Portalegre;House
13200;4-Bedroom;580 000,00 €;305;Portalegre;House
13201;5-Bedroom;595 000,00 €;235;Portalegre;House
13202;4-Bedroom;599 999,00 €;515;Portalegre;House
13203;5-Bedroom;600 000,00 €;516;Portalegre;House
13204;4+1-Bedroom;600 000,00 €;515;Portalegre;House
13205;4-Bedroom;600 000,00 €;515;Portalegre;House
13206;4-Bedroom;600 000,00 €;516;Portalegre;House
13207;6-Bedroom;625 000,00 €;526;Portalegre;House
13208;Detached House;630 000,00 €;260;Portalegre;House
13209;6-Bedroom;630 000,00 €;263;Portalegre;House
13210;1-Bedroom;647 500,00 €;102;Portalegre;House
13211;6-Bedroom;650 000,00 €;288;Portalegre;House
13212;7-Bedroom;650 000,00 €;776;Portalegre;House
13213;4-Bedroom;675 000,00 €;220;Portalegre;House
13214;4-Bedroom;678 000,00 €;302;Portalegre;House
13215;8-Bedroom;699 000,00 €;987;Portalegre;House
13216;Estate;725 759,00 €;124;Portalegre;House
13217;3-Bedroom;745 000,00 €;234;Portalegre;House
13218;5-Bedroom;749 000,00 €;200;Portalegre;House
13219;5-Bedroom;749 900,00 €;233;Portalegre;House
13220;11-Bedroom;750 000,00 €;910;Portalegre;House
13221;4-Bedroom;750 000,00 €;460;Portalegre;House
13222;5-Bedroom;780 000,00 €;974;Portalegre;House
13223;5-Bedroom;785 000,00 €;289;Portalegre;House
13224;3-Bedroom;789 000,00 €;410;Portalegre;House
13225;5-Bedroom;796 000,00 €;581;Portalegre;House
13226;5-Bedroom;796 000,00 €;897;Portalegre;House
13227;4-Bedroom;800 000,00 €;535;Portalegre;House
13228;5-Bedroom;800 000,00 €;400;Portalegre;House
13229;4-Bedroom;800 000,00 €;535;Portalegre;House
13230;5-Bedroom;800 000,00 €;706;Portalegre;House
13231;5-Bedroom;800 000,00 €;445;Portalegre;House
13232;4-Bedroom;800 000,00 €;600;Portalegre;House
13233;10-Bedroom;850 000,00 €;271;Portalegre;House
13234;3-Bedroom;850 000,00 €;263;Portalegre;House
13235;7-Bedroom;850 000,00 €;272;Portalegre;House
13236;10-Bedroom;850 000,00 €;7.200;Portalegre;House
13237;4-Bedroom;890 000,00 €;358;Portalegre;House
13238;T16;900 000,00 €;846;Portalegre;House
13239;6-Bedroom;945 000,00 €;360.000;Portalegre;House
13240;2-Bedroom;1 000 000,00 €;127;Portalegre;House
13241;4-Bedroom;1 070 000,00 €;96;Portalegre;House
13242;11-Bedroom;1 100 000,00 €;1.900;Portalegre;House
13243;Estate;1 122 000,00 €;1.020.000;Portalegre;House
13244;5-Bedroom;1 150 000,00 €;319;Portalegre;House
13245;1-Bedroom;1 155 000,00 €;300;Portalegre;House
13246;6-Bedroom;1 170 000,00 €;782;Portalegre;House
13247;3-Bedroom;1 200 000,00 €;3.000.000;Portalegre;House
13248;12-Bedroom;1 200 000,00 €;1.122;Portalegre;House
13249;Studio;1 299 000,00 €;764;Portalegre;House
13250;Estate;1 433 700,00 €;243;Portalegre;House
13251;9-Bedroom;1 450 000,00 €;723;Portalegre;House
13252;8-Bedroom;1 500 000,00 €;1.060;Portalegre;House
13253;7-Bedroom;1 500 000,00 €;692;Portalegre;House
13254;Estate;2 145 000,00 €;1;Portalegre;House
13255;2-Bedroom;2 200 000,00 €;431;Portalegre;House
13256;Estate;2 250 000,00 €;1;Portalegre;House
13257;8-Bedroom;2 500 000,00 €;1.317;Portalegre;House
13258;12-Bedroom;2 500 000,00 €;532;Portalegre;House
13259;11-Bedroom;2 500 000,00 €;1.700;Portalegre;House
13260;6-Bedroom;2 500 000,00 €;1.680.000;Portalegre;House
13261;Estate;2 500 000,00 €;812;Portalegre;House
13262;Estate;2 500 000,00 €;250;Portalegre;House
13263;Country Estate;2 500 000,00 €;1.050.000;Portalegre;House
13264;Estate;2 950 000,00 €;360;Portalegre;House
13265;5-Bedroom;2 990 000,00 €;731;Portalegre;House
13266;1-Bedroom;3 250 000,00 €;9.421;Portalegre;House
13267;8-Bedroom;3 250 000,00 €;5.448;Portalegre;House
13268;Estate;3 250 000,00 €;10.448;Portalegre;House
13269;Studio;3 250 000,00 €;1.570.000;Portalegre;House
13270;Estate;3 250 000,00 €;3.500;Portalegre;House
13271;Estate;3 400 000,00 €;251;Portalegre;House
13272;T32;3 500 000,00 €;3.720;Portalegre;House
13273;T32;3 500 000,00 €;2.820;Portalegre;House
13274;Estate;3 700 000,00 €;1;Portalegre;House
13275;Estate;3 750 000,00 €;1.000;Portalegre;House
13276;Farmhouse;3 900 000,00 €;1.011;Portalegre;House
13277;8-Bedroom;3 990 000,00 €;957;Portalegre;House
13278;9-Bedroom;3 990 000,00 €;1.800;Portalegre;House
13279;8-Bedroom;3 990 000,00 €;957;Portalegre;House
13280;12-Bedroom;4 500 000,00 €;819;Portalegre;House
13281;9-Bedroom;5 100 000,00 €;2.500;Portalegre;House
13282;10-Bedroom;6 780 000,00 €;3.000;Portalegre;House
13283;10-Bedroom;6 780 000,00 €;2.500;Portalegre;House
13284;10-Bedroom;6 780 000,00 €;3.000;Portalegre;House
13285;8-Bedroom;8 490 000,00 €;1.915;Portalegre;House
13286;10-Bedroom;8 500 000,00 €;3.380;Portalegre;House
13287;10-Bedroom;8 500 000,00 €;1.915;Portalegre;House
13288;8-Bedroom;8 500 000,00 €;1.915;Portalegre;House
13289;8-Bedroom;8 500 000,00 €;1.915;Portalegre;House
13290;8-Bedroom;8 500 000,00 €;540;Portalegre;House
13291;8-Bedroom;8 500 000,00 €;1.375;Portalegre;House
13292;8-Bedroom;8 500 000,00 €;540;Portalegre;House
13293;T60;9 000 000,00 €;20.000;Portalegre;House
13294;T19;9 000 000,00 €;380;Portalegre;House
13295;T29;2 500 000 000,00 €;2.861;Portalegre;House
13296;2-Bedroom;27 500,00 €;30;Porto;House
13297;Detached House;38 000,00 €;60;Porto;House
13298;1-Bedroom;70 000,00 €;98;Porto;House
13299;House;75 000,00 €;35;Porto;House
13300;3-Bedroom;75 000,00 €;75;Porto;House
13301;Farmhouse;87 000,00 €;203;Porto;House
13302;House;89 000,00 €;198;Porto;House
13303;3-Bedroom;90 000,00 €;126;Porto;House
13304;3-Bedroom;110 000,00 €;100;Porto;House
13305;Detached House;110 000,00 €;56;Porto;House
13306;Apartment;129 000,00 €;88;Porto;House
13307;5-Bedroom;135 000,00 €;302;Porto;House
13308;5-Bedroom;135 000,00 €;302;Porto;House
13309;2-Bedroom;135 000,00 €;58;Porto;House
13310;Detached House;137 000,00 €;39;Porto;House
13311;Detached House;140 000,00 €;50;Porto;House
13312;2-Bedroom;148 500,00 €;152;Porto;House
13313;Apartment;149 000,00 €;26;Porto;House
13314;2-Bedroom;150 000,00 €;87;Porto;House
13315;1-Bedroom;153 000,00 €;97;Porto;House
13316;Studio;155 000,00 €;40;Porto;House
13317;Studio;155 000,00 €;40;Porto;House
13318;Apartment;160 000,00 €;79;Porto;House
13319;Apartment;160 000,00 €;79;Porto;House
13320;2-Bedroom;164 000,00 €;83;Porto;House
13321;1-Bedroom;165 000,00 €;134;Porto;House
13322;Detached House;165 000,00 €;50;Porto;House
13323;2-Bedroom;165 000,00 €;103;Porto;House
13324;1-Bedroom;165 000,00 €;44;Porto;House
13325;Apartment;167 000,00 €;62;Porto;House
13326;Detached House;167 000,00 €;38;Porto;House
13327;1-Bedroom;170 000,00 €;38;Porto;House
13328;1-Bedroom;170 000,00 €;54;Porto;House
13329;3-Bedroom;170 000,00 €;224;Porto;House
13330;Apartment;170 000,00 €;33;Porto;House
13331;Apartment;171 000,00 €;53;Porto;House
13332;Studio;172 500,00 €;32;Porto;House
13333;Studio+1;175 000,00 €;23;Porto;House
13334;Apartment;175 000,00 €;36;Porto;House
13335;1-Bedroom;178 500,00 €;53;Porto;House
13336;Studio;180 000,00 €;52;Porto;House
13337;Studio;180 000,00 €;52;Porto;House
13338;Studio;180 000,00 €;33;Porto;House
13339;1-Bedroom;180 000,00 €;54;Porto;House
13340;Studio;184 500,00 €;50;Porto;House
13341;Studio;184 500,00 €;53;Porto;House
13342;Studio;184 500,00 €;53;Porto;House
13343;Studio;184 500,00 €;53;Porto;House
13344;Apartment;185 000,00 €;141;Porto;House
13345;1-Bedroom;185 000,00 €;94;Porto;House
13346;Studio;185 000,00 €;39;Porto;House
13347;1-Bedroom;185 000,00 €;52;Porto;House
13348;1-Bedroom;186 000,00 €;35;Porto;House
13349;Studio;188 000,00 €;40;Porto;House
13350;Apartment;189 000,00 €;85;Porto;House
13351;Apartment;189 000,00 €;87;Porto;House
13352;Studio;189 000,00 €;53;Porto;House
13353;2-Bedroom;192 000,00 €;71;Porto;House
13354;Studio;193 500,00 €;53;Porto;House
13355;1-Bedroom;195 000,00 €;48;Porto;House
13356;Studio;196 700,00 €;41;Porto;House
13357;Studio;196 700,00 €;41;Porto;House
13358;1+1-Bedroom;197 000,00 €;195;Porto;House
13359;2-Bedroom;197 500,00 €;94;Porto;House
13360;Apartment;197 500,00 €;69;Porto;House
13361;Apartment;197 500,00 €;69;Porto;House
13362;3-Bedroom;198 000,00 €;1.000;Porto;House
13363;Farmhouse;198 500,00 €;1.250;Porto;House
13364;1-Bedroom;199 000,00 €;43;Porto;House
13365;3-Bedroom;199 000,00 €;96;Porto;House
13366;Apartment;199 000,00 €;47;Porto;House
13367;1-Bedroom;200 000,00 €;50;Porto;House
13368;Studio;200 213,00 €;50;Porto;House
13369;Studio;200 213,00 €;50;Porto;House
13370;Studio;201 850,00 €;75;Porto;House
13371;2-Bedroom;205 000,00 €;54;Porto;House
13372;1-Bedroom;206 235,00 €;58;Porto;House
13373;Apartment;206 965,00 €;58;Porto;House
13374;1-Bedroom;207 000,00 €;51;Porto;House
13375;3+1-Bedroom;210 000,00 €;142;Porto;House
13376;1-Bedroom;210 000,00 €;67;Porto;House
13377;Studio;210 000,00 €;50;Porto;House
13378;Studio;210 000,00 €;50;Porto;House
13379;Studio;210 000,00 €;37;Porto;House
13380;1-Bedroom;210 000,00 €;50;Porto;House
13381;Studio;210 000,00 €;39;Porto;House
13382;1-Bedroom;210 000,00 €;50;Porto;House
13383;2-Bedroom;210 000,00 €;87;Porto;House
13384;Studio;215 000,00 €;45;Porto;House
13385;Studio;215 000,00 €;45;Porto;House
13386;3-Bedroom;215 000,00 €;110;Porto;House
13387;2-Bedroom;215 000,00 €;100;Porto;House
13388;2-Bedroom;215 000,00 €;68;Porto;House
13389;Studio;215 250,00 €;45;Porto;House
13390;1-Bedroom;217 500,00 €;52;Porto;House
13391;2-Bedroom;218 000,00 €;90;Porto;House
13392;3+1-Bedroom;218 000,00 €;126;Porto;House
13393;Apartment;218 000,00 €;84;Porto;House
13394;6-Bedroom;219 000,00 €;308;Porto;House
13395;Apartment;219 000,00 €;95;Porto;House
13396;2-Bedroom;219 000,00 €;95;Porto;House
13397;1-Bedroom;219 300,00 €;52;Porto;House
13398;1-Bedroom;219 500,00 €;40;Porto;House
13399;1-Bedroom;219 900,00 €;53;Porto;House
13400;Apartment;220 000,00 €;153;Porto;House
13401;3-Bedroom;220 000,00 €;149;Porto;House
13402;1+1-Bedroom;220 000,00 €;62;Porto;House
13403;Apartment;220 000,00 €;61;Porto;House
13404;2-Bedroom;220 000,00 €;2;Porto;House
13405;Studio;220 000,00 €;54;Porto;House
13406;2-Bedroom;220 000,00 €;50;Porto;House
13407;Studio;220 000,00 €;54;Porto;House
13408;2+1-Bedroom;220 000,00 €;92;Porto;House
13409;3-Bedroom;220 000,00 €;250;Porto;House
13410;1-Bedroom;220 000,00 €;33;Porto;House
13411;Studio;220 000,00 €;40;Porto;House
13412;Detached House;220 000,00 €;103;Porto;House
13413;1+1-Bedroom;220 000,00 €;70;Porto;House
13414;Studio;220 000,00 €;36;Porto;House
13415;6-Bedroom;220 000,00 €;370;Porto;House
13416;Studio;220 000,00 €;37;Porto;House
13417;Studio;222 500,00 €;40;Porto;House
13418;Studio;223 000,00 €;45;Porto;House
13419;Apartment;223 000,00 €;82;Porto;House
13420;2-Bedroom;225 000,00 €;60;Porto;House
13421;4-Bedroom;225 000,00 €;396;Porto;House
13422;4-Bedroom;225 000,00 €;396;Porto;House
13423;1-Bedroom;225 000,00 €;40;Porto;House
13424;4-Bedroom;225 000,00 €;146;Porto;House
13425;1-Bedroom;225 000,00 €;44;Porto;House
13426;1-Bedroom;225 000,00 €;52;Porto;House
13427;Apartment;226 000,00 €;122;Porto;House
13428;2-Bedroom;226 000,00 €;83;Porto;House
13429;1-Bedroom;226 950,00 €;64;Porto;House
13430;Detached House;227 000,00 €;152;Porto;House
13431;1-Bedroom;227 850,00 €;62;Porto;House
13432;2-Bedroom;228 000,00 €;88;Porto;House
13433;Apartment;229 000,00 €;76;Porto;House
13434;2-Bedroom;230 000,00 €;208;Porto;House
13435;1-Bedroom;230 000,00 €;61;Porto;House
13436;1-Bedroom;230 000,00 €;61;Porto;House
13437;Apartment;230 000,00 €;112;Porto;House
13438;3-Bedroom;230 000,00 €;143;Porto;House
13439;Detached House;230 000,00 €;43;Porto;House
13440;Apartment;230 000,00 €;95;Porto;House
13441;2+1-Bedroom;230 000,00 €;92;Porto;House
13442;2-Bedroom;230 000,00 €;109;Porto;House
13443;1-Bedroom;230 000,00 €;52;Porto;House
13444;1-Bedroom;232 500,00 €;50;Porto;House
13445;2-Bedroom;234 000,00 €;109;Porto;House
13446;Apartment;234 000,00 €;109;Porto;House
13447;1-Bedroom;234 000,00 €;81;Porto;House
13448;Apartment;234 000,00 €;81;Porto;House
13449;Apartment;234 500,00 €;101;Porto;House
13450;1-Bedroom;235 000,00 €;66;Porto;House
13451;1+1-Bedroom;235 000,00 €;79;Porto;House
13452;Apartment;235 000,00 €;41;Porto;House
13453;Apartment;235 000,00 €;41;Porto;House
13454;2-Bedroom;235 000,00 €;97;Porto;House
13455;3-Bedroom;235 000,00 €;159;Porto;House
13456;2-Bedroom;235 000,00 €;107;Porto;House
13457;Apartment;235 000,00 €;101;Porto;House
13458;Apartment;235 000,00 €;105;Porto;House
13459;2-Bedroom;235 000,00 €;145;Porto;House
13460;1-Bedroom;235 000,00 €;59;Porto;House
13461;Apartment;235 000,00 €;69;Porto;House
13462;Apartment;235 400,00 €;103;Porto;House
13463;Studio;235 500,00 €;44;Porto;House
13464;1+1-Bedroom;235 900,00 €;61;Porto;House
13465;1+1-Bedroom;235 900,00 €;61;Porto;House
13466;Apartment;236 000,00 €;117;Porto;House
13467;2-Bedroom;237 000,00 €;56;Porto;House
13468;2-Bedroom;237 000,00 €;86;Porto;House
13469;3-Bedroom;237 000,00 €;136;Porto;House
13470;1-Bedroom;237 500,00 €;48;Porto;House
13471;3-Bedroom;238 000,00 €;103;Porto;House
13472;Detached House;239 000,00 €;47;Porto;House
13473;1-Bedroom;239 000,00 €;68;Porto;House
13474;4-Bedroom;239 000,00 €;358;Porto;House
13475;Apartment;239 000,00 €;59;Porto;House
13476;Apartment;239 108,00 €;74;Porto;House
13477;3-Bedroom;239 500,00 €;100;Porto;House
13478;3-Bedroom;239 500,00 €;110;Porto;House
13479;3-Bedroom;239 500,00 €;100;Porto;House
13480;1-Bedroom;240 000,00 €;45;Porto;House
13481;2-Bedroom;240 000,00 €;78;Porto;House
13482;1-Bedroom;240 000,00 €;46;Porto;House
13483;3-Bedroom;240 000,00 €;128;Porto;House
13484;1-Bedroom;244 160,00 €;76;Porto;House
13485;3-Bedroom;245 000,00 €;160;Porto;House
13486;3-Bedroom;245 000,00 €;160;Porto;House
13487;3-Bedroom;245 000,00 €;95;Porto;House
13488;1-Bedroom;245 000,00 €;73;Porto;House
13489;1-Bedroom;245 000,00 €;75;Porto;House
13490;2-Bedroom;245 000,00 €;66;Porto;House
13491;Apartment;245 100,00 €;101;Porto;House
13492;2+1-Bedroom;246 000,00 €;440;Porto;House
13493;Apartment;247 500,00 €;86;Porto;House
13494;1-Bedroom;247 500,00 €;48;Porto;House
13495;Apartment;248 000,00 €;102;Porto;House
13496;4-Bedroom;248 000,00 €;131;Porto;House
13497;2-Bedroom;248 500,00 €;63;Porto;House
13498;Apartment;248 791,00 €;115;Porto;House
13499;Apartment;249 000,00 €;52;Porto;House
13500;1-Bedroom;249 000,00 €;67;Porto;House
13501;1-Bedroom;249 000,00 €;71;Porto;House
13502;1+1-Bedroom;249 900,00 €;73;Porto;House
13503;1+1-Bedroom;249 900,00 €;94;Porto;House
13504;1+1-Bedroom;249 900,00 €;65;Porto;House
13505;2-Bedroom;250 000,00 €;70;Porto;House
13506;2-Bedroom;250 000,00 €;70;Porto;House
13507;3-Bedroom;250 000,00 €;132;Porto;House
13508;3-Bedroom;250 000,00 €;96;Porto;House
13509;3-Bedroom;250 000,00 €;150;Porto;House
13510;1+1-Bedroom;250 000,00 €;70;Porto;House
13511;2-Bedroom;250 000,00 €;130;Porto;House
13512;2-Bedroom;250 000,00 €;35;Porto;House
13513;Studio+1;250 000,00 €;62;Porto;House
13514;1-Bedroom;250 000,00 €;50;Porto;House
13515;1-Bedroom;250 000,00 €;55;Porto;House
13516;Apartment;250 000,00 €;69;Porto;House
13517;Studio;250 040,00 €;75;Porto;House
13518;Apartment;254 200,00 €;101;Porto;House
13519;Apartment;254 800,00 €;101;Porto;House
13520;Studio+1;255 000,00 €;45;Porto;House
13521;1-Bedroom;255 000,00 €;82;Porto;House
13522;3-Bedroom;255 000,00 €;132;Porto;House
13523;2-Bedroom;255 000,00 €;53;Porto;House
13524;1-Bedroom;255 000,00 €;67;Porto;House
13525;1-Bedroom;255 000,00 €;68;Porto;House
13526;Apartment;255 000,00 €;84;Porto;House
13527;3-Bedroom;255 000,00 €;230;Porto;House
13528;1-Bedroom;255 000,00 €;67;Porto;House
13529;1+1-Bedroom;255 900,00 €;68;Porto;House
13530;Apartment;257 000,00 €;87;Porto;House
13531;1-Bedroom;257 500,00 €;48;Porto;House
13532;1-Bedroom;257 500,00 €;57;Porto;House
13533;1-Bedroom;257 500,00 €;57;Porto;House
13534;1-Bedroom;257 500,00 €;57;Porto;House
13535;3-Bedroom;258 000,00 €;86;Porto;House
13536;4-Bedroom;258 500,00 €;175;Porto;House
13537;2-Bedroom;259 000,00 €;47;Porto;House
13538;Detached House;259 000,00 €;150;Porto;House
13539;2-Bedroom;259 000,00 €;167;Porto;House
13540;1-Bedroom;259 000,00 €;66;Porto;House
13541;1+1-Bedroom;259 900,00 €;65;Porto;House
13542;2-Bedroom;260 000,00 €;115;Porto;House
13543;Apartment;260 000,00 €;85;Porto;House
13544;1+1-Bedroom;260 000,00 €;103;Porto;House
13545;2-Bedroom;260 000,00 €;100;Porto;House
13546;1-Bedroom;260 000,00 €;87;Porto;House
13547;1-Bedroom;260 000,00 €;58;Porto;House
13548;Apartment;260 000,00 €;57;Porto;House
13549;1-Bedroom;260 000,00 €;57;Porto;House
13550;2-Bedroom;264 200,00 €;105;Porto;House
13551;Apartment;264 900,00 €;97;Porto;House
13552;Apartment;265 000,00 €;102;Porto;House
13553;6-Bedroom;265 000,00 €;291;Porto;House
13554;3-Bedroom;265 000,00 €;119;Porto;House
13555;1-Bedroom;265 000,00 €;87;Porto;House
13556;Apartment;265 700,00 €;103;Porto;House
13557;1+1-Bedroom;265 900,00 €;65;Porto;House
13558;1+1-Bedroom;265 900,00 €;65;Porto;House
13559;1+1-Bedroom;265 900,00 €;65;Porto;House
13560;1+1-Bedroom;265 900,00 €;65;Porto;House
13561;1+1-Bedroom;265 900,00 €;65;Porto;House
13562;1+1-Bedroom;265 900,00 €;65;Porto;House
13563;1-Bedroom;267 000,00 €;55;Porto;House
13564;1-Bedroom;267 500,00 €;56;Porto;House
13565;1-Bedroom;267 500,00 €;48;Porto;House
13566;Apartment;268 000,00 €;201;Porto;House
13567;Apartment;268 000,00 €;115;Porto;House
13568;Apartment;268 000,00 €;97;Porto;House
13569;2-Bedroom;268 000,00 €;115;Porto;House
13570;2-Bedroom;268 000,00 €;88;Porto;House
13571;Apartment;268 300,00 €;103;Porto;House
13572;5-Bedroom;269 000,00 €;261;Porto;House
13573;4-Bedroom;269 900,00 €;236;Porto;House
13574;2-Bedroom;270 000,00 €;105;Porto;House
13575;1+1-Bedroom;270 000,00 €;170;Porto;House
13576;2-Bedroom;270 000,00 €;232;Porto;House
13577;Apartment;270 000,00 €;88;Porto;House
13578;Detached House;270 000,00 €;122;Porto;House
13579;2-Bedroom;270 000,00 €;96;Porto;House
13580;Apartment;270 500,00 €;98;Porto;House
13581;Apartment;271 000,00 €;116;Porto;House
13582;3-Bedroom;271 000,00 €;121;Porto;House
13583;1-Bedroom;272 300,00 €;92;Porto;House
13584;1-Bedroom;273 000,00 €;57;Porto;House
13585;1-Bedroom;273 000,00 €;66;Porto;House
13586;Apartment;274 000,00 €;98;Porto;House
13587;3-Bedroom;275 000,00 €;165;Porto;House
13588;2-Bedroom;275 000,00 €;98;Porto;House
13589;Apartment;275 000,00 €;83;Porto;House
13590;1-Bedroom;275 000,00 €;65;Porto;House
13591;1+1-Bedroom;275 000,00 €;71;Porto;House
13592;2-Bedroom;275 000,00 €;80;Porto;House
13593;Apartment;275 000,00 €;99;Porto;House
13594;2-Bedroom;275 500,00 €;86;Porto;House
13595;2-Bedroom;275 900,00 €;68;Porto;House
13596;Apartment;276 500,00 €;103;Porto;House
13597;Apartment;276 900,00 €;102;Porto;House
13598;1-Bedroom;277 000,00 €;76;Porto;House
13599;Apartment;277 000,00 €;124;Porto;House
13600;Apartment;277 000,00 €;104;Porto;House
13601;2+1-Bedroom;278 000,00 €;97;Porto;House
13602;3-Bedroom;279 000,00 €;162;Porto;House
13603;3+1-Bedroom;279 000,00 €;162;Porto;House
13604;Apartment;279 000,00 €;99;Porto;House
13605;3-Bedroom;279 000,00 €;162;Porto;House
13606;3-Bedroom;279 000,00 €;162;Porto;House
13607;Apartment;279 000,00 €;183;Porto;House
13608;3-Bedroom;279 000,00 €;192;Porto;House
13609;1+1-Bedroom;279 900,00 €;65;Porto;House
13610;3-Bedroom;280 000,00 €;133;Porto;House
13611;Apartment;280 000,00 €;100;Porto;House
13612;1+1-Bedroom;280 000,00 €;82;Porto;House
13613;Apartment;280 000,00 €;65;Porto;House
13614;4-Bedroom;280 000,00 €;19;Porto;House
13615;Apartment;280 000,00 €;127;Porto;House
13616;Detached House;280 000,00 €;346;Porto;House
13617;3-Bedroom;280 000,00 €;133;Porto;House
13618;2-Bedroom;280 000,00 €;139;Porto;House
13619;1-Bedroom;280 000,00 €;80;Porto;House
13620;2-Bedroom;280 000,00 €;89;Porto;House
13621;Apartment;280 000,00 €;55;Porto;House
13622;Studio;280 000,00 €;45;Porto;House
13623;Apartment;281 000,00 €;133;Porto;House
13624;3-Bedroom;281 000,00 €;133;Porto;House
13625;3-Bedroom;281 000,00 €;292;Porto;House
13626;2-Bedroom;282 000,00 €;80;Porto;House
13627;Apartment;282 000,00 €;96;Porto;House
13628;2-Bedroom;282 000,00 €;81;Porto;House
13629;1-Bedroom;282 464,00 €;103;Porto;House
13630;3-Bedroom;282 500,00 €;130;Porto;House
13631;Apartment;284 000,00 €;98;Porto;House
13632;Apartment;285 000,00 €;151;Porto;House
13633;3-Bedroom;285 000,00 €;220;Porto;House
13634;Farmhouse;285 000,00 €;43;Porto;House
13635;1-Bedroom;285 000,00 €;70;Porto;House
13636;2-Bedroom;285 000,00 €;121;Porto;House
13637;2-Bedroom;285 000,00 €;103;Porto;House
13638;1-Bedroom;285 000,00 €;104;Porto;House
13639;2-Bedroom;285 000,00 €;126;Porto;House
13640;3-Bedroom;285 000,00 €;121;Porto;House
13641;2+1-Bedroom;285 000,00 €;188;Porto;House
13642;3-Bedroom;285 000,00 €;126;Porto;House
13643;3-Bedroom;285 000,00 €;133;Porto;House
13644;2-Bedroom;289 000,00 €;83;Porto;House
13645;2+1-Bedroom;289 000,00 €;112;Porto;House
13646;1-Bedroom;289 500,00 €;69;Porto;House
13647;1-Bedroom;290 000,00 €;55;Porto;House
13648;1-Bedroom;290 000,00 €;55;Porto;House
13649;Detached House;290 000,00 €;168;Porto;House
13650;3-Bedroom;290 000,00 €;125;Porto;House
13651;Detached House;290 000,00 €;152;Porto;House
13652;2-Bedroom;290 000,00 €;101;Porto;House
13653;1-Bedroom;290 000,00 €;105;Porto;House
13654;2-Bedroom;290 000,00 €;87;Porto;House
13655;1-Bedroom;290 000,00 €;50;Porto;House
13656;1-Bedroom;290 346,00 €;93;Porto;House
13657;2-Bedroom;294 000,00 €;103;Porto;House
13658;Apartment;294 000,00 €;103;Porto;House
13659;Apartment;294 200,00 €;119;Porto;House
13660;3-Bedroom;295 000,00 €;106;Porto;House
13661;3-Bedroom;295 000,00 €;190;Porto;House
13662;5-Bedroom;295 000,00 €;248;Porto;House
13663;3-Bedroom;295 000,00 €;164;Porto;House
13664;Ruin;295 000,00 €;123;Porto;House
13665;4-Bedroom;295 000,00 €;220;Porto;House
13666;2-Bedroom;295 000,00 €;211;Porto;House
13667;1+1-Bedroom;295 000,00 €;87;Porto;House
13668;1-Bedroom;296 000,00 €;55;Porto;House
13669;1-Bedroom;296 000,00 €;55;Porto;House
13670;2-Bedroom;297 500,00 €;85;Porto;House
13671;Apartment;297 800,00 €;133;Porto;House
13672;3-Bedroom;298 000,00 €;132;Porto;House
13673;2-Bedroom;298 000,00 €;86;Porto;House
13674;1-Bedroom;298 500,00 €;55;Porto;House
13675;3-Bedroom;299 000,00 €;136;Porto;House
13676;3-Bedroom;299 000,00 €;975;Porto;House
13677;4-Bedroom;299 000,00 €;90;Porto;House
13678;2-Bedroom;299 000,00 €;133;Porto;House
13679;5-Bedroom;299 000,00 €;300;Porto;House
13680;Detached House;299 000,00 €;95;Porto;House
13681;2+1-Bedroom;299 000,00 €;152;Porto;House
13682;3-Bedroom;300 000,00 €;303;Porto;House
13683;Detached House;300 000,00 €;145;Porto;House
13684;2-Bedroom;300 000,00 €;175;Porto;House
13685;2+1-Bedroom;300 000,00 €;97;Porto;House
13686;Detached House;300 000,00 €;275;Porto;House
13687;3-Bedroom;300 000,00 €;96;Porto;House
13688;1-Bedroom;305 325,00 €;66;Porto;House
13689;2-Bedroom;305 900,00 €;79;Porto;House
13690;2-Bedroom;305 900,00 €;83;Porto;House
13691;2-Bedroom;307 500,00 €;139;Porto;House
13692;1-Bedroom;308 000,00 €;97;Porto;House
13693;2-Bedroom;308 200,00 €;92;Porto;House
13694;Apartment;310 000,00 €;90;Porto;House
13695;1-Bedroom;310 000,00 €;96;Porto;House
13696;2-Bedroom;310 000,00 €;78;Porto;House
13697;Apartment;310 800,00 €;121;Porto;House
13698;5-Bedroom;313 000,00 €;666;Porto;House
13699;Apartment;314 600,00 €;120;Porto;House
13700;3-Bedroom;315 000,00 €;104;Porto;House
13701;2-Bedroom;315 000,00 €;106;Porto;House
13702;3-Bedroom;315 000,00 €;127;Porto;House
13703;Detached House;315 000,00 €;120;Porto;House
13704;2-Bedroom;315 000,00 €;1.150;Porto;House
13705;3-Bedroom;315 000,00 €;467;Porto;House
13706;3-Bedroom;315 000,00 €;127;Porto;House
13707;4-Bedroom;315 000,00 €;120;Porto;House
13708;2-Bedroom;315 000,00 €;76;Porto;House
13709;3-Bedroom;318 500,00 €;192;Porto;House
13710;2-Bedroom;320 000,00 €;136;Porto;House
13711;2-Bedroom;320 000,00 €;96;Porto;House
13712;3-Bedroom;320 000,00 €;146;Porto;House
13713;Detached House;320 000,00 €;114;Porto;House
13714;2-Bedroom;320 000,00 €;150;Porto;House
13715;2-Bedroom;320 000,00 €;70;Porto;House
13716;Apartment;320 000,00 €;75;Porto;House
13717;Apartment;320 000,00 €;75;Porto;House
13718;2-Bedroom;320 000,00 €;70;Porto;House
13719;Apartment;320 000,00 €;109;Porto;House
13720;5-Bedroom;320 000,00 €;175;Porto;House
13721;3-Bedroom;320 000,00 €;114;Porto;House
13722;2-Bedroom;320 000,00 €;85;Porto;House
13723;3-Bedroom;320 000,00 €;184;Porto;House
13724;3-Bedroom;320 000,00 €;300;Porto;House
13725;2-Bedroom;320 000,00 €;53;Porto;House
13726;2-Bedroom;320 000,00 €;91;Porto;House
13727;2-Bedroom;320 000,00 €;90;Porto;House
13728;2-Bedroom;320 000,00 €;91;Porto;House
13729;2-Bedroom;320 000,00 €;136;Porto;House
13730;Apartment;321 100,00 €;111;Porto;House
13731;3-Bedroom;322 000,00 €;144;Porto;House
13732;2-Bedroom;325 000,00 €;120;Porto;House
13733;Apartment;325 000,00 €;139;Porto;House
13734;2-Bedroom;325 000,00 €;84;Porto;House
13735;2-Bedroom;325 000,00 €;93;Porto;House
13736;2-Bedroom;325 000,00 €;116;Porto;House
13737;2-Bedroom;325 000,00 €;93;Porto;House
13738;3-Bedroom;325 000,00 €;99;Porto;House
13739;2-Bedroom;325 000,00 €;84;Porto;House
13740;1-Bedroom;325 000,00 €;57;Porto;House
13741;Apartment;325 000,00 €;90;Porto;House
13742;3-Bedroom;325 000,00 €;129;Porto;House
13743;3-Bedroom;325 000,00 €;209;Porto;House
13744;2+1-Bedroom;325 900,00 €;88;Porto;House
13745;2+1-Bedroom;325 900,00 €;88;Porto;House
13746;2-Bedroom;325 900,00 €;89;Porto;House
13747;2-Bedroom;325 900,00 €;84;Porto;House
13748;2-Bedroom;325 900,00 €;89;Porto;House
13749;2-Bedroom;325 900,00 €;88;Porto;House
13750;1-Bedroom;327 000,00 €;74;Porto;House
13751;2-Bedroom;327 500,00 €;112;Porto;House
13752;2-Bedroom;327 500,00 €;147;Porto;House
13753;3-Bedroom;328 000,00 €;134;Porto;House
13754;3-Bedroom;329 000,00 €;152;Porto;House
13755;2-Bedroom;329 000,00 €;137;Porto;House
13756;2-Bedroom;329 900,00 €;84;Porto;House
13757;2-Bedroom;329 900,00 €;83;Porto;House
13758;2-Bedroom;329 900,00 €;84;Porto;House
13759;3-Bedroom;330 000,00 €;92;Porto;House
13760;2-Bedroom;330 000,00 €;110;Porto;House
13761;2-Bedroom;330 000,00 €;93;Porto;House
13762;2-Bedroom;330 000,00 €;81;Porto;House
13763;2-Bedroom;330 000,00 €;100;Porto;House
13764;1-Bedroom;330 000,00 €;69;Porto;House
13765;1+1-Bedroom;330 000,00 €;70;Porto;House
13766;2-Bedroom;330 000,00 €;113;Porto;House
13767;2-Bedroom;330 000,00 €;119;Porto;House
13768;3-Bedroom;330 000,00 €;110;Porto;House
13769;2+1-Bedroom;330 000,00 €;116;Porto;House
13770;2-Bedroom;330 000,00 €;85;Porto;House
13771;3-Bedroom;330 000,00 €;120;Porto;House
13772;2-Bedroom;332 500,00 €;78;Porto;House
13773;2+1-Bedroom;332 500,00 €;116;Porto;House
13774;2+1-Bedroom;332 500,00 €;134;Porto;House
13775;2+1-Bedroom;332 500,00 €;134;Porto;House
13776;3-Bedroom;335 000,00 €;99;Porto;House
13777;3-Bedroom;335 000,00 €;185;Porto;House
13778;2+1-Bedroom;335 000,00 €;121;Porto;House
13779;2-Bedroom;335 000,00 €;94;Porto;House
13780;2+1-Bedroom;335 000,00 €;134;Porto;House
13781;2-Bedroom;335 000,00 €;209;Porto;House
13782;3-Bedroom;335 000,00 €;118;Porto;House
13783;2-Bedroom;335 900,00 €;89;Porto;House
13784;2-Bedroom;335 900,00 €;89;Porto;House
13785;2-Bedroom;335 900,00 €;85;Porto;House
13786;2-Bedroom;335 900,00 €;84;Porto;House
13787;2-Bedroom;335 900,00 €;87;Porto;House
13788;Apartment;335 900,00 €;89;Porto;House
13789;2-Bedroom;336 000,00 €;87;Porto;House
13790;2+1-Bedroom;337 500,00 €;134;Porto;House
13791;2+1-Bedroom;337 500,00 €;116;Porto;House
13792;2-Bedroom;337 800,00 €;110;Porto;House
13793;2-Bedroom;338 000,00 €;90;Porto;House
13794;3-Bedroom;339 000,00 €;137;Porto;House
13795;2-Bedroom;339 900,00 €;85;Porto;House
13796;2-Bedroom;339 900,00 €;89;Porto;House
13797;2-Bedroom;339 900,00 €;89;Porto;House
13798;2-Bedroom;339 900,00 €;84;Porto;House
13799;2-Bedroom;339 900,00 €;85;Porto;House
13800;Apartment;340 000,00 €;167;Porto;House
13801;4-Bedroom;340 000,00 €;320;Porto;House
13802;3-Bedroom;340 000,00 €;114;Porto;House
13803;2-Bedroom;340 000,00 €;121;Porto;House
13804;3-Bedroom;340 000,00 €;404;Porto;House
13805;3-Bedroom;340 000,00 €;126;Porto;House
13806;3-Bedroom;340 000,00 €;129;Porto;House
13807;1-Bedroom;340 000,00 €;56;Porto;House
13808;3+1-Bedroom;340 000,00 €;123;Porto;House
13809;2+1-Bedroom;340 000,00 €;123;Porto;House
13810;Detached House;340 000,00 €;196;Porto;House
13811;2-Bedroom;342 174,00 €;121;Porto;House
13812;3-Bedroom;343 000,00 €;118;Porto;House
13813;2-Bedroom;344 000,00 €;77;Porto;House
13814;2-Bedroom;345 000,00 €;96;Porto;House
13815;4-Bedroom;345 000,00 €;200;Porto;House
13816;2-Bedroom;345 000,00 €;95;Porto;House
13817;3-Bedroom;345 000,00 €;205;Porto;House
13818;2-Bedroom;345 900,00 €;89;Porto;House
13819;2-Bedroom;345 900,00 €;89;Porto;House
13820;4-Bedroom;347 000,00 €;137;Porto;House
13821;5-Bedroom;348 000,00 €;132;Porto;House
13822;1-Bedroom;348 654,00 €;99;Porto;House
13823;1-Bedroom;348 654,00 €;98;Porto;House
13824;3-Bedroom;349 000,00 €;125;Porto;House
13825;3-Bedroom;349 000,00 €;140;Porto;House
13826;3-Bedroom;349 000,00 €;107;Porto;House
13827;Apartment;349 000,00 €;138;Porto;House
13828;3-Bedroom;349 000,00 €;180;Porto;House
13829;2-Bedroom;349 900,00 €;83;Porto;House
13830;1-Bedroom;350 000,00 €;66;Porto;House
13831;2-Bedroom;350 000,00 €;174;Porto;House
13832;1-Bedroom;350 000,00 €;113;Porto;House
13833;2-Bedroom;350 000,00 €;100;Porto;House
13834;Apartment;350 000,00 €;50;Porto;House
13835;4-Bedroom;350 000,00 €;183;Porto;House
13836;2-Bedroom;350 000,00 €;139;Porto;House
13837;2-Bedroom;350 000,00 €;174;Porto;House
13838;3-Bedroom;350 000,00 €;240;Porto;House
13839;2-Bedroom;350 000,00 €;136;Porto;House
13840;3-Bedroom;350 000,00 €;176;Porto;House
13841;4-Bedroom;350 000,00 €;134;Porto;House
13842;3-Bedroom;350 000,00 €;168;Porto;House
13843;1-Bedroom;350 000,00 €;61;Porto;House
13844;4-Bedroom;350 000,00 €;245;Porto;House
13845;2-Bedroom;350 000,00 €;118;Porto;House
13846;3-Bedroom;350 000,00 €;344;Porto;House
13847;3-Bedroom;350 000,00 €;226;Porto;House
13848;Apartment;350 000,00 €;62;Porto;House
13849;2-Bedroom;350 000,00 €;79;Porto;House
13850;2-Bedroom;350 000,00 €;95;Porto;House
13851;2-Bedroom;350 000,00 €;100;Porto;House
13852;2+1-Bedroom;350 000,00 €;170;Porto;House
13853;2-Bedroom;350 000,00 €;100;Porto;House
13854;2-Bedroom;350 000,00 €;79;Porto;House
13855;Apartment;352 000,00 €;177;Porto;House
13856;2-Bedroom;352 305,00 €;78;Porto;House
13857;2-Bedroom;353 000,00 €;116;Porto;House
13858;2-Bedroom;353 000,00 €;116;Porto;House
13859;Apartment;353 000,00 €;116;Porto;House
13860;Detached House;354 000,00 €;225;Porto;House
13861;1-Bedroom;354 000,00 €;55;Porto;House
13862;2-Bedroom;355 900,00 €;88;Porto;House
13863;2-Bedroom;355 900,00 €;90;Porto;House
13864;3-Bedroom;356 000,00 €;128;Porto;House
13865;Farmhouse;359 000,00 €;8.905;Porto;House
13866;2+1-Bedroom;359 000,00 €;167;Porto;House
13867;3-Bedroom;360 000,00 €;133;Porto;House
13868;3-Bedroom;360 000,00 €;112;Porto;House
13869;3-Bedroom;360 000,00 €;164;Porto;House
13870;2-Bedroom;360 000,00 €;110;Porto;House
13871;4-Bedroom;360 000,00 €;227;Porto;House
13872;2-Bedroom;360 000,00 €;74;Porto;House
13873;3-Bedroom;360 000,00 €;220;Porto;House
13874;1-Bedroom;360 000,00 €;64;Porto;House
13875;3+2-Bedroom;360 000,00 €;120;Porto;House
13876;Apartment;360 000,00 €;150;Porto;House
13877;2-Bedroom;362 500,00 €;100;Porto;House
13878;2-Bedroom;362 500,00 €;175;Porto;House
13879;3-Bedroom;364 880,00 €;110;Porto;House
13880;2-Bedroom;365 000,00 €;107;Porto;House
13881;3-Bedroom;365 000,00 €;165;Porto;House
13882;2-Bedroom;365 000,00 €;126;Porto;House
13883;2-Bedroom;365 000,00 €;120;Porto;House
13884;Studio;365 000,00 €;77;Porto;House
13885;3+1-Bedroom;365 000,00 €;192;Porto;House
13886;2-Bedroom;365 900,00 €;90;Porto;House
13887;2-Bedroom;366 780,00 €;90;Porto;House
13888;3-Bedroom;367 000,00 €;134;Porto;House
13889;3-Bedroom;367 500,00 €;131;Porto;House
13890;2-Bedroom;368 835,00 €;89;Porto;House
13891;2-Bedroom;368 835,00 €;89;Porto;House
13892;2-Bedroom;368 835,00 €;89;Porto;House
13893;2-Bedroom;369 000,00 €;100;Porto;House
13894;2-Bedroom;369 000,00 €;100;Porto;House
13895;3-Bedroom;370 000,00 €;565;Porto;House
13896;3-Bedroom;370 000,00 €;175;Porto;House
13897;2-Bedroom;370 000,00 €;130;Porto;House
13898;6-Bedroom;370 000,00 €;263;Porto;House
13899;3-Bedroom;370 000,00 €;209;Porto;House
13900;Apartment;370 000,00 €;135;Porto;House
13901;2-Bedroom;370 000,00 €;112;Porto;House
13902;Detached House;370 000,00 €;144;Porto;House
13903;3+1-Bedroom;370 000,00 €;426;Porto;House
13904;2-Bedroom;370 185,00 €;90;Porto;House
13905;2-Bedroom;370 185,00 €;90;Porto;House
13906;2-Bedroom;370 185,00 €;90;Porto;House
13907;1-Bedroom;372 000,00 €;75;Porto;House
13908;1-Bedroom;372 000,00 €;75;Porto;House
13909;Apartment;372 000,00 €;69;Porto;House
13910;2-Bedroom;372 099,00 €;82;Porto;House
13911;3-Bedroom;373 700,00 €;138;Porto;House
13912;2-Bedroom;374 100,00 €;169;Porto;House
13913;3-Bedroom;375 000,00 €;150;Porto;House
13914;2-Bedroom;375 000,00 €;141;Porto;House
13915;Detached House;375 000,00 €;143;Porto;House
13916;3-Bedroom;375 000,00 €;134;Porto;House
13917;3-Bedroom;375 000,00 €;209;Porto;House
13918;2-Bedroom;375 000,00 €;167;Porto;House
13919;2-Bedroom;375 000,00 €;77;Porto;House
13920;2-Bedroom;375 000,00 €;120;Porto;House
13921;3-Bedroom;375 000,00 €;51;Porto;House
13922;2-Bedroom;375 000,00 €;130;Porto;House
13923;Apartment;375 000,00 €;115;Porto;House
13924;3-Bedroom;375 300,00 €;133;Porto;House
13925;3+1-Bedroom;376 000,00 €;275;Porto;House
13926;3-Bedroom;376 000,00 €;274;Porto;House
13927;Studio;377 145,00 €;55;Porto;House
13928;2-Bedroom;378 000,00 €;95;Porto;House
13929;2-Bedroom;378 000,00 €;108;Porto;House
13930;Apartment;379 000,00 €;180;Porto;House
13931;3-Bedroom;379 000,00 €;115;Porto;House
13932;3-Bedroom;379 500,00 €;120;Porto;House
13933;3-Bedroom;379 900,00 €;231;Porto;House
13934;2-Bedroom;379 900,00 €;90;Porto;House
13935;2-Bedroom;380 000,00 €;159;Porto;House
13936;3-Bedroom;380 000,00 €;168;Porto;House
13937;Detached House;380 000,00 €;137;Porto;House
13938;3-Bedroom;380 000,00 €;143;Porto;House
13939;Apartment;380 000,00 €;115;Porto;House
13940;3+1-Bedroom;380 000,00 €;158;Porto;House
13941;3+1-Bedroom;380 000,00 €;157;Porto;House
13942;3-Bedroom;380 000,00 €;304;Porto;House
13943;3+1-Bedroom;380 000,00 €;157;Porto;House
13944;3-Bedroom;380 000,00 €;194;Porto;House
13945;2-Bedroom;380 025,00 €;84;Porto;House
13946;3-Bedroom;380 100,00 €;139;Porto;House
13947;Apartment;381 000,00 €;148;Porto;House
13948;2-Bedroom;382 000,00 €;92;Porto;House
13949;3-Bedroom;382 500,00 €;142;Porto;House
13950;3-Bedroom;382 500,00 €;143;Porto;House
13951;3-Bedroom;382 500,00 €;143;Porto;House
13952;3+1-Bedroom;382 500,00 €;160;Porto;House
13953;3+1-Bedroom;382 500,00 €;157;Porto;House
13954;Apartment;383 896,00 €;116;Porto;House
13955;3-Bedroom;384 375,00 €;157;Porto;House
13956;3-Bedroom;385 000,00 €;190;Porto;House
13957;3-Bedroom;385 000,00 €;190;Porto;House
13958;Loft;385 000,00 €;115;Porto;House
13959;2-Bedroom;385 000,00 €;120;Porto;House
13960;Apartment;385 000,00 €;150;Porto;House
13961;3+1-Bedroom;385 000,00 €;157;Porto;House
13962;3-Bedroom;385 000,00 €;143;Porto;House
13963;3+1-Bedroom;385 000,00 €;157;Porto;House
13964;3+1-Bedroom;385 000,00 €;157;Porto;House
13965;3-Bedroom;385 000,00 €;262;Porto;House
13966;3+1-Bedroom;385 000,00 €;158;Porto;House
13967;3-Bedroom;385 900,00 €;112;Porto;House
13968;3-Bedroom;385 900,00 €;100;Porto;House
13969;Apartment;386 600,00 €;150;Porto;House
13970;3+1-Bedroom;387 500,00 €;157;Porto;House
13971;3-Bedroom;387 500,00 €;142;Porto;House
13972;3+1-Bedroom;387 500,00 €;160;Porto;House
13973;2-Bedroom;388 000,00 €;108;Porto;House
13974;1-Bedroom;389 000,00 €;71;Porto;House
13975;2-Bedroom;389 000,00 €;144;Porto;House
13976;Detached House;389 000,00 €;168;Porto;House
13977;1+1-Bedroom;389 000,00 €;71;Porto;House
13978;3-Bedroom;389 500,00 €;177;Porto;House
13979;3-Bedroom;389 999,00 €;182;Porto;House
13980;4+1-Bedroom;390 000,00 €;230;Porto;House
13981;2-Bedroom;390 000,00 €;146;Porto;House
13982;3-Bedroom;390 000,00 €;201;Porto;House
13983;1-Bedroom;390 000,00 €;103;Porto;House
13984;3-Bedroom;390 000,00 €;300;Porto;House
13985;2-Bedroom;390 000,00 €;105;Porto;House
13986;4-Bedroom;390 000,00 €;116;Porto;House
13987;3-Bedroom;390 000,00 €;320;Porto;House
13988;3-Bedroom;390 000,00 €;148;Porto;House
13989;3-Bedroom;390 000,00 €;219;Porto;House
13990;3+1-Bedroom;390 000,00 €;160;Porto;House
13991;3+1-Bedroom;390 000,00 €;157;Porto;House
13992;3-Bedroom;390 000,00 €;142;Porto;House
13993;3+1-Bedroom;390 000,00 €;160;Porto;House
13994;3-Bedroom;390 000,00 €;117;Porto;House
13995;4+1-Bedroom;390 000,00 €;230;Porto;House
13996;6-Bedroom;392 000,00 €;749;Porto;House
13997;Apartment;392 500,00 €;148;Porto;House
13998;Apartment;393 500,00 €;153;Porto;House
13999;Apartment;393 500,00 €;303;Porto;House
14000;5-Bedroom;395 000,00 €;350;Porto;House
14001;Detached House;395 000,00 €;217;Porto;House
14002;3-Bedroom;395 000,00 €;118;Porto;House
14003;2+1-Bedroom;395 000,00 €;90;Porto;House
14004;Detached House;395 000,00 €;170;Porto;House
14005;3-Bedroom;395 000,00 €;80;Porto;House
14006;3-Bedroom;395 000,00 €;200;Porto;House
14007;3-Bedroom;395 000,00 €;171;Porto;House
14008;3-Bedroom;395 000,00 €;303;Porto;House
14009;3-Bedroom;395 900,00 €;120;Porto;House
14010;3-Bedroom;395 900,00 €;100;Porto;House
14011;Apartment;396 100,00 €;154;Porto;House
14012;3-Bedroom;397 000,00 €;513;Porto;House
14013;Studio;397 488,00 €;61;Porto;House
14014;3-Bedroom;397 500,00 €;148;Porto;House
14015;Apartment;397 500,00 €;155;Porto;House
14016;3-Bedroom;397 500,00 €;111;Porto;House
14017;2-Bedroom;398 000,00 €;222;Porto;House
14018;Apartment;398 300,00 €;151;Porto;House
14019;3-Bedroom;399 000,00 €;190;Porto;House
14020;3-Bedroom;399 000,00 €;180;Porto;House
14021;3-Bedroom;399 000,00 €;190;Porto;House
14022;3-Bedroom;399 000,00 €;190;Porto;House
14023;2-Bedroom;399 000,00 €;145;Porto;House
14024;3-Bedroom;399 000,00 €;287;Porto;House
14025;2-Bedroom;399 900,00 €;99;Porto;House
14026;2-Bedroom;399 900,00 €;105;Porto;House
14027;2-Bedroom;399 900,00 €;112;Porto;House
14028;2-Bedroom;399 900,00 €;99;Porto;House
14029;2-Bedroom;399 900,00 €;106;Porto;House
14030;2-Bedroom;399 900,00 €;99;Porto;House
14031;2-Bedroom;399 900,00 €;87;Porto;House
14032;2-Bedroom;399 900,00 €;94;Porto;House
14033;2-Bedroom;399 900,00 €;91;Porto;House
14034;2-Bedroom;399 900,00 €;106;Porto;House
14035;3-Bedroom;399 900,00 €;112;Porto;House
14036;Apartment;399 900,00 €;247;Porto;House
14037;2-Bedroom;399 900,00 €;112;Porto;House
14038;2-Bedroom;399 900,00 €;112;Porto;House
14039;2-Bedroom;400 000,00 €;175;Porto;House
14040;4-Bedroom;400 000,00 €;258;Porto;House
14041;3-Bedroom;400 000,00 €;194;Porto;House
14042;2-Bedroom;400 000,00 €;100;Porto;House
14043;3-Bedroom;400 000,00 €;139;Porto;House
14044;3-Bedroom;400 000,00 €;208;Porto;House
14045;2-Bedroom;400 000,00 €;123;Porto;House
14046;3-Bedroom;400 000,00 €;202;Porto;House
14047;3-Bedroom;405 000,00 €;122;Porto;House
14048;3-Bedroom;405 000,00 €;122;Porto;House
14049;3-Bedroom;405 000,00 €;122;Porto;House
14050;3-Bedroom;405 000,00 €;122;Porto;House
14051;3-Bedroom;405 000,00 €;106;Porto;House
14052;3-Bedroom;405 000,00 €;145;Porto;House
14053;3-Bedroom;405 000,00 €;331;Porto;House
14054;Apartment;405 300,00 €;149;Porto;House
14055;Apartment;406 300,00 €;150;Porto;House
14056;3-Bedroom;407 500,00 €;268;Porto;House
14057;Apartment;407 600,00 €;150;Porto;House
14058;Apartment;407 700,00 €;155;Porto;House
14059;Apartment;407 800,00 €;155;Porto;House
14060;2-Bedroom;408 000,00 €;108;Porto;House
14061;Apartment;408 000,00 €;155;Porto;House
14062;1-Bedroom;408 500,00 €;83;Porto;House
14063;2-Bedroom;408 512,00 €;106;Porto;House
14064;3-Bedroom;409 900,00 €;100;Porto;House
14065;3-Bedroom;409 900,00 €;112;Porto;House
14066;2-Bedroom;410 000,00 €;98;Porto;House
14067;3+1-Bedroom;410 000,00 €;169;Porto;House
14068;3-Bedroom;410 000,00 €;113;Porto;House
14069;3-Bedroom;410 000,00 €;129;Porto;House
14070;3-Bedroom;410 000,00 €;129;Porto;House
14071;Apartment;410 000,00 €;121;Porto;House
14072;3-Bedroom;410 000,00 €;122;Porto;House
14073;2-Bedroom;410 000,00 €;100;Porto;House
14074;2-Bedroom;411 645,00 €;106;Porto;House
14075;2-Bedroom;411 645,00 €;106;Porto;House
14076;2-Bedroom;411 645,00 €;106;Porto;House
14077;2-Bedroom;411 645,00 €;106;Porto;House
14078;2-Bedroom;411 645,00 €;105;Porto;House
14079;3-Bedroom;412 500,00 €;202;Porto;House
14080;4-Bedroom;414 500,00 €;151;Porto;House
14081;4-Bedroom;415 000,00 €;289;Porto;House
14082;4-Bedroom;415 000,00 €;408;Porto;House
14083;4-Bedroom;415 000,00 €;250;Porto;House
14084;3-Bedroom;415 000,00 €;138;Porto;House
14085;3-Bedroom;415 000,00 €;96;Porto;House
14086;Apartment;415 700,00 €;149;Porto;House
14087;2-Bedroom;416 500,00 €;106;Porto;House
14088;Apartment;417 100,00 €;154;Porto;House
14089;Apartment;417 200,00 €;154;Porto;House
14090;Apartment;417 600,00 €;150;Porto;House
14091;2-Bedroom;418 000,00 €;108;Porto;House
14092;3-Bedroom;419 000,00 €;210;Porto;House
14093;Apartment;419 300,00 €;155;Porto;House
14094;Apartment;419 900,00 €;120;Porto;House
14095;3-Bedroom;420 000,00 €;196;Porto;House
14096;3-Bedroom;420 000,00 €;347;Porto;House
14097;3-Bedroom;420 000,00 €;200;Porto;House
14098;2-Bedroom;420 000,00 €;113;Porto;House
14099;3-Bedroom;420 000,00 €;189;Porto;House
14100;3-Bedroom;420 000,00 €;189;Porto;House
14101;3-Bedroom;420 000,00 €;146;Porto;House
14102;3+1-Bedroom;420 000,00 €;269;Porto;House
14103;2-Bedroom;420 000,00 €;150;Porto;House
14104;Detached House;420 000,00 €;147;Porto;House
14105;1-Bedroom;420 000,00 €;102;Porto;House
14106;3-Bedroom;420 000,00 €;152;Porto;House
14107;3+1-Bedroom;420 000,00 €;269;Porto;House
14108;3-Bedroom;420 000,00 €;189;Porto;House
14109;2-Bedroom;422 680,00 €;97;Porto;House
14110;2+1-Bedroom;424 000,00 €;117;Porto;House
14111;5-Bedroom;424 000,00 €;348;Porto;House
14112;1-Bedroom;424 112,00 €;65;Porto;House
14113;Apartment;425 000,00 €;170;Porto;House
14114;2-Bedroom;425 000,00 €;98;Porto;House
14115;2-Bedroom;425 000,00 €;84;Porto;House
14116;2-Bedroom;425 000,00 €;98;Porto;House
14117;2-Bedroom;425 000,00 €;100;Porto;House
14118;3-Bedroom;425 000,00 €;210;Porto;House
14119;Apartment;425 000,00 €;162;Porto;House
14120;3-Bedroom;425 000,00 €;172;Porto;House
14121;3-Bedroom;425 000,00 €;118;Porto;House
14122;Apartment;426 200,00 €;149;Porto;House
14123;Apartment;427 400,00 €;154;Porto;House
14124;Apartment;427 800,00 €;154;Porto;House
14125;Apartment;428 900,00 €;155;Porto;House
14126;3-Bedroom;429 000,00 €;180;Porto;House
14127;Detached House;429 000,00 €;275;Porto;House
14128;3-Bedroom;429 000,00 €;156;Porto;House
14129;Apartment;429 000,00 €;140;Porto;House
14130;3-Bedroom;429 000,00 €;180;Porto;House
14131;2-Bedroom;429 900,00 €;101;Porto;House
14132;2-Bedroom;429 900,00 €;101;Porto;House
14133;2-Bedroom;429 900,00 €;101;Porto;House
14134;Apartment;429 900,00 €;155;Porto;House
14135;Studio;430 000,00 €;75;Porto;House
14136;Apartment;430 000,00 €;76;Porto;House
14137;3-Bedroom;430 000,00 €;415;Porto;House
14138;2-Bedroom;434 700,00 €;107;Porto;House
14139;4-Bedroom;435 000,00 €;227;Porto;House
14140;3-Bedroom;435 000,00 €;164;Porto;House
14141;4-Bedroom;435 000,00 €;154;Porto;House
14142;3-Bedroom;435 000,00 €;108;Porto;House
14143;4-Bedroom;435 000,00 €;88;Porto;House
14144;4-Bedroom;435 000,00 €;300;Porto;House
14145;3-Bedroom;437 500,00 €;122;Porto;House
14146;4-Bedroom;437 500,00 €;323;Porto;House
14147;3-Bedroom;438 000,00 €;216;Porto;House
14148;Apartment;438 900,00 €;155;Porto;House
14149;3-Bedroom;440 000,00 €;177;Porto;House
14150;3-Bedroom;440 000,00 €;173;Porto;House
14151;3-Bedroom;440 000,00 €;243;Porto;House
14152;2-Bedroom;440 000,00 €;90;Porto;House
14153;1-Bedroom;440 000,00 €;140;Porto;House
14154;3-Bedroom;440 000,00 €;396;Porto;House
14155;6-Bedroom;440 000,00 €;389;Porto;House
14156;2-Bedroom;441 000,00 €;147;Porto;House
14157;2+1-Bedroom;444 000,00 €;117;Porto;House
14158;3-Bedroom;445 000,00 €;170;Porto;House
14159;1-Bedroom;446 000,00 €;91;Porto;House
14160;2-Bedroom;447 150,00 €;135;Porto;House
14161;3-Bedroom;449 000,00 €;121;Porto;House
14162;5+2-Bedroom;449 000,00 €;430;Porto;House
14163;3-Bedroom;449 000,00 €;185;Porto;House
14164;5-Bedroom;449 000,00 €;430;Porto;House
14165;4-Bedroom;449 990,00 €;259;Porto;House
14166;Studio;450 000,00 €;338;Porto;House
14167;Apartment;450 000,00 €;98;Porto;House
14168;2-Bedroom;450 000,00 €;105;Porto;House
14169;2-Bedroom;450 000,00 €;100;Porto;House
14170;3-Bedroom;450 000,00 €;312;Porto;House
14171;Apartment;450 000,00 €;189;Porto;House
14172;4-Bedroom;450 000,00 €;515;Porto;House
14173;3-Bedroom;450 000,00 €;119;Porto;House
14174;4-Bedroom;450 000,00 €;253;Porto;House
14175;Studio;450 000,00 €;108;Porto;House
14176;3-Bedroom;450 000,00 €;456;Porto;House
14177;3-Bedroom;450 000,00 €;183;Porto;House
14178;3-Bedroom;450 000,00 €;166;Porto;House
14179;3-Bedroom;450 000,00 €;106;Porto;House
14180;3-Bedroom;450 000,00 €;189;Porto;House
14181;4-Bedroom;450 000,00 €;227;Porto;House
14182;1-Bedroom;450 000,00 €;108;Porto;House
14183;3-Bedroom;450 000,00 €;184;Porto;House
14184;4-Bedroom;450 000,00 €;337;Porto;House
14185;2-Bedroom;451 500,00 €;148;Porto;House
14186;2-Bedroom;452 250,00 €;115;Porto;House
14187;Detached House;454 000,00 €;165;Porto;House
14188;2+1-Bedroom;454 000,00 €;117;Porto;House
14189;2+1-Bedroom;454 000,00 €;117;Porto;House
14190;4-Bedroom;455 000,00 €;164;Porto;House
14191;Detached House;455 000,00 €;187;Porto;House
14192;2-Bedroom;455 000,00 €;133;Porto;House
14193;Detached House;455 000,00 €;519;Porto;House
14194;2-Bedroom;455 000,00 €;230;Porto;House
14195;3-Bedroom;456 000,00 €;141;Porto;House
14196;3-Bedroom;456 550,00 €;199;Porto;House
14197;2-Bedroom;458 450,00 €;183;Porto;House
14198;4-Bedroom;459 000,00 €;185;Porto;House
14199;3-Bedroom;459 000,00 €;105;Porto;House
14200;2-Bedroom;460 000,00 €;118;Porto;House
14201;2-Bedroom;460 000,00 €;117;Porto;House
14202;2-Bedroom;460 000,00 €;122;Porto;House
14203;Apartment;460 000,00 €;147;Porto;House
14204;2-Bedroom;460 000,00 €;117;Porto;House
14205;2-Bedroom;460 000,00 €;122;Porto;House
14206;2-Bedroom;460 000,00 €;122;Porto;House
14207;2-Bedroom;462 000,00 €;146;Porto;House
14208;2-Bedroom;462 000,00 €;97;Porto;House
14209;3-Bedroom;463 800,00 €;218;Porto;House
14210;Detached House;465 000,00 €;368;Porto;House
14211;Detached House;465 000,00 €;320;Porto;House
14212;3+1-Bedroom;465 000,00 €;287;Porto;House
14213;3-Bedroom;465 000,00 €;105;Porto;House
14214;3-Bedroom;465 000,00 €;105;Porto;House
14215;3-Bedroom;465 000,00 €;164;Porto;House
14216;3-Bedroom;465 000,00 €;195;Porto;House
14217;6-Bedroom;465 000,00 €;210;Porto;House
14218;Apartment;465 000,00 €;130;Porto;House
14219;2-Bedroom;465 000,00 €;135;Porto;House
14220;Detached House;465 000,00 €;215;Porto;House
14221;2-Bedroom;465 000,00 €;138;Porto;House
14222;3-Bedroom;465 000,00 €;148;Porto;House
14223;3-Bedroom;466 605,00 €;145;Porto;House
14224;3-Bedroom;466 605,00 €;145;Porto;House
14225;3-Bedroom;467 000,00 €;169;Porto;House
14226;3-Bedroom;467 500,00 €;187;Porto;House
14227;4-Bedroom;469 000,00 €;298;Porto;House
14228;3-Bedroom;470 000,00 €;187;Porto;House
14229;3-Bedroom;470 000,00 €;345;Porto;House
14230;Detached House;470 000,00 €;180;Porto;House
14231;3-Bedroom;470 000,00 €;187;Porto;House
14232;3-Bedroom;470 000,00 €;330;Porto;House
14233;2-Bedroom;470 000,00 €;154;Porto;House
14234;Detached House;470 000,00 €;158;Porto;House
14235;3-Bedroom;470 000,00 €;229;Porto;House
14236;3-Bedroom;470 000,00 €;195;Porto;House
14237;2+1-Bedroom;470 000,00 €;175;Porto;House
14238;3-Bedroom;470 000,00 €;282;Porto;House
14239;2+1-Bedroom;470 000,00 €;165;Porto;House
14240;3-Bedroom;475 000,00 €;170;Porto;House
14241;3-Bedroom;475 000,00 €;146;Porto;House
14242;3-Bedroom;475 000,00 €;170;Porto;House
14243;3-Bedroom;475 000,00 €;170;Porto;House
14244;4-Bedroom;475 000,00 €;274;Porto;House
14245;4-Bedroom;477 000,00 €;288;Porto;House
14246;3-Bedroom;478 000,00 €;276;Porto;House
14247;Detached House;479 000,00 €;142;Porto;House
14248;4-Bedroom;479 000,00 €;577;Porto;House
14249;2-Bedroom;479 500,00 €;159;Porto;House
14250;3+2-Bedroom;480 000,00 €;380;Porto;House
14251;3-Bedroom;480 000,00 €;298;Porto;House
14252;3-Bedroom;480 000,00 €;117;Porto;House
14253;1-Bedroom;480 000,00 €;143;Porto;House
14254;3-Bedroom;480 000,00 €;185;Porto;House
14255;Studio;480 000,00 €;122;Porto;House
14256;2-Bedroom;480 000,00 €;108;Porto;House
14257;3-Bedroom;480 000,00 €;140;Porto;House
14258;5-Bedroom;480 000,00 €;478;Porto;House
14259;2-Bedroom;480 000,00 €;108;Porto;House
14260;Apartment;480 000,00 €;62;Porto;House
14261;3-Bedroom;484 000,00 €;141;Porto;House
14262;3-Bedroom;485 000,00 €;168;Porto;House
14263;5-Bedroom;485 000,00 €;302;Porto;House
14264;3-Bedroom;485 000,00 €;105;Porto;House
14265;3-Bedroom;489 000,00 €;129;Porto;House
14266;3-Bedroom;489 000,00 €;129;Porto;House
14267;2-Bedroom;489 500,00 €;184;Porto;House
14268;4-Bedroom;490 000,00 €;216;Porto;House
14269;3-Bedroom;490 000,00 €;140;Porto;House
14270;3-Bedroom;490 000,00 €;110;Porto;House
14271;5-Bedroom;490 000,00 €;392;Porto;House
14272;5-Bedroom;490 000,00 €;380;Porto;House
14273;5-Bedroom;490 000,00 €;411;Porto;House
14274;3-Bedroom;490 000,00 €;401;Porto;House
14275;3+1-Bedroom;490 000,00 €;274;Porto;House
14276;4-Bedroom;490 000,00 €;216;Porto;House
14277;2-Bedroom;491 000,00 €;97;Porto;House
14278;1-Bedroom;494 000,00 €;85;Porto;House
14279;4-Bedroom;494 000,00 €;330;Porto;House
14280;4-Bedroom;495 000,00 €;329;Porto;House
14281;Detached House;495 000,00 €;275;Porto;House
14282;2-Bedroom;495 000,00 €;92;Porto;House
14283;4-Bedroom;495 000,00 €;306;Porto;House
14284;4-Bedroom;495 000,00 €;285;Porto;House
14285;2-Bedroom;495 000,00 €;144;Porto;House
14286;2+3-Bedroom;495 000,00 €;331;Porto;House
14287;3-Bedroom;495 000,00 €;270;Porto;House
14288;2-Bedroom;495 000,00 €;143;Porto;House
14289;3-Bedroom;498 000,00 €;243;Porto;House
14290;3-Bedroom;498 000,00 €;270;Porto;House
14291;6-Bedroom;498 000,00 €;855;Porto;House
14292;4-Bedroom;498 000,00 €;1.125;Porto;House
14293;3-Bedroom;498 000,00 €;270;Porto;House
14294;2-Bedroom;498 000,00 €;136;Porto;House
14295;3-Bedroom;499 000,00 €;225;Porto;House
14296;Detached House;499 000,00 €;255;Porto;House
14297;6-Bedroom;500 000,00 €;209;Porto;House
14298;Detached House;500 000,00 €;174;Porto;House
14299;3-Bedroom;500 000,00 €;140;Porto;House
14300;5-Bedroom;500 000,00 €;800;Porto;House
14301;2-Bedroom;500 000,00 €;134;Porto;House
14302;3-Bedroom;507 688,00 €;124;Porto;House
14303;Studio;508 250,00 €;49;Porto;House
14304;1-Bedroom;508 800,00 €;117;Porto;House
14305;3-Bedroom;510 000,00 €;270;Porto;House
14306;2-Bedroom;510 000,00 €;115;Porto;House
14307;3-Bedroom;510 000,00 €;268;Porto;House
14308;2-Bedroom;515 000,00 €;193;Porto;House
14309;2-Bedroom;516 000,00 €;109;Porto;House
14310;4-Bedroom;517 000,00 €;209;Porto;House
14311;3-Bedroom;518 000,00 €;124;Porto;House
14312;3-Bedroom;518 000,00 €;124;Porto;House
14313;Detached House;520 000,00 €;550;Porto;House
14314;Detached House;520 000,00 €;550;Porto;House
14315;2-Bedroom;520 000,00 €;193;Porto;House
14316;3-Bedroom;520 000,00 €;210;Porto;House
14317;3-Bedroom;524 000,00 €;255;Porto;House
14318;3-Bedroom;524 000,00 €;124;Porto;House
14319;2+1-Bedroom;525 000,00 €;185;Porto;House
14320;Detached House;529 000,00 €;322;Porto;House
14321;3-Bedroom;530 000,00 €;291;Porto;House
14322;2-Bedroom;530 000,00 €;144;Porto;House
14323;Detached House;530 000,00 €;203;Porto;House
14324;3-Bedroom;530 000,00 €;161;Porto;House
14325;3-Bedroom;530 000,00 €;234;Porto;House
14326;2-Bedroom;530 000,00 €;148;Porto;House
14327;2-Bedroom;530 000,00 €;148;Porto;House
14328;Detached House;530 000,00 €;228;Porto;House
14329;3-Bedroom;530 000,00 €;180;Porto;House
14330;3-Bedroom;530 000,00 €;291;Porto;House
14331;3-Bedroom;530 450,00 €;135;Porto;House
14332;2-Bedroom;533 000,00 €;128;Porto;House
14333;3-Bedroom;538 125,00 €;140;Porto;House
14334;3-Bedroom;538 125,00 €;140;Porto;House
14335;3-Bedroom;539 000,00 €;172;Porto;House
14336;Detached House;540 000,00 €;354;Porto;House
14337;3-Bedroom;540 000,00 €;130;Porto;House
14338;2-Bedroom;540 000,00 €;109;Porto;House
14339;3-Bedroom;540 000,00 €;126;Porto;House
14340;3-Bedroom;540 000,00 €;211;Porto;House
14341;4-Bedroom;542 000,00 €;132;Porto;House
14342;3-Bedroom;542 430,00 €;121;Porto;House
14343;3-Bedroom;544 000,00 €;141;Porto;House
14344;3-Bedroom;545 000,00 €;152;Porto;House
14345;3-Bedroom;545 000,00 €;145;Porto;House
14346;3-Bedroom;545 000,00 €;128;Porto;House
14347;3-Bedroom;545 000,00 €;145;Porto;House
14348;3-Bedroom;545 000,00 €;196;Porto;House
14349;3-Bedroom;545 000,00 €;152;Porto;House
14350;3+2-Bedroom;548 000,00 €;246;Porto;House
14351;3-Bedroom;548 375,00 €;140;Porto;House
14352;3-Bedroom;548 375,00 €;140;Porto;House
14353;2-Bedroom;549 000,00 €;105;Porto;House
14354;3-Bedroom;549 000,00 €;171;Porto;House
14355;2-Bedroom;549 000,00 €;136;Porto;House
14356;Detached House;550 000,00 €;200;Porto;House
14357;Apartment;550 000,00 €;126;Porto;House
14358;3-Bedroom;550 000,00 €;264;Porto;House
14359;Farmhouse;550 000,00 €;110.000;Porto;House
14360;3-Bedroom;550 000,00 €;130;Porto;House
14361;3-Bedroom;550 000,00 €;120;Porto;House
14362;Detached House;550 000,00 €;292;Porto;House
14363;6-Bedroom;550 000,00 €;226;Porto;House
14364;4-Bedroom;550 000,00 €;357;Porto;House
14365;5-Bedroom;550 000,00 €;210;Porto;House
14366;2-Bedroom;550 000,00 €;128;Porto;House
14367;Detached House;550 000,00 €;243;Porto;House
14368;Detached House;550 000,00 €;174;Porto;House
14369;4-Bedroom;550 000,00 €;297;Porto;House
14370;5-Bedroom;550 000,00 €;210;Porto;House
14371;3-Bedroom;550 000,00 €;374;Porto;House
14372;4-Bedroom;550 000,00 €;118;Porto;House
14373;3-Bedroom;552 000,00 €;359;Porto;House
14374;Apartment;555 000,00 €;179;Porto;House
14375;Detached House;555 000,00 €;273;Porto;House
14376;4-Bedroom;555 000,00 €;153;Porto;House
14377;1-Bedroom;557 000,00 €;108;Porto;House
14378;3-Bedroom;560 000,00 €;129;Porto;House
14379;Apartment;560 000,00 €;182;Porto;House
14380;3-Bedroom;560 000,00 €;156;Porto;House
14381;3-Bedroom;560 000,00 €;129;Porto;House
14382;3-Bedroom;562 500,00 €;223;Porto;House
14383;3-Bedroom;565 000,00 €;317;Porto;House
14384;2-Bedroom;565 000,00 €;158;Porto;House
14385;3-Bedroom;566 850,00 €;139;Porto;House
14386;3-Bedroom;569 000,00 €;169;Porto;House
14387;Apartment;570 000,00 €;160;Porto;House
14388;3-Bedroom;574 000,00 €;197;Porto;House
14389;3-Bedroom;575 000,00 €;186;Porto;House
14390;3-Bedroom;575 000,00 €;192;Porto;House
14391;4-Bedroom;575 000,00 €;362;Porto;House
14392;4-Bedroom;575 000,00 €;320;Porto;House
14393;3-Bedroom;575 000,00 €;245;Porto;House
14394;3-Bedroom;576 030,00 €;143;Porto;House
14395;3-Bedroom;576 030,00 €;143;Porto;House
14396;3-Bedroom;576 030,00 €;143;Porto;House
14397;3-Bedroom;579 000,00 €;197;Porto;House
14398;Detached House;579 000,00 €;246;Porto;House
14399;4-Bedroom;580 000,00 €;293;Porto;House
14400;3-Bedroom;580 000,00 €;142;Porto;House
14401;3-Bedroom;580 000,00 €;158;Porto;House
14402;3-Bedroom;580 000,00 €;138;Porto;House
14403;3-Bedroom;580 000,00 €;131;Porto;House
14404;9-Bedroom;580 000,00 €;284;Porto;House
14405;2-Bedroom;581 000,00 €;109;Porto;House
14406;3-Bedroom;582 000,00 €;124;Porto;House
14407;Apartment;585 000,00 €;159;Porto;House
14408;4-Bedroom;585 000,00 €;600;Porto;House
14409;3-Bedroom;585 000,00 €;182;Porto;House
14410;2-Bedroom;585 270,00 €;420;Porto;House
14411;3-Bedroom;586 000,00 €;313;Porto;House
14412;3-Bedroom;586 000,00 €;313;Porto;House
14413;3-Bedroom;586 000,00 €;313;Porto;House
14414;2-Bedroom;588 000,00 €;110;Porto;House
14415;4-Bedroom;588 000,00 €;147;Porto;House
14416;2-Bedroom;588 000,00 €;110;Porto;House
14417;Detached House;589 000,00 €;228;Porto;House
14418;Detached House;589 000,00 €;458;Porto;House
14419;3+1-Bedroom;590 000,00 €;173;Porto;House
14420;4-Bedroom;590 000,00 €;327;Porto;House
14421;3-Bedroom;590 000,00 €;202;Porto;House
14422;3-Bedroom;590 000,00 €;201;Porto;House
14423;4-Bedroom;590 000,00 €;330;Porto;House
14424;3-Bedroom;590 000,00 €;176;Porto;House
14425;3-Bedroom;590 000,00 €;201;Porto;House
14426;3-Bedroom;590 000,00 €;189;Porto;House
14427;3+1-Bedroom;590 000,00 €;173;Porto;House
14428;3-Bedroom;591 300,00 €;131;Porto;House
14429;3-Bedroom;591 300,00 €;131;Porto;House
14430;3-Bedroom;591 300,00 €;131;Porto;House
14431;Apartment;594 300,00 €;202;Porto;House
14432;4-Bedroom;595 000,00 €;561;Porto;House
14433;4-Bedroom;595 000,00 €;153;Porto;House
14434;4-Bedroom;595 000,00 €;157;Porto;House
14435;3-Bedroom;595 000,00 €;475;Porto;House
14436;4-Bedroom;595 000,00 €;157;Porto;House
14437;3-Bedroom;595 000,00 €;153;Porto;House
14438;3-Bedroom;595 000,00 €;475;Porto;House
14439;4-Bedroom;595 000,00 €;153;Porto;House
14440;4-Bedroom;595 000,00 €;153;Porto;House
14441;4-Bedroom;595 000,00 €;153;Porto;House
14442;4-Bedroom;595 000,00 €;310;Porto;House
14443;3-Bedroom;595 000,00 €;146;Porto;House
14444;4-Bedroom;595 000,00 €;153;Porto;House
14445;Detached House;595 000,00 €;355;Porto;House
14446;1-Bedroom;595 000,00 €;55;Porto;House
14447;4-Bedroom;595 000,00 €;153;Porto;House
14448;3+1-Bedroom;597 500,00 €;354;Porto;House
14449;3-Bedroom;598 000,00 €;342;Porto;House
14450;Detached House;599 000,00 €;225;Porto;House
14451;1-Bedroom;600 000,00 €;72;Porto;House
14452;Apartment;600 000,00 €;236;Porto;House
14453;3-Bedroom;600 000,00 €;140;Porto;House
14454;2-Bedroom;600 000,00 €;101;Porto;House
14455;3-Bedroom;600 000,00 €;246;Porto;House
14456;3-Bedroom;600 000,00 €;156;Porto;House
14457;3+1-Bedroom;600 000,00 €;202;Porto;House
14458;3-Bedroom;600 000,00 €;138;Porto;House
14459;4-Bedroom;600 000,00 €;360;Porto;House
14460;2-Bedroom;600 000,00 €;101;Porto;House
14461;3-Bedroom;600 300,00 €;136;Porto;House
14462;3-Bedroom;602 000,00 €;136;Porto;House
14463;3-Bedroom;607 000,00 €;137;Porto;House
14464;1-Bedroom;608 000,00 €;130;Porto;House
14465;3-Bedroom;610 000,00 €;146;Porto;House
14466;3-Bedroom;610 000,00 €;205;Porto;House
14467;3-Bedroom;610 000,00 €;146;Porto;House
14468;3-Bedroom;615 000,00 €;213;Porto;House
14469;3-Bedroom;615 000,00 €;270;Porto;House
14470;Detached House;619 000,00 €;69.000;Porto;House
14471;3-Bedroom;620 000,00 €;176;Porto;House
14472;Detached House;620 000,00 €;480;Porto;House
14473;4-Bedroom;620 000,00 €;360;Porto;House
14474;3-Bedroom;620 000,00 €;239;Porto;House
14475;3-Bedroom;620 000,00 €;109;Porto;House
14476;3-Bedroom;622 920,00 €;20;Porto;House
14477;3-Bedroom;628 000,00 €;136;Porto;House
14478;3-Bedroom;629 500,00 €;135;Porto;House
14479;3-Bedroom;629 500,00 €;135;Porto;House
14480;4-Bedroom;630 000,00 €;165;Porto;House
14481;4-Bedroom;630 000,00 €;165;Porto;House
14482;3-Bedroom;630 000,00 €;222;Porto;House
14483;4-Bedroom;630 000,00 €;434;Porto;House
14484;4-Bedroom;635 000,00 €;165;Porto;House
14485;3-Bedroom;635 000,00 €;314;Porto;House
14486;3-Bedroom;635 000,00 €;153;Porto;House
14487;3-Bedroom;635 500,00 €;184;Porto;House
14488;Detached House;637 000,00 €;130;Porto;House
14489;4-Bedroom;640 000,00 €;155;Porto;House
14490;2-Bedroom;640 000,00 €;190;Porto;House
14491;3-Bedroom;640 000,00 €;194;Porto;House
14492;3-Bedroom;640 000,00 €;194;Porto;House
14493;4-Bedroom;640 000,00 €;165;Porto;House
14494;4-Bedroom;640 000,00 €;155;Porto;House
14495;3-Bedroom;645 000,00 €;152;Porto;House
14496;3-Bedroom;645 500,00 €;238;Porto;House
14497;3-Bedroom;649 000,00 €;279;Porto;House
14498;Detached House;649 000,00 €;333;Porto;House
14499;3-Bedroom;649 000,00 €;125;Porto;House
14500;3-Bedroom;649 900,00 €;160;Porto;House
14501;7+1-Bedroom;650 000,00 €;511;Porto;House
14502;9-Bedroom;650 000,00 €;320;Porto;House
14503;3+1-Bedroom;650 000,00 €;338;Porto;House
14504;5-Bedroom;650 000,00 €;397;Porto;House
14505;Farmhouse;650 000,00 €;1.500;Porto;House
14506;3-Bedroom;650 000,00 €;241;Porto;House
14507;3-Bedroom;650 000,00 €;156;Porto;House
14508;4-Bedroom;650 000,00 €;1.200;Porto;House
14509;4+1-Bedroom;650 000,00 €;215;Porto;House
14510;Detached House;650 000,00 €;243;Porto;House
14511;3+1-Bedroom;650 000,00 €;179;Porto;House
14512;3-Bedroom;650 000,00 €;176;Porto;House
14513;3-Bedroom;650 000,00 €;141;Porto;House
14514;7+1-Bedroom;650 000,00 €;511;Porto;House
14515;8-Bedroom;656 000,00 €;814;Porto;House
14516;3-Bedroom;660 000,00 €;151;Porto;House
14517;3-Bedroom;660 000,00 €;155;Porto;House
14518;3-Bedroom;660 000,00 €;160;Porto;House
14519;3-Bedroom;660 000,00 €;145;Porto;House
14520;3+1-Bedroom;660 000,00 €;273;Porto;House
14521;Detached House;664 500,00 €;260;Porto;House
14522;3-Bedroom;665 000,00 €;216;Porto;House
14523;4-Bedroom;670 000,00 €;169;Porto;House
14524;3-Bedroom;675 000,00 €;186;Porto;House
14525;Farmhouse;675 000,00 €;255;Porto;House
14526;3-Bedroom;675 000,00 €;155;Porto;House
14527;3-Bedroom;675 000,00 €;286;Porto;House
14528;3-Bedroom;675 000,00 €;138;Porto;House
14529;3-Bedroom;675 000,00 €;138;Porto;House
14530;3-Bedroom;680 000,00 €;145;Porto;House
14531;4-Bedroom;680 000,00 €;169;Porto;House
14532;4-Bedroom;680 000,00 €;870;Porto;House
14533;3-Bedroom;684 400,00 €;240;Porto;House
14534;4-Bedroom;685 000,00 €;215;Porto;House
14535;4-Bedroom;685 000,00 €;188;Porto;House
14536;4-Bedroom;685 000,00 €;188;Porto;House
14537;4-Bedroom;685 000,00 €;215;Porto;House
14538;4-Bedroom;685 000,00 €;215;Porto;House
14539;3+1-Bedroom;685 000,00 €;188;Porto;House
14540;9-Bedroom;690 000,00 €;430;Porto;House
14541;4-Bedroom;690 000,00 €;166;Porto;House
14542;4-Bedroom;690 000,00 €;166;Porto;House
14543;6-Bedroom;690 000,00 €;163;Porto;House
14544;3-Bedroom;690 000,00 €;330;Porto;House
14545;3-Bedroom;690 000,00 €;145;Porto;House
14546;4-Bedroom;690 000,00 €;252;Porto;House
14547;4-Bedroom;690 000,00 €;229;Porto;House
14548;3-Bedroom;692 500,00 €;211;Porto;House
14549;3-Bedroom;695 000,00 €;200;Porto;House
14550;4-Bedroom;695 000,00 €;429;Porto;House
14551;2-Bedroom;695 000,00 €;79;Porto;House
14552;3-Bedroom;695 000,00 €;168;Porto;House
14553;3-Bedroom;695 000,00 €;161;Porto;House
14554;3-Bedroom;695 000,00 €;200;Porto;House
14555;3-Bedroom;698 000,00 €;172;Porto;House
14556;4-Bedroom;699 000,00 €;279;Porto;House
14557;3-Bedroom;700 000,00 €;162;Porto;House
14558;3-Bedroom;700 000,00 €;167;Porto;House
14559;4-Bedroom;700 000,00 €;170;Porto;House
14560;3-Bedroom;700 000,00 €;161;Porto;House
14561;6-Bedroom;700 000,00 €;460;Porto;House
14562;2+1-Bedroom;700 000,00 €;117;Porto;House
14563;2+1-Bedroom;700 000,00 €;117;Porto;House
14564;3-Bedroom;705 000,00 €;167;Porto;House
14565;3-Bedroom;705 000,00 €;167;Porto;House
14566;3-Bedroom;705 000,00 €;235;Porto;House
14567;4-Bedroom;710 000,00 €;188;Porto;House
14568;4-Bedroom;710 000,00 €;188;Porto;House
14569;4-Bedroom;710 000,00 €;215;Porto;House
14570;Detached House;712 500,00 €;252;Porto;House
14571;3-Bedroom;718 900,00 €;209;Porto;House
14572;3-Bedroom;720 000,00 €;151;Porto;House
14573;3-Bedroom;720 000,00 €;158;Porto;House
14574;4-Bedroom;720 000,00 €;270;Porto;House
14575;2-Bedroom;725 000,00 €;74;Porto;House
14576;2-Bedroom;727 792,00 €;111;Porto;House
14577;4-Bedroom;729 000,00 €;220;Porto;House
14578;4-Bedroom;730 000,00 €;247;Porto;House
14579;3-Bedroom;730 000,00 €;148;Porto;House
14580;4-Bedroom;730 000,00 €;203;Porto;House
14581;3-Bedroom;735 000,00 €;204;Porto;House
14582;3-Bedroom;735 000,00 €;169;Porto;House
14583;4-Bedroom;739 000,00 €;295;Porto;House
14584;4-Bedroom;743 000,00 €;454;Porto;House
14585;4-Bedroom;745 000,00 €;165;Porto;House
14586;4+1-Bedroom;749 000,00 €;251;Porto;House
14587;5-Bedroom;750 000,00 €;300;Porto;House
14588;Detached House;750 000,00 €;342;Porto;House
14589;4-Bedroom;750 000,00 €;217;Porto;House
14590;4-Bedroom;750 000,00 €;217;Porto;House
14591;2-Bedroom;750 000,00 €;132;Porto;House
14592;3-Bedroom;750 000,00 €;227;Porto;House
14593;3-Bedroom;750 000,00 €;158;Porto;House
14594;3-Bedroom;750 000,00 €;355;Porto;House
14595;6-Bedroom;750 000,00 €;221;Porto;House
14596;3-Bedroom;759 000,00 €;266;Porto;House
14597;Apartment;760 000,00 €;153;Porto;House
14598;4-Bedroom;760 000,00 €;165;Porto;House
14599;Apartment;766 100,00 €;185;Porto;House
14600;3-Bedroom;775 000,00 €;145;Porto;House
14601;6-Bedroom;778 000,00 €;420;Porto;House
14602;3+1-Bedroom;780 000,00 €;251;Porto;House
14603;3+1-Bedroom;780 000,00 €;199;Porto;House
14604;4-Bedroom;780 000,00 €;200;Porto;House
14605;Detached House;785 000,00 €;650;Porto;House
14606;4-Bedroom;788 000,00 €;437;Porto;House
14607;3-Bedroom;790 000,00 €;284;Porto;House
14608;4-Bedroom;790 000,00 €;191;Porto;House
14609;Apartment;790 000,00 €;247;Porto;House
14610;3-Bedroom;790 000,00 €;240;Porto;House
14611;3-Bedroom;790 000,00 €;284;Porto;House
14612;3-Bedroom;795 000,00 €;176;Porto;House
14613;3-Bedroom;795 000,00 €;230;Porto;House
14614;5-Bedroom;795 000,00 €;325;Porto;House
14615;3-Bedroom;795 000,00 €;184;Porto;House
14616;4-Bedroom;799 000,00 €;229;Porto;House
14617;3+3-Bedroom;799 000,00 €;300;Porto;House
14618;3-Bedroom;799 900,00 €;286;Porto;House
14619;Farmhouse;799 900,00 €;700;Porto;House
14620;3-Bedroom;800 000,00 €;182;Porto;House
14621;4-Bedroom;800 000,00 €;281;Porto;House
14622;4+1-Bedroom;800 000,00 €;226;Porto;House
14623;2-Bedroom;800 000,00 €;223;Porto;House
14624;3-Bedroom;804 000,00 €;274;Porto;House
14625;3-Bedroom;805 000,00 €;158;Porto;House
14626;3-Bedroom;810 000,00 €;161;Porto;House
14627;4-Bedroom;815 000,00 €;334;Porto;House
14628;4+2-Bedroom;820 000,00 €;312;Porto;House
14629;3-Bedroom;830 000,00 €;236;Porto;House
14630;4-Bedroom;830 000,00 €;230;Porto;House
14631;4-Bedroom;830 000,00 €;190;Porto;House
14632;4-Bedroom;835 000,00 €;400;Porto;House
14633;3-Bedroom;840 000,00 €;235;Porto;House
14634;3+2-Bedroom;845 000,00 €;636;Porto;House
14635;4-Bedroom;848 700,00 €;199;Porto;House
14636;4-Bedroom;850 000,00 €;292;Porto;House
14637;4-Bedroom;850 000,00 €;369;Porto;House
14638;3-Bedroom;850 000,00 €;230;Porto;House
14639;4-Bedroom;850 000,00 €;270;Porto;House
14640;3-Bedroom;850 000,00 €;284;Porto;House
14641;4-Bedroom;850 000,00 €;419;Porto;House
14642;4-Bedroom;850 000,00 €;270;Porto;House
14643;Apartment;850 000,00 €;270;Porto;House
14644;3-Bedroom;850 000,00 €;180;Porto;House
14645;7-Bedroom;850 000,00 €;256;Porto;House
14646;3+1-Bedroom;850 000,00 €;190;Porto;House
14647;3-Bedroom;850 000,00 €;284;Porto;House
14648;Apartment;850 000,00 €;270;Porto;House
14649;3-Bedroom;850 000,00 €;149;Porto;House
14650;2-Bedroom;850 000,00 €;257;Porto;House
14651;4-Bedroom;850 000,00 €;292;Porto;House
14652;4-Bedroom;855 000,00 €;228;Porto;House
14653;4-Bedroom;855 000,00 €;228;Porto;House
14654;4-Bedroom;860 000,00 €;188;Porto;House
14655;4-Bedroom;860 000,00 €;169;Porto;House
14656;7-Bedroom;890 000,00 €;548;Porto;House
14657;4-Bedroom;890 000,00 €;280;Porto;House
14658;5-Bedroom;890 000,00 €;255;Porto;House
14659;4+1-Bedroom;890 000,00 €;475;Porto;House
14660;3-Bedroom;890 000,00 €;196;Porto;House
14661;4-Bedroom;890 000,00 €;409;Porto;House
14662;3-Bedroom;895 000,00 €;139;Porto;House
14663;3-Bedroom;895 000,00 €;459;Porto;House
14664;3-Bedroom;897 000,00 €;207;Porto;House
14665;3-Bedroom;897 000,00 €;207;Porto;House
14666;10-Bedroom;897 500,00 €;790;Porto;House
14667;4-Bedroom;899 000,00 €;1.340;Porto;House
14668;4-Bedroom;900 000,00 €;360;Porto;House
14669;3-Bedroom;900 000,00 €;228;Porto;House
14670;4+1-Bedroom;900 000,00 €;932;Porto;House
14671;4-Bedroom;900 000,00 €;250;Porto;House
14672;4-Bedroom;900 000,00 €;202;Porto;House
14673;4-Bedroom;910 000,00 €;250;Porto;House
14674;4-Bedroom;915 000,00 €;223;Porto;House
14675;3+1-Bedroom;925 000,00 €;223;Porto;House
14676;4+1-Bedroom;930 000,00 €;345;Porto;House
14677;4+2-Bedroom;930 000,00 €;380;Porto;House
14678;4-Bedroom;935 000,00 €;276;Porto;House
14679;3-Bedroom;940 000,00 €;334;Porto;House
14680;3-Bedroom;940 000,00 €;262;Porto;House
14681;5-Bedroom;940 000,00 €;324;Porto;House
14682;3-Bedroom;940 000,00 €;160;Porto;House
14683;Apartment;945 000,00 €;200;Porto;House
14684;4-Bedroom;949 000,00 €;192;Porto;House
14685;4-Bedroom;949 000,00 €;192;Porto;House
14686;5-Bedroom;950 000,00 €;324;Porto;House
14687;3-Bedroom;950 000,00 €;347;Porto;House
14688;4-Bedroom;950 000,00 €;206;Porto;House
14689;4-Bedroom;950 000,00 €;181;Porto;House
14690;4-Bedroom;950 000,00 €;206;Porto;House
14691;4-Bedroom;950 000,00 €;375;Porto;House
14692;3-Bedroom;950 000,00 €;119;Porto;House
14693;3-Bedroom;950 000,00 €;347;Porto;House
14694;1-Bedroom;954 000,00 €;177;Porto;House
14695;4-Bedroom;970 000,00 €;358;Porto;House
14696;Detached House;970 000,00 €;208;Porto;House
14697;3-Bedroom;970 000,00 €;208;Porto;House
14698;4-Bedroom;970 000,00 €;305;Porto;House
14699;3-Bedroom;975 000,00 €;320;Porto;House
14700;4-Bedroom;980 000,00 €;222;Porto;House
14701;3-Bedroom;980 000,00 €;228;Porto;House
14702;4-Bedroom;985 000,00 €;201;Porto;House
14703;6-Bedroom;985 000,00 €;300;Porto;House
14704;4+1-Bedroom;985 000,00 €;735;Porto;House
14705;5-Bedroom;985 000,00 €;443;Porto;House
14706;4+1-Bedroom;985 000,00 €;735;Porto;House
14707;3-Bedroom;989 000,00 €;321;Porto;House
14708;10-Bedroom;990 000,00 €;598;Porto;House
14709;4-Bedroom;995 000,00 €;167;Porto;House
14710;3-Bedroom;995 000,00 €;344;Porto;House
14711;4-Bedroom;995 000,00 €;227;Porto;House
14712;4-Bedroom;1 000 000,00 €;300;Porto;House
14713;4-Bedroom;1 000 000,00 €;378;Porto;House
14714;2-Bedroom;1 008 000,00 €;138;Porto;House
14715;3-Bedroom;1 016 000,00 €;256;Porto;House
14716;Apartment;1 019 100,00 €;181;Porto;House
14717;4-Bedroom;1 025 000,00 €;246;Porto;House
14718;4-Bedroom;1 025 000,00 €;245;Porto;House
14719;4-Bedroom;1 030 000,00 €;245;Porto;House
14720;4-Bedroom;1 040 000,00 €;250;Porto;House
14721;4-Bedroom;1 040 000,00 €;250;Porto;House
14722;4-Bedroom;1 050 000,00 €;200;Porto;House
14723;6-Bedroom;1 050 000,00 €;440;Porto;House
14724;4-Bedroom;1 070 000,00 €;192;Porto;House
14725;4-Bedroom;1 100 000,00 €;244;Porto;House
14726;4-Bedroom;1 100 000,00 €;243;Porto;House
14727;6-Bedroom;1 100 000,00 €;570;Porto;House
14728;4-Bedroom;1 100 000,00 €;255;Porto;House
14729;4-Bedroom;1 100 000,00 €;220;Porto;House
14730;4-Bedroom;1 100 000,00 €;250;Porto;House
14731;4-Bedroom;1 100 000,00 €;244;Porto;House
14732;4-Bedroom;1 135 000,00 €;194;Porto;House
14733;4-Bedroom;1 150 000,00 €;434;Porto;House
14734;4+2-Bedroom;1 150 000,00 €;370;Porto;House
14735;5-Bedroom;1 150 000,00 €;541;Porto;House
14736;4-Bedroom;1 150 000,00 €;359;Porto;House
14737;3-Bedroom;1 150 000,00 €;230;Porto;House
14738;4-Bedroom;1 150 000,00 €;434;Porto;House
14739;Apartment;1 158 300,00 €;260;Porto;House
14740;3-Bedroom;1 165 000,00 €;154;Porto;House
14741;4-Bedroom;1 170 000,00 €;204;Porto;House
14742;3-Bedroom;1 190 000,00 €;246;Porto;House
14743;3-Bedroom;1 190 000,00 €;239;Porto;House
14744;3-Bedroom;1 190 000,00 €;381;Porto;House
14745;Apartment;1 190 000,00 €;135;Porto;House
14746;10-Bedroom;1 200 000,00 €;420;Porto;House
14747;3-Bedroom;1 200 000,00 €;203;Porto;House
14748;4-Bedroom;1 200 000,00 €;359;Porto;House
14749;4-Bedroom;1 240 000,00 €;483;Porto;House
14750;3-Bedroom;1 250 000,00 €;177;Porto;House
14751;3+1-Bedroom;1 250 000,00 €;678;Porto;House
14752;4-Bedroom;1 250 000,00 €;678;Porto;House
14753;2-Bedroom;1 250 000,00 €;118;Porto;House
14754;Detached House;1 250 000,00 €;819;Porto;House
14755;4-Bedroom;1 250 000,00 €;5.500;Porto;House
14756;3-Bedroom;1 250 000,00 €;700;Porto;House
14757;3-Bedroom;1 250 000,00 €;226;Porto;House
14758;3+1-Bedroom;1 270 000,00 €;169;Porto;House
14759;8-Bedroom;1 280 000,00 €;622;Porto;House
14760;8-Bedroom;1 280 000,00 €;622;Porto;House
14761;4-Bedroom;1 294 500,00 €;5.120;Porto;House
14762;4-Bedroom;1 295 000,00 €;220;Porto;House
14763;3+1-Bedroom;1 300 000,00 €;460;Porto;House
14764;3-Bedroom;1 300 000,00 €;259;Porto;House
14765;4-Bedroom;1 300 000,00 €;350;Porto;House
14766;3-Bedroom;1 300 000,00 €;460;Porto;House
14767;6+2-Bedroom;1 300 000,00 €;646;Porto;House
14768;4-Bedroom;1 300 000,00 €;650;Porto;House
14769;3-Bedroom;1 300 000,00 €;325;Porto;House
14770;3-Bedroom;1 300 000,00 €;360;Porto;House
14771;4+1-Bedroom;1 350 000,00 €;250;Porto;House
14772;4-Bedroom;1 350 000,00 €;257;Porto;House
14773;4-Bedroom;1 350 000,00 €;177;Porto;House
14774;4-Bedroom;1 350 000,00 €;177;Porto;House
14775;5-Bedroom;1 350 000,00 €;380;Porto;House
14776;4-Bedroom;1 390 000,00 €;274;Porto;House
14777;3-Bedroom;1 400 000,00 €;172;Porto;House
14778;4-Bedroom;1 400 000,00 €;326;Porto;House
14779;4-Bedroom;1 400 000,00 €;246;Porto;House
14780;4-Bedroom;1 400 000,00 €;410;Porto;House
14781;4-Bedroom;1 450 000,00 €;475;Porto;House
14782;4-Bedroom;1 450 000,00 €;281;Porto;House
14783;4-Bedroom;1 450 000,00 €;349;Porto;House
14784;3-Bedroom;1 450 000,00 €;400;Porto;House
14785;4-Bedroom;1 490 000,00 €;302;Porto;House
14786;T22;1 495 000,00 €;489;Porto;House
14787;5+1-Bedroom;1 500 000,00 €;378;Porto;House
14788;4-Bedroom;1 500 000,00 €;384;Porto;House
14789;2-Bedroom;1 500 000,00 €;110;Porto;House
14790;4-Bedroom;1 500 000,00 €;355;Porto;House
14791;4-Bedroom;1 520 000,00 €;476;Porto;House
14792;4-Bedroom;1 550 000,00 €;396;Porto;House
14793;4-Bedroom;1 575 000,00 €;349;Porto;House
14794;3-Bedroom;1 580 000,00 €;260;Porto;House
14795;4-Bedroom;1 590 000,00 €;411;Porto;House
14796;4-Bedroom;1 600 000,00 €;322;Porto;House
14797;3-Bedroom;1 600 000,00 €;251;Porto;House
14798;5-Bedroom;1 600 000,00 €;345;Porto;House
14799;5-Bedroom;1 600 000,00 €;765;Porto;House
14800;7-Bedroom;1 600 000,00 €;610;Porto;House
14801;House;1 650 000,00 €;312;Porto;House
14802;3-Bedroom;1 650 000,00 €;192;Porto;House
14803;5-Bedroom;1 650 000,00 €;516;Porto;House
14804;4-Bedroom;1 670 000,00 €;757;Porto;House
14805;4-Bedroom;1 670 000,00 €;757;Porto;House
14806;T20;1 700 000,00 €;614;Porto;House
14807;10-Bedroom;1 700 000,00 €;1.879;Porto;House
14808;10-Bedroom;1 700 000,00 €;1.879;Porto;House
14809;6-Bedroom;1 700 000,00 €;711;Porto;House
14810;Detached House;1 750 000,00 €;532;Porto;House
14811;3-Bedroom;1 750 000,00 €;1.500;Porto;House
14812;3-Bedroom;1 750 000,00 €;481;Porto;House
14813;6-Bedroom;1 800 000,00 €;597;Porto;House
14814;6-Bedroom;1 800 000,00 €;597;Porto;House
14815;6-Bedroom;1 800 000,00 €;320;Porto;House
14816;6-Bedroom;1 820 000,00 €;500;Porto;House
14817;5-Bedroom;1 850 000,00 €;493;Porto;House
14818;Farmhouse;1 850 000,00 €;1.000;Porto;House
14819;3-Bedroom;1 850 000,00 €;529;Porto;House
14820;5-Bedroom;1 890 000,00 €;489;Porto;House
14821;4-Bedroom;1 890 000,00 €;500;Porto;House
14822;4+1-Bedroom;1 950 000,00 €;441;Porto;House
14823;4-Bedroom;1 995 000,00 €;269;Porto;House
14824;4-Bedroom;1 995 000,00 €;434;Porto;House
14825;6-Bedroom;2 000 000,00 €;595;Porto;House
14826;4-Bedroom;2 000 000,00 €;457;Porto;House
14827;6-Bedroom;2 000 000,00 €;595;Porto;House
14828;4-Bedroom;2 050 000,00 €;387;Porto;House
14829;4-Bedroom;2 050 000,00 €;345;Porto;House
14830;4-Bedroom;2 150 000,00 €;550;Porto;House
14831;6-Bedroom;2 200 000,00 €;654;Porto;House
14832;2-Bedroom;2 200 000,00 €;174;Porto;House
14833;4-Bedroom;2 250 000,00 €;387;Porto;House
14834;4-Bedroom;2 300 000,00 €;443;Porto;House
14835;8-Bedroom;2 400 000,00 €;540;Porto;House
14836;4-Bedroom;2 450 000,00 €;442;Porto;House
14837;5-Bedroom;2 500 000,00 €;242;Porto;House
14838;6-Bedroom;2 500 000,00 €;522;Porto;House
14839;6-Bedroom;2 500 000,00 €;532;Porto;House
14840;6-Bedroom;2 500 000,00 €;501;Porto;House
14841;5-Bedroom;2 600 000,00 €;571;Porto;House
14842;3-Bedroom;2 600 000,00 €;409;Porto;House
14843;5-Bedroom;2 650 000,00 €;481;Porto;House
14844;4-Bedroom;2 830 000,00 €;471;Porto;House
14845;2-Bedroom;3 300 000,00 €;1.586;Porto;House
14846;2-Bedroom;3 300 000,00 €;1.586;Porto;House
14847;4-Bedroom;3 500 000,00 €;524;Porto;House
14848;5-Bedroom;3 750 000,00 €;910;Porto;House
14849;8-Bedroom;8 000 000,00 €;1.250;Porto;House
14850;House;12 500,00 €;86;Santarem;House
14851;2-Bedroom;16 500,00 €;88;Santarem;House
14852;Detached House;17 000,00 €;1.180;Santarem;House
14853;2-Bedroom;17 000,00 €;42;Santarem;House
14854;Ruin;17 500,00 €;75;Santarem;House
14855;Detached House;21 500,00 €;56;Santarem;House
14856;3-Bedroom;22 000,00 €;152;Santarem;House
14857;1-Bedroom;24 000,00 €;55;Santarem;House
14858;Studio;24 000,00 €;86;Santarem;House
14859;Detached House;25 000,00 €;54;Santarem;House
14860;Detached House;25 000,00 €;40;Santarem;House
14861;Detached House;25 000,00 €;40;Santarem;House
14862;3-Bedroom;25 000,00 €;90;Santarem;House
14863;3-Bedroom;25 000,00 €;208;Santarem;House
14864;2-Bedroom;28 500,00 €;70;Santarem;House
14865;4-Bedroom;28 500,00 €;86;Santarem;House
14866;2-Bedroom;29 000,00 €;88;Santarem;House
14867;1+1-Bedroom;29 900,00 €;225;Santarem;House
14868;4-Bedroom;30 000,00 €;89;Santarem;House
14869;2-Bedroom;30 000,00 €;48;Santarem;House
14870;4-Bedroom;30 000,00 €;261;Santarem;House
14871;4-Bedroom;30 500,00 €;190;Santarem;House
14872;Detached House;33 000,00 €;34;Santarem;House
14873;2-Bedroom;35 000,00 €;99;Santarem;House
14874;2-Bedroom;35 000,00 €;36;Santarem;House
14875;3-Bedroom;35 000,00 €;96;Santarem;House
14876;Detached House;36 500,00 €;60;Santarem;House
14877;4-Bedroom;37 000,00 €;75;Santarem;House
14878;Detached House;37 500,00 €;50;Santarem;House
14879;2-Bedroom;37 500,00 €;54;Santarem;House
14880;4-Bedroom;37 500,00 €;162;Santarem;House
14881;Detached House;38 000,00 €;60;Santarem;House
14882;2-Bedroom;38 000,00 €;65;Santarem;House
14883;2-Bedroom;38 000,00 €;88;Santarem;House
14884;Olive Press House;39 000,00 €;105;Santarem;House
14885;3-Bedroom;39 000,00 €;89;Santarem;House
14886;2-Bedroom;39 000,00 €;67;Santarem;House
14887;2-Bedroom;39 500,00 €;265;Santarem;House
14888;3-Bedroom;39 500,00 €;200;Santarem;House
14889;1-Bedroom;39 900,00 €;74;Santarem;House
14890;Detached House;40 000,00 €;300;Santarem;House
14891;2-Bedroom;40 000,00 €;182;Santarem;House
14892;2-Bedroom;40 000,00 €;100;Santarem;House
14893;3-Bedroom;40 000,00 €;203;Santarem;House
14894;Detached House;40 000,00 €;66;Santarem;House
14895;Ruin;40 000,00 €;105;Santarem;House
14896;2-Bedroom;40 000,00 €;115;Santarem;House
14897;2-Bedroom;40 000,00 €;54;Santarem;House
14898;2-Bedroom;40 000,00 €;40;Santarem;House
14899;Detached House;41 500,00 €;180;Santarem;House
14900;1+1-Bedroom;42 000,00 €;200;Santarem;House
14901;3-Bedroom;42 500,00 €;83;Santarem;House
14902;Detached House;45 000,00 €;126;Santarem;House
14903;2+2-Bedroom;45 000,00 €;106;Santarem;House
14904;5-Bedroom;45 000,00 €;181;Santarem;House
14905;5-Bedroom;45 000,00 €;170;Santarem;House
14906;3-Bedroom;45 000,00 €;38;Santarem;House
14907;3-Bedroom;45 000,00 €;145;Santarem;House
14908;4-Bedroom;45 000,00 €;200;Santarem;House
14909;Detached House;46 500,00 €;104;Santarem;House
14910;Detached House;46 500,00 €;176;Santarem;House
14911;3-Bedroom;46 500,00 €;108;Santarem;House
14912;3-Bedroom;46 500,00 €;140;Santarem;House
14913;Detached House;47 000,00 €;245;Santarem;House
14914;2-Bedroom;47 000,00 €;100;Santarem;House
14915;2-Bedroom;47 000,00 €;60;Santarem;House
14916;1-Bedroom;47 000,00 €;300;Santarem;House
14917;4-Bedroom;47 500,00 €;104;Santarem;House
14918;2-Bedroom;47 500,00 €;195;Santarem;House
14919;4-Bedroom;48 000,00 €;78;Santarem;House
14920;Detached House;49 000,00 €;34;Santarem;House
14921;3-Bedroom;49 000,00 €;149;Santarem;House
14922;4-Bedroom;49 000,00 €;168;Santarem;House
14923;3-Bedroom;49 000,00 €;122;Santarem;House
14924;1-Bedroom;49 000,00 €;172;Santarem;House
14925;1-Bedroom;49 000,00 €;18.000;Santarem;House
14926;Studio;49 000,00 €;200;Santarem;House
14927;2-Bedroom;49 000,00 €;187;Santarem;House
14928;Detached House;49 500,00 €;123;Santarem;House
14929;4-Bedroom;49 500,00 €;60;Santarem;House
14930;3-Bedroom;49 900,00 €;149;Santarem;House
14931;2-Bedroom;50 000,00 €;56;Santarem;House
14932;3-Bedroom;50 000,00 €;188;Santarem;House
14933;2+2-Bedroom;50 000,00 €;140;Santarem;House
14934;3-Bedroom;50 000,00 €;173;Santarem;House
14935;3-Bedroom;51 000,00 €;218;Santarem;House
14936;2+2-Bedroom;52 000,00 €;166;Santarem;House
14937;2-Bedroom;52 000,00 €;56;Santarem;House
14938;1-Bedroom;53 000,00 €;125;Santarem;House
14939;3-Bedroom;54 000,00 €;160;Santarem;House
14940;3-Bedroom;54 500,00 €;212;Santarem;House
14941;Detached House;55 000,00 €;270;Santarem;House
14942;Detached House;55 000,00 €;153;Santarem;House
14943;3-Bedroom;55 000,00 €;87;Santarem;House
14944;Detached House;55 000,00 €;167;Santarem;House
14945;2-Bedroom;55 000,00 €;216;Santarem;House
14946;3-Bedroom;55 000,00 €;81;Santarem;House
14947;Detached House;55 000,00 €;161;Santarem;House
14948;4-Bedroom;55 000,00 €;72;Santarem;House
14949;Studio;55 500,00 €;180;Santarem;House
14950;Detached House;56 000,00 €;140;Santarem;House
14951;1-Bedroom;56 000,00 €;71;Santarem;House
14952;Detached House;56 150,00 €;130;Santarem;House
14953;4-Bedroom;57 900,00 €;327;Santarem;House
14954;4-Bedroom;58 500,00 €;100;Santarem;House
14955;2-Bedroom;59 000,00 €;40;Santarem;House
14956;Ruin;59 000,00 €;125;Santarem;House
14957;2-Bedroom;59 500,00 €;149;Santarem;House
14958;2-Bedroom;59 900,00 €;50;Santarem;House
14959;Detached House;60 000,00 €;45;Santarem;House
14960;3-Bedroom;60 000,00 €;106;Santarem;House
14961;3-Bedroom;60 000,00 €;106;Santarem;House
14962;3-Bedroom;60 000,00 €;70;Santarem;House
14963;1-Bedroom;60 000,00 €;52;Santarem;House
14964;Apartment;61 000,00 €;62;Santarem;House
14965;1-Bedroom;62 000,00 €;78;Santarem;House
14966;2-Bedroom;62 000,00 €;49;Santarem;House
14967;3-Bedroom;62 000,00 €;116;Santarem;House
14968;Detached House;64 000,00 €;36;Santarem;House
14969;4-Bedroom;64 500,00 €;179;Santarem;House
14970;2-Bedroom;65 000,00 €;360;Santarem;House
14971;Detached House;65 000,00 €;16;Santarem;House
14972;5-Bedroom;65 000,00 €;228;Santarem;House
14973;Detached House;65 000,00 €;137;Santarem;House
14974;Detached House;65 000,00 €;360;Santarem;House
14975;2-Bedroom;65 000,00 €;136;Santarem;House
14976;1-Bedroom;65 000,00 €;218;Santarem;House
14977;5-Bedroom;65 000,00 €;171;Santarem;House
14978;1-Bedroom;65 000,00 €;59;Santarem;House
14979;Studio;65 000,00 €;74;Santarem;House
14980;3-Bedroom;65 000,00 €;140;Santarem;House
14981;1+1-Bedroom;65 000,00 €;230;Santarem;House
14982;3-Bedroom;65 000,00 €;111;Santarem;House
14983;3-Bedroom;65 000,00 €;60;Santarem;House
14984;3-Bedroom;65 000,00 €;170;Santarem;House
14985;3-Bedroom;65 000,00 €;188;Santarem;House
14986;2-Bedroom;65 000,00 €;360;Santarem;House
14987;3-Bedroom;66 500,00 €;152;Santarem;House
14988;3-Bedroom;67 000,00 €;200;Santarem;House
14989;Detached House;68 000,00 €;50;Santarem;House
14990;3-Bedroom;68 000,00 €;205;Santarem;House
14991;3-Bedroom;68 000,00 €;106;Santarem;House
14992;2-Bedroom;69 000,00 €;157;Santarem;House
14993;1-Bedroom;70 000,00 €;88;Santarem;House
14994;Detached House;70 000,00 €;47;Santarem;House
14995;Detached House;70 000,00 €;146;Santarem;House
14996;3-Bedroom;70 000,00 €;54;Santarem;House
14997;3-Bedroom;70 000,00 €;205;Santarem;House
14998;3-Bedroom;70 000,00 €;199;Santarem;House
14999;2-Bedroom;70 000,00 €;152;Santarem;House
15000;2-Bedroom;70 000,00 €;57;Santarem;House
15001;4-Bedroom;71 472,00 €;240;Santarem;House
15002;2+1-Bedroom;72 000,00 €;173;Santarem;House
15003;4-Bedroom;72 500,00 €;226;Santarem;House
15004;3-Bedroom;75 000,00 €;50;Santarem;House
15005;Detached House;75 000,00 €;121;Santarem;House
15006;1-Bedroom;75 000,00 €;256;Santarem;House
15007;2-Bedroom;75 000,00 €;40;Santarem;House
15008;2-Bedroom;75 000,00 €;400;Santarem;House
15009;3-Bedroom;75 000,00 €;148;Santarem;House
15010;2-Bedroom;75 000,00 €;92;Santarem;House
15011;2-Bedroom;75 000,00 €;61;Santarem;House
15012;3-Bedroom;75 000,00 €;112;Santarem;House
15013;2-Bedroom;75 000,00 €;151;Santarem;House
15014;2-Bedroom;75 000,00 €;184;Santarem;House
15015;3-Bedroom;75 000,00 €;196;Santarem;House
15016;3-Bedroom;75 000,00 €;560;Santarem;House
15017;2-Bedroom;75 000,00 €;158;Santarem;House
15018;Apartment;76 000,00 €;114;Santarem;House
15019;3-Bedroom;76 000,00 €;120;Santarem;House
15020;3-Bedroom;76 000,00 €;250;Santarem;House
15021;3-Bedroom;77 500,00 €;91;Santarem;House
15022;2-Bedroom;78 000,00 €;44;Santarem;House
15023;3-Bedroom;78 000,00 €;251;Santarem;House
15024;3+1-Bedroom;79 500,00 €;50;Santarem;House
15025;3-Bedroom;79 500,00 €;392;Santarem;House
15026;2-Bedroom;79 900,00 €;20.000;Santarem;House
15027;3-Bedroom;80 000,00 €;180;Santarem;House
15028;Detached House;80 000,00 €;56;Santarem;House
15029;Apartment;80 000,00 €;80;Santarem;House
15030;Farmhouse;80 000,00 €;58;Santarem;House
15031;3-Bedroom;80 000,00 €;52;Santarem;House
15032;3-Bedroom;80 000,00 €;99;Santarem;House
15033;2-Bedroom;80 000,00 €;98;Santarem;House
15034;2-Bedroom;80 000,00 €;300;Santarem;House
15035;2-Bedroom;80 000,00 €;60;Santarem;House
15036;5-Bedroom;80 000,00 €;156;Santarem;House
15037;3-Bedroom;80 000,00 €;112;Santarem;House
15038;3-Bedroom;82 500,00 €;285;Santarem;House
15039;Detached House;83 000,00 €;80;Santarem;House
15040;1-Bedroom;84 000,00 €;16.500;Santarem;House
15041;Studio;84 000,00 €;132;Santarem;House
15042;Detached House;85 000,00 €;40;Santarem;House
15043;3-Bedroom;85 000,00 €;69;Santarem;House
15044;3-Bedroom;85 000,00 €;220;Santarem;House
15045;2-Bedroom;85 000,00 €;48;Santarem;House
15046;3-Bedroom;86 000,00 €;418;Santarem;House
15047;4-Bedroom;89 000,00 €;243;Santarem;House
15048;2-Bedroom;89 900,00 €;100;Santarem;House
15049;2-Bedroom;89 900,00 €;100;Santarem;House
15050;3-Bedroom;90 000,00 €;113;Santarem;House
15051;2-Bedroom;90 000,00 €;90;Santarem;House
15052;3-Bedroom;90 000,00 €;156;Santarem;House
15053;2-Bedroom;90 000,00 €;95;Santarem;House
15054;2-Bedroom;90 000,00 €;360;Santarem;House
15055;2-Bedroom;90 000,00 €;160;Santarem;House
15056;2-Bedroom;90 000,00 €;115;Santarem;House
15057;2-Bedroom;90 000,00 €;219;Santarem;House
15058;Detached House;90 000,00 €;370;Santarem;House
15059;3-Bedroom;90 000,00 €;113;Santarem;House
15060;2-Bedroom;90 000,00 €;43;Santarem;House
15061;2-Bedroom;90 000,00 €;60;Santarem;House
15062;Studio;90 000,00 €;154;Santarem;House
15063;2-Bedroom;90 000,00 €;60;Santarem;House
15064;4-Bedroom;92 000,00 €;91;Santarem;House
15065;Detached House;92 500,00 €;216;Santarem;House
15066;2-Bedroom;92 500,00 €;143;Santarem;House
15067;Detached House;94 000,00 €;224;Santarem;House
15068;2-Bedroom;95 000,00 €;65;Santarem;House
15069;Detached House;95 000,00 €;32;Santarem;House
15070;2-Bedroom;95 000,00 €;65;Santarem;House
15071;3-Bedroom;95 000,00 €;179;Santarem;House
15072;3-Bedroom;95 000,00 €;228;Santarem;House
15073;4-Bedroom;95 000,00 €;217;Santarem;House
15074;5-Bedroom;97 000,00 €;551;Santarem;House
15075;2-Bedroom;97 500,00 €;162;Santarem;House
15076;3-Bedroom;98 000,00 €;110;Santarem;House
15077;Detached House;99 000,00 €;105;Santarem;House
15078;4-Bedroom;99 000,00 €;580;Santarem;House
15079;3-Bedroom;99 000,00 €;42;Santarem;House
15080;3-Bedroom;99 500,00 €;95;Santarem;House
15081;Detached House;99 900,00 €;333;Santarem;House
15082;3-Bedroom;100 000,00 €;90;Santarem;House
15083;2-Bedroom;100 000,00 €;210;Santarem;House
15084;3-Bedroom;100 000,00 €;190;Santarem;House
15085;3-Bedroom;100 000,00 €;107;Santarem;House
15086;Apartment;105 000,00 €;71;Santarem;House
15087;Detached House;105 000,00 €;99;Santarem;House
15088;3-Bedroom;105 000,00 €;102;Santarem;House
15089;2-Bedroom;105 000,00 €;160;Santarem;House
15090;2-Bedroom;107 000,00 €;186;Santarem;House
15091;3-Bedroom;108 500,00 €;53;Santarem;House
15092;3-Bedroom;110 000,00 €;105;Santarem;House
15093;1-Bedroom;110 000,00 €;42;Santarem;House
15094;3-Bedroom;110 000,00 €;92;Santarem;House
15095;3-Bedroom;110 000,00 €;117;Santarem;House
15096;3-Bedroom;111 000,00 €;120;Santarem;House
15097;Detached House;114 000,00 €;185;Santarem;House
15098;Detached House;115 000,00 €;22;Santarem;House
15099;3-Bedroom;115 000,00 €;210;Santarem;House
15100;Studio;115 000,00 €;94;Santarem;House
15101;2-Bedroom;115 000,00 €;142;Santarem;House
15102;4-Bedroom;117 500,00 €;405;Santarem;House
15103;2-Bedroom;118 000,00 €;66;Santarem;House
15104;4-Bedroom;118 500,00 €;232;Santarem;House
15105;Detached House;119 000,00 €;64;Santarem;House
15106;Detached House;119 500,00 €;68;Santarem;House
15107;6-Bedroom;120 000,00 €;127;Santarem;House
15108;3-Bedroom;120 000,00 €;181;Santarem;House
15109;Detached House;120 000,00 €;48;Santarem;House
15110;Detached House;121 000,00 €;120;Santarem;House
15111;Detached House;121 000,00 €;220;Santarem;House
15112;3-Bedroom;124 000,00 €;84;Santarem;House
15113;1-Bedroom;125 000,00 €;63;Santarem;House
15114;Apartment;125 000,00 €;66;Santarem;House
15115;2-Bedroom;125 000,00 €;64;Santarem;House
15116;3-Bedroom;125 000,00 €;109;Santarem;House
15117;3-Bedroom;125 000,00 €;144;Santarem;House
15118;4-Bedroom;125 000,00 €;100;Santarem;House
15119;Farmhouse;125 000,00 €;40;Santarem;House
15120;1-Bedroom;125 000,00 €;63;Santarem;House
15121;4-Bedroom;126 000,00 €;159;Santarem;House
15122;6-Bedroom;126 000,00 €;485;Santarem;House
15123;Apartment;128 000,00 €;73;Santarem;House
15124;Detached House;130 000,00 €;101;Santarem;House
15125;3-Bedroom;130 000,00 €;105;Santarem;House
15126;2-Bedroom;130 000,00 €;201;Santarem;House
15127;3-Bedroom;130 000,00 €;171;Santarem;House
15128;Detached House;130 000,00 €;152;Santarem;House
15129;Detached House;130 000,00 €;120;Santarem;House
15130;2-Bedroom;130 000,00 €;107;Santarem;House
15131;2-Bedroom;130 000,00 €;85;Santarem;House
15132;4-Bedroom;130 000,00 €;206;Santarem;House
15133;3-Bedroom;130 000,00 €;128;Santarem;House
15134;3-Bedroom;130 000,00 €;210;Santarem;House
15135;2-Bedroom;132 500,00 €;89;Santarem;House
15136;2-Bedroom;132 500,00 €;90;Santarem;House
15137;4-Bedroom;135 000,00 €;176;Santarem;House
15138;Detached House;135 000,00 €;80;Santarem;House
15139;6-Bedroom;135 000,00 €;1.518;Santarem;House
15140;5-Bedroom;135 000,00 €;144;Santarem;House
15141;3-Bedroom;135 000,00 €;199;Santarem;House
15142;5-Bedroom;135 000,00 €;296;Santarem;House
15143;4-Bedroom;135 000,00 €;259;Santarem;House
15144;2-Bedroom;135 000,00 €;101;Santarem;House
15145;3-Bedroom;135 000,00 €;198;Santarem;House
15146;2-Bedroom;135 000,00 €;93;Santarem;House
15147;5-Bedroom;135 000,00 €;296;Santarem;House
15148;4-Bedroom;135 000,00 €;290;Santarem;House
15149;2-Bedroom;135 000,00 €;222;Santarem;House
15150;3-Bedroom;135 000,00 €;199;Santarem;House
15151;5-Bedroom;135 000,00 €;296;Santarem;House
15152;4-Bedroom;135 000,00 €;176;Santarem;House
15153;2-Bedroom;135 900,00 €;89;Santarem;House
15154;4-Bedroom;137 500,00 €;100;Santarem;House
15155;Detached House;139 000,00 €;107;Santarem;House
15156;3-Bedroom;140 000,00 €;195;Santarem;House
15157;2-Bedroom;140 000,00 €;88;Santarem;House
15158;3-Bedroom;140 000,00 €;85;Santarem;House
15159;3-Bedroom;140 000,00 €;120;Santarem;House
15160;2-Bedroom;140 000,00 €;384;Santarem;House
15161;2-Bedroom;140 000,00 €;117;Santarem;House
15162;2-Bedroom;140 000,00 €;144;Santarem;House
15163;5-Bedroom;140 000,00 €;384;Santarem;House
15164;2-Bedroom;140 000,00 €;208;Santarem;House
15165;3-Bedroom;141 000,00 €;120;Santarem;House
15166;2-Bedroom;142 000,00 €;122;Santarem;House
15167;3-Bedroom;142 500,00 €;107;Santarem;House
15168;1+2-Bedroom;145 000,00 €;25;Santarem;House
15169;Detached House;145 000,00 €;25;Santarem;House
15170;Detached House;145 000,00 €;72;Santarem;House
15171;3-Bedroom;145 000,00 €;52;Santarem;House
15172;3-Bedroom;145 000,00 €;141;Santarem;House
15173;Estate;145 000,00 €;116;Santarem;House
15174;3-Bedroom;145 000,00 €;24;Santarem;House
15175;2-Bedroom;145 000,00 €;60;Santarem;House
15176;1-Bedroom;145 000,00 €;283;Santarem;House
15177;2-Bedroom;145 000,00 €;25;Santarem;House
15178;2-Bedroom;147 000,00 €;74;Santarem;House
15179;2-Bedroom;147 500,00 €;69;Santarem;House
15180;3-Bedroom;148 000,00 €;119;Santarem;House
15181;3-Bedroom;149 900,00 €;130;Santarem;House
15182;4-Bedroom;150 000,00 €;420;Santarem;House
15183;2-Bedroom;150 000,00 €;90;Santarem;House
15184;3-Bedroom;150 000,00 €;115;Santarem;House
15185;1-Bedroom;150 000,00 €;58;Santarem;House
15186;1-Bedroom;150 000,00 €;58;Santarem;House
15187;1-Bedroom;150 000,00 €;58;Santarem;House
15188;1-Bedroom;150 000,00 €;58;Santarem;House
15189;3-Bedroom;150 000,00 €;162;Santarem;House
15190;1-Bedroom;150 000,00 €;58;Santarem;House
15191;4-Bedroom;150 000,00 €;92;Santarem;House
15192;1-Bedroom;150 000,00 €;58;Santarem;House
15193;1-Bedroom;150 000,00 €;58;Santarem;House
15194;3-Bedroom;150 000,00 €;56;Santarem;House
15195;1-Bedroom;150 000,00 €;58;Santarem;House
15196;3-Bedroom;150 000,00 €;93;Santarem;House
15197;4-Bedroom;150 000,00 €;158;Santarem;House
15198;3-Bedroom;152 500,00 €;129;Santarem;House
15199;2-Bedroom;154 000,00 €;128;Santarem;House
15200;3-Bedroom;155 000,00 €;217;Santarem;House
15201;5-Bedroom;155 000,00 €;229;Santarem;House
15202;1-Bedroom;155 000,00 €;69;Santarem;House
15203;4-Bedroom;157 000,00 €;127;Santarem;House
15204;3-Bedroom;159 000,00 €;147;Santarem;House
15205;6-Bedroom;159 000,00 €;688;Santarem;House
15206;Detached House;159 000,00 €;160;Santarem;House
15207;2-Bedroom;159 000,00 €;78;Santarem;House
15208;Detached House;160 000,00 €;181;Santarem;House
15209;4-Bedroom;160 000,00 €;357;Santarem;House
15210;Detached House;160 000,00 €;100;Santarem;House
15211;3-Bedroom;160 000,00 €;177;Santarem;House
15212;3-Bedroom;160 000,00 €;106;Santarem;House
15213;3-Bedroom;160 000,00 €;106;Santarem;House
15214;3-Bedroom;160 000,00 €;177;Santarem;House
15215;3-Bedroom;160 000,00 €;105;Santarem;House
15216;2-Bedroom;160 000,00 €;480;Santarem;House
15217;5-Bedroom;160 000,00 €;125;Santarem;House
15218;9-Bedroom;160 000,00 €;170;Santarem;House
15219;2-Bedroom;160 000,00 €;480;Santarem;House
15220;3-Bedroom;160 000,00 €;168;Santarem;House
15221;3-Bedroom;160 000,00 €;193;Santarem;House
15222;3-Bedroom;160 000,00 €;114;Santarem;House
15223;5-Bedroom;160 000,00 €;146;Santarem;House
15224;2-Bedroom;160 000,00 €;90;Santarem;House
15225;Farmhouse;160 000,00 €;36.140;Santarem;House
15226;3-Bedroom;160 000,00 €;17;Santarem;House
15227;2-Bedroom;160 000,00 €;48;Santarem;House
15228;Studio;162 000,00 €;51;Santarem;House
15229;1-Bedroom;162 000,00 €;66;Santarem;House
15230;3-Bedroom;162 500,00 €;102;Santarem;House
15231;4-Bedroom;165 000,00 €;380;Santarem;House
15232;3-Bedroom;165 000,00 €;110;Santarem;House
15233;2-Bedroom;165 000,00 €;95;Santarem;House
15234;2-Bedroom;165 000,00 €;82;Santarem;House
15235;5-Bedroom;165 000,00 €;246;Santarem;House
15236;1-Bedroom;165 000,00 €;72;Santarem;House
15237;5-Bedroom;165 000,00 €;246;Santarem;House
15238;3-Bedroom;165 000,00 €;105;Santarem;House
15239;House;167 500,00 €;199;Santarem;House
15240;2-Bedroom;168 000,00 €;86;Santarem;House
15241;Detached House;169 850,00 €;129;Santarem;House
15242;3-Bedroom;169 900,00 €;110;Santarem;House
15243;Apartment;169 900,00 €;121;Santarem;House
15244;3-Bedroom;169 900,00 €;249;Santarem;House
15245;Detached House;170 000,00 €;282;Santarem;House
15246;2-Bedroom;170 000,00 €;83;Santarem;House
15247;2-Bedroom;170 000,00 €;117;Santarem;House
15248;Detached House;170 000,00 €;76;Santarem;House
15249;3-Bedroom;170 000,00 €;125;Santarem;House
15250;5-Bedroom;170 000,00 €;563;Santarem;House
15251;1-Bedroom;170 000,00 €;730;Santarem;House
15252;2-Bedroom;170 000,00 €;86;Santarem;House
15253;7-Bedroom;170 000,00 €;563;Santarem;House
15254;2-Bedroom;170 000,00 €;88;Santarem;House
15255;4-Bedroom;170 000,00 €;410;Santarem;House
15256;3+1-Bedroom;170 000,00 €;249;Santarem;House
15257;3-Bedroom;171 500,00 €;443;Santarem;House
15258;4-Bedroom;172 000,00 €;559;Santarem;House
15259;4-Bedroom;172 000,00 €;559;Santarem;House
15260;2-Bedroom;172 500,00 €;210;Santarem;House
15261;2+1-Bedroom;173 000,00 €;88;Santarem;House
15262;1-Bedroom;175 000,00 €;83;Santarem;House
15263;4-Bedroom;175 000,00 €;80;Santarem;House
15264;2-Bedroom;175 000,00 €;159;Santarem;House
15265;2-Bedroom;175 000,00 €;126;Santarem;House
15266;4-Bedroom;175 000,00 €;148;Santarem;House
15267;4-Bedroom;175 000,00 €;272;Santarem;House
15268;3-Bedroom;175 000,00 €;129;Santarem;House
15269;Apartment;175 000,00 €;146;Santarem;House
15270;2-Bedroom;175 000,00 €;108;Santarem;House
15271;3-Bedroom;175 000,00 €;339;Santarem;House
15272;3-Bedroom;175 000,00 €;93;Santarem;House
15273;3-Bedroom;176 000,00 €;198;Santarem;House
15274;2-Bedroom;177 500,00 €;129;Santarem;House
15275;Apartment;178 000,00 €;118;Santarem;House
15276;3-Bedroom;178 000,00 €;121.000;Santarem;House
15277;3-Bedroom;178 000,00 €;132;Santarem;House
15278;Detached House;179 000,00 €;90;Santarem;House
15279;Apartment;179 000,00 €;167;Santarem;House
15280;3-Bedroom;179 000,00 €;539;Santarem;House
15281;Detached House;180 000,00 €;75;Santarem;House
15282;3-Bedroom;180 000,00 €;456;Santarem;House
15283;3-Bedroom;180 000,00 €;310;Santarem;House
15284;Detached House;180 000,00 €;182;Santarem;House
15285;3-Bedroom;180 000,00 €;130;Santarem;House
15286;3-Bedroom;180 000,00 €;130;Santarem;House
15287;Studio;180 000,00 €;45;Santarem;House
15288;2-Bedroom;180 000,00 €;58;Santarem;House
15289;4-Bedroom;180 000,00 €;506;Santarem;House
15290;Apartment;180 000,00 €;129;Santarem;House
15291;2-Bedroom;180 000,00 €;63;Santarem;House
15292;2-Bedroom;180 000,00 €;92;Santarem;House
15293;4-Bedroom;180 000,00 €;196;Santarem;House
15294;2-Bedroom;180 000,00 €;130;Santarem;House
15295;3-Bedroom;180 000,00 €;122;Santarem;House
15296;3-Bedroom;180 000,00 €;200;Santarem;House
15297;5-Bedroom;185 000,00 €;472;Santarem;House
15298;Detached House;185 000,00 €;105;Santarem;House
15299;2-Bedroom;185 000,00 €;291;Santarem;House
15300;4+1-Bedroom;185 000,00 €;196;Santarem;House
15301;2-Bedroom;185 000,00 €;92;Santarem;House
15302;2-Bedroom;185 000,00 €;72;Santarem;House
15303;2-Bedroom;185 000,00 €;135;Santarem;House
15304;4-Bedroom;187 000,00 €;168;Santarem;House
15305;2-Bedroom;187 000,00 €;60;Santarem;House
15306;2-Bedroom;187 500,00 €;63;Santarem;House
15307;2-Bedroom;187 500,00 €;63;Santarem;House
15308;Apartment;190 000,00 €;110;Santarem;House
15309;5-Bedroom;190 000,00 €;294;Santarem;House
15310;2-Bedroom;190 000,00 €;93;Santarem;House
15311;2-Bedroom;190 000,00 €;93;Santarem;House
15312;3-Bedroom;190 000,00 €;150;Santarem;House
15313;3-Bedroom;190 000,00 €;267;Santarem;House
15314;2-Bedroom;190 000,00 €;192;Santarem;House
15315;2-Bedroom;190 000,00 €;96;Santarem;House
15316;3-Bedroom;190 000,00 €;119;Santarem;House
15317;3-Bedroom;190 000,00 €;99;Santarem;House
15318;2-Bedroom;192 000,00 €;167;Santarem;House
15319;3-Bedroom;192 500,00 €;126;Santarem;House
15320;5-Bedroom;194 000,00 €;222;Santarem;House
15321;4-Bedroom;195 000,00 €;226;Santarem;House
15322;Detached House;195 000,00 €;102;Santarem;House
15323;3-Bedroom;195 000,00 €;41;Santarem;House
15324;2-Bedroom;195 000,00 €;167;Santarem;House
15325;5-Bedroom;195 000,00 €;194;Santarem;House
15326;4-Bedroom;195 000,00 €;153;Santarem;House
15327;6-Bedroom;195 800,00 €;423;Santarem;House
15328;3-Bedroom;196 000,00 €;100;Santarem;House
15329;2-Bedroom;197 000,00 €;93;Santarem;House
15330;2-Bedroom;197 000,00 €;80;Santarem;House
15331;1-Bedroom;198 000,00 €;90;Santarem;House
15332;Farmhouse;198 000,00 €;474;Santarem;House
15333;2-Bedroom;199 000,00 €;93;Santarem;House
15334;2-Bedroom;199 000,00 €;93;Santarem;House
15335;2-Bedroom;199 000,00 €;93;Santarem;House
15336;2-Bedroom;199 000,00 €;93;Santarem;House
15337;2-Bedroom;199 000,00 €;93;Santarem;House
15338;3-Bedroom;199 000,00 €;112;Santarem;House
15339;2-Bedroom;199 500,00 €;112;Santarem;House
15340;3-Bedroom;199 500,00 €;184;Santarem;House
15341;3-Bedroom;199 900,00 €;158;Santarem;House
15342;3-Bedroom;200 000,00 €;160;Santarem;House
15343;4-Bedroom;200 000,00 €;262;Santarem;House
15344;3-Bedroom;200 000,00 €;132;Santarem;House
15345;3-Bedroom;200 000,00 €;123;Santarem;House
15346;3-Bedroom;200 000,00 €;284;Santarem;House
15347;2-Bedroom;200 000,00 €;560;Santarem;House
15348;3-Bedroom;200 000,00 €;211;Santarem;House
15349;2-Bedroom;200 000,00 €;337;Santarem;House
15350;Apartment;203 000,00 €;118;Santarem;House
15351;3-Bedroom;205 000,00 €;146;Santarem;House
15352;Detached House;205 000,00 €;86;Santarem;House
15353;Detached House;205 000,00 €;86;Santarem;House
15354;2-Bedroom;205 000,00 €;216;Santarem;House
15355;4-Bedroom;205 000,00 €;125;Santarem;House
15356;Detached House;209 000,00 €;126;Santarem;House
15357;3-Bedroom;210 000,00 €;133;Santarem;House
15358;2-Bedroom;210 000,00 €;70;Santarem;House
15359;3+3-Bedroom;210 000,00 €;245;Santarem;House
15360;2+1-Bedroom;210 000,00 €;100;Santarem;House
15361;5-Bedroom;210 000,00 €;Terreno 1.355;Santarem;House
15362;3-Bedroom;210 000,00 €;123;Santarem;House
15363;3-Bedroom;210 000,00 €;115;Santarem;House
15364;4-Bedroom;210 000,00 €;336;Santarem;House
15365;6-Bedroom;210 000,00 €;393;Santarem;House
15366;2-Bedroom;210 000,00 €;70;Santarem;House
15367;3-Bedroom;210 000,00 €;171;Santarem;House
15368;Apartment;211 000,00 €;101;Santarem;House
15369;1-Bedroom;213 639,00 €;112;Santarem;House
15370;4-Bedroom;215 000,00 €;192;Santarem;House
15371;3-Bedroom;215 000,00 €;154;Santarem;House
15372;2-Bedroom;215 000,00 €;109;Santarem;House
15373;4-Bedroom;215 000,00 €;291;Santarem;House
15374;3-Bedroom;215 000,00 €;231;Santarem;House
15375;5-Bedroom;215 000,00 €;214;Santarem;House
15376;3-Bedroom;215 000,00 €;296;Santarem;House
15377;2-Bedroom;216 000,00 €;160;Santarem;House
15378;3-Bedroom;217 500,00 €;175;Santarem;House
15379;3-Bedroom;219 000,00 €;133;Santarem;House
15380;3-Bedroom;220 000,00 €;99;Santarem;House
15381;Detached House;220 000,00 €;228;Santarem;House
15382;3-Bedroom;220 000,00 €;114;Santarem;House
15383;3-Bedroom;220 000,00 €;100;Santarem;House
15384;Apartment;220 000,00 €;121;Santarem;House
15385;2-Bedroom;220 000,00 €;105;Santarem;House
15386;2-Bedroom;220 000,00 €;120;Santarem;House
15387;3-Bedroom;220 000,00 €;114;Santarem;House
15388;4-Bedroom;220 000,00 €;200;Santarem;House
15389;3-Bedroom;220 000,00 €;67;Santarem;House
15390;3-Bedroom;220 000,00 €;93;Santarem;House
15391;3-Bedroom;220 000,00 €;2.198;Santarem;House
15392;3-Bedroom;220 000,00 €;522;Santarem;House
15393;4-Bedroom;220 000,00 €;90;Santarem;House
15394;3-Bedroom;220 000,00 €;109;Santarem;House
15395;Detached House;222 650,00 €;256;Santarem;House
15396;Apartment;225 000,00 €;109;Santarem;House
15397;2-Bedroom;225 000,00 €;128;Santarem;House
15398;Apartment;225 000,00 €;103;Santarem;House
15399;2-Bedroom;225 000,00 €;132;Santarem;House
15400;2-Bedroom;225 000,00 €;134;Santarem;House
15401;2-Bedroom;225 000,00 €;128;Santarem;House
15402;2-Bedroom;225 000,00 €;110;Santarem;House
15403;4-Bedroom;225 000,00 €;520;Santarem;House
15404;3-Bedroom;225 000,00 €;175;Santarem;House
15405;Studio;225 000,00 €;500;Santarem;House
15406;3-Bedroom;225 000,00 €;187;Santarem;House
15407;3-Bedroom;225 000,00 €;131;Santarem;House
15408;Detached House;225 000,00 €;200;Santarem;House
15409;3-Bedroom;225 000,00 €;126;Santarem;House
15410;3-Bedroom;225 000,00 €;115;Santarem;House
15411;3-Bedroom;225 000,00 €;126;Santarem;House
15412;Apartment;228 000,00 €;119;Santarem;House
15413;7-Bedroom;228 000,00 €;340;Santarem;House
15414;4-Bedroom;229 000,00 €;215;Santarem;House
15415;3-Bedroom;230 000,00 €;132;Santarem;House
15416;Apartment;230 000,00 €;79;Santarem;House
15417;3-Bedroom;230 000,00 €;148;Santarem;House
15418;3-Bedroom;230 000,00 €;240;Santarem;House
15419;3-Bedroom;230 000,00 €;173;Santarem;House
15420;4-Bedroom;230 000,00 €;160;Santarem;House
15421;3-Bedroom;230 000,00 €;72;Santarem;House
15422;2-Bedroom;230 000,00 €;71;Santarem;House
15423;3-Bedroom;230 000,00 €;132;Santarem;House
15424;3-Bedroom;230 000,00 €;147;Santarem;House
15425;3-Bedroom;230 000,00 €;145;Santarem;House
15426;3-Bedroom;230 000,00 €;92;Santarem;House
15427;3-Bedroom;230 000,00 €;92;Santarem;House
15428;3-Bedroom;230 000,00 €;128;Santarem;House
15429;2-Bedroom;230 000,00 €;98;Santarem;House
15430;3-Bedroom;230 000,00 €;287;Santarem;House
15431;10-Bedroom;230 000,00 €;1.090;Santarem;House
15432;8-Bedroom;230 000,00 €;350;Santarem;House
15433;3-Bedroom;234 000,00 €;136;Santarem;House
15434;Detached House;235 000,00 €;105;Santarem;House
15435;2-Bedroom;235 000,00 €;118;Santarem;House
15436;2-Bedroom;235 000,00 €;92;Santarem;House
15437;2-Bedroom;235 000,00 €;137;Santarem;House
15438;3-Bedroom;235 000,00 €;137;Santarem;House
15439;3-Bedroom;235 000,00 €;137;Santarem;House
15440;3-Bedroom;235 000,00 €;137;Santarem;House
15441;3-Bedroom;235 000,00 €;137;Santarem;House
15442;2-Bedroom;235 000,00 €;108;Santarem;House
15443;4-Bedroom;235 000,00 €;194;Santarem;House
15444;3-Bedroom;235 000,00 €;187;Santarem;House
15445;4-Bedroom;235 000,00 €;168;Santarem;House
15446;Detached House;237 500,00 €;152;Santarem;House
15447;3-Bedroom;238 000,00 €;137;Santarem;House
15448;2-Bedroom;238 000,00 €;180;Santarem;House
15449;3-Bedroom;239 000,00 €;157;Santarem;House
15450;3-Bedroom;239 000,00 €;128;Santarem;House
15451;Apartment;239 000,00 €;91;Santarem;House
15452;4-Bedroom;239 500,00 €;220;Santarem;House
15453;Detached House;240 000,00 €;57;Santarem;House
15454;Detached House;240 000,00 €;113;Santarem;House
15455;Detached House;240 000,00 €;62;Santarem;House
15456;Apartment;240 000,00 €;132;Santarem;House
15457;Apartment;240 000,00 €;162;Santarem;House
15458;Detached House;240 000,00 €;122;Santarem;House
15459;3-Bedroom;240 000,00 €;134;Santarem;House
15460;3-Bedroom;240 000,00 €;271;Santarem;House
15461;3-Bedroom;240 000,00 €;148;Santarem;House
15462;3-Bedroom;240 000,00 €;134;Santarem;House
15463;4-Bedroom;240 000,00 €;128;Santarem;House
15464;4+1-Bedroom;240 000,00 €;454;Santarem;House
15465;5-Bedroom;240 000,00 €;175;Santarem;House
15466;3-Bedroom;240 000,00 €;120;Santarem;House
15467;3-Bedroom;240 000,00 €;186;Santarem;House
15468;2-Bedroom;240 000,00 €;254;Santarem;House
15469;Detached House;240 000,00 €;57;Santarem;House
15470;2-Bedroom;241 785,00 €;134;Santarem;House
15471;2-Bedroom;241 788,00 €;119;Santarem;House
15472;3-Bedroom;242 000,00 €;178;Santarem;House
15473;7-Bedroom;244 000,00 €;1.090;Santarem;House
15474;4-Bedroom;245 000,00 €;76;Santarem;House
15475;4-Bedroom;245 000,00 €;186;Santarem;House
15476;Apartment;245 000,00 €;99;Santarem;House
15477;4-Bedroom;245 000,00 €;942;Santarem;House
15478;4-Bedroom;245 000,00 €;942;Santarem;House
15479;3-Bedroom;245 000,00 €;132;Santarem;House
15480;Detached House;245 000,00 €;942;Santarem;House
15481;5-Bedroom;245 000,00 €;53;Santarem;House
15482;3-Bedroom;247 000,00 €;147;Santarem;House
15483;Apartment;247 000,00 €;147;Santarem;House
15484;4-Bedroom;247 500,00 €;116;Santarem;House
15485;3-Bedroom;247 500,00 €;182;Santarem;House
15486;2-Bedroom;249 000,00 €;279;Santarem;House
15487;9-Bedroom;249 000,00 €;415;Santarem;House
15488;Detached House;249 500,00 €;360;Santarem;House
15489;2-Bedroom;249 900,00 €;156;Santarem;House
15490;Detached House;249 900,00 €;151;Santarem;House
15491;Detached House;250 000,00 €;66;Santarem;House
15492;3-Bedroom;250 000,00 €;180;Santarem;House
15493;Small Farmhouse;250 000,00 €;319;Santarem;House
15494;Apartment;250 000,00 €;105;Santarem;House
15495;4-Bedroom;250 000,00 €;223;Santarem;House
15496;3-Bedroom;250 000,00 €;88;Santarem;House
15497;4-Bedroom;250 000,00 €;161;Santarem;House
15498;3-Bedroom;250 000,00 €;180;Santarem;House
15499;3-Bedroom;250 000,00 €;480;Santarem;House
15500;3-Bedroom;250 000,00 €;150;Santarem;House
15501;3-Bedroom;250 000,00 €;70;Santarem;House
15502;3-Bedroom;250 000,00 €;165;Santarem;House
15503;2-Bedroom;250 000,00 €;1.080;Santarem;House
15504;3-Bedroom;250 000,00 €;180;Santarem;House
15505;3-Bedroom;250 000,00 €;142;Santarem;House
15506;4-Bedroom;250 000,00 €;598;Santarem;House
15507;3-Bedroom;250 000,00 €;280;Santarem;House
15508;2-Bedroom;250 000,00 €;132;Santarem;House
15509;3-Bedroom;250 000,00 €;180;Santarem;House
15510;3-Bedroom;250 000,00 €;48;Santarem;House
15511;7-Bedroom;250 000,00 €;295;Santarem;House
15512;4-Bedroom;250 000,00 €;280;Santarem;House
15513;3-Bedroom;253 000,00 €;160;Santarem;House
15514;3-Bedroom;254 000,00 €;100;Santarem;House
15515;Apartment;255 000,00 €;103;Santarem;House
15516;3-Bedroom;255 000,00 €;119;Santarem;House
15517;3-Bedroom;255 000,00 €;119;Santarem;House
15518;Detached House;255 000,00 €;272;Santarem;House
15519;Detached House;257 000,00 €;141;Santarem;House
15520;3-Bedroom;257 000,00 €;137;Santarem;House
15521;3-Bedroom;257 360,00 €;134;Santarem;House
15522;2-Bedroom;258 000,00 €;154;Santarem;House
15523;3-Bedroom;259 000,00 €;248;Santarem;House
15524;3-Bedroom;259 000,00 €;250;Santarem;House
15525;Detached House;260 000,00 €;56;Santarem;House
15526;2-Bedroom;260 000,00 €;89;Santarem;House
15527;3+1-Bedroom;260 000,00 €;226;Santarem;House
15528;5-Bedroom;260 000,00 €;240;Santarem;House
15529;3-Bedroom;260 000,00 €;170;Santarem;House
15530;4-Bedroom;260 000,00 €;76;Santarem;House
15531;3-Bedroom;261 700,00 €;130;Santarem;House
15532;5-Bedroom;262 770,00 €;260;Santarem;House
15533;Detached House;263 000,00 €;172;Santarem;House
15534;2-Bedroom;264 000,00 €;132;Santarem;House
15535;2-Bedroom;265 000,00 €;151;Santarem;House
15536;Apartment;265 000,00 €;178;Santarem;House
15537;Detached House;265 000,00 €;75;Santarem;House
15538;Apartment;265 000,00 €;145;Santarem;House
15539;Detached House;265 000,00 €;150;Santarem;House
15540;3-Bedroom;265 000,00 €;178;Santarem;House
15541;3-Bedroom;265 000,00 €;145;Santarem;House
15542;3-Bedroom;265 000,00 €;140;Santarem;House
15543;3-Bedroom;265 000,00 €;211;Santarem;House
15544;3-Bedroom;265 000,00 €;299;Santarem;House
15545;7-Bedroom;265 000,00 €;364;Santarem;House
15546;4-Bedroom;265 000,00 €;366;Santarem;House
15547;3-Bedroom;265 000,00 €;298;Santarem;House
15548;3-Bedroom;265 000,00 €;106;Santarem;House
15549;3-Bedroom;265 000,00 €;178;Santarem;House
15550;4-Bedroom;265 000,00 €;99;Santarem;House
15551;2-Bedroom;265 000,00 €;151;Santarem;House
15552;3-Bedroom;265 080,00 €;242;Santarem;House
15553;4-Bedroom;265 300,00 €;391;Santarem;House
15554;6-Bedroom;265 500,00 €;391;Santarem;House
15555;4-Bedroom;265 700,00 €;144;Santarem;House
15556;2-Bedroom;268 000,00 €;180;Santarem;House
15557;Detached House;269 900,00 €;107;Santarem;House
15558;Apartment;269 999,00 €;137;Santarem;House
15559;Apartment;269 999,00 €;137;Santarem;House
15560;3-Bedroom;270 000,00 €;165;Santarem;House
15561;Detached House;270 000,00 €;170;Santarem;House
15562;3-Bedroom;270 000,00 €;121;Santarem;House
15563;3-Bedroom;270 000,00 €;120;Santarem;House
15564;5-Bedroom;270 000,00 €;250;Santarem;House
15565;3-Bedroom;270 000,00 €;163;Santarem;House
15566;3-Bedroom;270 000,00 €;122;Santarem;House
15567;3+1-Bedroom;270 000,00 €;160;Santarem;House
15568;3-Bedroom;270 000,00 €;123;Santarem;House
15569;3-Bedroom;270 000,00 €;122;Santarem;House
15570;3-Bedroom;270 000,00 €;122;Santarem;House
15571;3+1-Bedroom;270 000,00 €;160;Santarem;House
15572;3-Bedroom;270 000,00 €;122;Santarem;House
15573;3-Bedroom;270 000,00 €;105;Santarem;House
15574;3-Bedroom;270 000,00 €;117;Santarem;House
15575;2-Bedroom;270 000,00 €;228;Santarem;House
15576;6-Bedroom;270 000,00 €;105;Santarem;House
15577;3-Bedroom;270 000,00 €;105;Santarem;House
15578;2-Bedroom;272 000,00 €;180;Santarem;House
15579;3-Bedroom;272 500,00 €;299;Santarem;House
15580;3-Bedroom;272 500,00 €;299;Santarem;House
15581;3-Bedroom;275 000,00 €;162;Santarem;House
15582;6-Bedroom;275 000,00 €;420;Santarem;House
15583;3-Bedroom;275 000,00 €;217;Santarem;House
15584;5-Bedroom;275 000,00 €;478;Santarem;House
15585;4-Bedroom;275 000,00 €;246;Santarem;House
15586;3-Bedroom;275 000,00 €;268;Santarem;House
15587;2-Bedroom;275 000,00 €;180;Santarem;House
15588;3-Bedroom;275 000,00 €;152;Santarem;House
15589;3-Bedroom;275 000,00 €;122;Santarem;House
15590;2-Bedroom;275 000,00 €;194;Santarem;House
15591;5-Bedroom;275 550,00 €;220;Santarem;House
15592;4-Bedroom;276 000,00 €;214;Santarem;House
15593;3-Bedroom;277 500,00 €;157;Santarem;House
15594;3-Bedroom;277 500,00 €;157;Santarem;House
15595;3-Bedroom;277 500,00 €;159;Santarem;House
15596;2-Bedroom;279 500,00 €;115;Santarem;House
15597;3-Bedroom;279 500,00 €;190;Santarem;House
15598;Apartment;280 000,00 €;108;Santarem;House
15599;3-Bedroom;280 000,00 €;160;Santarem;House
15600;3+2-Bedroom;280 000,00 €;146;Santarem;House
15601;3-Bedroom;280 000,00 €;313;Santarem;House
15602;3-Bedroom;280 000,00 €;828;Santarem;House
15603;3-Bedroom;280 000,00 €;450;Santarem;House
15604;4-Bedroom;280 000,00 €;110;Santarem;House
15605;3-Bedroom;280 000,00 €;828;Santarem;House
15606;Detached House;280 250,00 €;299;Santarem;House
15607;2-Bedroom;284 000,00 €;68;Santarem;House
15608;Detached House;285 000,00 €;103;Santarem;House
15609;3-Bedroom;285 000,00 €;181;Santarem;House
15610;Detached House;285 000,00 €;140;Santarem;House
15611;3-Bedroom;285 000,00 €;106;Santarem;House
15612;6-Bedroom;285 000,00 €;150;Santarem;House
15613;3-Bedroom;285 000,00 €;132;Santarem;House
15614;3-Bedroom;285 000,00 €;181;Santarem;House
15615;3-Bedroom;285 000,00 €;343;Santarem;House
15616;7-Bedroom;285 000,00 €;479;Santarem;House
15617;3-Bedroom;285 000,00 €;196;Santarem;House
15618;2-Bedroom;285 000,00 €;96;Santarem;House
15619;4-Bedroom;285 000,00 €;408;Santarem;House
15620;3-Bedroom;285 000,00 €;119;Santarem;House
15621;3-Bedroom;285 000,00 €;204;Santarem;House
15622;3-Bedroom;285 000,00 €;204;Santarem;House
15623;Detached House;286 000,00 €;148;Santarem;House
15624;9-Bedroom;287 000,00 €;469;Santarem;House
15625;2-Bedroom;287 825,00 €;115;Santarem;House
15626;5-Bedroom;289 000,00 €;271;Santarem;House
15627;3-Bedroom;290 000,00 €;271;Santarem;House
15628;3+1-Bedroom;290 000,00 €;240;Santarem;House
15629;3-Bedroom;290 000,00 €;180;Santarem;House
15630;2-Bedroom;290 000,00 €;90;Santarem;House
15631;2-Bedroom;290 000,00 €;243;Santarem;House
15632;3-Bedroom;290 000,00 €;181;Santarem;House
15633;5-Bedroom;290 000,00 €;293;Santarem;House
15634;Detached House;290 000,00 €;131;Santarem;House
15635;6-Bedroom;293 000,00 €;240;Santarem;House
15636;Detached House;295 000,00 €;160;Santarem;House
15637;Detached House;295 000,00 €;184;Santarem;House
15638;5-Bedroom;295 000,00 €;247;Santarem;House
15639;Detached House;295 000,00 €;122;Santarem;House
15640;Studio;295 000,00 €;267;Santarem;House
15641;3-Bedroom;295 000,00 €;130;Santarem;House
15642;5-Bedroom;295 000,00 €;423;Santarem;House
15643;4-Bedroom;295 000,00 €;135;Santarem;House
15644;6-Bedroom;295 000,00 €;210;Santarem;House
15645;4+1-Bedroom;295 000,00 €;141;Santarem;House
15646;5-Bedroom;295 000,00 €;938;Santarem;House
15647;3-Bedroom;295 000,00 €;31.680;Santarem;House
15648;5-Bedroom;295 000,00 €;277;Santarem;House
15649;3-Bedroom;295 000,00 €;243;Santarem;House
15650;5-Bedroom;295 000,00 €;389;Santarem;House
15651;5-Bedroom;295 000,00 €;389;Santarem;House
15652;3-Bedroom;295 000,00 €;130;Santarem;House
15653;3-Bedroom;295 000,00 €;455;Santarem;House
15654;5-Bedroom;295 000,00 €;389;Santarem;House
15655;5-Bedroom;295 000,00 €;390;Santarem;House
15656;Detached House;295 000,00 €;389;Santarem;House
15657;3-Bedroom;295 000,00 €;106;Santarem;House
15658;5-Bedroom;295 000,00 €;389;Santarem;House
15659;5-Bedroom;295 000,00 €;424;Santarem;House
15660;4-Bedroom;295 000,00 €;135;Santarem;House
15661;5-Bedroom;295 000,00 €;141;Santarem;House
15662;3-Bedroom;297 000,00 €;85;Santarem;House
15663;3-Bedroom;297 000,00 €;150;Santarem;House
15664;3-Bedroom;297 000,00 €;85;Santarem;House
15665;3-Bedroom;297 000,00 €;85;Santarem;House
15666;3-Bedroom;297 000,00 €;130;Santarem;House
15667;3-Bedroom;297 000,00 €;86;Santarem;House
15668;3-Bedroom;297 000,00 €;87;Santarem;House
15669;Detached House;297 000,00 €;302;Santarem;House
15670;3-Bedroom;297 000,00 €;85;Santarem;House
15671;3-Bedroom;297 000,00 €;85;Santarem;House
15672;3-Bedroom;297 000,00 €;85;Santarem;House
15673;3-Bedroom;297 000,00 €;150;Santarem;House
15674;Apartment;297 500,00 €;163;Santarem;House
15675;Detached House;297 500,00 €;179;Santarem;House
15676;Apartment;297 500,00 €;163;Santarem;House
15677;3-Bedroom;298 000,00 €;522;Santarem;House
15678;Detached House;298 000,00 €;342;Santarem;House
15679;2-Bedroom;298 000,00 €;129;Santarem;House
15680;3-Bedroom;299 000,00 €;169;Santarem;House
15681;6-Bedroom;299 000,00 €;300;Santarem;House
15682;2-Bedroom;299 250,00 €;90;Santarem;House
15683;Detached House;299 900,00 €;83;Santarem;House
15684;3+1-Bedroom;300 000,00 €;240;Santarem;House
15685;3-Bedroom;305 000,00 €;138;Santarem;House
15686;3-Bedroom;305 000,00 €;266;Santarem;House
15687;3-Bedroom;305 000,00 €;62;Santarem;House
15688;3-Bedroom;305 000,00 €;154;Santarem;House
15689;3-Bedroom;305 000,00 €;138;Santarem;House
15690;3-Bedroom;305 000,00 €;138;Santarem;House
15691;3-Bedroom;305 000,00 €;154;Santarem;House
15692;4-Bedroom;305 000,00 €;221;Santarem;House
15693;3-Bedroom;305 000,00 €;138;Santarem;House
15694;5-Bedroom;305 000,00 €;236;Santarem;House
15695;3-Bedroom;305 000,00 €;243;Santarem;House
15696;4-Bedroom;305 000,00 €;224;Santarem;House
15697;4-Bedroom;307 000,00 €;204;Santarem;House
15698;4-Bedroom;309 000,00 €;188;Santarem;House
15699;3-Bedroom;310 000,00 €;154;Santarem;House
15700;1-Bedroom;310 000,00 €;155;Santarem;House
15701;4-Bedroom;310 000,00 €;265;Santarem;House
15702;3-Bedroom;310 000,00 €;154;Santarem;House
15703;Studio;310 000,00 €;150;Santarem;House
15704;Detached House;310 000,00 €;176;Santarem;House
15705;3-Bedroom;310 000,00 €;154;Santarem;House
15706;3-Bedroom;310 000,00 €;154;Santarem;House
15707;1-Bedroom;314 000,00 €;156;Santarem;House
15708;3-Bedroom;315 000,00 €;150;Santarem;House
15709;Detached House;315 000,00 €;161;Santarem;House
15710;3-Bedroom;315 000,00 €;150;Santarem;House
15711;3-Bedroom;315 000,00 €;150;Santarem;House
15712;2-Bedroom;315 000,00 €;201;Santarem;House
15713;3-Bedroom;315 000,00 €;226;Santarem;House
15714;Apartment;317 000,00 €;205;Santarem;House
15715;4-Bedroom;317 000,00 €;205;Santarem;House
15716;Apartment;318 000,00 €;154;Santarem;House
15717;2-Bedroom;319 000,00 €;121;Santarem;House
15718;2-Bedroom;319 000,00 €;121;Santarem;House
15719;4-Bedroom;319 000,00 €;350;Santarem;House
15720;4-Bedroom;319 000,00 €;430;Santarem;House
15721;4-Bedroom;319 900,00 €;120;Santarem;House
15722;3-Bedroom;320 000,00 €;460;Santarem;House
15723;3-Bedroom;320 000,00 €;216;Santarem;House
15724;Apartment;320 000,00 €;186;Santarem;House
15725;3-Bedroom;320 000,00 €;94;Santarem;House
15726;3-Bedroom;320 000,00 €;160;Santarem;House
15727;7-Bedroom;320 000,00 €;177;Santarem;House
15728;3-Bedroom;320 000,00 €;159;Santarem;House
15729;4-Bedroom;320 000,00 €;320;Santarem;House
15730;3-Bedroom;320 000,00 €;126;Santarem;House
15731;3-Bedroom;320 000,00 €;116;Santarem;House
15732;8-Bedroom;320 000,00 €;456;Santarem;House
15733;3-Bedroom;320 000,00 €;77;Santarem;House
15734;Detached House;320 000,00 €;263;Santarem;House
15735;3-Bedroom;320 000,00 €;464;Santarem;House
15736;3-Bedroom;320 000,00 €;173;Santarem;House
15737;3-Bedroom;320 000,00 €;266;Santarem;House
15738;3-Bedroom;320 000,00 €;193;Santarem;House
15739;4-Bedroom;320 000,00 €;174;Santarem;House
15740;3-Bedroom;325 000,00 €;234;Santarem;House
15741;Apartment;325 000,00 €;229;Santarem;House
15742;4-Bedroom;325 000,00 €;140;Santarem;House
15743;4-Bedroom;325 000,00 €;220;Santarem;House
15744;2-Bedroom;325 000,00 €;165;Santarem;House
15745;3-Bedroom;325 000,00 €;175;Santarem;House
15746;3-Bedroom;325 000,00 €;185;Santarem;House
15747;4-Bedroom;325 000,00 €;310;Santarem;House
15748;Studio;325 000,00 €;172;Santarem;House
15749;3+1-Bedroom;325 000,00 €;310;Santarem;House
15750;3-Bedroom;325 000,00 €;463;Santarem;House
15751;3-Bedroom;328 000,00 €;269;Santarem;House
15752;4-Bedroom;329 000,00 €;231;Santarem;House
15753;Detached House;330 000,00 €;263;Santarem;House
15754;3-Bedroom;330 000,00 €;250;Santarem;House
15755;5-Bedroom;330 000,00 €;405;Santarem;House
15756;4-Bedroom;330 000,00 €;204;Santarem;House
15757;3-Bedroom;330 000,00 €;146;Santarem;House
15758;3-Bedroom;330 000,00 €;149;Santarem;House
15759;2-Bedroom;330 000,00 €;202;Santarem;House
15760;5-Bedroom;330 000,00 €;154;Santarem;House
15761;3-Bedroom;330 000,00 €;149;Santarem;House
15762;3+1-Bedroom;330 000,00 €;263;Santarem;House
15763;Farmhouse;330 000,00 €;600;Santarem;House
15764;3-Bedroom;330 000,00 €;240;Santarem;House
15765;3-Bedroom;330 000,00 €;138;Santarem;House
15766;3-Bedroom;334 000,00 €;151;Santarem;House
15767;3-Bedroom;335 000,00 €;168;Santarem;House
15768;4-Bedroom;335 000,00 €;330;Santarem;House
15769;3-Bedroom;335 000,00 €;193;Santarem;House
15770;4-Bedroom;335 000,00 €;330;Santarem;House
15771;4-Bedroom;335 000,00 €;126;Santarem;House
15772;3-Bedroom;335 000,00 €;168;Santarem;House
15773;3-Bedroom;335 000,00 €;174;Santarem;House
15774;3-Bedroom;335 000,00 €;175;Santarem;House
15775;3-Bedroom;335 000,00 €;168;Santarem;House
15776;3-Bedroom;335 000,00 €;157;Santarem;House
15777;5-Bedroom;336 000,00 €;475;Santarem;House
15778;4-Bedroom;337 500,00 €;476;Santarem;House
15779;4-Bedroom;337 500,00 €;476;Santarem;House
15780;3-Bedroom;340 000,00 €;172;Santarem;House
15781;Detached House;340 000,00 €;130;Santarem;House
15782;4-Bedroom;340 000,00 €;235;Santarem;House
15783;3-Bedroom;340 000,00 €;236;Santarem;House
15784;3-Bedroom;340 000,00 €;236;Santarem;House
15785;4-Bedroom;340 000,00 €;200;Santarem;House
15786;4-Bedroom;340 000,00 €;200;Santarem;House
15787;4-Bedroom;340 000,00 €;186;Santarem;House
15788;4-Bedroom;340 000,00 €;186;Santarem;House
15789;3-Bedroom;340 000,00 €;172;Santarem;House
15790;2-Bedroom;340 000,00 €;184;Santarem;House
15791;3-Bedroom;340 000,00 €;322;Santarem;House
15792;4-Bedroom;340 000,00 €;145;Santarem;House
15793;4-Bedroom;340 000,00 €;180;Santarem;House
15794;4-Bedroom;340 000,00 €;150;Santarem;House
15795;3-Bedroom;340 000,00 €;145;Santarem;House
15796;3-Bedroom;340 000,00 €;153;Santarem;House
15797;3-Bedroom;340 000,00 €;172;Santarem;House
15798;3-Bedroom;340 000,00 €;172;Santarem;House
15799;4-Bedroom;340 000,00 €;218;Santarem;House
15800;3-Bedroom;340 000,00 €;374;Santarem;House
15801;4-Bedroom;340 000,00 €;236;Santarem;House
15802;4-Bedroom;340 000,00 €;350;Santarem;House
15803;4-Bedroom;340 000,00 €;200;Santarem;House
15804;3-Bedroom;340 000,00 €;149;Santarem;House
15805;4-Bedroom;340 000,00 €;337;Santarem;House
15806;5-Bedroom;340 000,00 €;480;Santarem;House
15807;3-Bedroom;340 000,00 €;172;Santarem;House
15808;4-Bedroom;342 000,00 €;190;Santarem;House
15809;4-Bedroom;345 000,00 €;250;Santarem;House
15810;4-Bedroom;345 000,00 €;220;Santarem;House
15811;3-Bedroom;345 000,00 €;105;Santarem;House
15812;3-Bedroom;345 000,00 €;288;Santarem;House
15813;5-Bedroom;345 000,00 €;289;Santarem;House
15814;3-Bedroom;345 000,00 €;174;Santarem;House
15815;3-Bedroom;345 000,00 €;168;Santarem;House
15816;3-Bedroom;345 000,00 €;168;Santarem;House
15817;3-Bedroom;345 000,00 €;174;Santarem;House
15818;4-Bedroom;345 000,00 €;200;Santarem;House
15819;3-Bedroom;345 000,00 €;168;Santarem;House
15820;3-Bedroom;345 000,00 €;114;Santarem;House
15821;3-Bedroom;349 000,00 €;219;Santarem;House
15822;4-Bedroom;349 000,00 €;178;Santarem;House
15823;4-Bedroom;349 000,00 €;378;Santarem;House
15824;Detached House;349 000,00 €;109;Santarem;House
15825;7-Bedroom;349 500,00 €;180;Santarem;House
15826;3-Bedroom;350 000,00 €;179;Santarem;House
15827;3-Bedroom;350 000,00 €;133;Santarem;House
15828;Detached House;350 000,00 €;181;Santarem;House
15829;Detached House;350 000,00 €;155;Santarem;House
15830;5-Bedroom;350 000,00 €;331;Santarem;House
15831;Detached House;350 000,00 €;165;Santarem;House
15832;3-Bedroom;350 000,00 €;222;Santarem;House
15833;Detached House;350 000,00 €;88;Santarem;House
15834;3-Bedroom;350 000,00 €;222;Santarem;House
15835;3-Bedroom;350 000,00 €;165;Santarem;House
15836;4-Bedroom;350 000,00 €;414;Santarem;House
15837;3-Bedroom;350 000,00 €;278;Santarem;House
15838;5-Bedroom;350 000,00 €;321;Santarem;House
15839;4-Bedroom;350 000,00 €;170;Santarem;House
15840;3-Bedroom;350 000,00 €;168;Santarem;House
15841;3-Bedroom;350 000,00 €;168;Santarem;House
15842;4-Bedroom;350 000,00 €;183;Santarem;House
15843;3-Bedroom;350 000,00 €;168;Santarem;House
15844;3-Bedroom;350 000,00 €;203;Santarem;House
15845;4-Bedroom;350 000,00 €;254;Santarem;House
15846;3-Bedroom;350 000,00 €;296;Santarem;House
15847;Farmhouse;350 000,00 €;1.637;Santarem;House
15848;4-Bedroom;350 000,00 €;169;Santarem;House
15849;4-Bedroom;350 000,00 €;144;Santarem;House
15850;3-Bedroom;350 000,00 €;179;Santarem;House
15851;3-Bedroom;350 000,00 €;133;Santarem;House
15852;4-Bedroom;355 000,00 €;Terreno 489;Santarem;House
15853;4-Bedroom;355 000,00 €;247;Santarem;House
15854;Detached House;355 000,00 €;179;Santarem;House
15855;4-Bedroom;355 000,00 €;230;Santarem;House
15856;4-Bedroom;355 000,00 €;183;Santarem;House
15857;6-Bedroom;358 000,00 €;123;Santarem;House
15858;3-Bedroom;359 000,00 €;150;Santarem;House
15859;3-Bedroom;359 000,00 €;150;Santarem;House
15860;3+1-Bedroom;360 000,00 €;115;Santarem;House
15861;6-Bedroom;360 000,00 €;288;Santarem;House
15862;3-Bedroom;360 000,00 €;299;Santarem;House
15863;4-Bedroom;360 000,00 €;220;Santarem;House
15864;6-Bedroom;360 000,00 €;1.478;Santarem;House
15865;3-Bedroom;360 000,00 €;290;Santarem;House
15866;4-Bedroom;360 000,00 €;184;Santarem;House
15867;4-Bedroom;365 000,00 €;294;Santarem;House
15868;3-Bedroom;365 000,00 €;173;Santarem;House
15869;5-Bedroom;365 000,00 €;288;Santarem;House
15870;4-Bedroom;365 000,00 €;210;Santarem;House
15871;3-Bedroom;365 000,00 €;88;Santarem;House
15872;5-Bedroom;365 000,00 €;288;Santarem;House
15873;5-Bedroom;365 000,00 €;505;Santarem;House
15874;4-Bedroom;365 000,00 €;294;Santarem;House
15875;5-Bedroom;369 000,00 €;228;Santarem;House
15876;Detached House;369 000,00 €;192;Santarem;House
15877;3-Bedroom;370 000,00 €;171;Santarem;House
15878;5-Bedroom;370 000,00 €;451;Santarem;House
15879;4-Bedroom;370 000,00 €;161;Santarem;House
15880;3-Bedroom;370 000,00 €;335;Santarem;House
15881;4-Bedroom;370 000,00 €;161;Santarem;House
15882;4-Bedroom;370 000,00 €;161;Santarem;House
15883;3-Bedroom;370 000,00 €;268;Santarem;House
15884;4-Bedroom;370 000,00 €;328;Santarem;House
15885;3-Bedroom;370 000,00 €;209;Santarem;House
15886;7-Bedroom;370 000,00 €;569;Santarem;House
15887;4-Bedroom;370 000,00 €;156;Santarem;House
15888;4-Bedroom;370 000,00 €;262;Santarem;House
15889;3-Bedroom;374 000,00 €;400;Santarem;House
15890;5-Bedroom;374 000,00 €;407;Santarem;House
15891;3-Bedroom;375 000,00 €;170;Santarem;House
15892;5-Bedroom;375 000,00 €;190;Santarem;House
15893;4-Bedroom;375 000,00 €;262;Santarem;House
15894;3-Bedroom;375 000,00 €;170;Santarem;House
15895;4-Bedroom;375 000,00 €;870;Santarem;House
15896;3-Bedroom;375 000,00 €;241;Santarem;House
15897;3-Bedroom;375 000,00 €;170;Santarem;House
15898;3-Bedroom;378 000,00 €;124;Santarem;House
15899;4-Bedroom;379 000,00 €;395;Santarem;House
15900;Detached House;379 000,00 €;189;Santarem;House
15901;Detached House;379 000,00 €;189;Santarem;House
15902;Detached House;380 000,00 €;299;Santarem;House
15903;4-Bedroom;380 000,00 €;339;Santarem;House
15904;4-Bedroom;380 000,00 €;316;Santarem;House
15905;4-Bedroom;380 000,00 €;357;Santarem;House
15906;Detached House;380 000,00 €;367;Santarem;House
15907;5-Bedroom;380 000,00 €;265;Santarem;House
15908;5-Bedroom;380 000,00 €;298;Santarem;House
15909;4-Bedroom;380 000,00 €;308;Santarem;House
15910;4-Bedroom;380 000,00 €;510;Santarem;House
15911;4-Bedroom;380 000,00 €;357;Santarem;House
15912;5-Bedroom;380 000,00 €;430;Santarem;House
15913;3-Bedroom;380 000,00 €;187;Santarem;House
15914;3-Bedroom;380 000,00 €;282;Santarem;House
15915;4-Bedroom;380 000,00 €;317;Santarem;House
15916;Detached House;385 000,00 €;254;Santarem;House
15917;5-Bedroom;385 000,00 €;288;Santarem;House
15918;3-Bedroom;385 000,00 €;130;Santarem;House
15919;3-Bedroom;385 000,00 €;219;Santarem;House
15920;6-Bedroom;385 000,00 €;745;Santarem;House
15921;4-Bedroom;385 000,00 €;214;Santarem;House
15922;4-Bedroom;385 000,00 €;264;Santarem;House
15923;5-Bedroom;385 000,00 €;193;Santarem;House
15924;4-Bedroom;389 000,00 €;360;Santarem;House
15925;4-Bedroom;389 000,00 €;276;Santarem;House
15926;3-Bedroom;389 000,00 €;157;Santarem;House
15927;3-Bedroom;389 000,00 €;2.639;Santarem;House
15928;Detached House;390 000,00 €;228;Santarem;House
15929;4-Bedroom;390 000,00 €;206;Santarem;House
15930;3-Bedroom;390 000,00 €;187;Santarem;House
15931;3-Bedroom;390 000,00 €;214;Santarem;House
15932;4-Bedroom;390 000,00 €;593;Santarem;House
15933;4-Bedroom;390 000,00 €;300;Santarem;House
15934;3-Bedroom;390 000,00 €;600;Santarem;House
15935;4-Bedroom;390 000,00 €;183;Santarem;House
15936;3-Bedroom;390 000,00 €;209;Santarem;House
15937;3-Bedroom;390 000,00 €;370;Santarem;House
15938;3-Bedroom;390 000,00 €;177;Santarem;House
15939;4-Bedroom;390 000,00 €;183;Santarem;House
15940;3-Bedroom;394 000,00 €;334;Santarem;House
15941;Detached House;395 000,00 €;126;Santarem;House
15942;3-Bedroom;395 000,00 €;241;Santarem;House
15943;Detached House;395 000,00 €;196;Santarem;House
15944;3-Bedroom;395 000,00 €;227;Santarem;House
15945;Detached House;395 000,00 €;624;Santarem;House
15946;6-Bedroom;395 000,00 €;369;Santarem;House
15947;5-Bedroom;395 000,00 €;225;Santarem;House
15948;4-Bedroom;395 000,00 €;223;Santarem;House
15949;3-Bedroom;395 000,00 €;226;Santarem;House
15950;3-Bedroom;395 000,00 €;220;Santarem;House
15951;3-Bedroom;395 000,00 €;133;Santarem;House
15952;4-Bedroom;395 000,00 €;394;Santarem;House
15953;3-Bedroom;395 000,00 €;243;Santarem;House
15954;3-Bedroom;395 000,00 €;573;Santarem;House
15955;7-Bedroom;395 000,00 €;350;Santarem;House
15956;6-Bedroom;398 000,00 €;405;Santarem;House
15957;Detached House;398 000,00 €;92;Santarem;House
15958;2+1-Bedroom;398 750,00 €;300;Santarem;House
15959;Detached House;399 000,00 €;290;Santarem;House
15960;7-Bedroom;399 000,00 €;163;Santarem;House
15961;4+2-Bedroom;399 000,00 €;593;Santarem;House
15962;Farmhouse;400 000,00 €;210;Santarem;House
15963;3-Bedroom;400 000,00 €;180;Santarem;House
15964;4-Bedroom;400 000,00 €;330;Santarem;House
15965;Detached House;400 000,00 €;217;Santarem;House
15966;1-Bedroom;400 000,00 €;430;Santarem;House
15967;4-Bedroom;400 000,00 €;415;Santarem;House
15968;4-Bedroom;400 000,00 €;230;Santarem;House
15969;3-Bedroom;405 000,00 €;181;Santarem;House
15970;Detached House;410 000,00 €;190;Santarem;House
15971;3-Bedroom;410 000,00 €;180;Santarem;House
15972;3-Bedroom;410 000,00 €;180;Santarem;House
15973;4-Bedroom;410 000,00 €;310;Santarem;House
15974;Detached House;410 000,00 €;190;Santarem;House
15975;5-Bedroom;414 000,00 €;258;Santarem;House
15976;4-Bedroom;415 000,00 €;248;Santarem;House
15977;4-Bedroom;415 000,00 €;216;Santarem;House
15978;4-Bedroom;415 000,00 €;246;Santarem;House
15979;4-Bedroom;415 000,00 €;216;Santarem;House
15980;4-Bedroom;415 000,00 €;246;Santarem;House
15981;4-Bedroom;415 000,00 €;319;Santarem;House
15982;3-Bedroom;415 000,00 €;376;Santarem;House
15983;4-Bedroom;415 000,00 €;319;Santarem;House
15984;4-Bedroom;415 000,00 €;246;Santarem;House
15985;Detached House;419 000,00 €;140;Santarem;House
15986;4-Bedroom;420 000,00 €;71;Santarem;House
15987;3-Bedroom;420 000,00 €;252;Santarem;House
15988;6-Bedroom;420 000,00 €;223;Santarem;House
15989;4-Bedroom;420 000,00 €;283;Santarem;House
15990;6-Bedroom;420 000,00 €;436;Santarem;House
15991;4-Bedroom;420 000,00 €;336;Santarem;House
15992;5-Bedroom;420 000,00 €;249;Santarem;House
15993;3-Bedroom;420 000,00 €;205;Santarem;House
15994;6-Bedroom;420 000,00 €;436;Santarem;House
15995;Detached House;420 000,00 €;397;Santarem;House
15996;4-Bedroom;425 000,00 €;420;Santarem;House
15997;4-Bedroom;425 000,00 €;291;Santarem;House
15998;3-Bedroom;425 000,00 €;130;Santarem;House
15999;4-Bedroom;425 000,00 €;302;Santarem;House
16000;4-Bedroom;425 000,00 €;392;Santarem;House
16001;4-Bedroom;425 000,00 €;230;Santarem;House
16002;3-Bedroom;425 000,00 €;400;Santarem;House
16003;5-Bedroom;425 000,00 €;178;Santarem;House
16004;4-Bedroom;425 000,00 €;288;Santarem;House
16005;4-Bedroom;425 000,00 €;320;Santarem;House
16006;Detached House;429 000,00 €;241;Santarem;House
16007;Farmhouse;430 000,00 €;63.480;Santarem;House
16008;6-Bedroom;430 000,00 €;280;Santarem;House
16009;5-Bedroom;430 000,00 €;433;Santarem;House
16010;4-Bedroom;430 000,00 €;280;Santarem;House
16011;4-Bedroom;430 000,00 €;124;Santarem;House
16012;4-Bedroom;430 000,00 €;754;Santarem;House
16013;3-Bedroom;430 000,00 €;213;Santarem;House
16014;2-Bedroom;430 000,00 €;960;Santarem;House
16015;7-Bedroom;430 000,00 €;848;Santarem;House
16016;Farmhouse;430 000,00 €;63.480;Santarem;House
16017;Detached House;435 000,00 €;272;Santarem;House
16018;4-Bedroom;435 000,00 €;243;Santarem;House
16019;4-Bedroom;435 000,00 €;295;Santarem;House
16020;4-Bedroom;435 000,00 €;332;Santarem;House
16021;3+1-Bedroom;435 000,00 €;148;Santarem;House
16022;3-Bedroom;435 000,00 €;241;Santarem;House
16023;4-Bedroom;435 000,00 €;240;Santarem;House
16024;4-Bedroom;435 000,00 €;248;Santarem;House
16025;Detached House;435 000,00 €;703;Santarem;House
16026;4-Bedroom;439 000,00 €;275;Santarem;House
16027;6-Bedroom;440 000,00 €;415;Santarem;House
16028;4-Bedroom;440 000,00 €;412;Santarem;House
16029;4-Bedroom;440 000,00 €;412;Santarem;House
16030;5-Bedroom;440 000,00 €;402;Santarem;House
16031;5-Bedroom;440 000,00 €;402;Santarem;House
16032;5-Bedroom;440 000,00 €;272;Santarem;House
16033;4-Bedroom;440 000,00 €;335;Santarem;House
16034;13-Bedroom;440 000,00 €;413;Santarem;House
16035;5-Bedroom;448 000,00 €;508;Santarem;House
16036;4-Bedroom;449 000,00 €;410;Santarem;House
16037;4-Bedroom;449 000,00 €;372;Santarem;House
16038;4-Bedroom;450 000,00 €;306;Santarem;House
16039;3-Bedroom;450 000,00 €;166;Santarem;House
16040;6-Bedroom;450 000,00 €;442;Santarem;House
16041;4-Bedroom;450 000,00 €;335;Santarem;House
16042;5+1-Bedroom;450 000,00 €;320;Santarem;House
16043;6-Bedroom;450 000,00 €;308;Santarem;House
16044;Detached House;450 000,00 €;442;Santarem;House
16045;4-Bedroom;450 000,00 €;322;Santarem;House
16046;4-Bedroom;450 000,00 €;330;Santarem;House
16047;4-Bedroom;450 000,00 €;234;Santarem;House
16048;3-Bedroom;450 000,00 €;166;Santarem;House
16049;Farmhouse;450 000,00 €;35.000;Santarem;House
16050;4+1-Bedroom;450 000,00 €;234;Santarem;House
16051;5-Bedroom;450 000,00 €;366;Santarem;House
16052;3-Bedroom;450 000,00 €;295;Santarem;House
16053;3-Bedroom;450 000,00 €;288;Santarem;House
16054;Detached House;455 000,00 €;181;Santarem;House
16055;3-Bedroom;455 000,00 €;270;Santarem;House
16056;6-Bedroom;455 000,00 €;294;Santarem;House
16057;4+1-Bedroom;455 000,00 €;332;Santarem;House
16058;Detached House;455 000,00 €;181;Santarem;House
16059;3+3-Bedroom;459 900,00 €;227;Santarem;House
16060;4-Bedroom;460 000,00 €;300;Santarem;House
16061;4-Bedroom;460 000,00 €;308;Santarem;House
16062;4-Bedroom;460 000,00 €;189;Santarem;House
16063;3-Bedroom;465 000,00 €;210;Santarem;House
16064;Detached House;470 000,00 €;280;Santarem;House
16065;3-Bedroom;470 000,00 €;380;Santarem;House
16066;4-Bedroom;470 000,00 €;231;Santarem;House
16067;3-Bedroom;470 000,00 €;141;Santarem;House
16068;5-Bedroom;470 000,00 €;272;Santarem;House
16069;4-Bedroom;470 000,00 €;380;Santarem;House
16070;Detached House;475 000,00 €;300;Santarem;House
16071;3-Bedroom;475 000,00 €;222;Santarem;House
16072;4-Bedroom;477 000,00 €;754;Santarem;House
16073;3-Bedroom;479 000,00 €;255;Santarem;House
16074;Detached House;479 000,00 €;418;Santarem;House
16075;Detached House;480 000,00 €;227;Santarem;House
16076;Detached House;480 000,00 €;137;Santarem;House
16077;5-Bedroom;480 000,00 €;364;Santarem;House
16078;5-Bedroom;480 000,00 €;240;Santarem;House
16079;4-Bedroom;480 000,00 €;340;Santarem;House
16080;4+2-Bedroom;480 000,00 €;205;Santarem;House
16081;4-Bedroom;480 000,00 €;252;Santarem;House
16082;4-Bedroom;480 000,00 €;252;Santarem;House
16083;3-Bedroom;480 000,00 €;923;Santarem;House
16084;3-Bedroom;480 000,00 €;200;Santarem;House
16085;3-Bedroom;480 000,00 €;200;Santarem;House
16086;3-Bedroom;480 000,00 €;200;Santarem;House
16087;3-Bedroom;480 000,00 €;274;Santarem;House
16088;3-Bedroom;480 000,00 €;200;Santarem;House
16089;Detached House;480 000,00 €;138;Santarem;House
16090;3-Bedroom;480 000,00 €;200;Santarem;House
16091;3-Bedroom;480 000,00 €;200;Santarem;House
16092;4-Bedroom;480 000,00 €;382;Santarem;House
16093;3-Bedroom;480 000,00 €;200;Santarem;House
16094;3-Bedroom;480 000,00 €;200;Santarem;House
16095;4-Bedroom;485 000,00 €;229;Santarem;House
16096;6-Bedroom;485 000,00 €;197;Santarem;House
16097;4-Bedroom;490 000,00 €;358;Santarem;House
16098;4-Bedroom;490 000,00 €;320;Santarem;House
16099;3-Bedroom;490 000,00 €;467;Santarem;House
16100;3-Bedroom;490 000,00 €;147;Santarem;House
16101;4-Bedroom;490 000,00 €;339;Santarem;House
16102;4-Bedroom;490 000,00 €;583;Santarem;House
16103;3-Bedroom;490 000,00 €;313;Santarem;House
16104;3-Bedroom;490 000,00 €;468;Santarem;House
16105;3-Bedroom;490 000,00 €;252;Santarem;House
16106;6-Bedroom;490 000,00 €;500;Santarem;House
16107;Detached House;495 000,00 €;169;Santarem;House
16108;4-Bedroom;495 000,00 €;232;Santarem;House
16109;4-Bedroom;495 000,00 €;224;Santarem;House
16110;3-Bedroom;495 000,00 €;138;Santarem;House
16111;4-Bedroom;495 000,00 €;396;Santarem;House
16112;5-Bedroom;495 000,00 €;303;Santarem;House
16113;5-Bedroom;495 000,00 €;272;Santarem;House
16114;3-Bedroom;495 000,00 €;241;Santarem;House
16115;4-Bedroom;495 000,00 €;351;Santarem;House
16116;4-Bedroom;495 000,00 €;272;Santarem;House
16117;4-Bedroom;497 500,00 €;336;Santarem;House
16118;4-Bedroom;497 500,00 €;328;Santarem;House
16119;5+2-Bedroom;499 000,00 €;409;Santarem;House
16120;4-Bedroom;499 000,00 €;583;Santarem;House
16121;4-Bedroom;499 000,00 €;107;Santarem;House
16122;4-Bedroom;499 000,00 €;500;Santarem;House
16123;5-Bedroom;499 500,00 €;291;Santarem;House
16124;6-Bedroom;499 500,00 €;172;Santarem;House
16125;7-Bedroom;499 500,00 €;409;Santarem;House
16126;Farmhouse;500 000,00 €;30.000;Santarem;House
16127;3-Bedroom;500 000,00 €;277;Santarem;House
16128;4-Bedroom;500 000,00 €;392;Santarem;House
16129;5-Bedroom;500 000,00 €;564;Santarem;House
16130;3-Bedroom;500 000,00 €;343;Santarem;House
16131;4-Bedroom;500 000,00 €;372;Santarem;House
16132;6-Bedroom;514 000,00 €;3.800;Santarem;House
16133;Detached House;515 000,00 €;210;Santarem;House
16134;5-Bedroom;520 000,00 €;350;Santarem;House
16135;5-Bedroom;520 000,00 €;350;Santarem;House
16136;7-Bedroom;520 000,00 €;1.462;Santarem;House
16137;4-Bedroom;520 000,00 €;363;Santarem;House
16138;5-Bedroom;520 000,00 €;466;Santarem;House
16139;4-Bedroom;523 000,00 €;427;Santarem;House
16140;Detached House;524 000,00 €;284;Santarem;House
16141;3-Bedroom;525 000,00 €;259;Santarem;House
16142;3-Bedroom;525 000,00 €;250;Santarem;House
16143;5-Bedroom;525 000,00 €;Terreno 610;Santarem;House
16144;6-Bedroom;525 000,00 €;446;Santarem;House
16145;6-Bedroom;525 000,00 €;225;Santarem;House
16146;9-Bedroom;525 000,00 €;404;Santarem;House
16147;3-Bedroom;529 000,00 €;345;Santarem;House
16148;Detached House;530 500,00 €;241.000;Santarem;House
16149;T16;530 540,00 €;3.424;Santarem;House
16150;T16;530 540,00 €;3.424;Santarem;House
16151;13-Bedroom;530 540,00 €;5.095;Santarem;House
16152;3-Bedroom;540 000,00 €;330;Santarem;House
16153;4-Bedroom;540 000,00 €;390;Santarem;House
16154;5-Bedroom;544 000,00 €;787;Santarem;House
16155;5-Bedroom;545 000,00 €;287;Santarem;House
16156;5-Bedroom;546 000,00 €;600;Santarem;House
16157;T20;546 000,00 €;600;Santarem;House
16158;6-Bedroom;550 000,00 €;575;Santarem;House
16159;4-Bedroom;550 000,00 €;160;Santarem;House
16160;4-Bedroom;550 000,00 €;160;Santarem;House
16161;5-Bedroom;550 000,00 €;633;Santarem;House
16162;Detached House;550 000,00 €;300;Santarem;House
16163;Detached House;550 000,00 €;Terreno 12.800;Santarem;House
16164;T26;550 000,00 €;1.888;Santarem;House
16165;T26;550 000,00 €;1.888;Santarem;House
16166;4-Bedroom;555 000,00 €;294;Santarem;House
16167;3+1-Bedroom;560 000,00 €;282;Santarem;House
16168;13-Bedroom;560 000,00 €;3.760;Santarem;House
16169;3+1-Bedroom;560 000,00 €;282;Santarem;House
16170;2-Bedroom;563 000,00 €;170;Santarem;House
16171;5-Bedroom;570 000,00 €;308;Santarem;House
16172;5-Bedroom;570 000,00 €;350;Santarem;House
16173;4-Bedroom;570 000,00 €;195;Santarem;House
16174;4-Bedroom;570 000,00 €;221;Santarem;House
16175;5-Bedroom;570 000,00 €;289;Santarem;House
16176;5-Bedroom;570 000,00 €;300;Santarem;House
16177;5-Bedroom;570 000,00 €;310;Santarem;House
16178;5-Bedroom;570 000,00 €;787;Santarem;House
16179;5-Bedroom;570 000,00 €;228;Santarem;House
16180;6-Bedroom;575 000,00 €;201;Santarem;House
16181;5-Bedroom;575 000,00 €;346;Santarem;House
16182;7-Bedroom;575 000,00 €;400;Santarem;House
16183;5-Bedroom;575 000,00 €;383;Santarem;House
16184;4-Bedroom;580 000,00 €;1.300;Santarem;House
16185;4-Bedroom;580 000,00 €;508;Santarem;House
16186;4-Bedroom;580 000,00 €;813;Santarem;House
16187;3-Bedroom;585 000,00 €;211;Santarem;House
16188;Detached House;588 000,00 €;243;Santarem;House
16189;Detached House;588 000,00 €;243;Santarem;House
16190;11-Bedroom;590 000,00 €;500;Santarem;House
16191;3-Bedroom;590 000,00 €;150;Santarem;House
16192;3-Bedroom;590 000,00 €;244;Santarem;House
16193;3-Bedroom;590 000,00 €;338;Santarem;House
16194;5-Bedroom;595 000,00 €;903;Santarem;House
16195;5-Bedroom;595 000,00 €;903;Santarem;House
16196;Detached House;595 000,00 €;269;Santarem;House
16197;Detached House;599 000,00 €;313;Santarem;House
16198;4-Bedroom;599 000,00 €;313;Santarem;House
16199;5-Bedroom;599 000,00 €;506;Santarem;House
16200;4-Bedroom;600 000,00 €;475;Santarem;House
16201;Apartment;600 000,00 €;356;Santarem;House
16202;2-Bedroom;600 000,00 €;820;Santarem;House
16203;3-Bedroom;600 000,00 €;312;Santarem;House
16204;5-Bedroom;615 000,00 €;491;Santarem;House
16205;3-Bedroom;620 000,00 €;786;Santarem;House
16206;5-Bedroom;625 000,00 €;462;Santarem;House
16207;4-Bedroom;630 000,00 €;390;Santarem;House
16208;5-Bedroom;630 000,00 €;425;Santarem;House
16209;4-Bedroom;649 000,00 €;664;Santarem;House
16210;Detached House;650 000,00 €;386;Santarem;House
16211;Detached House;650 000,00 €;300;Santarem;House
16212;4-Bedroom;650 000,00 €;535;Santarem;House
16213;4+2-Bedroom;650 000,00 €;811;Santarem;House
16214;5-Bedroom;650 000,00 €;442;Santarem;House
16215;5-Bedroom;650 000,00 €;648;Santarem;House
16216;4-Bedroom;670 000,00 €;240;Santarem;House
16217;7-Bedroom;675 000,00 €;271;Santarem;House
16218;5-Bedroom;675 000,00 €;778;Santarem;House
16219;3-Bedroom;680 000,00 €;127;Santarem;House
16220;6-Bedroom;680 000,00 €;534;Santarem;House
16221;5-Bedroom;680 000,00 €;465;Santarem;House
16222;Detached House;680 000,00 €;73;Santarem;House
16223;3-Bedroom;680 000,00 €;127;Santarem;House
16224;4-Bedroom;685 000,00 €;400;Santarem;House
16225;4-Bedroom;685 000,00 €;239;Santarem;House
16226;4-Bedroom;685 000,00 €;400;Santarem;House
16227;5-Bedroom;690 000,00 €;903;Santarem;House
16228;9-Bedroom;690 000,00 €;823;Santarem;House
16229;9-Bedroom;690 000,00 €;823;Santarem;House
16230;4-Bedroom;695 000,00 €;350;Santarem;House
16231;4-Bedroom;695 000,00 €;300;Santarem;House
16232;3-Bedroom;695 000,00 €;150;Santarem;House
16233;3-Bedroom;695 000,00 €;65.740;Santarem;House
16234;5-Bedroom;699 000,00 €;812;Santarem;House
16235;4-Bedroom;699 000,00 €;812;Santarem;House
16236;4-Bedroom;700 000,00 €;5.734;Santarem;House
16237;5-Bedroom;700 000,00 €;239;Santarem;House
16238;4-Bedroom;700 000,00 €;30.334;Santarem;House
16239;4-Bedroom;700 000,00 €;239;Santarem;House
16240;4-Bedroom;721 800,00 €;419;Santarem;House
16241;4-Bedroom;735 000,00 €;266;Santarem;House
16242;3-Bedroom;740 000,00 €;260;Santarem;House
16243;4-Bedroom;748 500,00 €;585;Santarem;House
16244;5-Bedroom;749 000,00 €;339;Santarem;House
16245;Farmhouse;750 000,00 €;580;Santarem;House
16246;5-Bedroom;750 000,00 €;350;Santarem;House
16247;4-Bedroom;750 000,00 €;281;Santarem;House
16248;Farmhouse;750 000,00 €;580;Santarem;House
16249;T21;760 000,00 €;1.390;Santarem;House
16250;T21;760 000,00 €;1.383;Santarem;House
16251;5-Bedroom;760 000,00 €;407;Santarem;House
16252;5-Bedroom;760 000,00 €;407;Santarem;House
16253;T20;760 000,00 €;1.383;Santarem;House
16254;Farmhouse;785 000,00 €;702;Santarem;House
16255;Detached House;795 000,00 €;381;Santarem;House
16256;4-Bedroom;795 000,00 €;798;Santarem;House
16257;4-Bedroom;795 000,00 €;263;Santarem;House
16258;Detached House;798 000,00 €;220;Santarem;House
16259;5-Bedroom;799 900,00 €;436;Santarem;House
16260;3-Bedroom;800 000,00 €;223;Santarem;House
16261;6-Bedroom;800 000,00 €;333;Santarem;House
16262;Detached House;810 000,00 €;454;Santarem;House
16263;4-Bedroom;820 000,00 €;293;Santarem;House
16264;6-Bedroom;820 000,00 €;545;Santarem;House
16265;Villa;830 000,00 €;104;Santarem;House
16266;4-Bedroom;845 000,00 €;5.734;Santarem;House
16267;3-Bedroom;849 000,00 €;275;Santarem;House
16268;4+1-Bedroom;850 000,00 €;405;Santarem;House
16269;8-Bedroom;870 000,00 €;395;Santarem;House
16270;Detached House;875 000,00 €;551;Santarem;House
16271;4-Bedroom;875 000,00 €;540;Santarem;House
16272;2-Bedroom;880 000,00 €;269;Santarem;House
16273;8-Bedroom;880 000,00 €;528;Santarem;House
16274;7-Bedroom;890 000,00 €;840;Santarem;House
16275;8-Bedroom;890 000,00 €;840;Santarem;House
16276;8-Bedroom;890 000,00 €;840;Santarem;House
16277;8-Bedroom;890 000,00 €;840;Santarem;House
16278;8-Bedroom;890 000,00 €;525;Santarem;House
16279;Farmhouse;891 000,00 €;318;Santarem;House
16280;4-Bedroom;895 000,00 €;438;Santarem;House
16281;3-Bedroom;900 000,00 €;578;Santarem;House
16282;3-Bedroom;900 000,00 €;400;Santarem;House
16283;6-Bedroom;925 000,00 €;840;Santarem;House
16284;6-Bedroom;925 000,00 €;421;Santarem;House
16285;Detached House;945 000,00 €;230;Santarem;House
16286;Detached House;950 000,00 €;280;Santarem;House
16287;4-Bedroom;950 000,00 €;595;Santarem;House
16288;10-Bedroom;950 000,00 €;505;Santarem;House
16289;3-Bedroom;950 000,00 €;570;Santarem;House
16290;10-Bedroom;950 000,00 €;505;Santarem;House
16291;Detached House;970 000,00 €;279;Santarem;House
16292;14-Bedroom;980 000,00 €;1.726;Santarem;House
16293;4-Bedroom;980 000,00 €;359;Santarem;House
16294;T19;980 000,00 €;918;Santarem;House
16295;4-Bedroom;995 000,00 €;465;Santarem;House
16296;3+1-Bedroom;995 000,00 €;600;Santarem;House
16297;3-Bedroom;995 000,00 €;210;Santarem;House
16298;4-Bedroom;995 000,00 €;465;Santarem;House
16299;3-Bedroom;997 000,00 €;284;Santarem;House
16300;10-Bedroom;1 000 000,00 €;619;Santarem;House
16301;12-Bedroom;1 000 000,00 €;1.138;Santarem;House
16302;4-Bedroom;1 000 000,00 €;550;Santarem;House
16303;14-Bedroom;1 000 000,00 €;1.138;Santarem;House
16304;3-Bedroom;1 000 000,00 €;530;Santarem;House
16305;7-Bedroom;1 000 000,00 €;986;Santarem;House
16306;10-Bedroom;1 000 000,00 €;1.138;Santarem;House
16307;8-Bedroom;1 000 000,00 €;650;Santarem;House
16308;Detached House;1 100 000,00 €;950;Santarem;House
16309;6-Bedroom;1 100 000,00 €;847;Santarem;House
16310;5-Bedroom;1 100 000,00 €;635;Santarem;House
16311;5-Bedroom;1 100 000,00 €;500;Santarem;House
16312;3-Bedroom;1 100 000,00 €;287;Santarem;House
16313;5-Bedroom;1 100 000,00 €;500;Santarem;House
16314;3-Bedroom;1 125 000,00 €;120;Santarem;House
16315;4-Bedroom;1 145 000,00 €;463;Santarem;House
16316;4-Bedroom;1 145 000,00 €;463;Santarem;House
16317;6-Bedroom;1 150 000,00 €;543;Santarem;House
16318;7-Bedroom;1 150 000,00 €;450;Santarem;House
16319;8-Bedroom;1 174 000,00 €;600;Santarem;House
16320;7-Bedroom;1 174 000,00 €;600;Santarem;House
16321;4-Bedroom;1 199 000,00 €;399;Santarem;House
16322;Detached House;1 199 000,00 €;414;Santarem;House
16323;6-Bedroom;1 200 000,00 €;848;Santarem;House
16324;5-Bedroom;1 200 000,00 €;683;Santarem;House
16325;5-Bedroom;1 250 000,00 €;471;Santarem;House
16326;3-Bedroom;1 250 000,00 €;301;Santarem;House
16327;4-Bedroom;1 250 000,00 €;471;Santarem;House
16328;7-Bedroom;1 295 000,00 €;504;Santarem;House
16329;8-Bedroom;1 450 000,00 €;294;Santarem;House
16330;10-Bedroom;1 495 000,00 €;928;Santarem;House
16331;4-Bedroom;1 500 000,00 €;454;Santarem;House
16332;6-Bedroom;1 500 000,00 €;524;Santarem;House
16333;10-Bedroom;1 500 000,00 €;1.337;Santarem;House
16334;4-Bedroom;1 500 000,00 €;373;Santarem;House
16335;4-Bedroom;1 500 000,00 €;920;Santarem;House
16336;10-Bedroom;1 590 000,00 €;1.930;Santarem;House
16337;8-Bedroom;1 750 000,00 €;918;Santarem;House
16338;11-Bedroom;1 750 000,00 €;300;Santarem;House
16339;6-Bedroom;1 750 000,00 €;1.551;Santarem;House
16340;9-Bedroom;1 750 000,00 €;1.223;Santarem;House
16341;9-Bedroom;1 750 000,00 €;1.223;Santarem;House
16342;11-Bedroom;1 750 000,00 €;1.223;Santarem;House
16343;8-Bedroom;1 750 000,00 €;918;Santarem;House
16344;13-Bedroom;1 800 000,00 €;980;Santarem;House
16345;5-Bedroom;1 800 000,00 €;660;Santarem;House
16346;Villa;1 800 000,00 €;1.500;Santarem;House
16347;5-Bedroom;1 950 000,00 €;1.224;Santarem;House
16348;10-Bedroom;1 960 000,00 €;1.801;Santarem;House
16349;4-Bedroom;1 980 000,00 €;670;Santarem;House
16350;11-Bedroom;1 995 000,00 €;746;Santarem;House
16351;Estate;1 995 000,00 €;747;Santarem;House
16352;7-Bedroom;2 200 000,00 €;400;Santarem;House
16353;Farmhouse;2 260 000,00 €;305;Santarem;House
16354;Farmhouse;2 260 000,00 €;305;Santarem;House
16355;6-Bedroom;2 500 000,00 €;612;Santarem;House
16356;3-Bedroom;2 500 000,00 €;2.558;Santarem;House
16357;6-Bedroom;2 600 000,00 €;470;Santarem;House
16358;6-Bedroom;2 600 000,00 €;470;Santarem;House
16359;Studio;2 660 000,00 €;2.588;Santarem;House
16360;5-Bedroom;2 750 000,00 €;560;Santarem;House
16361;5-Bedroom;2 800 000,00 €;726;Santarem;House
16362;6-Bedroom;2 800 000,00 €;726;Santarem;House
16363;5-Bedroom;2 800 000,00 €;726;Santarem;House
16364;5-Bedroom;2 800 000,00 €;726;Santarem;House
16365;4-Bedroom;2 850 000,00 €;765;Santarem;House
16366;8-Bedroom;5 300 000,00 €;1.862;Santarem;House
16367;10-Bedroom;7 500 000,00 €;2.080;Santarem;House
16368;Farmhouse;14 300 000,00 €;64.809;Santarem;House
16369;Apartment;79 900,00 €;39;Setubal;House
16370;Studio;90 000,00 €;40;Setubal;House
16371;2-Bedroom;105 000,00 €;90;Setubal;House
16372;Detached House;110 000,00 €;348;Setubal;House
16373;5-Bedroom;110 000,00 €;214;Setubal;House
16374;2-Bedroom;117 000,00 €;55;Setubal;House
16375;2-Bedroom;120 000,00 €;110;Setubal;House
16376;Detached House;128 000,00 €;108;Setubal;House
16377;3-Bedroom;135 000,00 €;98;Setubal;House
16378;1+1-Bedroom;135 000,00 €;60;Setubal;House
16379;Apartment;140 000,00 €;678.075;Setubal;House
16380;3-Bedroom;145 000,00 €;89;Setubal;House
16381;3-Bedroom;150 000,00 €;97;Setubal;House
16382;2-Bedroom;150 000,00 €;105;Setubal;House
16383;2-Bedroom;150 000,00 €;87;Setubal;House
16384;5-Bedroom;157 000,00 €;104;Setubal;House
16385;3-Bedroom;157 500,00 €;100;Setubal;House
16386;Apartment;159 900,00 €;62;Setubal;House
16387;3-Bedroom;160 000,00 €;56;Setubal;House
16388;Apartment;165 000,00 €;59;Setubal;House
16389;Apartment;170 000,00 €;111;Setubal;House
16390;1-Bedroom;170 000,00 €;110;Setubal;House
16391;3-Bedroom;170 000,00 €;190;Setubal;House
16392;2-Bedroom;175 000,00 €;86;Setubal;House
16393;2-Bedroom;175 000,00 €;60;Setubal;House
16394;1-Bedroom;175 000,00 €;67;Setubal;House
16395;Detached House;180 000,00 €;70;Setubal;House
16396;House;180 000,00 €;Terreno 165;Setubal;House
16397;2-Bedroom;185 000,00 €;74;Setubal;House
16398;2-Bedroom;185 000,00 €;87;Setubal;House
16399;Apartment;185 000,00 €;95;Setubal;House
16400;2-Bedroom;185 000,00 €;74;Setubal;House
16401;2-Bedroom;185 900,00 €;75;Setubal;House
16402;3-Bedroom;189 500,00 €;87;Setubal;House
16403;3-Bedroom;194 000,00 €;108;Setubal;House
16404;Studio;195 000,00 €;50;Setubal;House
16405;2-Bedroom;195 000,00 €;74;Setubal;House
16406;Studio;195 000,00 €;50;Setubal;House
16407;2-Bedroom;195 000,00 €;59;Setubal;House
16408;2-Bedroom;197 500,00 €;100;Setubal;House
16409;1-Bedroom;198 000,00 €;47;Setubal;House
16410;2-Bedroom;198 000,00 €;65;Setubal;House
16411;2-Bedroom;199 500,00 €;65;Setubal;House
16412;3-Bedroom;199 800,00 €;87;Setubal;House
16413;2-Bedroom;200 000,00 €;73;Setubal;House
16414;4-Bedroom;200 000,00 €;102;Setubal;House
16415;4-Bedroom;200 000,00 €;125;Setubal;House
16416;2-Bedroom;200 000,00 €;230;Setubal;House
16417;Detached House;200 000,00 €;250;Setubal;House
16418;2-Bedroom;200 000,00 €;62;Setubal;House
16419;2-Bedroom;204 990,00 €;64;Setubal;House
16420;2-Bedroom;205 000,00 €;84;Setubal;House
16421;2-Bedroom;205 000,00 €;75;Setubal;House
16422;2-Bedroom;209 500,00 €;150;Setubal;House
16423;1-Bedroom;210 000,00 €;101;Setubal;House
16424;1-Bedroom;210 000,00 €;101;Setubal;House
16425;2-Bedroom;210 500,00 €;79;Setubal;House
16426;2-Bedroom;211 000,00 €;82;Setubal;House
16427;Detached House;212 300,00 €;138;Setubal;House
16428;4-Bedroom;212 500,00 €;115;Setubal;House
16429;1-Bedroom;215 000,00 €;70;Setubal;House
16430;3-Bedroom;215 000,00 €;78;Setubal;House
16431;2-Bedroom;215 000,00 €;98;Setubal;House
16432;Apartment;215 000,00 €;90;Setubal;House
16433;2-Bedroom;215 000,00 €;97;Setubal;House
16434;3-Bedroom;215 000,00 €;83;Setubal;House
16435;3-Bedroom;220 000,00 €;165;Setubal;House
16436;3-Bedroom;220 000,00 €;187;Setubal;House
16437;2-Bedroom;220 000,00 €;79;Setubal;House
16438;3-Bedroom;220 000,00 €;117;Setubal;House
16439;2-Bedroom;220 000,00 €;87;Setubal;House
16440;1-Bedroom;220 000,00 €;265;Setubal;House
16441;Apartment;222 000,00 €;100;Setubal;House
16442;3-Bedroom;222 000,00 €;130;Setubal;House
16443;2-Bedroom;225 000,00 €;125;Setubal;House
16444;2-Bedroom;225 000,00 €;125;Setubal;House
16445;Apartment;225 000,00 €;95;Setubal;House
16446;Apartment;225 000,00 €;95;Setubal;House
16447;Apartment;225 000,00 €;80;Setubal;House
16448;Apartment;225 000,00 €;68;Setubal;House
16449;3-Bedroom;225 000,00 €;90;Setubal;House
16450;1-Bedroom;225 000,00 €;80;Setubal;House
16451;2-Bedroom;229 000,00 €;45;Setubal;House
16452;2-Bedroom;229 000,00 €;77;Setubal;House
16453;2-Bedroom;229 900,00 €;60;Setubal;House
16454;2-Bedroom;229 900,00 €;60;Setubal;House
16455;Apartment;230 000,00 €;96;Setubal;House
16456;2-Bedroom;230 000,00 €;108;Setubal;House
16457;1-Bedroom;230 000,00 €;65;Setubal;House
16458;1-Bedroom;230 000,00 €;70;Setubal;House
16459;Apartment;230 000,00 €;89;Setubal;House
16460;Apartment;234 500,00 €;91;Setubal;House
16461;2-Bedroom;235 000,00 €;69;Setubal;House
16462;2-Bedroom;235 000,00 €;71;Setubal;House
16463;2-Bedroom;235 000,00 €;69;Setubal;House
16464;2-Bedroom;235 000,00 €;72;Setubal;House
16465;2-Bedroom;235 000,00 €;70;Setubal;House
16466;2-Bedroom;235 000,00 €;92;Setubal;House
16467;2-Bedroom;235 500,00 €;51;Setubal;House
16468;2-Bedroom;237 500,00 €;93;Setubal;House
16469;2-Bedroom;238 000,00 €;82;Setubal;House
16470;2-Bedroom;238 000,00 €;82;Setubal;House
16471;3-Bedroom;239 000,00 €;98;Setubal;House
16472;2-Bedroom;240 000,00 €;68;Setubal;House
16473;2-Bedroom;240 000,00 €;105;Setubal;House
16474;2-Bedroom;240 000,00 €;58;Setubal;House
16475;2-Bedroom;240 000,00 €;86;Setubal;House
16476;Apartment;243 000,00 €;120;Setubal;House
16477;2-Bedroom;245 000,00 €;117;Setubal;House
16478;1-Bedroom;245 000,00 €;60;Setubal;House
16479;2-Bedroom;249 000,00 €;80;Setubal;House
16480;3-Bedroom;249 000,00 €;114;Setubal;House
16481;2-Bedroom;249 000,00 €;80;Setubal;House
16482;3-Bedroom;250 000,00 €;85;Setubal;House
16483;5-Bedroom;250 000,00 €;144;Setubal;House
16484;2-Bedroom;250 000,00 €;124;Setubal;House
16485;3-Bedroom;250 000,00 €;104;Setubal;House
16486;3-Bedroom;250 000,00 €;75;Setubal;House
16487;Apartment;250 000,00 €;72;Setubal;House
16488;Apartment;250 000,00 €;90;Setubal;House
16489;2-Bedroom;250 000,00 €;105;Setubal;House
16490;3-Bedroom;255 000,00 €;Terreno 115;Setubal;House
16491;3-Bedroom;255 000,00 €;115;Setubal;House
16492;3-Bedroom;255 000,00 €;80;Setubal;House
16493;3-Bedroom;255 000,00 €;46;Setubal;House
16494;2-Bedroom;255 000,00 €;55;Setubal;House
16495;3-Bedroom;255 000,00 €;46;Setubal;House
16496;3-Bedroom;255 000,00 €;70;Setubal;House
16497;Detached House;255 000,00 €;46;Setubal;House
16498;2-Bedroom;255 000,00 €;46;Setubal;House
16499;2-Bedroom;255 000,00 €;55;Setubal;House
16500;2-Bedroom;255 000,00 €;98;Setubal;House
16501;Apartment;259 000,00 €;105;Setubal;House
16502;2-Bedroom;259 000,00 €;90;Setubal;House
16503;2-Bedroom;259 000,00 €;76;Setubal;House
16504;3-Bedroom;259 000,00 €;133;Setubal;House
16505;1-Bedroom;259 400,00 €;42;Setubal;House
16506;2-Bedroom;259 500,00 €;95;Setubal;House
16507;3-Bedroom;259 900,00 €;95;Setubal;House
16508;3-Bedroom;260 000,00 €;178;Setubal;House
16509;1-Bedroom;260 000,00 €;70;Setubal;House
16510;1-Bedroom;260 000,00 €;61;Setubal;House
16511;3-Bedroom;262 500,00 €;152;Setubal;House
16512;3-Bedroom;265 000,00 €;46;Setubal;House
16513;Detached House;265 000,00 €;91;Setubal;House
16514;2-Bedroom;265 000,00 €;100;Setubal;House
16515;3-Bedroom;265 000,00 €;115;Setubal;House
16516;3-Bedroom;265 000,00 €;46;Setubal;House
16517;2-Bedroom;265 000,00 €;57;Setubal;House
16518;13-Bedroom;265 000,00 €;483;Setubal;House
16519;3-Bedroom;265 000,00 €;93;Setubal;House
16520;3-Bedroom;266 000,00 €;126;Setubal;House
16521;3-Bedroom;266 000,00 €;140;Setubal;House
16522;Detached House;266 500,00 €;56;Setubal;House
16523;2-Bedroom;267 000,00 €;91;Setubal;House
16524;3-Bedroom;268 000,00 €;140;Setubal;House
16525;3-Bedroom;268 000,00 €;105;Setubal;House
16526;2-Bedroom;269 000,00 €;93;Setubal;House
16527;2-Bedroom;269 000,00 €;95;Setubal;House
16528;4-Bedroom;269 000,00 €;204;Setubal;House
16529;3-Bedroom;269 500,00 €;107;Setubal;House
16530;2-Bedroom;269 500,00 €;78;Setubal;House
16531;2+1-Bedroom;270 000,00 €;67;Setubal;House
16532;1-Bedroom;270 000,00 €;62;Setubal;House
16533;2-Bedroom;270 000,00 €;68;Setubal;House
16534;1-Bedroom;270 000,00 €;75;Setubal;House
16535;3-Bedroom;270 000,00 €;95;Setubal;House
16536;3-Bedroom;270 500,00 €;105;Setubal;House
16537;Apartment;273 000,00 €;127;Setubal;House
16538;2+1-Bedroom;274 900,00 €;92;Setubal;House
16539;4-Bedroom;275 000,00 €;153;Setubal;House
16540;3-Bedroom;275 000,00 €;97;Setubal;House
16541;2-Bedroom;275 000,00 €;68;Setubal;House
16542;Studio;275 000,00 €;38;Setubal;House
16543;4-Bedroom;275 000,00 €;153;Setubal;House
16544;3-Bedroom;276 000,00 €;112;Setubal;House
16545;Apartment;276 000,00 €;143;Setubal;House
16546;3-Bedroom;276 500,00 €;100;Setubal;House
16547;2-Bedroom;277 500,00 €;90;Setubal;House
16548;2-Bedroom;277 500,00 €;90;Setubal;House
16549;3-Bedroom;279 000,00 €;130;Setubal;House
16550;2-Bedroom;280 000,00 €;86;Setubal;House
16551;Apartment;280 000,00 €;67;Setubal;House
16552;2-Bedroom;280 000,00 €;106;Setubal;House
16553;3-Bedroom;280 000,00 €;90;Setubal;House
16554;3-Bedroom;280 000,00 €;120;Setubal;House
16555;3-Bedroom;280 000,00 €;80;Setubal;House
16556;2-Bedroom;280 000,00 €;68;Setubal;House
16557;2-Bedroom;280 500,00 €;95;Setubal;House
16558;Apartment;282 000,00 €;106;Setubal;House
16559;3-Bedroom;282 000,00 €;131;Setubal;House
16560;3-Bedroom;283 000,00 €;95;Setubal;House
16561;3-Bedroom;285 000,00 €;184;Setubal;House
16562;Apartment;285 000,00 €;116;Setubal;House
16563;3-Bedroom;285 000,00 €;110;Setubal;House
16564;2-Bedroom;285 000,00 €;70;Setubal;House
16565;4-Bedroom;285 000,00 €;345;Setubal;House
16566;2-Bedroom;285 000,00 €;74;Setubal;House
16567;3-Bedroom;285 000,00 €;116;Setubal;House
16568;Apartment;286 000,00 €;108;Setubal;House
16569;2-Bedroom;287 500,00 €;64;Setubal;House
16570;3-Bedroom;288 000,00 €;130;Setubal;House
16571;3-Bedroom;288 000,00 €;104;Setubal;House
16572;3-Bedroom;288 000,00 €;108;Setubal;House
16573;3-Bedroom;289 000,00 €;144;Setubal;House
16574;3-Bedroom;289 500,00 €;140;Setubal;House
16575;Apartment;290 000,00 €;88;Setubal;House
16576;4-Bedroom;290 000,00 €;72;Setubal;House
16577;4-Bedroom;290 000,00 €;72;Setubal;House
16578;Studio;290 000,00 €;71;Setubal;House
16579;3-Bedroom;290 000,00 €;93;Setubal;House
16580;2-Bedroom;290 000,00 €;89;Setubal;House
16581;Apartment;290 000,00 €;59;Setubal;House
16582;8-Bedroom;290 000,00 €;Terreno 295;Setubal;House
16583;2-Bedroom;290 000,00 €;80;Setubal;House
16584;3-Bedroom;290 000,00 €;100;Setubal;House
16585;2-Bedroom;290 000,00 €;90;Setubal;House
16586;2-Bedroom;290 000,00 €;125;Setubal;House
16587;3-Bedroom;290 000,00 €;110;Setubal;House
16588;2-Bedroom;290 000,00 €;107;Setubal;House
16589;2-Bedroom;290 000,00 €;68;Setubal;House
16590;3-Bedroom;290 000,00 €;110;Setubal;House
16591;3-Bedroom;292 000,00 €;127;Setubal;House
16592;2-Bedroom;295 000,00 €;75;Setubal;House
16593;3-Bedroom;295 000,00 €;140;Setubal;House
16594;2-Bedroom;295 000,00 €;97;Setubal;House
16595;2-Bedroom;295 000,00 €;97;Setubal;House
16596;2-Bedroom;295 000,00 €;64;Setubal;House
16597;2-Bedroom;295 000,00 €;68;Setubal;House
16598;3-Bedroom;295 000,00 €;155;Setubal;House
16599;3-Bedroom;295 000,00 €;111;Setubal;House
16600;5-Bedroom;295 000,00 €;136;Setubal;House
16601;3-Bedroom;295 000,00 €;228;Setubal;House
16602;3-Bedroom;297 500,00 €;145;Setubal;House
16603;2-Bedroom;298 000,00 €;61;Setubal;House
16604;4-Bedroom;298 000,00 €;85;Setubal;House
16605;3-Bedroom;298 000,00 €;141;Setubal;House
16606;2-Bedroom;298 000,00 €;65;Setubal;House
16607;2-Bedroom;298 000,00 €;60;Setubal;House
16608;2-Bedroom;298 000,00 €;105;Setubal;House
16609;2-Bedroom;298 000,00 €;65;Setubal;House
16610;2-Bedroom;298 000,00 €;65;Setubal;House
16611;2-Bedroom;298 000,00 €;61;Setubal;House
16612;3-Bedroom;298 500,00 €;85;Setubal;House
16613;3-Bedroom;299 000,00 €;138;Setubal;House
16614;2-Bedroom;299 000,00 €;98;Setubal;House
16615;Apartment;299 000,00 €;98;Setubal;House
16616;2-Bedroom;299 000,00 €;98;Setubal;House
16617;Apartment;299 900,00 €;127;Setubal;House
16618;3-Bedroom;300 000,00 €;144;Setubal;House
16619;Detached House;300 000,00 €;120;Setubal;House
16620;Detached House;300 000,00 €;127;Setubal;House
16621;2-Bedroom;300 000,00 €;183;Setubal;House
16622;2-Bedroom;300 000,00 €;87;Setubal;House
16623;3-Bedroom;300 000,00 €;144;Setubal;House
16624;2-Bedroom;300 000,00 €;120;Setubal;House
16625;3-Bedroom;300 000,00 €;115;Setubal;House
16626;2-Bedroom;300 000,00 €;68;Setubal;House
16627;Apartment;305 000,00 €;140;Setubal;House
16628;3-Bedroom;305 000,00 €;190;Setubal;House
16629;4-Bedroom;305 000,00 €;163;Setubal;House
16630;2-Bedroom;307 000,00 €;120;Setubal;House
16631;2-Bedroom;307 500,00 €;84;Setubal;House
16632;4-Bedroom;310 000,00 €;205;Setubal;House
16633;3-Bedroom;310 000,00 €;140;Setubal;House
16634;Apartment;310 000,00 €;90;Setubal;House
16635;2-Bedroom;310 000,00 €;87;Setubal;House
16636;3-Bedroom;310 000,00 €;90;Setubal;House
16637;2-Bedroom;312 000,00 €;81;Setubal;House
16638;Apartment;313 000,00 €;101;Setubal;House
16639;1-Bedroom;315 000,00 €;102;Setubal;House
16640;3-Bedroom;315 000,00 €;102;Setubal;House
16641;1-Bedroom;315 000,00 €;52;Setubal;House
16642;2-Bedroom;315 000,00 €;101;Setubal;House
16643;2-Bedroom;315 000,00 €;68;Setubal;House
16644;3-Bedroom;315 000,00 €;90;Setubal;House
16645;2-Bedroom;315 000,00 €;91;Setubal;House
16646;3-Bedroom;315 000,00 €;160;Setubal;House
16647;3-Bedroom;315 000,00 €;128;Setubal;House
16648;2-Bedroom;317 500,00 €;64;Setubal;House
16649;2-Bedroom;317 500,00 €;101;Setubal;House
16650;8-Bedroom;318 500,00 €;229;Setubal;House
16651;3-Bedroom;319 000,00 €;150;Setubal;House
16652;4-Bedroom;319 000,00 €;121;Setubal;House
16653;3-Bedroom;319 000,00 €;120;Setubal;House
16654;3-Bedroom;319 000,00 €;121;Setubal;House
16655;Apartment;319 000,00 €;175;Setubal;House
16656;3-Bedroom;319 000,00 €;120;Setubal;House
16657;Apartment;319 900,00 €;134;Setubal;House
16658;1-Bedroom;320 000,00 €;38;Setubal;House
16659;1-Bedroom;320 000,00 €;40;Setubal;House
16660;1-Bedroom;320 000,00 €;83;Setubal;House
16661;2-Bedroom;320 000,00 €;82;Setubal;House
16662;2-Bedroom;320 000,00 €;65;Setubal;House
16663;2-Bedroom;320 000,00 €;90;Setubal;House
16664;3-Bedroom;320 000,00 €;130;Setubal;House
16665;3-Bedroom;320 000,00 €;90;Setubal;House
16666;3-Bedroom;320 000,00 €;90;Setubal;House
16667;2-Bedroom;320 000,00 €;68;Setubal;House
16668;3-Bedroom;322 000,00 €;174;Setubal;House
16669;Apartment;324 000,00 €;124;Setubal;House
16670;2-Bedroom;325 000,00 €;65;Setubal;House
16671;3-Bedroom;325 000,00 €;129;Setubal;House
16672;1-Bedroom;325 000,00 €;38;Setubal;House
16673;1-Bedroom;325 000,00 €;40;Setubal;House
16674;1-Bedroom;325 000,00 €;44;Setubal;House
16675;1-Bedroom;325 000,00 €;44;Setubal;House
16676;3-Bedroom;325 000,00 €;124;Setubal;House
16677;1-Bedroom;325 000,00 €;46;Setubal;House
16678;1-Bedroom;325 000,00 €;40;Setubal;House
16679;3-Bedroom;325 000,00 €;115;Setubal;House
16680;1-Bedroom;325 000,00 €;44;Setubal;House
16681;1-Bedroom;325 000,00 €;46;Setubal;House
16682;1-Bedroom;325 000,00 €;80;Setubal;House
16683;1-Bedroom;325 000,00 €;77;Setubal;House
16684;1-Bedroom;325 000,00 €;88;Setubal;House
16685;1-Bedroom;325 000,00 €;88;Setubal;House
16686;1-Bedroom;325 000,00 €;77;Setubal;House
16687;3-Bedroom;325 000,00 €;89;Setubal;House
16688;3-Bedroom;325 000,00 €;124;Setubal;House
16689;3-Bedroom;325 000,00 €;102;Setubal;House
16690;1-Bedroom;325 000,00 €;74;Setubal;House
16691;3-Bedroom;325 000,00 €;90;Setubal;House
16692;2-Bedroom;325 000,00 €;80;Setubal;House
16693;3-Bedroom;325 000,00 €;90;Setubal;House
16694;3-Bedroom;325 000,00 €;75;Setubal;House
16695;2-Bedroom;327 500,00 €;90;Setubal;House
16696;2-Bedroom;327 500,00 €;68;Setubal;House
16697;2-Bedroom;329 000,00 €;80;Setubal;House
16698;3-Bedroom;329 000,00 €;144;Setubal;House
16699;2-Bedroom;329 500,00 €;79;Setubal;House
16700;3-Bedroom;330 000,00 €;170;Setubal;House
16701;2-Bedroom;330 000,00 €;188;Setubal;House
16702;1-Bedroom;330 000,00 €;59;Setubal;House
16703;1-Bedroom;330 000,00 €;55;Setubal;House
16704;1-Bedroom;330 000,00 €;56;Setubal;House
16705;3-Bedroom;330 000,00 €;100;Setubal;House
16706;3+2-Bedroom;330 000,00 €;121;Setubal;House
16707;Detached House;330 000,00 €;101;Setubal;House
16708;3-Bedroom;330 000,00 €;170;Setubal;House
16709;2-Bedroom;330 000,00 €;188;Setubal;House
16710;2-Bedroom;332 500,00 €;100;Setubal;House
16711;3-Bedroom;335 000,00 €;93;Setubal;House
16712;3-Bedroom;335 000,00 €;93;Setubal;House
16713;3-Bedroom;335 000,00 €;93;Setubal;House
16714;4-Bedroom;335 000,00 €;265;Setubal;House
16715;3-Bedroom;335 000,00 €;110;Setubal;House
16716;3-Bedroom;335 000,00 €;83;Setubal;House
16717;3-Bedroom;335 000,00 €;92;Setubal;House
16718;2-Bedroom;337 500,00 €;93;Setubal;House
16719;2-Bedroom;337 500,00 €;68;Setubal;House
16720;Apartment;339 000,00 €;159;Setubal;House
16721;2-Bedroom;339 900,00 €;160;Setubal;House
16722;4-Bedroom;340 000,00 €;142;Setubal;House
16723;3-Bedroom;340 000,00 €;97;Setubal;House
16724;2-Bedroom;340 000,00 €;111;Setubal;House
16725;3-Bedroom;340 000,00 €;83;Setubal;House
16726;2-Bedroom;340 000,00 €;126;Setubal;House
16727;2-Bedroom;340 000,00 €;91;Setubal;House
16728;1-Bedroom;340 000,00 €;72;Setubal;House
16729;3-Bedroom;345 000,00 €;83;Setubal;House
16730;3-Bedroom;345 000,00 €;137;Setubal;House
16731;4-Bedroom;346 250,00 €;191;Setubal;House
16732;3-Bedroom;347 000,00 €;124;Setubal;House
16733;2-Bedroom;347 000,00 €;75;Setubal;House
16734;3-Bedroom;348 000,00 €;144;Setubal;House
16735;1-Bedroom;349 000,00 €;71;Setubal;House
16736;4-Bedroom;349 000,00 €;198;Setubal;House
16737;3-Bedroom;349 000,00 €;124;Setubal;House
16738;3-Bedroom;349 000,00 €;124;Setubal;House
16739;Studio;349 000,00 €;93;Setubal;House
16740;Detached House;349 000,00 €;58;Setubal;House
16741;3-Bedroom;349 900,00 €;146;Setubal;House
16742;3-Bedroom;349 900,00 €;146;Setubal;House
16743;2-Bedroom;349 900,00 €;144;Setubal;House
16744;3-Bedroom;350 000,00 €;130;Setubal;House
16745;3-Bedroom;350 000,00 €;105;Setubal;House
16746;Small Farmhouse;350 000,00 €;162;Setubal;House
16747;3-Bedroom;350 000,00 €;220;Setubal;House
16748;Detached House;350 000,00 €;143;Setubal;House
16749;3-Bedroom;350 000,00 €;112;Setubal;House
16750;2-Bedroom;350 000,00 €;96;Setubal;House
16751;3-Bedroom;350 000,00 €;110;Setubal;House
16752;2-Bedroom;350 000,00 €;103;Setubal;House
16753;2+1-Bedroom;350 000,00 €;112;Setubal;House
16754;3-Bedroom;350 000,00 €;109;Setubal;House
16755;3-Bedroom;350 000,00 €;85;Setubal;House
16756;3-Bedroom;350 000,00 €;132;Setubal;House
16757;3-Bedroom;350 000,00 €;83;Setubal;House
16758;7-Bedroom;350 000,00 €;214;Setubal;House
16759;3-Bedroom;350 000,00 €;150;Setubal;House
16760;3-Bedroom;350 000,00 €;80;Setubal;House
16761;3-Bedroom;350 000,00 €;140;Setubal;House
16762;2-Bedroom;350 000,00 €;274;Setubal;House
16763;2-Bedroom;350 000,00 €;103;Setubal;House
16764;3-Bedroom;350 000,00 €;150;Setubal;House
16765;3-Bedroom;350 000,00 €;120;Setubal;House
16766;3-Bedroom;350 000,00 €;150;Setubal;House
16767;Studio;350 000,00 €;201;Setubal;House
16768;4-Bedroom;350 000,00 €;172;Setubal;House
16769;5-Bedroom;350 000,00 €;200;Setubal;House
16770;3-Bedroom;350 000,00 €;85;Setubal;House
16771;4-Bedroom;350 000,00 €;172;Setubal;House
16772;3-Bedroom;350 000,00 €;128;Setubal;House
16773;3-Bedroom;351 000,00 €;124;Setubal;House
16774;3-Bedroom;353 000,00 €;143;Setubal;House
16775;3-Bedroom;355 000,00 €;88;Setubal;House
16776;3-Bedroom;355 000,00 €;94;Setubal;House
16777;3-Bedroom;355 000,00 €;90;Setubal;House
16778;2-Bedroom;357 000,00 €;170;Setubal;House
16779;2-Bedroom;357 000,00 €;170;Setubal;House
16780;3-Bedroom;357 000,00 €;114;Setubal;House
16781;1-Bedroom;357 000,00 €;71;Setubal;House
16782;1-Bedroom;358 000,00 €;65;Setubal;House
16783;3-Bedroom;359 000,00 €;114;Setubal;House
16784;3-Bedroom;360 000,00 €;123;Setubal;House
16785;3-Bedroom;360 000,00 €;119;Setubal;House
16786;3-Bedroom;360 000,00 €;145;Setubal;House
16787;3-Bedroom;360 000,00 €;83;Setubal;House
16788;2-Bedroom;360 000,00 €;120;Setubal;House
16789;2-Bedroom;360 000,00 €;162;Setubal;House
16790;3-Bedroom;360 000,00 €;100;Setubal;House
16791;3-Bedroom;360 000,00 €;130;Setubal;House
16792;3-Bedroom;360 000,00 €;90;Setubal;House
16793;3-Bedroom;361 000,00 €;114;Setubal;House
16794;3-Bedroom;361 000,00 €;114;Setubal;House
16795;3-Bedroom;363 000,00 €;114;Setubal;House
16796;3-Bedroom;364 000,00 €;120;Setubal;House
16797;2-Bedroom;365 000,00 €;101;Setubal;House
16798;2-Bedroom;365 000,00 €;101;Setubal;House
16799;1-Bedroom;365 000,00 €;71;Setubal;House
16800;3-Bedroom;365 000,00 €;83;Setubal;House
16801;3-Bedroom;365 000,00 €;100;Setubal;House
16802;3-Bedroom;365 000,00 €;90;Setubal;House
16803;3-Bedroom;369 000,00 €;253;Setubal;House
16804;Apartment;369 000,00 €;157;Setubal;House
16805;3-Bedroom;369 000,00 €;136;Setubal;House
16806;1-Bedroom;369 900,00 €;80;Setubal;House
16807;5-Bedroom;370 000,00 €;310;Setubal;House
16808;3-Bedroom;370 000,00 €;168;Setubal;House
16809;3-Bedroom;370 000,00 €;155;Setubal;House
16810;2-Bedroom;370 000,00 €;64;Setubal;House
16811;Apartment;370 000,00 €;177;Setubal;House
16812;3-Bedroom;370 000,00 €;170;Setubal;House
16813;3-Bedroom;370 000,00 €;110;Setubal;House
16814;Apartment;370 000,00 €;166;Setubal;House
16815;Apartment;370 000,00 €;91;Setubal;House
16816;Detached House;370 000,00 €;89;Setubal;House
16817;3-Bedroom;370 000,00 €;90;Setubal;House
16818;Apartment;370 000,00 €;197;Setubal;House
16819;2-Bedroom;370 000,00 €;100;Setubal;House
16820;2-Bedroom;370 000,00 €;48;Setubal;House
16821;Apartment;371 000,00 €;150;Setubal;House
16822;3-Bedroom;373 000,00 €;212;Setubal;House
16823;Apartment;374 000,00 €;158;Setubal;House
16824;2-Bedroom;375 000,00 €;43.393;Setubal;House
16825;3-Bedroom;375 000,00 €;120;Setubal;House
16826;3-Bedroom;375 000,00 €;170;Setubal;House
16827;3-Bedroom;375 000,00 €;140;Setubal;House
16828;3-Bedroom;375 000,00 €;338;Setubal;House
16829;1+1-Bedroom;375 000,00 €;68;Setubal;House
16830;3-Bedroom;375 000,00 €;128;Setubal;House
16831;3-Bedroom;375 000,00 €;130;Setubal;House
16832;3-Bedroom;380 000,00 €;145;Setubal;House
16833;3-Bedroom;380 000,00 €;93;Setubal;House
16834;Studio;380 000,00 €;86;Setubal;House
16835;2-Bedroom;380 000,00 €;50;Setubal;House
16836;3-Bedroom;380 000,00 €;130;Setubal;House
16837;3-Bedroom;380 000,00 €;90;Setubal;House
16838;2-Bedroom;380 000,00 €;95;Setubal;House
16839;2-Bedroom;385 000,00 €;85;Setubal;House
16840;3-Bedroom;385 000,00 €;119;Setubal;House
16841;3-Bedroom;385 000,00 €;147;Setubal;House
16842;1-Bedroom;385 000,00 €;72;Setubal;House
16843;4-Bedroom;385 000,00 €;350;Setubal;House
16844;3-Bedroom;385 000,00 €;128;Setubal;House
16845;3-Bedroom;385 000,00 €;122;Setubal;House
16846;3-Bedroom;385 000,00 €;145;Setubal;House
16847;3-Bedroom;385 000,00 €;160;Setubal;House
16848;2-Bedroom;389 000,00 €;82;Setubal;House
16849;4-Bedroom;389 000,00 €;165;Setubal;House
16850;4-Bedroom;389 000,00 €;189;Setubal;House
16851;3-Bedroom;390 000,00 €;147;Setubal;House
16852;3-Bedroom;390 000,00 €;158;Setubal;House
16853;1-Bedroom;390 000,00 €;229;Setubal;House
16854;1-Bedroom;390 000,00 €;116;Setubal;House
16855;1-Bedroom;390 000,00 €;116;Setubal;House
16856;3-Bedroom;390 000,00 €;134;Setubal;House
16857;Apartment;390 000,00 €;148;Setubal;House
16858;2-Bedroom;390 000,00 €;84;Setubal;House
16859;2-Bedroom;390 000,00 €;296;Setubal;House
16860;3-Bedroom;390 000,00 €;170;Setubal;House
16861;3-Bedroom;390 000,00 €;178;Setubal;House
16862;3-Bedroom;390 000,00 €;277;Setubal;House
16863;2-Bedroom;390 000,00 €;115;Setubal;House
16864;1-Bedroom;390 000,00 €;229;Setubal;House
16865;3-Bedroom;390 000,00 €;160;Setubal;House
16866;2-Bedroom;390 000,00 €;93;Setubal;House
16867;Farmhouse;390 000,00 €;90;Setubal;House
16868;2-Bedroom;390 000,00 €;114;Setubal;House
16869;Detached House;393 000,00 €;142;Setubal;House
16870;Apartment;394 500,00 €;148;Setubal;House
16871;2-Bedroom;394 900,00 €;86;Setubal;House
16872;3-Bedroom;395 000,00 €;158;Setubal;House
16873;2-Bedroom;395 000,00 €;108;Setubal;House
16874;2-Bedroom;395 000,00 €;104;Setubal;House
16875;2-Bedroom;395 000,00 €;104;Setubal;House
16876;Studio;395 000,00 €;82;Setubal;House
16877;Studio;395 000,00 €;82;Setubal;House
16878;2-Bedroom;395 000,00 €;105;Setubal;House
16879;3-Bedroom;395 000,00 €;272;Setubal;House
16880;3-Bedroom;395 000,00 €;90;Setubal;House
16881;10-Bedroom;395 000,00 €;448;Setubal;House
16882;3-Bedroom;395 000,00 €;100;Setubal;House
16883;3-Bedroom;395 000,00 €;267;Setubal;House
16884;1-Bedroom;395 000,00 €;76;Setubal;House
16885;2-Bedroom;395 000,00 €;184;Setubal;House
16886;4-Bedroom;395 000,00 €;286;Setubal;House
16887;1-Bedroom;395 000,00 €;78;Setubal;House
16888;3-Bedroom;395 000,00 €;223;Setubal;House
16889;2-Bedroom;396 000,00 €;87;Setubal;House
16890;5-Bedroom;397 000,00 €;172;Setubal;House
16891;4-Bedroom;398 000,00 €;200;Setubal;House
16892;3-Bedroom;398 000,00 €;170;Setubal;House
16893;2-Bedroom;398 000,00 €;73;Setubal;House
16894;3-Bedroom;399 000,00 €;151;Setubal;House
16895;3-Bedroom;399 000,00 €;227;Setubal;House
16896;4-Bedroom;399 000,00 €;214;Setubal;House
16897;Farmhouse;399 000,00 €;261;Setubal;House
16898;3-Bedroom;399 000,00 €;248;Setubal;House
16899;Apartment;399 000,00 €;104;Setubal;House
16900;Apartment;399 000,00 €;104;Setubal;House
16901;Apartment;399 000,00 €;104;Setubal;House
16902;Apartment;399 000,00 €;107;Setubal;House
16903;Apartment;399 500,00 €;148;Setubal;House
16904;3-Bedroom;399 800,00 €;147;Setubal;House
16905;4-Bedroom;399 900,00 €;310;Setubal;House
16906;3-Bedroom;400 000,00 €;103;Setubal;House
16907;4-Bedroom;400 000,00 €;161;Setubal;House
16908;3-Bedroom;400 000,00 €;160;Setubal;House
16909;6-Bedroom;400 000,00 €;232;Setubal;House
16910;3-Bedroom;400 000,00 €;180;Setubal;House
16911;2-Bedroom;400 000,00 €;74;Setubal;House
16912;5-Bedroom;405 000,00 €;308;Setubal;House
16913;Apartment;405 000,00 €;171;Setubal;House
16914;Detached House;405 000,00 €;108;Setubal;House
16915;2-Bedroom;405 000,00 €;124;Setubal;House
16916;3-Bedroom;410 000,00 €;159;Setubal;House
16917;3-Bedroom;410 000,00 €;159;Setubal;House
16918;3-Bedroom;410 000,00 €;159;Setubal;House
16919;2-Bedroom;410 000,00 €;142;Setubal;House
16920;3-Bedroom;410 000,00 €;100;Setubal;House
16921;3-Bedroom;410 000,00 €;100;Setubal;House
16922;2-Bedroom;410 000,00 €;151;Setubal;House
16923;2-Bedroom;410 000,00 €;45;Setubal;House
16924;3-Bedroom;410 000,00 €;151;Setubal;House
16925;2-Bedroom;410 000,00 €;45;Setubal;House
16926;3-Bedroom;410 000,00 €;194;Setubal;House
16927;2-Bedroom;410 000,00 €;166;Setubal;House
16928;3-Bedroom;410 000,00 €;123;Setubal;House
16929;Apartment;410 000,00 €;109;Setubal;House
16930;3-Bedroom;410 000,00 €;95;Setubal;House
16931;2-Bedroom;410 000,00 €;149;Setubal;House
16932;Apartment;410 000,00 €;118;Setubal;House
16933;3-Bedroom;410 000,00 €;159;Setubal;House
16934;3-Bedroom;410 000,00 €;178;Setubal;House
16935;3-Bedroom;414 900,00 €;230;Setubal;House
16936;3-Bedroom;415 000,00 €;149;Setubal;House
16937;3-Bedroom;415 000,00 €;149;Setubal;House
16938;3-Bedroom;415 000,00 €;135;Setubal;House
16939;4-Bedroom;415 000,00 €;138;Setubal;House
16940;3-Bedroom;415 000,00 €;115;Setubal;House
16941;4-Bedroom;415 000,00 €;160;Setubal;House
16942;Detached House;416 000,00 €;120;Setubal;House
16943;2-Bedroom;416 000,00 €;81;Setubal;House
16944;6-Bedroom;419 900,00 €;181;Setubal;House
16945;3-Bedroom;420 000,00 €;125;Setubal;House
16946;4-Bedroom;420 000,00 €;202;Setubal;House
16947;1-Bedroom;420 000,00 €;122;Setubal;House
16948;3-Bedroom;420 000,00 €;115;Setubal;House
16949;1-Bedroom;420 000,00 €;122;Setubal;House
16950;4-Bedroom;420 000,00 €;202;Setubal;House
16951;2-Bedroom;420 000,00 €;100;Setubal;House
16952;2-Bedroom;420 000,00 €;85;Setubal;House
16953;3+1-Bedroom;420 000,00 €;169;Setubal;House
16954;3-Bedroom;420 000,00 €;172;Setubal;House
16955;2-Bedroom;420 000,00 €;120;Setubal;House
16956;2-Bedroom;420 000,00 €;220;Setubal;House
16957;3-Bedroom;420 000,00 €;127;Setubal;House
16958;4-Bedroom;420 000,00 €;131;Setubal;House
16959;2-Bedroom;424 000,00 €;123;Setubal;House
16960;3-Bedroom;425 000,00 €;130;Setubal;House
16961;3-Bedroom;425 000,00 €;150;Setubal;House
16962;3-Bedroom;425 000,00 €;159;Setubal;House
16963;3-Bedroom;425 000,00 €;130;Setubal;House
16964;3-Bedroom;425 000,00 €;132;Setubal;House
16965;6-Bedroom;425 000,00 €;290;Setubal;House
16966;3-Bedroom;425 000,00 €;187;Setubal;House
16967;Apartment;425 000,00 €;172;Setubal;House
16968;Apartment;425 000,00 €;145;Setubal;House
16969;2-Bedroom;425 000,00 €;155;Setubal;House
16970;3-Bedroom;425 000,00 €;193;Setubal;House
16971;3+1-Bedroom;425 000,00 €;160;Setubal;House
16972;2+2-Bedroom;425 000,00 €;120;Setubal;House
16973;3-Bedroom;425 000,00 €;123;Setubal;House
16974;4-Bedroom;425 000,00 €;175;Setubal;House
16975;3-Bedroom;425 000,00 €;178;Setubal;House
16976;4-Bedroom;425 000,00 €;166;Setubal;House
16977;3-Bedroom;425 000,00 €;105;Setubal;House
16978;3-Bedroom;425 000,00 €;162;Setubal;House
16979;Apartment;425 000,00 €;112;Setubal;House
16980;3-Bedroom;425 000,00 €;160;Setubal;House
16981;3-Bedroom;425 000,00 €;124;Setubal;House
16982;4-Bedroom;425 000,00 €;166;Setubal;House
16983;3-Bedroom;425 000,00 €;135;Setubal;House
16984;4-Bedroom;429 000,00 €;135;Setubal;House
16985;3-Bedroom;429 000,00 €;150;Setubal;House
16986;4-Bedroom;429 000,00 €;135;Setubal;House
16987;4-Bedroom;430 000,00 €;202;Setubal;House
16988;3-Bedroom;430 000,00 €;185;Setubal;House
16989;4-Bedroom;430 000,00 €;Terreno 230;Setubal;House
16990;5-Bedroom;430 000,00 €;265;Setubal;House
16991;Apartment;430 000,00 €;117;Setubal;House
16992;3-Bedroom;432 500,00 €;111;Setubal;House
16993;3-Bedroom;435 000,00 €;159;Setubal;House
16994;2-Bedroom;435 000,00 €;141;Setubal;House
16995;6-Bedroom;435 000,00 €;202;Setubal;House
16996;3-Bedroom;435 000,00 €;162;Setubal;House
16997;2-Bedroom;435 000,00 €;98;Setubal;House
16998;Apartment;435 000,00 €;172;Setubal;House
16999;2-Bedroom;435 000,00 €;87;Setubal;House
17000;2-Bedroom;435 000,00 €;150;Setubal;House
17001;3-Bedroom;436 500,00 €;116;Setubal;House
17002;Detached House;439 000,00 €;116;Setubal;House
17003;3-Bedroom;440 000,00 €;200;Setubal;House
17004;3-Bedroom;440 000,00 €;204;Setubal;House
17005;2-Bedroom;440 000,00 €;33.802;Setubal;House
17006;3-Bedroom;440 000,00 €;151;Setubal;House
17007;3-Bedroom;440 000,00 €;151;Setubal;House
17008;3-Bedroom;440 000,00 €;108;Setubal;House
17009;3-Bedroom;440 000,00 €;108;Setubal;House
17010;4-Bedroom;440 000,00 €;183;Setubal;House
17011;5-Bedroom;442 000,00 €;423;Setubal;House
17012;5-Bedroom;442 000,00 €;423;Setubal;House
17013;2-Bedroom;444 000,00 €;123;Setubal;House
17014;3-Bedroom;445 000,00 €;149;Setubal;House
17015;3-Bedroom;445 000,00 €;130;Setubal;House
17016;3-Bedroom;445 000,00 €;151;Setubal;House
17017;3-Bedroom;445 000,00 €;135;Setubal;House
17018;3-Bedroom;445 000,00 €;145;Setubal;House
17019;3-Bedroom;445 000,00 €;135;Setubal;House
17020;Detached House;445 000,00 €;108;Setubal;House
17021;3-Bedroom;445 000,00 €;145;Setubal;House
17022;4+1-Bedroom;445 000,00 €;250;Setubal;House
17023;4-Bedroom;445 000,00 €;173;Setubal;House
17024;4-Bedroom;445 000,00 €;173;Setubal;House
17025;4-Bedroom;447 000,00 €;183;Setubal;House
17026;2-Bedroom;449 000,00 €;217;Setubal;House
17027;3-Bedroom;450 000,00 €;167;Setubal;House
17028;Detached House;450 000,00 €;243;Setubal;House
17029;3-Bedroom;450 000,00 €;148;Setubal;House
17030;3-Bedroom;450 000,00 €;130;Setubal;House
17031;4-Bedroom;450 000,00 €;123;Setubal;House
17032;3-Bedroom;450 000,00 €;125;Setubal;House
17033;4-Bedroom;450 000,00 €;200;Setubal;House
17034;3-Bedroom;450 000,00 €;143;Setubal;House
17035;4-Bedroom;450 000,00 €;200;Setubal;House
17036;Detached House;450 000,00 €;170;Setubal;House
17037;3-Bedroom;450 000,00 €;123;Setubal;House
17038;3-Bedroom;450 000,00 €;148;Setubal;House
17039;3-Bedroom;450 000,00 €;124;Setubal;House
17040;5-Bedroom;450 000,00 €;175;Setubal;House
17041;3-Bedroom;450 000,00 €;252;Setubal;House
17042;4-Bedroom;450 000,00 €;138;Setubal;House
17043;4-Bedroom;450 000,00 €;142;Setubal;House
17044;2-Bedroom;450 000,00 €;123;Setubal;House
17045;3-Bedroom;450 000,00 €;125;Setubal;House
17046;3-Bedroom;450 000,00 €;122;Setubal;House
17047;3-Bedroom;450 000,00 €;155;Setubal;House
17048;Apartment;450 000,00 €;136;Setubal;House
17049;4-Bedroom;450 000,00 €;270;Setubal;House
17050;3-Bedroom;450 000,00 €;257;Setubal;House
17051;3-Bedroom;450 000,00 €;149;Setubal;House
17052;3-Bedroom;450 000,00 €;122;Setubal;House
17053;Apartment;452 000,00 €;152;Setubal;House
17054;4-Bedroom;452 000,00 €;130;Setubal;House
17055;2+1-Bedroom;454 000,00 €;100;Setubal;House
17056;2-Bedroom;455 000,00 €;105;Setubal;House
17057;Detached House;455 000,00 €;92;Setubal;House
17058;3-Bedroom;460 000,00 €;253;Setubal;House
17059;3-Bedroom;460 000,00 €;122;Setubal;House
17060;2-Bedroom;460 000,00 €;86;Setubal;House
17061;3-Bedroom;460 000,00 €;135;Setubal;House
17062;3-Bedroom;460 000,00 €;195;Setubal;House
17063;4-Bedroom;460 000,00 €;186;Setubal;House
17064;3-Bedroom;460 000,00 €;130;Setubal;House
17065;2+1-Bedroom;460 000,00 €;149;Setubal;House
17066;Detached House;460 000,00 €;177;Setubal;House
17067;3-Bedroom;460 000,00 €;253;Setubal;House
17068;1+2-Bedroom;465 000,00 €;185;Setubal;House
17069;2-Bedroom;465 000,00 €;116;Setubal;House
17070;4-Bedroom;465 000,00 €;304;Setubal;House
17071;4-Bedroom;465 000,00 €;216;Setubal;House
17072;3-Bedroom;465 000,00 €;12.850;Setubal;House
17073;2-Bedroom;469 000,00 €;123;Setubal;House
17074;4-Bedroom;469 000,00 €;258;Setubal;House
17075;3-Bedroom;469 000,00 €;180;Setubal;House
17076;3-Bedroom;470 000,00 €;161;Setubal;House
17077;3-Bedroom;470 000,00 €;195;Setubal;House
17078;4-Bedroom;470 000,00 €;172;Setubal;House
17079;3-Bedroom;470 000,00 €;260;Setubal;House
17080;2-Bedroom;470 000,00 €;141;Setubal;House
17081;2+1-Bedroom;470 000,00 €;120;Setubal;House
17082;2-Bedroom;474 000,00 €;95;Setubal;House
17083;3-Bedroom;475 000,00 €;150;Setubal;House
17084;Detached House;475 000,00 €;176;Setubal;House
17085;Apartment;475 000,00 €;135;Setubal;House
17086;3-Bedroom;479 000,00 €;120;Setubal;House
17087;4-Bedroom;479 000,00 €;335;Setubal;House
17088;4-Bedroom;479 600,00 €;166;Setubal;House
17089;4-Bedroom;479 600,00 €;146;Setubal;House
17090;2-Bedroom;480 000,00 €;141;Setubal;House
17091;3-Bedroom;480 000,00 €;200;Setubal;House
17092;2-Bedroom;480 000,00 €;180;Setubal;House
17093;4-Bedroom;480 000,00 €;205;Setubal;House
17094;3-Bedroom;480 000,00 €;132;Setubal;House
17095;3-Bedroom;480 000,00 €;158;Setubal;House
17096;3-Bedroom;480 000,00 €;199;Setubal;House
17097;2-Bedroom;480 000,00 €;150;Setubal;House
17098;3+1-Bedroom;480 000,00 €;250;Setubal;House
17099;4-Bedroom;480 000,00 €;212;Setubal;House
17100;4-Bedroom;484 000,00 €;167;Setubal;House
17101;4-Bedroom;485 000,00 €;350;Setubal;House
17102;4-Bedroom;485 000,00 €;360;Setubal;House
17103;3-Bedroom;485 000,00 €;130;Setubal;House
17104;1+1-Bedroom;485 000,00 €;110;Setubal;House
17105;3-Bedroom;485 000,00 €;116;Setubal;House
17106;3-Bedroom;485 000,00 €;116;Setubal;House
17107;3+1-Bedroom;485 000,00 €;200;Setubal;House
17108;4-Bedroom;485 000,00 €;380;Setubal;House
17109;4-Bedroom;485 000,00 €;200;Setubal;House
17110;4-Bedroom;485 000,00 €;350;Setubal;House
17111;2-Bedroom;485 000,00 €;133;Setubal;House
17112;4-Bedroom;485 000,00 €;360;Setubal;House
17113;3-Bedroom;485 000,00 €;135;Setubal;House
17114;3-Bedroom;485 000,00 €;240;Setubal;House
17115;Detached House;485 000,00 €;124;Setubal;House
17116;4-Bedroom;490 000,00 €;146;Setubal;House
17117;3-Bedroom;490 000,00 €;117;Setubal;House
17118;3-Bedroom;490 000,00 €;124;Setubal;House
17119;3-Bedroom;490 000,00 €;124;Setubal;House
17120;2-Bedroom;490 000,00 €;110;Setubal;House
17121;3-Bedroom;490 000,00 €;138;Setubal;House
17122;3-Bedroom;490 000,00 €;130;Setubal;House
17123;3-Bedroom;490 000,00 €;193;Setubal;House
17124;3-Bedroom;490 000,00 €;179;Setubal;House
17125;2+2-Bedroom;490 000,00 €;209;Setubal;House
17126;4-Bedroom;490 000,00 €;250;Setubal;House
17127;2-Bedroom;490 000,00 €;140;Setubal;House
17128;5-Bedroom;495 000,00 €;148;Setubal;House
17129;2-Bedroom;495 000,00 €;137;Setubal;House
17130;3-Bedroom;495 000,00 €;123;Setubal;House
17131;2-Bedroom;495 000,00 €;133;Setubal;House
17132;4-Bedroom;495 000,00 €;195;Setubal;House
17133;4-Bedroom;495 000,00 €;253;Setubal;House
17134;4-Bedroom;495 000,00 €;138;Setubal;House
17135;4-Bedroom;495 000,00 €;300;Setubal;House
17136;3-Bedroom;495 000,00 €;157;Setubal;House
17137;5-Bedroom;497 000,00 €;201;Setubal;House
17138;2-Bedroom;497 000,00 €;100;Setubal;House
17139;5-Bedroom;497 000,00 €;221;Setubal;House
17140;5-Bedroom;497 000,00 €;201;Setubal;House
17141;3-Bedroom;498 500,00 €;152;Setubal;House
17142;3-Bedroom;498 500,00 €;151;Setubal;House
17143;4-Bedroom;499 000,00 €;190;Setubal;House
17144;4-Bedroom;499 000,00 €;191;Setubal;House
17145;4-Bedroom;499 000,00 €;215;Setubal;House
17146;3-Bedroom;499 500,00 €;158;Setubal;House
17147;3+2-Bedroom;499 900,00 €;245;Setubal;House
17148;3-Bedroom;500 000,00 €;120;Setubal;House
17149;4-Bedroom;500 000,00 €;465;Setubal;House
17150;Detached House;500 000,00 €;68;Setubal;House
17151;3-Bedroom;500 000,00 €;118;Setubal;House
17152;Farmhouse;500 000,00 €;72;Setubal;House
17153;4-Bedroom;500 000,00 €;167;Setubal;House
17154;Detached House;505 000,00 €;182;Setubal;House
17155;4-Bedroom;510 000,00 €;197;Setubal;House
17156;4-Bedroom;510 000,00 €;188;Setubal;House
17157;4-Bedroom;510 000,00 €;191;Setubal;House
17158;1-Bedroom;510 000,00 €;91;Setubal;House
17159;4-Bedroom;510 000,00 €;161;Setubal;House
17160;3-Bedroom;510 000,00 €;153;Setubal;House
17161;4-Bedroom;510 000,00 €;150;Setubal;House
17162;4-Bedroom;510 000,00 €;195;Setubal;House
17163;4-Bedroom;510 000,00 €;200;Setubal;House
17164;3-Bedroom;515 000,00 €;177;Setubal;House
17165;3-Bedroom;515 000,00 €;177;Setubal;House
17166;4-Bedroom;515 000,00 €;175;Setubal;House
17167;4-Bedroom;515 000,00 €;161;Setubal;House
17168;3-Bedroom;515 000,00 €;263;Setubal;House
17169;3-Bedroom;515 000,00 €;260;Setubal;House
17170;3-Bedroom;515 000,00 €;260;Setubal;House
17171;Detached House;517 000,00 €;100;Setubal;House
17172;5-Bedroom;519 000,00 €;170;Setubal;House
17173;Farmhouse;519 500,00 €;95;Setubal;House
17174;4-Bedroom;520 000,00 €;188;Setubal;House
17175;4-Bedroom;520 000,00 €;191;Setubal;House
17176;3-Bedroom;520 000,00 €;166;Setubal;House
17177;3-Bedroom;520 000,00 €;256;Setubal;House
17178;4-Bedroom;520 000,00 €;260;Setubal;House
17179;2-Bedroom;520 000,00 €;137;Setubal;House
17180;3-Bedroom;520 000,00 €;255;Setubal;House
17181;4-Bedroom;520 000,00 €;150;Setubal;House
17182;4-Bedroom;520 000,00 €;260;Setubal;House
17183;3-Bedroom;520 000,00 €;261;Setubal;House
17184;4-Bedroom;520 000,00 €;254;Setubal;House
17185;2-Bedroom;520 000,00 €;140;Setubal;House
17186;4-Bedroom;520 000,00 €;120;Setubal;House
17187;4-Bedroom;520 000,00 €;184;Setubal;House
17188;Apartment;520 000,00 €;196;Setubal;House
17189;4-Bedroom;520 000,00 €;135;Setubal;House
17190;4-Bedroom;520 000,00 €;171;Setubal;House
17191;Apartment;520 000,00 €;196;Setubal;House
17192;4-Bedroom;520 000,00 €;163;Setubal;House
17193;3-Bedroom;520 000,00 €;145;Setubal;House
17194;3-Bedroom;520 000,00 €;254;Setubal;House
17195;3-Bedroom;524 900,00 €;163;Setubal;House
17196;4-Bedroom;525 000,00 €;210;Setubal;House
17197;4-Bedroom;525 000,00 €;178;Setubal;House
17198;4-Bedroom;525 000,00 €;173;Setubal;House
17199;4-Bedroom;525 000,00 €;173;Setubal;House
17200;3-Bedroom;525 000,00 €;174;Setubal;House
17201;5-Bedroom;525 000,00 €;280;Setubal;House
17202;4-Bedroom;525 000,00 €;200;Setubal;House
17203;3-Bedroom;525 000,00 €;173;Setubal;House
17204;4-Bedroom;525 000,00 €;155;Setubal;House
17205;4-Bedroom;525 000,00 €;173;Setubal;House
17206;4-Bedroom;525 000,00 €;200;Setubal;House
17207;4-Bedroom;525 000,00 €;179;Setubal;House
17208;4-Bedroom;525 000,00 €;225;Setubal;House
17209;3+1-Bedroom;525 000,00 €;140;Setubal;House
17210;4-Bedroom;525 000,00 €;140;Setubal;House
17211;4-Bedroom;530 000,00 €;263;Setubal;House
17212;3-Bedroom;530 000,00 €;222;Setubal;House
17213;3-Bedroom;530 000,00 €;222;Setubal;House
17214;4-Bedroom;530 000,00 €;175;Setubal;House
17215;Detached House;530 000,00 €;266;Setubal;House
17216;2-Bedroom;530 000,00 €;137;Setubal;House
17217;4-Bedroom;530 000,00 €;177;Setubal;House
17218;3-Bedroom;530 000,00 €;200;Setubal;House
17219;4-Bedroom;530 000,00 €;217;Setubal;House
17220;4-Bedroom;530 000,00 €;217;Setubal;House
17221;3-Bedroom;530 000,00 €;204;Setubal;House
17222;4-Bedroom;530 000,00 €;217;Setubal;House
17223;4-Bedroom;530 000,00 €;217;Setubal;House
17224;4-Bedroom;530 000,00 €;220;Setubal;House
17225;6-Bedroom;530 000,00 €;236;Setubal;House
17226;6-Bedroom;530 000,00 €;108;Setubal;House
17227;3-Bedroom;530 000,00 €;Terreno 190;Setubal;House
17228;4-Bedroom;530 000,00 €;263;Setubal;House
17229;2-Bedroom;536 000,00 €;101;Setubal;House
17230;3-Bedroom;540 000,00 €;137;Setubal;House
17231;2-Bedroom;540 000,00 €;138;Setubal;House
17232;2-Bedroom;540 000,00 €;138;Setubal;House
17233;5-Bedroom;540 000,00 €;205;Setubal;House
17234;1-Bedroom;540 000,00 €;88;Setubal;House
17235;4-Bedroom;540 000,00 €;198;Setubal;House
17236;House;540 000,00 €;Terreno 4.409;Setubal;House
17237;2-Bedroom;545 000,00 €;147;Setubal;House
17238;2-Bedroom;545 000,00 €;147;Setubal;House
17239;2-Bedroom;545 000,00 €;107;Setubal;House
17240;Apartment;545 000,00 €;152;Setubal;House
17241;5+1-Bedroom;549 000,00 €;196;Setubal;House
17242;Detached House;549 000,00 €;114;Setubal;House
17243;4-Bedroom;549 000,00 €;196;Setubal;House
17244;5-Bedroom;550 000,00 €;243;Setubal;House
17245;3-Bedroom;550 000,00 €;282;Setubal;House
17246;4-Bedroom;550 000,00 €;242;Setubal;House
17247;3-Bedroom;550 000,00 €;227;Setubal;House
17248;5-Bedroom;550 000,00 €;244;Setubal;House
17249;4-Bedroom;550 000,00 €;220;Setubal;House
17250;3-Bedroom;550 000,00 €;225;Setubal;House
17251;5-Bedroom;550 000,00 €;250;Setubal;House
17252;3-Bedroom;550 000,00 €;123;Setubal;House
17253;3-Bedroom;550 000,00 €;220;Setubal;House
17254;3+1-Bedroom;550 000,00 €;254;Setubal;House
17255;3-Bedroom;550 000,00 €;150;Setubal;House
17256;4-Bedroom;550 000,00 €;152;Setubal;House
17257;3-Bedroom;550 000,00 €;150;Setubal;House
17258;3+1-Bedroom;550 000,00 €;254;Setubal;House
17259;4-Bedroom;550 000,00 €;140;Setubal;House
17260;3-Bedroom;550 000,00 €;226;Setubal;House
17261;2-Bedroom;550 000,00 €;115;Setubal;House
17262;4-Bedroom;550 000,00 €;180;Setubal;House
17263;1-Bedroom;550 000,00 €;75;Setubal;House
17264;3-Bedroom;550 000,00 €;249;Setubal;House
17265;3+1-Bedroom;550 000,00 €;270;Setubal;House
17266;3-Bedroom;550 000,00 €;137;Setubal;House
17267;1-Bedroom;550 000,00 €;65;Setubal;House
17268;3-Bedroom;550 000,00 €;161;Setubal;House
17269;5-Bedroom;550 000,00 €;243;Setubal;House
17270;3-Bedroom;555 000,00 €;164;Setubal;House
17271;3-Bedroom;555 000,00 €;144;Setubal;House
17272;1-Bedroom;555 000,00 €;147;Setubal;House
17273;3-Bedroom;555 000,00 €;182;Setubal;House
17274;2+3-Bedroom;555 000,00 €;232;Setubal;House
17275;4-Bedroom;555 000,00 €;234;Setubal;House
17276;2+3-Bedroom;555 000,00 €;232;Setubal;House
17277;4-Bedroom;559 000,00 €;201;Setubal;House
17278;3-Bedroom;560 000,00 €;268;Setubal;House
17279;3-Bedroom;560 000,00 €;166;Setubal;House
17280;3-Bedroom;560 000,00 €;166;Setubal;House
17281;3-Bedroom;560 000,00 €;178;Setubal;House
17282;3-Bedroom;560 000,00 €;298;Setubal;House
17283;4-Bedroom;560 000,00 €;311;Setubal;House
17284;3-Bedroom;560 000,00 €;107;Setubal;House
17285;3-Bedroom;565 000,00 €;398;Setubal;House
17286;3-Bedroom;568 000,00 €;163;Setubal;House
17287;3-Bedroom;569 000,00 €;405;Setubal;House
17288;5-Bedroom;569 000,00 €;237;Setubal;House
17289;4-Bedroom;570 000,00 €;265;Setubal;House
17290;4-Bedroom;570 000,00 €;265;Setubal;House
17291;5-Bedroom;570 000,00 €;228;Setubal;House
17292;5-Bedroom;570 000,00 €;294;Setubal;House
17293;3-Bedroom;570 000,00 €;166;Setubal;House
17294;3-Bedroom;570 000,00 €;158;Setubal;House
17295;3-Bedroom;570 000,00 €;164;Setubal;House
17296;3-Bedroom;570 000,00 €;164;Setubal;House
17297;4-Bedroom;570 000,00 €;174;Setubal;House
17298;3+1-Bedroom;570 000,00 €;263;Setubal;House
17299;5-Bedroom;570 000,00 €;245;Setubal;House
17300;5-Bedroom;570 000,00 €;250;Setubal;House
17301;3-Bedroom;570 000,00 €;114;Setubal;House
17302;4-Bedroom;570 000,00 €;213;Setubal;House
17303;4-Bedroom;575 000,00 €;230;Setubal;House
17304;4-Bedroom;575 000,00 €;230;Setubal;House
17305;4-Bedroom;575 000,00 €;230;Setubal;House
17306;1-Bedroom;575 000,00 €;131;Setubal;House
17307;4-Bedroom;575 000,00 €;285;Setubal;House
17308;4-Bedroom;575 000,00 €;180;Setubal;House
17309;2-Bedroom;575 000,00 €;123;Setubal;House
17310;4-Bedroom;575 000,00 €;230;Setubal;House
17311;4-Bedroom;575 000,00 €;229;Setubal;House
17312;4-Bedroom;575 000,00 €;230;Setubal;House
17313;Duplex;580 000,00 €;158;Setubal;House
17314;Duplex;580 000,00 €;221;Setubal;House
17315;5-Bedroom;580 000,00 €;250;Setubal;House
17316;3-Bedroom;580 000,00 €;147;Setubal;House
17317;4-Bedroom;585 000,00 €;273;Setubal;House
17318;4-Bedroom;585 000,00 €;319;Setubal;House
17319;3-Bedroom;585 000,00 €;200;Setubal;House
17320;4-Bedroom;585 000,00 €;242;Setubal;House
17321;Studio;586 100,00 €;443;Setubal;House
17322;4-Bedroom;589 000,00 €;195;Setubal;House
17323;4-Bedroom;589 000,00 €;200;Setubal;House
17324;4-Bedroom;590 000,00 €;310;Setubal;House
17325;Detached House;590 000,00 €;300;Setubal;House
17326;4-Bedroom;590 000,00 €;241;Setubal;House
17327;Detached House;590 000,00 €;300;Setubal;House
17328;2-Bedroom;590 000,00 €;112;Setubal;House
17329;Duplex;590 000,00 €;221;Setubal;House
17330;Duplex;590 000,00 €;221;Setubal;House
17331;Duplex;590 000,00 €;158;Setubal;House
17332;4-Bedroom;590 000,00 €;250;Setubal;House
17333;4-Bedroom;590 000,00 €;226;Setubal;House
17334;4-Bedroom;590 000,00 €;226;Setubal;House
17335;4-Bedroom;590 000,00 €;200;Setubal;House
17336;4-Bedroom;590 000,00 €;219;Setubal;House
17337;4-Bedroom;590 000,00 €;219;Setubal;House
17338;4-Bedroom;590 000,00 €;306;Setubal;House
17339;4-Bedroom;590 000,00 €;310;Setubal;House
17340;Apartment;594 000,00 €;178;Setubal;House
17341;3-Bedroom;595 000,00 €;297;Setubal;House
17342;5-Bedroom;595 000,00 €;215;Setubal;House
17343;3-Bedroom;595 000,00 €;297;Setubal;House
17344;1-Bedroom;595 000,00 €;153;Setubal;House
17345;3-Bedroom;595 000,00 €;120;Setubal;House
17346;3-Bedroom;595 000,00 €;91;Setubal;House
17347;5-Bedroom;595 000,00 €;225;Setubal;House
17348;2-Bedroom;595 000,00 €;166;Setubal;House
17349;4-Bedroom;595 000,00 €;213;Setubal;House
17350;3-Bedroom;595 000,00 €;324;Setubal;House
17351;3-Bedroom;595 000,00 €;150;Setubal;House
17352;Detached House;595 000,00 €;193;Setubal;House
17353;Detached House;595 000,00 €;142;Setubal;House
17354;3-Bedroom;595 000,00 €;180;Setubal;House
17355;2-Bedroom;595 000,00 €;121;Setubal;House
17356;3-Bedroom;595 000,00 €;166;Setubal;House
17357;4-Bedroom;598 000,00 €;192;Setubal;House
17358;5-Bedroom;599 000,00 €;176;Setubal;House
17359;1-Bedroom;599 000,00 €;113;Setubal;House
17360;4-Bedroom;599 500,00 €;305;Setubal;House
17361;4-Bedroom;600 000,00 €;198;Setubal;House
17362;4-Bedroom;600 000,00 €;215;Setubal;House
17363;5-Bedroom;600 000,00 €;215;Setubal;House
17364;5-Bedroom;600 000,00 €;215;Setubal;House
17365;4-Bedroom;600 000,00 €;420;Setubal;House
17366;3-Bedroom;600 000,00 €;278;Setubal;House
17367;Country Estate;600 000,00 €;79;Setubal;House
17368;Country Estate;600 000,00 €;500;Setubal;House
17369;Farmhouse;600 000,00 €;34.500;Setubal;House
17370;4-Bedroom;600 000,00 €;165;Setubal;House
17371;Studio;600 000,00 €;70;Setubal;House
17372;4-Bedroom;600 000,00 €;177;Setubal;House
17373;4-Bedroom;600 000,00 €;274;Setubal;House
17374;Studio;600 000,00 €;155;Setubal;House
17375;Detached House;600 000,00 €;231;Setubal;House
17376;4-Bedroom;600 000,00 €;215;Setubal;House
17377;4-Bedroom;600 000,00 €;198;Setubal;House
17378;3-Bedroom;603 000,00 €;161;Setubal;House
17379;3-Bedroom;605 000,00 €;287;Setubal;House
17380;3-Bedroom;609 000,00 €;161;Setubal;House
17381;3-Bedroom;610 000,00 €;250;Setubal;House
17382;2-Bedroom;610 000,00 €;110;Setubal;House
17383;1-Bedroom;615 000,00 €;173;Setubal;House
17384;4-Bedroom;615 000,00 €;192;Setubal;House
17385;3-Bedroom;615 000,00 €;250;Setubal;House
17386;3-Bedroom;617 500,00 €;250;Setubal;House
17387;3-Bedroom;620 000,00 €;175;Setubal;House
17388;1-Bedroom;620 000,00 €;164;Setubal;House
17389;1-Bedroom;620 000,00 €;164;Setubal;House
17390;3-Bedroom;620 000,00 €;250;Setubal;House
17391;3-Bedroom;620 000,00 €;148;Setubal;House
17392;3-Bedroom;620 000,00 €;160;Setubal;House
17393;3-Bedroom;620 000,00 €;143;Setubal;House
17394;3-Bedroom;620 000,00 €;160;Setubal;House
17395;4-Bedroom;620 000,00 €;130;Setubal;House
17396;Farmhouse;625 000,00 €;441;Setubal;House
17397;2-Bedroom;625 000,00 €;137;Setubal;House
17398;3-Bedroom;630 000,00 €;250;Setubal;House
17399;T16;630 000,00 €;622;Setubal;House
17400;T16;630 000,00 €;337;Setubal;House
17401;Detached House;630 000,00 €;593;Setubal;House
17402;3-Bedroom;630 000,00 €;191;Setubal;House
17403;5-Bedroom;635 000,00 €;395;Setubal;House
17404;3-Bedroom;635 000,00 €;230;Setubal;House
17405;2+1-Bedroom;638 000,00 €;138;Setubal;House
17406;4-Bedroom;640 000,00 €;343;Setubal;House
17407;4-Bedroom;640 000,00 €;145;Setubal;House
17408;4-Bedroom;640 000,00 €;494;Setubal;House
17409;3-Bedroom;643 000,00 €;149;Setubal;House
17410;3-Bedroom;644 800,00 €;144;Setubal;House
17411;5-Bedroom;645 000,00 €;350;Setubal;House
17412;3+2-Bedroom;645 000,00 €;350;Setubal;House
17413;5-Bedroom;645 000,00 €;350;Setubal;House
17414;3-Bedroom;645 000,00 €;252;Setubal;House
17415;5-Bedroom;645 000,00 €;350;Setubal;House
17416;3+2-Bedroom;645 000,00 €;350;Setubal;House
17417;4-Bedroom;645 000,00 €;350;Setubal;House
17418;3-Bedroom;645 000,00 €;250;Setubal;House
17419;3-Bedroom;645 000,00 €;225;Setubal;House
17420;3-Bedroom;645 000,00 €;225;Setubal;House
17421;3-Bedroom;647 500,00 €;250;Setubal;House
17422;Detached House;649 000,00 €;193;Setubal;House
17423;4-Bedroom;650 000,00 €;354;Setubal;House
17424;Studio;650 000,00 €;372;Setubal;House
17425;4-Bedroom;650 000,00 €;391;Setubal;House
17426;3-Bedroom;650 000,00 €;353;Setubal;House
17427;4-Bedroom;650 000,00 €;175;Setubal;House
17428;8-Bedroom;650 000,00 €;356;Setubal;House
17429;3-Bedroom;650 000,00 €;226;Setubal;House
17430;4-Bedroom;650 000,00 €;391;Setubal;House
17431;4-Bedroom;650 000,00 €;175;Setubal;House
17432;4-Bedroom;650 000,00 €;243;Setubal;House
17433;4-Bedroom;650 000,00 €;90;Setubal;House
17434;6-Bedroom;650 000,00 €;390;Setubal;House
17435;4-Bedroom;650 000,00 €;175;Setubal;House
17436;5-Bedroom;650 000,00 €;229;Setubal;House
17437;3-Bedroom;650 000,00 €;210;Setubal;House
17438;3-Bedroom;650 000,00 €;152;Setubal;House
17439;2-Bedroom;650 000,00 €;134;Setubal;House
17440;4-Bedroom;650 000,00 €;257;Setubal;House
17441;Detached House;650 000,00 €;260;Setubal;House
17442;4-Bedroom;650 000,00 €;257;Setubal;House
17443;2-Bedroom;650 000,00 €;132;Setubal;House
17444;4+1-Bedroom;650 000,00 €;301;Setubal;House
17445;2-Bedroom;650 000,00 €;152;Setubal;House
17446;4-Bedroom;650 000,00 €;175;Setubal;House
17447;3-Bedroom;650 000,00 €;250;Setubal;House
17448;4-Bedroom;650 000,00 €;190;Setubal;House
17449;4-Bedroom;650 000,00 €;354;Setubal;House
17450;3-Bedroom;655 000,00 €;250;Setubal;House
17451;3-Bedroom;655 000,00 €;165;Setubal;House
17452;4-Bedroom;660 000,00 €;187;Setubal;House
17453;5-Bedroom;660 000,00 €;297;Setubal;House
17454;4-Bedroom;660 000,00 €;206;Setubal;House
17455;3-Bedroom;660 000,00 €;207;Setubal;House
17456;4-Bedroom;660 000,00 €;250;Setubal;House
17457;4+2-Bedroom;665 000,00 €;243;Setubal;House
17458;4-Bedroom;665 000,00 €;216;Setubal;House
17459;3-Bedroom;670 000,00 €;260;Setubal;House
17460;3-Bedroom;670 000,00 €;190;Setubal;House
17461;3-Bedroom;670 000,00 €;260;Setubal;House
17462;3-Bedroom;673 000,00 €;167;Setubal;House
17463;2-Bedroom;675 000,00 €;220;Setubal;House
17464;3-Bedroom;675 000,00 €;162;Setubal;House
17465;2-Bedroom;675 000,00 €;145;Setubal;House
17466;2-Bedroom;675 000,00 €;249;Setubal;House
17467;2-Bedroom;675 000,00 €;169;Setubal;House
17468;2-Bedroom;675 000,00 €;143;Setubal;House
17469;4-Bedroom;675 000,00 €;255;Setubal;House
17470;2-Bedroom;675 000,00 €;104;Setubal;House
17471;2-Bedroom;678 000,00 €;236;Setubal;House
17472;4-Bedroom;680 000,00 €;324;Setubal;House
17473;5-Bedroom;680 000,00 €;482;Setubal;House
17474;1-Bedroom;680 000,00 €;141;Setubal;House
17475;4-Bedroom;685 000,00 €;157;Setubal;House
17476;2-Bedroom;685 000,00 €;160;Setubal;House
17477;5-Bedroom;685 000,00 €;224;Setubal;House
17478;4-Bedroom;685 000,00 €;226;Setubal;House
17479;4-Bedroom;685 000,00 €;226;Setubal;House
17480;3+1-Bedroom;685 000,00 €;250;Setubal;House
17481;4-Bedroom;685 000,00 €;266;Setubal;House
17482;4-Bedroom;685 000,00 €;278;Setubal;House
17483;4-Bedroom;685 000,00 €;182;Setubal;House
17484;4-Bedroom;685 000,00 €;224;Setubal;House
17485;3-Bedroom;687 000,00 €;222;Setubal;House
17486;3-Bedroom;687 000,00 €;222;Setubal;House
17487;Detached House;687 500,00 €;276;Setubal;House
17488;Detached House;687 500,00 €;262;Setubal;House
17489;3-Bedroom;690 000,00 €;235;Setubal;House
17490;4-Bedroom;690 000,00 €;99;Setubal;House
17491;4-Bedroom;690 000,00 €;286;Setubal;House
17492;Farmhouse;690 000,00 €;99;Setubal;House
17493;3+1-Bedroom;690 000,00 €;203;Setubal;House
17494;4-Bedroom;690 000,00 €;210;Setubal;House
17495;4-Bedroom;690 000,00 €;220;Setubal;House
17496;4-Bedroom;690 000,00 €;300;Setubal;House
17497;4-Bedroom;690 000,00 €;300;Setubal;House
17498;3+1-Bedroom;690 000,00 €;203;Setubal;House
17499;4-Bedroom;690 000,00 €;127;Setubal;House
17500;2-Bedroom;690 000,00 €;123;Setubal;House
17501;Detached House;690 000,00 €;554;Setubal;House
17502;3+1-Bedroom;690 000,00 €;571;Setubal;House
17503;2-Bedroom;690 000,00 €;143;Setubal;House
17504;3-Bedroom;690 000,00 €;190;Setubal;House
17505;Detached House;690 000,00 €;257;Setubal;House
17506;4-Bedroom;690 000,00 €;199;Setubal;House
17507;5-Bedroom;695 000,00 €;287;Setubal;House
17508;5-Bedroom;695 000,00 €;287;Setubal;House
17509;4-Bedroom;695 000,00 €;200;Setubal;House
17510;4-Bedroom;695 000,00 €;220;Setubal;House
17511;4-Bedroom;695 000,00 €;226;Setubal;House
17512;4-Bedroom;695 000,00 €;266;Setubal;House
17513;10-Bedroom;695 000,00 €;280;Setubal;House
17514;4-Bedroom;695 000,00 €;279;Setubal;House
17515;4-Bedroom;695 000,00 €;226;Setubal;House
17516;Detached House;696 000,00 €;250;Setubal;House
17517;Detached House;697 500,00 €;262;Setubal;House
17518;3-Bedroom;699 000,00 €;130;Setubal;House
17519;4-Bedroom;699 000,00 €;220;Setubal;House
17520;4-Bedroom;699 000,00 €;180;Setubal;House
17521;6-Bedroom;699 990,00 €;330;Setubal;House
17522;2-Bedroom;700 000,00 €;173;Setubal;House
17523;2-Bedroom;700 000,00 €;173;Setubal;House
17524;4-Bedroom;700 000,00 €;294;Setubal;House
17525;2-Bedroom;700 000,00 €;156;Setubal;House
17526;4-Bedroom;700 000,00 €;202;Setubal;House
17527;2-Bedroom;700 000,00 €;119;Setubal;House
17528;4-Bedroom;700 000,00 €;200;Setubal;House
17529;4-Bedroom;700 000,00 €;166;Setubal;House
17530;4-Bedroom;700 000,00 €;70;Setubal;House
17531;3-Bedroom;700 000,00 €;50;Setubal;House
17532;4-Bedroom;700 000,00 €;294;Setubal;House
17533;4-Bedroom;715 000,00 €;212;Setubal;House
17534;4-Bedroom;720 000,00 €;171;Setubal;House
17535;1+2-Bedroom;720 000,00 €;141;Setubal;House
17536;3-Bedroom;720 000,00 €;166;Setubal;House
17537;3-Bedroom;724 000,00 €;180;Setubal;House
17538;4-Bedroom;725 000,00 €;342;Setubal;House
17539;Detached House;725 000,00 €;247;Setubal;House
17540;2-Bedroom;725 000,00 €;180;Setubal;House
17541;4-Bedroom;725 000,00 €;306;Setubal;House
17542;4-Bedroom;725 000,00 €;226;Setubal;House
17543;4-Bedroom;725 000,00 €;333;Setubal;House
17544;4-Bedroom;725 000,00 €;226;Setubal;House
17545;4-Bedroom;725 000,00 €;226;Setubal;House
17546;4-Bedroom;725 000,00 €;262;Setubal;House
17547;Detached House;725 000,00 €;224;Setubal;House
17548;3+1-Bedroom;725 000,00 €;250;Setubal;House
17549;4-Bedroom;725 000,00 €;226;Setubal;House
17550;5-Bedroom;730 000,00 €;469;Setubal;House
17551;4-Bedroom;730 000,00 €;220;Setubal;House
17552;Detached House;730 000,00 €;283;Setubal;House
17553;5-Bedroom;730 000,00 €;205;Setubal;House
17554;5-Bedroom;730 000,00 €;469;Setubal;House
17555;3-Bedroom;740 000,00 €;159;Setubal;House
17556;3-Bedroom;740 000,00 €;180;Setubal;House
17557;4-Bedroom;740 000,00 €;294;Setubal;House
17558;3-Bedroom;745 000,00 €;260;Setubal;House
17559;3-Bedroom;745 000,00 €;254;Setubal;House
17560;Apartment;745 000,00 €;182;Setubal;House
17561;4-Bedroom;745 000,00 €;241;Setubal;House
17562;3-Bedroom;745 000,00 €;142;Setubal;House
17563;4-Bedroom;748 000,00 €;228;Setubal;House
17564;4-Bedroom;749 900,00 €;389;Setubal;House
17565;4-Bedroom;749 900,00 €;389;Setubal;House
17566;3-Bedroom;750 000,00 €;329;Setubal;House
17567;4-Bedroom;750 000,00 €;273;Setubal;House
17568;4-Bedroom;750 000,00 €;225;Setubal;House
17569;4-Bedroom;750 000,00 €;200;Setubal;House
17570;Detached House;750 000,00 €;221;Setubal;House
17571;5-Bedroom;750 000,00 €;214;Setubal;House
17572;4-Bedroom;750 000,00 €;200;Setubal;House
17573;3-Bedroom;750 000,00 €;271;Setubal;House
17574;4-Bedroom;750 000,00 €;212;Setubal;House
17575;4-Bedroom;750 000,00 €;203;Setubal;House
17576;4-Bedroom;750 000,00 €;203;Setubal;House
17577;4-Bedroom;750 000,00 €;320;Setubal;House
17578;5-Bedroom;750 000,00 €;240;Setubal;House
17579;4-Bedroom;750 000,00 €;263;Setubal;House
17580;4-Bedroom;750 000,00 €;213;Setubal;House
17581;3-Bedroom;750 000,00 €;195;Setubal;House
17582;3-Bedroom;750 000,00 €;160;Setubal;House
17583;3-Bedroom;750 000,00 €;150;Setubal;House
17584;1-Bedroom;750 000,00 €;69;Setubal;House
17585;Detached House;750 000,00 €;723;Setubal;House
17586;4-Bedroom;750 000,00 €;178;Setubal;House
17587;4-Bedroom;750 000,00 €;251;Setubal;House
17588;6-Bedroom;750 000,00 €;396;Setubal;House
17589;4-Bedroom;750 000,00 €;251;Setubal;House
17590;3-Bedroom;750 000,00 €;209;Setubal;House
17591;4-Bedroom;750 000,00 €;150;Setubal;House
17592;4+2-Bedroom;750 000,00 €;215;Setubal;House
17593;3-Bedroom;750 000,00 €;147;Setubal;House
17594;1-Bedroom;750 000,00 €;200;Setubal;House
17595;4-Bedroom;750 000,00 €;190;Setubal;House
17596;4-Bedroom;750 000,00 €;175;Setubal;House
17597;4-Bedroom;750 000,00 €;215;Setubal;House
17598;Apartment;759 000,00 €;210;Setubal;House
17599;5-Bedroom;759 000,00 €;269;Setubal;House
17600;4-Bedroom;760 000,00 €;202;Setubal;House
17601;4-Bedroom;760 000,00 €;202;Setubal;House
17602;4-Bedroom;760 000,00 €;253;Setubal;House
17603;4-Bedroom;760 000,00 €;253;Setubal;House
17604;3-Bedroom;760 000,00 €;489;Setubal;House
17605;2-Bedroom;765 000,00 €;196;Setubal;House
17606;4-Bedroom;770 000,00 €;284;Setubal;House
17607;Detached House;770 000,00 €;283;Setubal;House
17608;Detached House;770 000,00 €;283;Setubal;House
17609;4-Bedroom;770 000,00 €;510;Setubal;House
17610;4-Bedroom;770 000,00 €;510;Setubal;House
17611;4-Bedroom;780 000,00 €;302;Setubal;House
17612;4-Bedroom;780 000,00 €;321;Setubal;House
17613;4-Bedroom;780 000,00 €;383;Setubal;House
17614;4-Bedroom;780 000,00 €;235;Setubal;House
17615;4-Bedroom;780 000,00 €;224;Setubal;House
17616;4-Bedroom;780 000,00 €;235;Setubal;House
17617;2-Bedroom;780 000,00 €;100;Setubal;House
17618;4-Bedroom;780 000,00 €;300;Setubal;House
17619;3-Bedroom;780 000,00 €;137;Setubal;House
17620;4-Bedroom;780 000,00 €;226;Setubal;House
17621;3-Bedroom;780 000,00 €;140;Setubal;House
17622;4-Bedroom;780 000,00 €;300;Setubal;House
17623;4-Bedroom;780 000,00 €;302;Setubal;House
17624;4-Bedroom;780 000,00 €;321;Setubal;House
17625;4-Bedroom;790 000,00 €;360;Setubal;House
17626;3-Bedroom;790 000,00 €;200;Setubal;House
17627;4-Bedroom;790 000,00 €;177;Setubal;House
17628;4-Bedroom;790 000,00 €;260;Setubal;House
17629;3-Bedroom;790 000,00 €;169;Setubal;House
17630;4-Bedroom;795 000,00 €;160;Setubal;House
17631;5-Bedroom;795 000,00 €;416;Setubal;House
17632;3-Bedroom;795 000,00 €;143;Setubal;House
17633;2-Bedroom;798 000,00 €;135;Setubal;House
17634;2-Bedroom;798 000,00 €;137;Setubal;House
17635;5-Bedroom;799 000,00 €;276;Setubal;House
17636;4-Bedroom;799 000,00 €;280;Setubal;House
17637;4-Bedroom;800 000,00 €;232;Setubal;House
17638;Detached House;800 000,00 €;474;Setubal;House
17639;3-Bedroom;800 000,00 €;277;Setubal;House
17640;3-Bedroom;800 000,00 €;277;Setubal;House
17641;4-Bedroom;800 000,00 €;247;Setubal;House
17642;3-Bedroom;808 000,00 €;160;Setubal;House
17643;4-Bedroom;810 000,00 €;272;Setubal;House
17644;3-Bedroom;815 000,00 €;170;Setubal;House
17645;4-Bedroom;819 000,00 €;179;Setubal;House
17646;4-Bedroom;819 000,00 €;177;Setubal;House
17647;Estate;820 000,00 €;500;Setubal;House
17648;3-Bedroom;830 000,00 €;137;Setubal;House
17649;3-Bedroom;830 000,00 €;215;Setubal;House
17650;2-Bedroom;840 000,00 €;126;Setubal;House
17651;5-Bedroom;840 000,00 €;247;Setubal;House
17652;4-Bedroom;840 000,00 €;222;Setubal;House
17653;4-Bedroom;849 000,00 €;205;Setubal;House
17654;3-Bedroom;849 000,00 €;270;Setubal;House
17655;6-Bedroom;850 000,00 €;248;Setubal;House
17656;4-Bedroom;850 000,00 €;236;Setubal;House
17657;Detached House;850 000,00 €;330;Setubal;House
17658;4-Bedroom;850 000,00 €;249;Setubal;House
17659;4-Bedroom;850 000,00 €;210;Setubal;House
17660;4-Bedroom;850 000,00 €;315;Setubal;House
17661;6-Bedroom;850 000,00 €;249;Setubal;House
17662;3-Bedroom;850 000,00 €;244;Setubal;House
17663;4-Bedroom;850 000,00 €;315;Setubal;House
17664;4-Bedroom;850 000,00 €;250;Setubal;House
17665;3-Bedroom;852 000,00 €;191;Setubal;House
17666;3-Bedroom;858 000,00 €;273;Setubal;House
17667;2-Bedroom;860 000,00 €;190;Setubal;House
17668;3-Bedroom;875 000,00 €;153;Setubal;House
17669;Detached House;875 000,00 €;264;Setubal;House
17670;Detached House;875 000,00 €;264;Setubal;House
17671;4+1-Bedroom;880 000,00 €;302;Setubal;House
17672;4-Bedroom;885 000,00 €;250;Setubal;House
17673;5-Bedroom;890 000,00 €;330;Setubal;House
17674;3-Bedroom;890 000,00 €;203;Setubal;House
17675;4-Bedroom;890 000,00 €;267;Setubal;House
17676;2-Bedroom;890 000,00 €;73;Setubal;House
17677;6-Bedroom;890 000,00 €;172;Setubal;House
17678;4-Bedroom;890 000,00 €;346;Setubal;House
17679;2-Bedroom;890 000,00 €;500;Setubal;House
17680;6-Bedroom;890 000,00 €;142;Setubal;House
17681;3-Bedroom;895 000,00 €;283;Setubal;House
17682;4-Bedroom;900 000,00 €;528;Setubal;House
17683;4-Bedroom;900 000,00 €;528;Setubal;House
17684;4-Bedroom;900 000,00 €;171;Setubal;House
17685;4-Bedroom;900 000,00 €;156;Setubal;House
17686;4-Bedroom;900 000,00 €;432;Setubal;House
17687;5-Bedroom;900 000,00 €;340;Setubal;House
17688;4-Bedroom;900 000,00 €;198;Setubal;House
17689;5-Bedroom;900 000,00 €;750;Setubal;House
17690;4-Bedroom;910 000,00 €;235;Setubal;House
17691;3-Bedroom;913 000,00 €;243;Setubal;House
17692;3-Bedroom;930 000,00 €;243;Setubal;House
17693;4-Bedroom;930 000,00 €;299;Setubal;House
17694;3-Bedroom;930 000,00 €;243;Setubal;House
17695;5-Bedroom;940 000,00 €;254;Setubal;House
17696;3-Bedroom;950 000,00 €;205;Setubal;House
17697;4-Bedroom;950 000,00 €;144;Setubal;House
17698;4-Bedroom;950 000,00 €;150;Setubal;House
17699;4-Bedroom;950 000,00 €;287;Setubal;House
17700;10-Bedroom;950 000,00 €;300;Setubal;House
17701;3-Bedroom;955 000,00 €;243;Setubal;House
17702;3-Bedroom;955 000,00 €;243;Setubal;House
17703;5-Bedroom;960 000,00 €;500;Setubal;House
17704;5-Bedroom;960 000,00 €;500;Setubal;House
17705;Detached House;975 000,00 €;356;Setubal;House
17706;3-Bedroom;975 000,00 €;74;Setubal;House
17707;Farmhouse;980 000,00 €;143;Setubal;House
17708;2-Bedroom;980 000,00 €;45;Setubal;House
17709;4-Bedroom;980 000,00 €;310;Setubal;House
17710;4-Bedroom;980 000,00 €;220;Setubal;House
17711;5-Bedroom;985 000,00 €;230;Setubal;House
17712;3-Bedroom;990 000,00 €;2.163;Setubal;House
17713;3-Bedroom;990 000,00 €;209;Setubal;House
17714;4-Bedroom;990 000,00 €;638;Setubal;House
17715;5-Bedroom;990 000,00 €;280;Setubal;House
17716;5-Bedroom;990 000,00 €;281;Setubal;House
17717;3-Bedroom;990 000,00 €;243;Setubal;House
17718;5-Bedroom;990 000,00 €;281;Setubal;House
17719;5-Bedroom;990 000,00 €;277;Setubal;House
17720;6-Bedroom;990 000,00 €;234;Setubal;House
17721;5-Bedroom;990 000,00 €;231;Setubal;House
17722;5-Bedroom;990 000,00 €;277;Setubal;House
17723;4-Bedroom;995 000,00 €;1.125;Setubal;House
17724;5-Bedroom;998 000,00 €;436;Setubal;House
17725;5-Bedroom;998 000,00 €;436;Setubal;House
17726;4-Bedroom;999 999,00 €;200;Setubal;House
17727;4-Bedroom;999 999,00 €;200;Setubal;House
17728;4-Bedroom;1 000 000,00 €;200;Setubal;House
17729;3-Bedroom;1 000 000,00 €;180;Setubal;House
17730;4-Bedroom;1 000 000,00 €;199;Setubal;House
17731;Detached House;1 000 000,00 €;251;Setubal;House
17732;4-Bedroom;1 000 000,00 €;200;Setubal;House
17733;6-Bedroom;1 000 000,00 €;300;Setubal;House
17734;4-Bedroom;1 000 000,00 €;200;Setubal;House
17735;4+2-Bedroom;1 050 000,00 €;456;Setubal;House
17736;1-Bedroom;1 050 000,00 €;134;Setubal;House
17737;5-Bedroom;1 050 000,00 €;312;Setubal;House
17738;3-Bedroom;1 050 000,00 €;255;Setubal;House
17739;3-Bedroom;1 055 000,00 €;270;Setubal;House
17740;3-Bedroom;1 055 000,00 €;269;Setubal;House
17741;3-Bedroom;1 055 000,00 €;271;Setubal;House
17742;3-Bedroom;1 055 000,00 €;272;Setubal;House
17743;3-Bedroom;1 055 000,00 €;272;Setubal;House
17744;4-Bedroom;1 090 000,00 €;216;Setubal;House
17745;Detached House;1 100 000,00 €;160;Setubal;House
17746;5-Bedroom;1 100 000,00 €;268;Setubal;House
17747;3-Bedroom;1 150 000,00 €;139;Setubal;House
17748;6-Bedroom;1 150 000,00 €;400;Setubal;House
17749;3-Bedroom;1 180 000,00 €;297;Setubal;House
17750;4-Bedroom;1 195 000,00 €;381;Setubal;House
17751;4-Bedroom;1 195 000,00 €;323;Setubal;House
17752;4-Bedroom;1 195 000,00 €;382;Setubal;House
17753;4-Bedroom;1 195 000,00 €;379;Setubal;House
17754;Detached House;1 200 000,00 €;170;Setubal;House
17755;Farmhouse;1 200 000,00 €;389;Setubal;House
17756;7-Bedroom;1 200 000,00 €;318;Setubal;House
17757;2-Bedroom;1 200 000,00 €;85;Setubal;House
17758;6-Bedroom;1 200 000,00 €;700;Setubal;House
17759;3-Bedroom;1 250 000,00 €;123;Setubal;House
17760;6-Bedroom;1 270 000,00 €;440;Setubal;House
17761;6-Bedroom;1 280 000,00 €;364;Setubal;House
17762;4-Bedroom;1 285 000,00 €;450;Setubal;House
17763;5-Bedroom;1 300 000,00 €;352;Setubal;House
17764;T20;1 300 000,00 €;37.750;Setubal;House
17765;4-Bedroom;1 300 000,00 €;393;Setubal;House
17766;4-Bedroom;1 300 000,00 €;386;Setubal;House
17767;4-Bedroom;1 300 000,00 €;393;Setubal;House
17768;4-Bedroom;1 300 000,00 €;390;Setubal;House
17769;4-Bedroom;1 300 000,00 €;390;Setubal;House
17770;4-Bedroom;1 320 000,00 €;367;Setubal;House
17771;3+1-Bedroom;1 320 000,00 €;367;Setubal;House
17772;5-Bedroom;1 350 000,00 €;250;Setubal;House
17773;4+1-Bedroom;1 350 000,00 €;480;Setubal;House
17774;3-Bedroom;1 350 000,00 €;148;Setubal;House
17775;4-Bedroom;1 350 000,00 €;338;Setubal;House
17776;5-Bedroom;1 350 000,00 €;275;Setubal;House
17777;4-Bedroom;1 350 000,00 €;480;Setubal;House
17778;6-Bedroom;1 350 000,00 €;370;Setubal;House
17779;3-Bedroom;1 350 000,00 €;100;Setubal;House
17780;4-Bedroom;1 390 000,00 €;361;Setubal;House
17781;4-Bedroom;1 400 000,00 €;223;Setubal;House
17782;9-Bedroom;1 400 000,00 €;582;Setubal;House
17783;4-Bedroom;1 400 000,00 €;177;Setubal;House
17784;7-Bedroom;1 400 000,00 €;703;Setubal;House
17785;10-Bedroom;1 450 000,00 €;360;Setubal;House
17786;7-Bedroom;1 475 000,00 €;541;Setubal;House
17787;3-Bedroom;1 475 000,00 €;357;Setubal;House
17788;7-Bedroom;1 480 000,00 €;700;Setubal;House
17789;7-Bedroom;1 480 000,00 €;700;Setubal;House
17790;4-Bedroom;1 490 000,00 €;149;Setubal;House
17791;6-Bedroom;1 490 000,00 €;265;Setubal;House
17792;3-Bedroom;1 490 000,00 €;260;Setubal;House
17793;3-Bedroom;1 490 000,00 €;260;Setubal;House
17794;Country Estate;1 500 000,00 €;164;Setubal;House
17795;1-Bedroom;1 500 000,00 €;109;Setubal;House
17796;3-Bedroom;1 500 000,00 €;129;Setubal;House
17797;5-Bedroom;1 550 000,00 €;247;Setubal;House
17798;6-Bedroom;1 590 000,00 €;350;Setubal;House
17799;5-Bedroom;1 590 000,00 €;350;Setubal;House
17800;6-Bedroom;1 590 000,00 €;350;Setubal;House
17801;4-Bedroom;1 600 000,00 €;229;Setubal;House
17802;3-Bedroom;1 600 000,00 €;105;Setubal;House
17803;Farmhouse;1 600 000,00 €;386;Setubal;House
17804;4-Bedroom;1 600 000,00 €;229;Setubal;House
17805;4-Bedroom;1 600 000,00 €;223;Setubal;House
17806;5-Bedroom;1 610 000,00 €;845;Setubal;House
17807;5-Bedroom;1 610 000,00 €;900;Setubal;House
17808;5-Bedroom;1 610 000,00 €;845;Setubal;House
17809;5-Bedroom;1 649 000,00 €;226;Setubal;House
17810;8-Bedroom;1 700 000,00 €;500;Setubal;House
17811;5-Bedroom;1 750 000,00 €;489;Setubal;House
17812;5-Bedroom;1 790 000,00 €;171;Setubal;House
17813;5-Bedroom;1 800 000,00 €;344;Setubal;House
17814;Detached House;1 800 000,00 €;337;Setubal;House
17815;10-Bedroom;1 850 000,00 €;518;Setubal;House
17816;4-Bedroom;1 850 000,00 €;381;Setubal;House
17817;7-Bedroom;1 850 000,00 €;400;Setubal;House
17818;5-Bedroom;1 850 000,00 €;325;Setubal;House
17819;10-Bedroom;1 850 000,00 €;519;Setubal;House
17820;3-Bedroom;1 900 000,00 €;142;Setubal;House
17821;4-Bedroom;1 900 000,00 €;141;Setubal;House
17822;2-Bedroom;1 940 000,00 €;500;Setubal;House
17823;5-Bedroom;1 950 000,00 €;388;Setubal;House
17824;4-Bedroom;1 970 000,00 €;255;Setubal;House
17825;4-Bedroom;1 980 000,00 €;220;Setubal;House
17826;6-Bedroom;1 980 000,00 €;350;Setubal;House
17827;6-Bedroom;1 980 000,00 €;350;Setubal;House
17828;5-Bedroom;1 980 000,00 €;Terreno 1.624;Setubal;House
17829;4-Bedroom;1 990 000,00 €;263;Setubal;House
17830;4-Bedroom;1 990 000,00 €;245;Setubal;House
17831;4-Bedroom;1 990 000,00 €;315;Setubal;House
17832;4-Bedroom;1 990 000,00 €;360;Setubal;House
17833;4-Bedroom;1 990 000,00 €;245;Setubal;House
17834;4-Bedroom;1 990 000,00 €;245;Setubal;House
17835;4-Bedroom;1 990 000,00 €;299;Setubal;House
17836;4-Bedroom;1 990 000,00 €;245;Setubal;House
17837;4-Bedroom;1 990 000,00 €;360;Setubal;House
17838;4-Bedroom;1 990 000,00 €;245;Setubal;House
17839;4-Bedroom;1 990 000,00 €;245;Setubal;House
17840;3-Bedroom;1 990 000,00 €;245;Setubal;House
17841;4-Bedroom;1 990 000,00 €;245;Setubal;House
17842;4-Bedroom;1 990 000,00 €;245;Setubal;House
17843;4-Bedroom;1 990 000,00 €;310;Setubal;House
17844;4-Bedroom;1 990 000,00 €;245;Setubal;House
17845;4-Bedroom;1 990 000,00 €;245;Setubal;House
17846;3-Bedroom;1 990 000,00 €;245;Setubal;House
17847;4-Bedroom;1 990 000,00 €;263;Setubal;House
17848;4-Bedroom;2 000 000,00 €;70;Setubal;House
17849;3-Bedroom;2 000 000,00 €;121;Setubal;House
17850;T39;2 000 000,00 €;2.910;Setubal;House
17851;3-Bedroom;2 100 000,00 €;200;Setubal;House
17852;6-Bedroom;2 150 000,00 €;631;Setubal;House
17853;5-Bedroom;2 190 000,00 €;251;Setubal;House
17854;Detached House;2 200 000,00 €;604;Setubal;House
17855;4-Bedroom;2 200 000,00 €;491;Setubal;House
17856;2-Bedroom;2 280 000,00 €;105;Setubal;House
17857;4-Bedroom;2 290 000,00 €;493;Setubal;House
17858;7-Bedroom;2 300 000,00 €;400;Setubal;House
17859;3-Bedroom;2 300 000,00 €;589;Setubal;House
17860;4-Bedroom;2 300 000,00 €;213;Setubal;House
17861;5-Bedroom;2 400 000,00 €;455;Setubal;House
17862;7-Bedroom;2 450 000,00 €;1.000;Setubal;House
17863;8-Bedroom;2 450 000,00 €;809;Setubal;House
17864;7-Bedroom;2 450 000,00 €;810;Setubal;House
17865;8-Bedroom;2 500 000,00 €;546;Setubal;House
17866;8-Bedroom;2 500 000,00 €;550;Setubal;House
17867;Detached House;2 500 000,00 €;277;Setubal;House
17868;5-Bedroom;2 500 000,00 €;180;Setubal;House
17869;3-Bedroom;2 500 000,00 €;500;Setubal;House
17870;5-Bedroom;2 500 000,00 €;226;Setubal;House
17871;Farmhouse;2 649 000,00 €;282;Setubal;House
17872;4-Bedroom;2 650 000,00 €;282;Setubal;House
17873;Detached House;2 690 000,00 €;231;Setubal;House
17874;4-Bedroom;2 700 000,00 €;360;Setubal;House
17875;5-Bedroom;2 750 000,00 €;390;Setubal;House
17876;Detached House;2 800 000,00 €;530;Setubal;House
17877;11-Bedroom;2 850 000,00 €;764;Setubal;House
17878;5-Bedroom;2 890 000,00 €;628;Setubal;House
17879;5+2-Bedroom;2 890 000,00 €;674;Setubal;House
17880;5-Bedroom;2 890 000,00 €;360;Setubal;House
17881;4-Bedroom;2 900 000,00 €;500;Setubal;House
17882;5-Bedroom;2 900 000,00 €;324;Setubal;House
17883;5-Bedroom;2 950 000,00 €;464;Setubal;House
17884;4+1-Bedroom;2 950 000,00 €;405;Setubal;House
17885;5-Bedroom;2 950 000,00 €;464;Setubal;House
17886;4-Bedroom;2 950 000,00 €;371;Setubal;House
17887;8-Bedroom;3 100 000,00 €;500;Setubal;House
17888;8-Bedroom;3 100 000,00 €;500;Setubal;House
17889;T15;3 150 000,00 €;787;Setubal;House
17890;6-Bedroom;3 150 000,00 €;720;Setubal;House
17891;4-Bedroom;3 200 000,00 €;426;Setubal;House
17892;5-Bedroom;3 200 000,00 €;450;Setubal;House
17893;4-Bedroom;3 200 000,00 €;255;Setubal;House
17894;6-Bedroom;3 250 000,00 €;520;Setubal;House
17895;Detached House;3 500 000,00 €;390;Setubal;House
17896;8-Bedroom;3 500 000,00 €;1.059;Setubal;House
17897;6-Bedroom;3 500 000,00 €;216;Setubal;House
17898;4-Bedroom;3 750 000,00 €;395;Setubal;House
17899;4-Bedroom;3 750 000,00 €;394;Setubal;House
17900;4-Bedroom;3 750 000,00 €;394;Setubal;House
17901;5-Bedroom;3 850 000,00 €;307;Setubal;House
17902;13-Bedroom;4 200 000,00 €;800;Setubal;House
17903;4-Bedroom;4 500 000,00 €;610;Setubal;House
17904;Farmhouse;4 500 000,00 €;110;Setubal;House
17905;6-Bedroom;4 800 000,00 €;615;Setubal;House
17906;6-Bedroom;4 850 000,00 €;1.200;Setubal;House
17907;6-Bedroom;4 850 000,00 €;1.200;Setubal;House
17908;6-Bedroom;4 950 000,00 €;382;Setubal;House
17909;T20;5 000 000,00 €;10.000;Setubal;House
17910;6-Bedroom;5 490 000,00 €;601;Setubal;House
17911;6-Bedroom;5 490 000,00 €;650;Setubal;House
17912;6-Bedroom;5 500 000,00 €;929;Setubal;House
17913;Farmhouse;12 000 000,00 €;288;Setubal;House
17914;Ruin;5 000,00 €;40;Viana-do-castelo;House
17915;Studio;11 900,00 €;32;Viana-do-castelo;House
17916;1-Bedroom;14 000,00 €;36;Viana-do-castelo;House
17917;Studio;18 900,00 €;74;Viana-do-castelo;House
17918;Detached House;23 000,00 €;54;Viana-do-castelo;House
17919;Studio;24 900,00 €;73;Viana-do-castelo;House
17920;Detached House;25 000,00 €;90;Viana-do-castelo;House
17921;2-Bedroom;25 000,00 €;127;Viana-do-castelo;House
17922;Studio;25 000,00 €;54;Viana-do-castelo;House
17923;Detached House;27 500,00 €;80;Viana-do-castelo;House
17924;Detached House;32 500,00 €;87;Viana-do-castelo;House
17925;Studio;34 500,00 €;96;Viana-do-castelo;House
17926;Studio;35 000,00 €;64;Viana-do-castelo;House
17927;1-Bedroom;35 000,00 €;110;Viana-do-castelo;House
17928;7-Bedroom;36 000,00 €;215;Viana-do-castelo;House
17929;2-Bedroom;36 500,00 €;184;Viana-do-castelo;House
17930;1-Bedroom;37 500,00 €;244;Viana-do-castelo;House
17931;Detached House;37 500,00 €;156;Viana-do-castelo;House
17932;Detached House;37 500,00 €;54;Viana-do-castelo;House
17933;1-Bedroom;38 000,00 €;38;Viana-do-castelo;House
17934;3-Bedroom;39 000,00 €;144;Viana-do-castelo;House
17935;Detached House;39 000,00 €;80;Viana-do-castelo;House
17936;1-Bedroom;40 000,00 €;102;Viana-do-castelo;House
17937;3-Bedroom;40 000,00 €;50;Viana-do-castelo;House
17938;Detached House;44 500,00 €;103;Viana-do-castelo;House
17939;1-Bedroom;45 000,00 €;85;Viana-do-castelo;House
17940;1-Bedroom;45 000,00 €;154;Viana-do-castelo;House
17941;Studio;45 000,00 €;286;Viana-do-castelo;House
17942;Studio;45 000,00 €;114;Viana-do-castelo;House
17943;3-Bedroom;45 000,00 €;105;Viana-do-castelo;House
17944;2+1-Bedroom;45 000,00 €;120;Viana-do-castelo;House
17945;3-Bedroom;47 000,00 €;180;Viana-do-castelo;House
17946;3-Bedroom;47 000,00 €;184;Viana-do-castelo;House
17947;House;50 000,00 €;216;Viana-do-castelo;House
17948;Detached House;50 000,00 €;110;Viana-do-castelo;House
17949;3-Bedroom;52 000,00 €;120;Viana-do-castelo;House
17950;1-Bedroom;52 000,00 €;36;Viana-do-castelo;House
17951;Detached House;55 000,00 €;85;Viana-do-castelo;House
17952;House;55 000,00 €;70;Viana-do-castelo;House
17953;2-Bedroom;55 000,00 €;156;Viana-do-castelo;House
17954;Ruin;55 000,00 €;276;Viana-do-castelo;House
17955;Studio;55 000,00 €;63;Viana-do-castelo;House
17956;Farmhouse;55 000,00 €;32;Viana-do-castelo;House
17957;2-Bedroom;56 500,00 €;106;Viana-do-castelo;House
17958;2-Bedroom;57 000,00 €;100;Viana-do-castelo;House
17959;2-Bedroom;57 500,00 €;94;Viana-do-castelo;House
17960;3-Bedroom;58 000,00 €;222;Viana-do-castelo;House
17961;2-Bedroom;58 000,00 €;121;Viana-do-castelo;House
17962;House;59 000,00 €;216;Viana-do-castelo;House
17963;2-Bedroom;59 000,00 €;100;Viana-do-castelo;House
17964;Ruin;59 500,00 €;150;Viana-do-castelo;House
17965;4-Bedroom;60 000,00 €;160;Viana-do-castelo;House
17966;Ruin;60 000,00 €;60;Viana-do-castelo;House
17967;2-Bedroom;60 000,00 €;124;Viana-do-castelo;House
17968;2-Bedroom;62 000,00 €;172;Viana-do-castelo;House
17969;Ruin;62 000,00 €;190;Viana-do-castelo;House
17970;2-Bedroom;62 500,00 €;140;Viana-do-castelo;House
17971;3-Bedroom;65 000,00 €;200;Viana-do-castelo;House
17972;3-Bedroom;65 000,00 €;219;Viana-do-castelo;House
17973;2-Bedroom;65 000,00 €;140;Viana-do-castelo;House
17974;1-Bedroom;65 000,00 €;88;Viana-do-castelo;House
17975;2-Bedroom;65 000,00 €;124;Viana-do-castelo;House
17976;1-Bedroom;67 000,00 €;101;Viana-do-castelo;House
17977;2-Bedroom;67 500,00 €;140;Viana-do-castelo;House
17978;3-Bedroom;69 000,00 €;228;Viana-do-castelo;House
17979;3-Bedroom;69 000,00 €;126;Viana-do-castelo;House
17980;3-Bedroom;69 000,00 €;67;Viana-do-castelo;House
17981;10-Bedroom;69 000,00 €;2.550;Viana-do-castelo;House
17982;5-Bedroom;70 000,00 €;520;Viana-do-castelo;House
17983;2-Bedroom;70 000,00 €;131;Viana-do-castelo;House
17984;Detached House;70 000,00 €;115;Viana-do-castelo;House
17985;1-Bedroom;70 000,00 €;60;Viana-do-castelo;House
17986;1-Bedroom;70 000,00 €;50;Viana-do-castelo;House
17987;Detached House;74 000,00 €;41;Viana-do-castelo;House
17988;3-Bedroom;75 000,00 €;180;Viana-do-castelo;House
17989;3-Bedroom;75 000,00 €;119;Viana-do-castelo;House
17990;2-Bedroom;75 000,00 €;26;Viana-do-castelo;House
17991;Ruin;75 000,00 €;225;Viana-do-castelo;House
17992;5-Bedroom;75 000,00 €;1.307;Viana-do-castelo;House
17993;3-Bedroom;76 500,00 €;3.100;Viana-do-castelo;House
17994;3-Bedroom;77 000,00 €;123;Viana-do-castelo;House
17995;1-Bedroom;77 500,00 €;67;Viana-do-castelo;House
17996;2-Bedroom;78 000,00 €;110;Viana-do-castelo;House
17997;1-Bedroom;79 000,00 €;106;Viana-do-castelo;House
17998;3-Bedroom;79 000,00 €;358;Viana-do-castelo;House
17999;1-Bedroom;79 900,00 €;84;Viana-do-castelo;House
18000;1-Bedroom;80 000,00 €;70;Viana-do-castelo;House
18001;3-Bedroom;80 000,00 €;140;Viana-do-castelo;House
18002;2-Bedroom;80 000,00 €;64;Viana-do-castelo;House
18003;3-Bedroom;81 000,00 €;120;Viana-do-castelo;House
18004;Ruin;81 500,00 €;72;Viana-do-castelo;House
18005;3-Bedroom;81 500,00 €;96;Viana-do-castelo;House
18006;2-Bedroom;85 000,00 €;120;Viana-do-castelo;House
18007;1-Bedroom;85 000,00 €;27;Viana-do-castelo;House
18008;3-Bedroom;86 000,00 €;597;Viana-do-castelo;House
18009;Detached House;87 000,00 €;76;Viana-do-castelo;House
18010;2-Bedroom;87 000,00 €;76;Viana-do-castelo;House
18011;2-Bedroom;87 000,00 €;76;Viana-do-castelo;House
18012;2-Bedroom;87 000,00 €;76;Viana-do-castelo;House
18013;2-Bedroom;87 000,00 €;76;Viana-do-castelo;House
18014;Ruin;87 380,00 €;38;Viana-do-castelo;House
18015;1-Bedroom;87 500,00 €;73;Viana-do-castelo;House
18016;Studio;88 000,00 €;110;Viana-do-castelo;House
18017;3-Bedroom;89 000,00 €;132;Viana-do-castelo;House
18018;1-Bedroom;89 900,00 €;197;Viana-do-castelo;House
18019;Studio;90 000,00 €;228;Viana-do-castelo;House
18020;1-Bedroom;90 000,00 €;36;Viana-do-castelo;House
18021;3-Bedroom;90 000,00 €;94;Viana-do-castelo;House
18022;3-Bedroom;90 000,00 €;94;Viana-do-castelo;House
18023;Detached House;90 000,00 €;206;Viana-do-castelo;House
18024;1-Bedroom;90 000,00 €;44;Viana-do-castelo;House
18025;1-Bedroom;90 000,00 €;37;Viana-do-castelo;House
18026;2-Bedroom;95 000,00 €;64;Viana-do-castelo;House
18027;1-Bedroom;95 000,00 €;64;Viana-do-castelo;House
18028;3-Bedroom;95 000,00 €;140;Viana-do-castelo;House
18029;4-Bedroom;95 000,00 €;470;Viana-do-castelo;House
18030;1-Bedroom;96 000,00 €;60;Viana-do-castelo;House
18031;1-Bedroom;96 500,00 €;52;Viana-do-castelo;House
18032;3-Bedroom;97 000,00 €;222;Viana-do-castelo;House
18033;2-Bedroom;100 000,00 €;64;Viana-do-castelo;House
18034;2-Bedroom;100 000,00 €;Terreno 460;Viana-do-castelo;House
18035;2-Bedroom;100 000,00 €;240;Viana-do-castelo;House
18036;Detached House;105 000,00 €;55;Viana-do-castelo;House
18037;3-Bedroom;106 000,00 €;70;Viana-do-castelo;House
18038;2-Bedroom;107 000,00 €;68;Viana-do-castelo;House
18039;2-Bedroom;109 000,00 €;105;Viana-do-castelo;House
18040;3-Bedroom;109 700,00 €;159;Viana-do-castelo;House
18041;4-Bedroom;110 000,00 €;228;Viana-do-castelo;House
18042;2+1-Bedroom;110 000,00 €;120;Viana-do-castelo;House
18043;3-Bedroom;110 000,00 €;618;Viana-do-castelo;House
18044;Farmhouse;110 000,00 €;360;Viana-do-castelo;House
18045;3-Bedroom;110 000,00 €;100;Viana-do-castelo;House
18046;1-Bedroom;110 000,00 €;40;Viana-do-castelo;House
18047;2-Bedroom;113 000,00 €;70;Viana-do-castelo;House
18048;2-Bedroom;113 000,00 €;70;Viana-do-castelo;House
18049;Detached House;115 000,00 €;60;Viana-do-castelo;House
18050;2-Bedroom;115 000,00 €;50;Viana-do-castelo;House
18051;3-Bedroom;115 000,00 €;77;Viana-do-castelo;House
18052;3-Bedroom;115 000,00 €;100;Viana-do-castelo;House
18053;1-Bedroom;116 800,00 €;52;Viana-do-castelo;House
18054;1-Bedroom;118 000,00 €;56;Viana-do-castelo;House
18055;1-Bedroom;118 000,00 €;62;Viana-do-castelo;House
18056;1-Bedroom;118 000,00 €;53;Viana-do-castelo;House
18057;1-Bedroom;118 000,00 €;62;Viana-do-castelo;House
18058;1-Bedroom;118 000,00 €;53;Viana-do-castelo;House
18059;1-Bedroom;118 000,00 €;62;Viana-do-castelo;House
18060;1-Bedroom;118 000,00 €;56;Viana-do-castelo;House
18061;1-Bedroom;118 000,00 €;62;Viana-do-castelo;House
18062;House;119 500,00 €;267;Viana-do-castelo;House
18063;4-Bedroom;120 000,00 €;120;Viana-do-castelo;House
18064;Small Farmhouse;120 000,00 €;274;Viana-do-castelo;House
18065;3-Bedroom;120 000,00 €;132;Viana-do-castelo;House
18066;2-Bedroom;120 000,00 €;144;Viana-do-castelo;House
18067;House;120 000,00 €;78;Viana-do-castelo;House
18068;3-Bedroom;120 000,00 €;132;Viana-do-castelo;House
18069;5-Bedroom;120 000,00 €;166;Viana-do-castelo;House
18070;3-Bedroom;120 000,00 €;256;Viana-do-castelo;House
18071;3-Bedroom;120 000,00 €;140;Viana-do-castelo;House
18072;2-Bedroom;120 000,00 €;113;Viana-do-castelo;House
18073;2-Bedroom;120 000,00 €;210;Viana-do-castelo;House
18074;2-Bedroom;120 000,00 €;120;Viana-do-castelo;House
18075;3-Bedroom;120 000,00 €;Terreno 410;Viana-do-castelo;House
18076;3-Bedroom;120 000,00 €;250;Viana-do-castelo;House
18077;Detached House;123 000,00 €;246;Viana-do-castelo;House
18078;2-Bedroom;125 000,00 €;119;Viana-do-castelo;House
18079;3-Bedroom;125 000,00 €;Terreno 921;Viana-do-castelo;House
18080;1-Bedroom;125 000,00 €;39;Viana-do-castelo;House
18081;3-Bedroom;125 000,00 €;100;Viana-do-castelo;House
18082;2-Bedroom;127 000,00 €;64;Viana-do-castelo;House
18083;3-Bedroom;127 500,00 €;325;Viana-do-castelo;House
18084;Studio;127 500,00 €;70;Viana-do-castelo;House
18085;Studio;127 500,00 €;99;Viana-do-castelo;House
18086;4-Bedroom;127 500,00 €;325;Viana-do-castelo;House
18087;Detached House;129 000,00 €;228;Viana-do-castelo;House
18088;3-Bedroom;130 000,00 €;279;Viana-do-castelo;House
18089;4-Bedroom;130 000,00 €;170;Viana-do-castelo;House
18090;1-Bedroom;130 000,00 €;147;Viana-do-castelo;House
18091;3-Bedroom;130 000,00 €;250;Viana-do-castelo;House
18092;3-Bedroom;130 000,00 €;187;Viana-do-castelo;House
18093;Studio;132 000,00 €;44;Viana-do-castelo;House
18094;1-Bedroom;132 700,00 €;50;Viana-do-castelo;House
18095;Apartment;133 360,00 €;71;Viana-do-castelo;House
18096;3-Bedroom;135 000,00 €;138;Viana-do-castelo;House
18097;3-Bedroom;135 000,00 €;220;Viana-do-castelo;House
18098;3-Bedroom;135 000,00 €;130;Viana-do-castelo;House
18099;3-Bedroom;139 000,00 €;165;Viana-do-castelo;House
18100;2-Bedroom;139 800,00 €;62;Viana-do-castelo;House
18101;2-Bedroom;140 000,00 €;70;Viana-do-castelo;House
18102;3-Bedroom;140 000,00 €;211;Viana-do-castelo;House
18103;2-Bedroom;140 000,00 €;70;Viana-do-castelo;House
18104;3-Bedroom;140 000,00 €;180;Viana-do-castelo;House
18105;Studio;140 000,00 €;268;Viana-do-castelo;House
18106;1-Bedroom;143 500,00 €;39;Viana-do-castelo;House
18107;2-Bedroom;145 000,00 €;118;Viana-do-castelo;House
18108;3-Bedroom;145 000,00 €;103;Viana-do-castelo;House
18109;3-Bedroom;145 000,00 €;103;Viana-do-castelo;House
18110;Studio+1;145 000,00 €;43;Viana-do-castelo;House
18111;2-Bedroom;145 000,00 €;55;Viana-do-castelo;House
18112;2-Bedroom;147 000,00 €;140;Viana-do-castelo;House
18113;Studio;147 500,00 €;82;Viana-do-castelo;House
18114;2-Bedroom;148 000,00 €;110;Viana-do-castelo;House
18115;3-Bedroom;149 500,00 €;92;Viana-do-castelo;House
18116;3-Bedroom;150 000,00 €;158;Viana-do-castelo;House
18117;3-Bedroom;150 000,00 €;132;Viana-do-castelo;House
18118;3-Bedroom;150 000,00 €;130;Viana-do-castelo;House
18119;2-Bedroom;150 000,00 €;210;Viana-do-castelo;House
18120;3-Bedroom;150 000,00 €;130;Viana-do-castelo;House
18121;2-Bedroom;150 000,00 €;77;Viana-do-castelo;House
18122;2-Bedroom;150 000,00 €;76;Viana-do-castelo;House
18123;2-Bedroom;150 000,00 €;229;Viana-do-castelo;House
18124;3-Bedroom;150 000,00 €;132;Viana-do-castelo;House
18125;3-Bedroom;150 000,00 €;229;Viana-do-castelo;House
18126;1-Bedroom;150 000,00 €;47;Viana-do-castelo;House
18127;4-Bedroom;150 000,00 €;114;Viana-do-castelo;House
18128;3-Bedroom;150 000,00 €;273;Viana-do-castelo;House
18129;Studio+1;150 000,00 €;48;Viana-do-castelo;House
18130;Studio+1;150 000,00 €;47;Viana-do-castelo;House
18131;Apartment;151 100,00 €;78;Viana-do-castelo;House
18132;1-Bedroom;155 000,00 €;64;Viana-do-castelo;House
18133;1-Bedroom;155 000,00 €;60;Viana-do-castelo;House
18134;1-Bedroom;155 000,00 €;60;Viana-do-castelo;House
18135;1-Bedroom;155 000,00 €;38;Viana-do-castelo;House
18136;1-Bedroom;155 000,00 €;47;Viana-do-castelo;House
18137;3-Bedroom;155 000,00 €;85;Viana-do-castelo;House
18138;Detached House;155 000,00 €;150;Viana-do-castelo;House
18139;Detached House;156 500,00 €;85;Viana-do-castelo;House
18140;2-Bedroom;156 500,00 €;74;Viana-do-castelo;House
18141;3-Bedroom;157 000,00 €;100;Viana-do-castelo;House
18142;3-Bedroom;157 000,00 €;119;Viana-do-castelo;House
18143;2-Bedroom;157 500,00 €;150;Viana-do-castelo;House
18144;Apartment;158 320,00 €;84;Viana-do-castelo;House
18145;3-Bedroom;159 000,00 €;202;Viana-do-castelo;House
18146;3-Bedroom;159 000,00 €;202;Viana-do-castelo;House
18147;1-Bedroom;159 000,00 €;85;Viana-do-castelo;House
18148;3-Bedroom;159 000,00 €;152;Viana-do-castelo;House
18149;1-Bedroom;159 000,00 €;82;Viana-do-castelo;House
18150;2-Bedroom;159 500,00 €;80;Viana-do-castelo;House
18151;3-Bedroom;160 000,00 €;130;Viana-do-castelo;House
18152;3-Bedroom;160 000,00 €;143;Viana-do-castelo;House
18153;2-Bedroom;160 000,00 €;96;Viana-do-castelo;House
18154;2-Bedroom;160 000,00 €;204;Viana-do-castelo;House
18155;3-Bedroom;160 000,00 €;216;Viana-do-castelo;House
18156;3-Bedroom;160 000,00 €;125;Viana-do-castelo;House
18157;2-Bedroom;160 000,00 €;71;Viana-do-castelo;House
18158;3-Bedroom;160 000,00 €;134;Viana-do-castelo;House
18159;3-Bedroom;160 000,00 €;141;Viana-do-castelo;House
18160;1-Bedroom;160 000,00 €;48;Viana-do-castelo;House
18161;3-Bedroom;160 000,00 €;130;Viana-do-castelo;House
18162;3-Bedroom;162 000,00 €;210;Viana-do-castelo;House
18163;4-Bedroom;162 000,00 €;190;Viana-do-castelo;House
18164;3-Bedroom;162 000,00 €;110;Viana-do-castelo;House
18165;2-Bedroom;163 000,00 €;107;Viana-do-castelo;House
18166;1-Bedroom;163 900,00 €;45;Viana-do-castelo;House
18167;2-Bedroom;164 000,00 €;79;Viana-do-castelo;House
18168;1+1-Bedroom;165 000,00 €;48;Viana-do-castelo;House
18169;2-Bedroom;165 000,00 €;78;Viana-do-castelo;House
18170;1-Bedroom;165 000,00 €;54;Viana-do-castelo;House
18171;1-Bedroom;165 000,00 €;54;Viana-do-castelo;House
18172;1-Bedroom;165 000,00 €;43;Viana-do-castelo;House
18173;1+1-Bedroom;165 000,00 €;55;Viana-do-castelo;House
18174;1-Bedroom;166 000,00 €;72;Viana-do-castelo;House
18175;Apartment;166 170,00 €;83;Viana-do-castelo;House
18176;1-Bedroom;168 000,00 €;62;Viana-do-castelo;House
18177;1-Bedroom;168 000,00 €;95;Viana-do-castelo;House
18178;2-Bedroom;169 000,00 €;102;Viana-do-castelo;House
18179;3-Bedroom;169 000,00 €;249;Viana-do-castelo;House
18180;2-Bedroom;169 800,00 €;82;Viana-do-castelo;House
18181;Detached House;169 800,00 €;111;Viana-do-castelo;House
18182;Apartment;170 000,00 €;61;Viana-do-castelo;House
18183;1-Bedroom;170 000,00 €;50;Viana-do-castelo;House
18184;1-Bedroom;170 000,00 €;44;Viana-do-castelo;House
18185;3-Bedroom;170 000,00 €;200;Viana-do-castelo;House
18186;1-Bedroom;170 000,00 €;101;Viana-do-castelo;House
18187;Detached House;170 000,00 €;300;Viana-do-castelo;House
18188;1-Bedroom;170 000,00 €;47;Viana-do-castelo;House
18189;3-Bedroom;170 000,00 €;123;Viana-do-castelo;House
18190;Apartment;170 000,00 €;61;Viana-do-castelo;House
18191;2-Bedroom;172 000,00 €;75;Viana-do-castelo;House
18192;1-Bedroom;172 000,00 €;54;Viana-do-castelo;House
18193;1-Bedroom;173 000,00 €;38;Viana-do-castelo;House
18194;4-Bedroom;174 000,00 €;111;Viana-do-castelo;House
18195;4-Bedroom;175 000,00 €;190;Viana-do-castelo;House
18196;2-Bedroom;175 000,00 €;45;Viana-do-castelo;House
18197;2-Bedroom;175 000,00 €;99;Viana-do-castelo;House
18198;3-Bedroom;175 000,00 €;175;Viana-do-castelo;House
18199;2-Bedroom;175 000,00 €;47;Viana-do-castelo;House
18200;Small Farmhouse;175 000,00 €;431;Viana-do-castelo;House
18201;1-Bedroom;175 000,00 €;64;Viana-do-castelo;House
18202;3-Bedroom;176 000,00 €;148;Viana-do-castelo;House
18203;Detached House;177 500,00 €;210;Viana-do-castelo;House
18204;1-Bedroom;178 000,00 €;62;Viana-do-castelo;House
18205;1-Bedroom;178 000,00 €;79;Viana-do-castelo;House
18206;2-Bedroom;179 000,00 €;80;Viana-do-castelo;House
18207;1-Bedroom;179 000,00 €;80;Viana-do-castelo;House
18208;1-Bedroom;179 000,00 €;66;Viana-do-castelo;House
18209;1-Bedroom;179 000,00 €;66;Viana-do-castelo;House
18210;1-Bedroom;179 000,00 €;65;Viana-do-castelo;House
18211;1-Bedroom;179 000,00 €;86;Viana-do-castelo;House
18212;1-Bedroom;179 000,00 €;86;Viana-do-castelo;House
18213;1-Bedroom;179 000,00 €;137;Viana-do-castelo;House
18214;1-Bedroom;179 000,00 €;66;Viana-do-castelo;House
18215;1-Bedroom;179 000,00 €;55;Viana-do-castelo;House
18216;1-Bedroom;179 000,00 €;57;Viana-do-castelo;House
18217;2-Bedroom;179 000,00 €;115;Viana-do-castelo;House
18218;2-Bedroom;179 000,00 €;80;Viana-do-castelo;House
18219;1-Bedroom;179 000,00 €;138;Viana-do-castelo;House
18220;1-Bedroom;179 000,00 €;66;Viana-do-castelo;House
18221;3-Bedroom;180 000,00 €;253;Viana-do-castelo;House
18222;2-Bedroom;180 000,00 €;125;Viana-do-castelo;House
18223;1-Bedroom;180 000,00 €;81;Viana-do-castelo;House
18224;3-Bedroom;180 000,00 €;105;Viana-do-castelo;House
18225;1-Bedroom;180 000,00 €;49;Viana-do-castelo;House
18226;1-Bedroom;180 000,00 €;49;Viana-do-castelo;House
18227;2-Bedroom;180 000,00 €;175;Viana-do-castelo;House
18228;House;180 000,00 €;153;Viana-do-castelo;House
18229;5-Bedroom;180 000,00 €;180;Viana-do-castelo;House
18230;2-Bedroom;180 000,00 €;60;Viana-do-castelo;House
18231;2-Bedroom;180 000,00 €;84;Viana-do-castelo;House
18232;2-Bedroom;180 000,00 €;60;Viana-do-castelo;House
18233;2-Bedroom;180 000,00 €;63;Viana-do-castelo;House
18234;2-Bedroom;180 000,00 €;84;Viana-do-castelo;House
18235;2-Bedroom;180 000,00 €;64;Viana-do-castelo;House
18236;3-Bedroom;180 000,00 €;253;Viana-do-castelo;House
18237;2-Bedroom;180 000,00 €;84;Viana-do-castelo;House
18238;2-Bedroom;182 000,00 €;103;Viana-do-castelo;House
18239;3-Bedroom;182 000,00 €;598;Viana-do-castelo;House
18240;5-Bedroom;182 500,00 €;498;Viana-do-castelo;House
18241;1-Bedroom;182 600,00 €;41;Viana-do-castelo;House
18242;5-Bedroom;183 000,00 €;420;Viana-do-castelo;House
18243;1-Bedroom;184 000,00 €;66;Viana-do-castelo;House
18244;1-Bedroom;184 000,00 €;95;Viana-do-castelo;House
18245;2-Bedroom;184 000,00 €;69;Viana-do-castelo;House
18246;1-Bedroom;184 000,00 €;66;Viana-do-castelo;House
18247;1-Bedroom;185 000,00 €;67;Viana-do-castelo;House
18248;3-Bedroom;185 000,00 €;323;Viana-do-castelo;House
18249;1-Bedroom;185 000,00 €;58;Viana-do-castelo;House
18250;Apartment;185 000,00 €;54;Viana-do-castelo;House
18251;2-Bedroom;185 000,00 €;69;Viana-do-castelo;House
18252;5-Bedroom;185 000,00 €;150;Viana-do-castelo;House
18253;1-Bedroom;185 000,00 €;58;Viana-do-castelo;House
18254;3-Bedroom;185 000,00 €;165;Viana-do-castelo;House
18255;3-Bedroom;185 000,00 €;135;Viana-do-castelo;House
18256;Apartment;185 530,00 €;91;Viana-do-castelo;House
18257;3+1-Bedroom;186 000,00 €;337;Viana-do-castelo;House
18258;2-Bedroom;187 500,00 €;76;Viana-do-castelo;House
18259;1-Bedroom;187 500,00 €;74;Viana-do-castelo;House
18260;1-Bedroom;187 500,00 €;74;Viana-do-castelo;House
18261;2-Bedroom;187 500,00 €;76;Viana-do-castelo;House
18262;1-Bedroom;188 100,00 €;45;Viana-do-castelo;House
18263;2-Bedroom;189 000,00 €;127;Viana-do-castelo;House
18264;2-Bedroom;189 000,00 €;113;Viana-do-castelo;House
18265;2-Bedroom;189 000,00 €;115;Viana-do-castelo;House
18266;2-Bedroom;189 000,00 €;168;Viana-do-castelo;House
18267;2-Bedroom;189 000,00 €;115;Viana-do-castelo;House
18268;3-Bedroom;189 000,00 €;221;Viana-do-castelo;House
18269;1-Bedroom;189 000,00 €;55;Viana-do-castelo;House
18270;3-Bedroom;189 000,00 €;90;Viana-do-castelo;House
18271;4-Bedroom;189 000,00 €;240;Viana-do-castelo;House
18272;3-Bedroom;189 000,00 €;132;Viana-do-castelo;House
18273;3-Bedroom;190 000,00 €;143;Viana-do-castelo;House
18274;2-Bedroom;190 000,00 €;145;Viana-do-castelo;House
18275;Studio;190 000,00 €;52;Viana-do-castelo;House
18276;Studio;190 000,00 €;52;Viana-do-castelo;House
18277;3-Bedroom;190 000,00 €;130;Viana-do-castelo;House
18278;Detached House;190 000,00 €;96;Viana-do-castelo;House
18279;1+1-Bedroom;191 000,00 €;50;Viana-do-castelo;House
18280;2-Bedroom;193 000,00 €;112;Viana-do-castelo;House
18281;2-Bedroom;193 000,00 €;117;Viana-do-castelo;House
18282;1-Bedroom;193 000,00 €;86;Viana-do-castelo;House
18283;1-Bedroom;194 700,00 €;45;Viana-do-castelo;House
18284;3-Bedroom;195 000,00 €;130;Viana-do-castelo;House
18285;3-Bedroom;195 000,00 €;82;Viana-do-castelo;House
18286;5-Bedroom;195 000,00 €;120;Viana-do-castelo;House
18287;1-Bedroom;195 000,00 €;46;Viana-do-castelo;House
18288;2-Bedroom;195 000,00 €;120;Viana-do-castelo;House
18289;5-Bedroom;195 000,00 €;258;Viana-do-castelo;House
18290;2+1-Bedroom;195 000,00 €;222;Viana-do-castelo;House
18291;2+1-Bedroom;195 000,00 €;160;Viana-do-castelo;House
18292;3-Bedroom;195 000,00 €;109;Viana-do-castelo;House
18293;5-Bedroom;195 000,00 €;120;Viana-do-castelo;House
18294;3-Bedroom;195 000,00 €;165;Viana-do-castelo;House
18295;1-Bedroom;195 000,00 €;115;Viana-do-castelo;House
18296;2-Bedroom;195 000,00 €;77;Viana-do-castelo;House
18297;Studio+1;195 000,00 €;43;Viana-do-castelo;House
18298;1-Bedroom;195 000,00 €;46;Viana-do-castelo;House
18299;2+1-Bedroom;195 000,00 €;160;Viana-do-castelo;House
18300;3-Bedroom;198 000,00 €;112;Viana-do-castelo;House
18301;1-Bedroom;198 000,00 €;65;Viana-do-castelo;House
18302;1-Bedroom;198 000,00 €;65;Viana-do-castelo;House
18303;3-Bedroom;199 000,00 €;296;Viana-do-castelo;House
18304;1-Bedroom;199 000,00 €;55;Viana-do-castelo;House
18305;Apartment;199 290,00 €;113;Viana-do-castelo;House
18306;2-Bedroom;199 500,00 €;112;Viana-do-castelo;House
18307;Small Farmhouse;200 000,00 €;150;Viana-do-castelo;House
18308;3-Bedroom;200 000,00 €;128;Viana-do-castelo;House
18309;3-Bedroom;200 000,00 €;218;Viana-do-castelo;House
18310;3-Bedroom;200 000,00 €;171;Viana-do-castelo;House
18311;Studio;200 000,00 €;3.000;Viana-do-castelo;House
18312;Studio+2;200 000,00 €;62;Viana-do-castelo;House
18313;2-Bedroom;200 000,00 €;60;Viana-do-castelo;House
18314;3-Bedroom;200 000,00 €;230;Viana-do-castelo;House
18315;2-Bedroom;200 000,00 €;78;Viana-do-castelo;House
18316;3-Bedroom;203 000,00 €;160;Viana-do-castelo;House
18317;2-Bedroom;203 000,00 €;74;Viana-do-castelo;House
18318;1-Bedroom;205 000,00 €;103;Viana-do-castelo;House
18319;Detached House;205 000,00 €;140;Viana-do-castelo;House
18320;3-Bedroom;205 000,00 €;120;Viana-do-castelo;House
18321;3+1-Bedroom;205 000,00 €;392;Viana-do-castelo;House
18322;Apartment;205 000,00 €;499;Viana-do-castelo;House
18323;1-Bedroom;205 000,00 €;51;Viana-do-castelo;House
18324;3+1-Bedroom;205 000,00 €;140;Viana-do-castelo;House
18325;3-Bedroom;205 000,00 €;103;Viana-do-castelo;House
18326;2-Bedroom;209 000,00 €;55;Viana-do-castelo;House
18327;3-Bedroom;210 000,00 €;120;Viana-do-castelo;House
18328;7-Bedroom;210 000,00 €;350;Viana-do-castelo;House
18329;3-Bedroom;210 000,00 €;131;Viana-do-castelo;House
18330;3-Bedroom;210 000,00 €;135;Viana-do-castelo;House
18331;2-Bedroom;210 000,00 €;109;Viana-do-castelo;House
18332;1-Bedroom;210 000,00 €;49;Viana-do-castelo;House
18333;3-Bedroom;210 000,00 €;178;Viana-do-castelo;House
18334;2-Bedroom;210 000,00 €;95;Viana-do-castelo;House
18335;1-Bedroom;210 000,00 €;70;Viana-do-castelo;House
18336;4-Bedroom;210 000,00 €;120;Viana-do-castelo;House
18337;3-Bedroom;210 000,00 €;150;Viana-do-castelo;House
18338;1-Bedroom;210 000,00 €;110;Viana-do-castelo;House
18339;2-Bedroom;210 000,00 €;60;Viana-do-castelo;House
18340;Detached House;212 000,00 €;153;Viana-do-castelo;House
18341;1-Bedroom;215 000,00 €;52;Viana-do-castelo;House
18342;1-Bedroom;215 000,00 €;46;Viana-do-castelo;House
18343;4-Bedroom;215 000,00 €;125;Viana-do-castelo;House
18344;2-Bedroom;215 000,00 €;77;Viana-do-castelo;House
18345;2-Bedroom;215 000,00 €;77;Viana-do-castelo;House
18346;2-Bedroom;215 000,00 €;106;Viana-do-castelo;House
18347;4-Bedroom;215 000,00 €;450;Viana-do-castelo;House
18348;1-Bedroom;215 000,00 €;46;Viana-do-castelo;House
18349;Studio+1;215 000,00 €;59;Viana-do-castelo;House
18350;2-Bedroom;215 000,00 €;80;Viana-do-castelo;House
18351;1-Bedroom;215 000,00 €;52;Viana-do-castelo;House
18352;2-Bedroom;218 000,00 €;104;Viana-do-castelo;House
18353;3-Bedroom;220 000,00 €;13;Viana-do-castelo;House
18354;5-Bedroom;220 000,00 €;91;Viana-do-castelo;House
18355;2-Bedroom;220 000,00 €;110;Viana-do-castelo;House
18356;4-Bedroom;220 000,00 €;404;Viana-do-castelo;House
18357;Apartment;220 000,00 €;126;Viana-do-castelo;House
18358;4-Bedroom;220 000,00 €;305;Viana-do-castelo;House
18359;2-Bedroom;220 000,00 €;77;Viana-do-castelo;House
18360;2-Bedroom;220 000,00 €;60;Viana-do-castelo;House
18361;2-Bedroom;220 000,00 €;60;Viana-do-castelo;House
18362;1-Bedroom;220 000,00 €;38;Viana-do-castelo;House
18363;2-Bedroom;220 000,00 €;95;Viana-do-castelo;House
18364;1+2-Bedroom;220 000,00 €;93;Viana-do-castelo;House
18365;4-Bedroom;220 000,00 €;249;Viana-do-castelo;House
18366;3-Bedroom;220 000,00 €;103;Viana-do-castelo;House
18367;Detached House;220 000,00 €;495;Viana-do-castelo;House
18368;3-Bedroom;220 000,00 €;108;Viana-do-castelo;House
18369;3-Bedroom;220 000,00 €;194;Viana-do-castelo;House
18370;1-Bedroom;220 000,00 €;110;Viana-do-castelo;House
18371;2-Bedroom;220 000,00 €;130;Viana-do-castelo;House
18372;2-Bedroom;224 000,00 €;196;Viana-do-castelo;House
18373;2-Bedroom;224 400,00 €;55;Viana-do-castelo;House
18374;3-Bedroom;225 000,00 €;220;Viana-do-castelo;House
18375;3-Bedroom;225 000,00 €;245;Viana-do-castelo;House
18376;2-Bedroom;225 000,00 €;90;Viana-do-castelo;House
18377;2-Bedroom;225 000,00 €;55;Viana-do-castelo;House
18378;2-Bedroom;225 000,00 €;95;Viana-do-castelo;House
18379;3-Bedroom;225 000,00 €;103;Viana-do-castelo;House
18380;2-Bedroom;225 000,00 €;93;Viana-do-castelo;House
18381;2-Bedroom;225 000,00 €;148;Viana-do-castelo;House
18382;1-Bedroom;225 000,00 €;110;Viana-do-castelo;House
18383;1+1-Bedroom;225 000,00 €;80;Viana-do-castelo;House
18384;Detached House;225 000,00 €;366;Viana-do-castelo;House
18385;2-Bedroom;225 000,00 €;78;Viana-do-castelo;House
18386;2-Bedroom;226 000,00 €;89;Viana-do-castelo;House
18387;9-Bedroom;226 500,00 €;684;Viana-do-castelo;House
18388;8-Bedroom;226 500,00 €;503;Viana-do-castelo;House
18389;8-Bedroom;226 500,00 €;335;Viana-do-castelo;House
18390;2+2-Bedroom;227 000,00 €;132;Viana-do-castelo;House
18391;Apartment;227 150,00 €;123;Viana-do-castelo;House
18392;3-Bedroom;229 000,00 €;161;Viana-do-castelo;House
18393;3-Bedroom;229 000,00 €;161;Viana-do-castelo;House
18394;2-Bedroom;229 000,00 €;87;Viana-do-castelo;House
18395;3-Bedroom;229 000,00 €;152;Viana-do-castelo;House
18396;3-Bedroom;229 000,00 €;161;Viana-do-castelo;House
18397;3-Bedroom;229 900,00 €;125;Viana-do-castelo;House
18398;3-Bedroom;230 000,00 €;179;Viana-do-castelo;House
18399;6-Bedroom;230 000,00 €;455;Viana-do-castelo;House
18400;2-Bedroom;230 000,00 €;75;Viana-do-castelo;House
18401;2-Bedroom;230 000,00 €;191;Viana-do-castelo;House
18402;2-Bedroom;230 000,00 €;75;Viana-do-castelo;House
18403;3-Bedroom;230 000,00 €;273;Viana-do-castelo;House
18404;2-Bedroom;230 000,00 €;214;Viana-do-castelo;House
18405;3-Bedroom;230 000,00 €;152;Viana-do-castelo;House
18406;2-Bedroom;230 000,00 €;120;Viana-do-castelo;House
18407;2-Bedroom;230 000,00 €;100;Viana-do-castelo;House
18408;2-Bedroom;230 000,00 €;100;Viana-do-castelo;House
18409;2-Bedroom;230 000,00 €;126;Viana-do-castelo;House
18410;3-Bedroom;230 000,00 €;500;Viana-do-castelo;House
18411;2-Bedroom;230 000,00 €;95;Viana-do-castelo;House
18412;3-Bedroom;230 000,00 €;101;Viana-do-castelo;House
18413;3-Bedroom;230 000,00 €;161;Viana-do-castelo;House
18414;3-Bedroom;233 530,00 €;486;Viana-do-castelo;House
18415;4-Bedroom;234 500,00 €;155;Viana-do-castelo;House
18416;2-Bedroom;235 000,00 €;62;Viana-do-castelo;House
18417;1-Bedroom;235 000,00 €;60;Viana-do-castelo;House
18418;Detached House;235 000,00 €;205;Viana-do-castelo;House
18419;3-Bedroom;235 000,00 €;148;Viana-do-castelo;House
18420;4-Bedroom;235 000,00 €;191;Viana-do-castelo;House
18421;Apartment;235 000,00 €;499;Viana-do-castelo;House
18422;2-Bedroom;235 000,00 €;85;Viana-do-castelo;House
18423;1-Bedroom;235 000,00 €;60;Viana-do-castelo;House
18424;1-Bedroom;235 000,00 €;60;Viana-do-castelo;House
18425;1-Bedroom;235 000,00 €;60;Viana-do-castelo;House
18426;2-Bedroom;235 000,00 €;62;Viana-do-castelo;House
18427;5-Bedroom;236 000,00 €;180;Viana-do-castelo;House
18428;2-Bedroom;236 500,00 €;55;Viana-do-castelo;House
18429;2-Bedroom;236 500,00 €;66;Viana-do-castelo;House
18430;3-Bedroom;238 000,00 €;152;Viana-do-castelo;House
18431;5-Bedroom;239 000,00 €;269;Viana-do-castelo;House
18432;3-Bedroom;239 000,00 €;140;Viana-do-castelo;House
18433;1-Bedroom;239 000,00 €;49;Viana-do-castelo;House
18434;5-Bedroom;239 000,00 €;400;Viana-do-castelo;House
18435;3-Bedroom;239 900,00 €;31;Viana-do-castelo;House
18436;2-Bedroom;240 000,00 €;127;Viana-do-castelo;House
18437;3-Bedroom;240 000,00 €;127;Viana-do-castelo;House
18438;2-Bedroom;240 000,00 €;133;Viana-do-castelo;House
18439;2-Bedroom;240 000,00 €;128;Viana-do-castelo;House
18440;2-Bedroom;240 000,00 €;105;Viana-do-castelo;House
18441;3-Bedroom;240 000,00 €;240;Viana-do-castelo;House
18442;1-Bedroom;240 000,00 €;49;Viana-do-castelo;House
18443;2-Bedroom;240 000,00 €;127;Viana-do-castelo;House
18444;3-Bedroom;240 000,00 €;452;Viana-do-castelo;House
18445;3-Bedroom;242 000,00 €;220;Viana-do-castelo;House
18446;2-Bedroom;243 100,00 €;62;Viana-do-castelo;House
18447;3-Bedroom;244 000,00 €;428;Viana-do-castelo;House
18448;Floor;244 000,00 €;79;Viana-do-castelo;House
18449;3-Bedroom;244 000,00 €;270;Viana-do-castelo;House
18450;3-Bedroom;244 000,00 €;428;Viana-do-castelo;House
18451;3-Bedroom;244 500,00 €;270;Viana-do-castelo;House
18452;3-Bedroom;244 500,00 €;270;Viana-do-castelo;House
18453;3-Bedroom;244 500,00 €;270;Viana-do-castelo;House
18454;4-Bedroom;245 000,00 €;72;Viana-do-castelo;House
18455;3-Bedroom;245 000,00 €;139;Viana-do-castelo;House
18456;2-Bedroom;245 000,00 €;109;Viana-do-castelo;House
18457;2-Bedroom;246 400,00 €;66;Viana-do-castelo;House
18458;3-Bedroom;247 000,00 €;145;Viana-do-castelo;House
18459;3-Bedroom;247 000,00 €;153;Viana-do-castelo;House
18460;2-Bedroom;248 600,00 €;66;Viana-do-castelo;House
18461;2-Bedroom;248 600,00 €;62;Viana-do-castelo;House
18462;3-Bedroom;249 000,00 €;148;Viana-do-castelo;House
18463;3-Bedroom;249 000,00 €;166;Viana-do-castelo;House
18464;3-Bedroom;249 000,00 €;245;Viana-do-castelo;House
18465;2-Bedroom;249 000,00 €;77;Viana-do-castelo;House
18466;Farmhouse;249 000,00 €;187;Viana-do-castelo;House
18467;3-Bedroom;249 000,00 €;276;Viana-do-castelo;House
18468;3-Bedroom;249 000,00 €;166;Viana-do-castelo;House
18469;2-Bedroom;249 500,00 €;60;Viana-do-castelo;House
18470;3-Bedroom;250 000,00 €;138;Viana-do-castelo;House
18471;3-Bedroom;250 000,00 €;95;Viana-do-castelo;House
18472;2-Bedroom;250 000,00 €;85;Viana-do-castelo;House
18473;6-Bedroom;250 000,00 €;300;Viana-do-castelo;House
18474;4-Bedroom;250 000,00 €;166;Viana-do-castelo;House
18475;3-Bedroom;250 000,00 €;138;Viana-do-castelo;House
18476;5-Bedroom;250 000,00 €;168;Viana-do-castelo;House
18477;3-Bedroom;250 000,00 €;203;Viana-do-castelo;House
18478;4-Bedroom;250 000,00 €;139;Viana-do-castelo;House
18479;4-Bedroom;250 000,00 €;254;Viana-do-castelo;House
18480;4-Bedroom;250 000,00 €;110;Viana-do-castelo;House
18481;Detached House;250 000,00 €;300;Viana-do-castelo;House
18482;3-Bedroom;250 000,00 €;109;Viana-do-castelo;House
18483;3-Bedroom;250 000,00 €;236;Viana-do-castelo;House
18484;4-Bedroom;250 000,00 €;105;Viana-do-castelo;House
18485;2-Bedroom;250 000,00 €;79;Viana-do-castelo;House
18486;2-Bedroom;250 000,00 €;110;Viana-do-castelo;House
18487;3-Bedroom;250 000,00 €;95;Viana-do-castelo;House
18488;2-Bedroom;250 000,00 €;74;Viana-do-castelo;House
18489;3-Bedroom;250 000,00 €;110;Viana-do-castelo;House
18490;2-Bedroom;250 000,00 €;105;Viana-do-castelo;House
18491;2-Bedroom;250 000,00 €;142;Viana-do-castelo;House
18492;3-Bedroom;252 000,00 €;134;Viana-do-castelo;House
18493;3+1-Bedroom;252 000,00 €;134;Viana-do-castelo;House
18494;2-Bedroom;253 000,00 €;66;Viana-do-castelo;House
18495;3-Bedroom;253 000,00 €;103;Viana-do-castelo;House
18496;3-Bedroom;255 000,00 €;158;Viana-do-castelo;House
18497;5-Bedroom;255 000,00 €;260;Viana-do-castelo;House
18498;4-Bedroom;255 000,00 €;440;Viana-do-castelo;House
18499;2-Bedroom;255 200,00 €;62;Viana-do-castelo;House
18500;3-Bedroom;257 500,00 €;143;Viana-do-castelo;House
18501;4-Bedroom;257 500,00 €;163;Viana-do-castelo;House
18502;2-Bedroom;258 500,00 €;66;Viana-do-castelo;House
18503;3-Bedroom;259 000,00 €;220;Viana-do-castelo;House
18504;1-Bedroom;259 000,00 €;61;Viana-do-castelo;House
18505;1-Bedroom;260 000,00 €;71;Viana-do-castelo;House
18506;5-Bedroom;260 000,00 €;482;Viana-do-castelo;House
18507;2-Bedroom;260 000,00 €;143;Viana-do-castelo;House
18508;2-Bedroom;260 000,00 €;143;Viana-do-castelo;House
18509;3-Bedroom;260 000,00 €;141;Viana-do-castelo;House
18510;2-Bedroom;260 000,00 €;95;Viana-do-castelo;House
18511;5-Bedroom;260 000,00 €;240;Viana-do-castelo;House
18512;2-Bedroom;260 000,00 €;647;Viana-do-castelo;House
18513;2-Bedroom;260 000,00 €;97;Viana-do-castelo;House
18514;2-Bedroom;260 000,00 €;89;Viana-do-castelo;House
18515;3-Bedroom;260 000,00 €;58;Viana-do-castelo;House
18516;3-Bedroom;260 000,00 €;94;Viana-do-castelo;House
18517;2-Bedroom;260 700,00 €;66;Viana-do-castelo;House
18518;1-Bedroom;262 300,00 €;134;Viana-do-castelo;House
18519;5-Bedroom;262 500,00 €;272;Viana-do-castelo;House
18520;2-Bedroom;265 000,00 €;82;Viana-do-castelo;House
18521;3-Bedroom;265 000,00 €;82;Viana-do-castelo;House
18522;3-Bedroom;265 000,00 €;82;Viana-do-castelo;House
18523;3-Bedroom;265 000,00 €;82;Viana-do-castelo;House
18524;3-Bedroom;265 000,00 €;82;Viana-do-castelo;House
18525;3-Bedroom;265 000,00 €;116;Viana-do-castelo;House
18526;Studio;265 000,00 €;216;Viana-do-castelo;House
18527;3-Bedroom;265 000,00 €;110;Viana-do-castelo;House
18528;2-Bedroom;266 000,00 €;101;Viana-do-castelo;House
18529;2-Bedroom;266 200,00 €;66;Viana-do-castelo;House
18530;3+1-Bedroom;266 500,00 €;241;Viana-do-castelo;House
18531;4-Bedroom;266 500,00 €;156;Viana-do-castelo;House
18532;2-Bedroom;267 000,00 €;81;Viana-do-castelo;House
18533;3-Bedroom;267 000,00 €;114;Viana-do-castelo;House
18534;2-Bedroom;267 000,00 €;81;Viana-do-castelo;House
18535;2-Bedroom;267 300,00 €;66;Viana-do-castelo;House
18536;2-Bedroom;267 500,00 €;90;Viana-do-castelo;House
18537;Detached House;267 500,00 €;210;Viana-do-castelo;House
18538;3-Bedroom;268 000,00 €;131;Viana-do-castelo;House
18539;2-Bedroom;268 000,00 €;82;Viana-do-castelo;House
18540;3-Bedroom;269 000,00 €;74;Viana-do-castelo;House
18541;3-Bedroom;269 000,00 €;117;Viana-do-castelo;House
18542;4-Bedroom;269 000,00 €;270;Viana-do-castelo;House
18543;3-Bedroom;269 900,00 €;74;Viana-do-castelo;House
18544;3-Bedroom;270 000,00 €;45;Viana-do-castelo;House
18545;2-Bedroom;270 000,00 €;75;Viana-do-castelo;House
18546;3-Bedroom;270 000,00 €;187;Viana-do-castelo;House
18547;3-Bedroom;270 000,00 €;184;Viana-do-castelo;House
18548;4-Bedroom;270 000,00 €;216;Viana-do-castelo;House
18549;Detached House;270 000,00 €;240;Viana-do-castelo;House
18550;3-Bedroom;270 000,00 €;92;Viana-do-castelo;House
18551;3-Bedroom;270 000,00 €;3.058;Viana-do-castelo;House
18552;2-Bedroom;270 000,00 €;97;Viana-do-castelo;House
18553;1-Bedroom;270 000,00 €;79;Viana-do-castelo;House
18554;1-Bedroom;270 000,00 €;66;Viana-do-castelo;House
18555;2-Bedroom;270 000,00 €;90;Viana-do-castelo;House
18556;3-Bedroom;270 000,00 €;Terreno 321;Viana-do-castelo;House
18557;2-Bedroom;270 000,00 €;75;Viana-do-castelo;House
18558;2-Bedroom;270 600,00 €;66;Viana-do-castelo;House
18559;2-Bedroom;272 800,00 €;71;Viana-do-castelo;House
18560;3-Bedroom;274 000,00 €;176;Viana-do-castelo;House
18561;4-Bedroom;275 000,00 €;196;Viana-do-castelo;House
18562;3-Bedroom;275 000,00 €;90;Viana-do-castelo;House
18563;3-Bedroom;275 000,00 €;196;Viana-do-castelo;House
18564;2-Bedroom;275 000,00 €;102;Viana-do-castelo;House
18565;4-Bedroom;275 000,00 €;129;Viana-do-castelo;House
18566;4-Bedroom;275 000,00 €;196;Viana-do-castelo;House
18567;3-Bedroom;275 000,00 €;211;Viana-do-castelo;House
18568;3-Bedroom;275 000,00 €;211;Viana-do-castelo;House
18569;4-Bedroom;275 000,00 €;196;Viana-do-castelo;House
18570;5-Bedroom;275 000,00 €;257;Viana-do-castelo;House
18571;2-Bedroom;275 000,00 €;96;Viana-do-castelo;House
18572;2-Bedroom;275 000,00 €;60;Viana-do-castelo;House
18573;2-Bedroom;275 000,00 €;90;Viana-do-castelo;House
18574;3-Bedroom;275 000,00 €;147;Viana-do-castelo;House
18575;2-Bedroom;275 000,00 €;99;Viana-do-castelo;House
18576;2-Bedroom;275 000,00 €;65;Viana-do-castelo;House
18577;3-Bedroom;275 000,00 €;192;Viana-do-castelo;House
18578;2-Bedroom;275 000,00 €;197;Viana-do-castelo;House
18579;3-Bedroom;275 000,00 €;92;Viana-do-castelo;House
18580;3-Bedroom;275 000,00 €;190;Viana-do-castelo;House
18581;4-Bedroom;275 000,00 €;300;Viana-do-castelo;House
18582;5-Bedroom;275 000,00 €;Terreno 3.200;Viana-do-castelo;House
18583;3-Bedroom;275 000,00 €;131;Viana-do-castelo;House
18584;2-Bedroom;278 300,00 €;66;Viana-do-castelo;House
18585;1-Bedroom;279 000,00 €;79;Viana-do-castelo;House
18586;2-Bedroom;279 000,00 €;80;Viana-do-castelo;House
18587;2-Bedroom;279 000,00 €;96;Viana-do-castelo;House
18588;2-Bedroom;279 000,00 €;96;Viana-do-castelo;House
18589;Detached House;279 900,00 €;225;Viana-do-castelo;House
18590;3-Bedroom;280 000,00 €;155;Viana-do-castelo;House
18591;1-Bedroom;280 000,00 €;65;Viana-do-castelo;House
18592;5-Bedroom;280 000,00 €;183;Viana-do-castelo;House
18593;3-Bedroom;280 000,00 €;172;Viana-do-castelo;House
18594;3-Bedroom;280 000,00 €;172;Viana-do-castelo;House
18595;5+1-Bedroom;280 000,00 €;165;Viana-do-castelo;House
18596;3-Bedroom;280 000,00 €;95;Viana-do-castelo;House
18597;2-Bedroom;280 000,00 €;197;Viana-do-castelo;House
18598;3-Bedroom;280 000,00 €;172;Viana-do-castelo;House
18599;2-Bedroom;280 000,00 €;81;Viana-do-castelo;House
18600;3-Bedroom;280 000,00 €;357;Viana-do-castelo;House
18601;1-Bedroom;280 000,00 €;66;Viana-do-castelo;House
18602;2-Bedroom;280 000,00 €;98;Viana-do-castelo;House
18603;4-Bedroom;280 000,00 €;275;Viana-do-castelo;House
18604;2-Bedroom;280 000,00 €;96;Viana-do-castelo;House
18605;3-Bedroom;280 000,00 €;110;Viana-do-castelo;House
18606;Apartment;280 875,00 €;140;Viana-do-castelo;House
18607;4-Bedroom;283 000,00 €;149;Viana-do-castelo;House
18608;2-Bedroom;284 900,00 €;66;Viana-do-castelo;House
18609;2-Bedroom;284 900,00 €;71;Viana-do-castelo;House
18610;3-Bedroom;285 000,00 €;290;Viana-do-castelo;House
18611;6-Bedroom;285 000,00 €;242;Viana-do-castelo;House
18612;5-Bedroom;285 000,00 €;587;Viana-do-castelo;House
18613;7-Bedroom;285 000,00 €;230;Viana-do-castelo;House
18614;2-Bedroom;285 000,00 €;98;Viana-do-castelo;House
18615;3-Bedroom;285 000,00 €;242;Viana-do-castelo;House
18616;3-Bedroom;285 000,00 €;243;Viana-do-castelo;House
18617;3-Bedroom;287 000,00 €;146;Viana-do-castelo;House
18618;3-Bedroom;287 000,00 €;73;Viana-do-castelo;House
18619;Apartment;287 750,00 €;149;Viana-do-castelo;House
18620;1+1-Bedroom;288 000,00 €;113;Viana-do-castelo;House
18621;2-Bedroom;288 000,00 €;96;Viana-do-castelo;House
18622;2-Bedroom;288 000,00 €;113;Viana-do-castelo;House
18623;3-Bedroom;290 000,00 €;208;Viana-do-castelo;House
18624;3-Bedroom;290 000,00 €;208;Viana-do-castelo;House
18625;3-Bedroom;290 000,00 €;312;Viana-do-castelo;House
18626;3-Bedroom;290 000,00 €;312;Viana-do-castelo;House
18627;2-Bedroom;290 000,00 €;110;Viana-do-castelo;House
18628;4+2-Bedroom;290 000,00 €;450;Viana-do-castelo;House
18629;4-Bedroom;290 000,00 €;364;Viana-do-castelo;House
18630;4-Bedroom;290 000,00 €;270;Viana-do-castelo;House
18631;2-Bedroom;290 000,00 €;112;Viana-do-castelo;House
18632;8-Bedroom;290 000,00 €;450;Viana-do-castelo;House
18633;2-Bedroom;295 000,00 €;94;Viana-do-castelo;House
18634;1-Bedroom;295 000,00 €;80;Viana-do-castelo;House
18635;6-Bedroom;295 000,00 €;120;Viana-do-castelo;House
18636;1-Bedroom;295 000,00 €;80;Viana-do-castelo;House
18637;4-Bedroom;295 000,00 €;190;Viana-do-castelo;House
18638;4-Bedroom;295 000,00 €;190;Viana-do-castelo;House
18639;3-Bedroom;295 000,00 €;1.718;Viana-do-castelo;House
18640;3-Bedroom;295 000,00 €;354;Viana-do-castelo;House
18641;3-Bedroom;295 000,00 €;175;Viana-do-castelo;House
18642;2-Bedroom;295 000,00 €;234;Viana-do-castelo;House
18643;2-Bedroom;295 000,00 €;197;Viana-do-castelo;House
18644;4-Bedroom;295 000,00 €;140;Viana-do-castelo;House
18645;5-Bedroom;296 000,00 €;238;Viana-do-castelo;House
18646;3-Bedroom;297 000,00 €;414;Viana-do-castelo;House
18647;3-Bedroom;297 000,00 €;414;Viana-do-castelo;House
18648;5-Bedroom;297 500,00 €;1.000;Viana-do-castelo;House
18649;1+1-Bedroom;297 500,00 €;73;Viana-do-castelo;House
18650;7-Bedroom;299 000,00 €;415;Viana-do-castelo;House
18651;7-Bedroom;299 000,00 €;533;Viana-do-castelo;House
18652;Detached House;299 000,00 €;153;Viana-do-castelo;House
18653;Farmhouse;299 000,00 €;377;Viana-do-castelo;House
18654;3-Bedroom;299 000,00 €;95;Viana-do-castelo;House
18655;3-Bedroom;299 000,00 €;120;Viana-do-castelo;House
18656;3-Bedroom;299 000,00 €;120;Viana-do-castelo;House
18657;3-Bedroom;299 000,00 €;164;Viana-do-castelo;House
18658;3-Bedroom;299 000,00 €;120;Viana-do-castelo;House
18659;3-Bedroom;299 000,00 €;Terreno 1.339;Viana-do-castelo;House
18660;4-Bedroom;299 500,00 €;110;Viana-do-castelo;House
18661;3-Bedroom;299 900,00 €;175;Viana-do-castelo;House
18662;3-Bedroom;299 900,00 €;120;Viana-do-castelo;House
18663;5-Bedroom;299 999,00 €;120;Viana-do-castelo;House
18664;4+1-Bedroom;300 000,00 €;200;Viana-do-castelo;House
18665;8-Bedroom;300 000,00 €;172;Viana-do-castelo;House
18666;2-Bedroom;300 000,00 €;105;Viana-do-castelo;House
18667;5-Bedroom;300 000,00 €;257;Viana-do-castelo;House
18668;4-Bedroom;300 000,00 €;169;Viana-do-castelo;House
18669;4-Bedroom;300 000,00 €;173;Viana-do-castelo;House
18670;3-Bedroom;300 000,00 €;166;Viana-do-castelo;House
18671;2-Bedroom;300 000,00 €;117;Viana-do-castelo;House
18672;2-Bedroom;300 000,00 €;104;Viana-do-castelo;House
18673;2-Bedroom;300 000,00 €;103;Viana-do-castelo;House
18674;4-Bedroom;300 000,00 €;248;Viana-do-castelo;House
18675;2-Bedroom;300 000,00 €;116;Viana-do-castelo;House
18676;2-Bedroom;300 000,00 €;97;Viana-do-castelo;House
18677;5-Bedroom;300 000,00 €;467;Viana-do-castelo;House
18678;2-Bedroom;300 000,00 €;101;Viana-do-castelo;House
18679;3-Bedroom;300 000,00 €;292;Viana-do-castelo;House
18680;3-Bedroom;300 000,00 €;141;Viana-do-castelo;House
18681;3-Bedroom;304 000,00 €;231;Viana-do-castelo;House
18682;5-Bedroom;305 000,00 €;322;Viana-do-castelo;House
18683;3-Bedroom;305 000,00 €;430;Viana-do-castelo;House
18684;5-Bedroom;305 000,00 €;322;Viana-do-castelo;House
18685;3-Bedroom;305 000,00 €;150;Viana-do-castelo;House
18686;3-Bedroom;305 000,00 €;254;Viana-do-castelo;House
18687;3-Bedroom;308 000,00 €;378;Viana-do-castelo;House
18688;4-Bedroom;308 000,00 €;270;Viana-do-castelo;House
18689;3-Bedroom;308 000,00 €;138;Viana-do-castelo;House
18690;2-Bedroom;308 000,00 €;115;Viana-do-castelo;House
18691;2-Bedroom;308 000,00 €;111;Viana-do-castelo;House
18692;Detached House;309 900,00 €;126;Viana-do-castelo;House
18693;2-Bedroom;310 000,00 €;83;Viana-do-castelo;House
18694;3-Bedroom;310 000,00 €;318;Viana-do-castelo;House
18695;5-Bedroom;310 000,00 €;233;Viana-do-castelo;House
18696;2-Bedroom;310 000,00 €;105;Viana-do-castelo;House
18697;2-Bedroom;310 000,00 €;105;Viana-do-castelo;House
18698;3-Bedroom;315 000,00 €;95;Viana-do-castelo;House
18699;1-Bedroom;315 000,00 €;96;Viana-do-castelo;House
18700;5-Bedroom;315 000,00 €;300;Viana-do-castelo;House
18701;2-Bedroom;315 000,00 €;99;Viana-do-castelo;House
18702;2-Bedroom;315 000,00 €;67;Viana-do-castelo;House
18703;2+1-Bedroom;315 000,00 €;236;Viana-do-castelo;House
18704;3-Bedroom;315 000,00 €;117;Viana-do-castelo;House
18705;3-Bedroom;315 000,00 €;127;Viana-do-castelo;House
18706;2-Bedroom;315 000,00 €;88;Viana-do-castelo;House
18707;2-Bedroom;315 000,00 €;78;Viana-do-castelo;House
18708;3-Bedroom;315 000,00 €;250;Viana-do-castelo;House
18709;2-Bedroom;315 000,00 €;97;Viana-do-castelo;House
18710;Detached House;315 000,00 €;300;Viana-do-castelo;House
18711;2-Bedroom;315 000,00 €;65;Viana-do-castelo;House
18712;2-Bedroom;315 000,00 €;120;Viana-do-castelo;House
18713;5-Bedroom;318 500,00 €;541;Viana-do-castelo;House
18714;5-Bedroom;320 000,00 €;199;Viana-do-castelo;House
18715;3-Bedroom;320 000,00 €;240;Viana-do-castelo;House
18716;3-Bedroom;320 000,00 €;289;Viana-do-castelo;House
18717;2-Bedroom;320 000,00 €;206;Viana-do-castelo;House
18718;4-Bedroom;320 000,00 €;200;Viana-do-castelo;House
18719;3-Bedroom;320 000,00 €;240;Viana-do-castelo;House
18720;3-Bedroom;320 000,00 €;240;Viana-do-castelo;House
18721;3-Bedroom;320 000,00 €;320;Viana-do-castelo;House
18722;2-Bedroom;320 000,00 €;74;Viana-do-castelo;House
18723;3-Bedroom;320 000,00 €;240;Viana-do-castelo;House
18724;4-Bedroom;320 000,00 €;143;Viana-do-castelo;House
18725;5-Bedroom;320 000,00 €;381;Viana-do-castelo;House
18726;3-Bedroom;320 000,00 €;190;Viana-do-castelo;House
18727;4-Bedroom;320 000,00 €;203;Viana-do-castelo;House
18728;4-Bedroom;320 000,00 €;3.948;Viana-do-castelo;House
18729;1-Bedroom;320 000,00 €;158;Viana-do-castelo;House
18730;4-Bedroom;320 000,00 €;200;Viana-do-castelo;House
18731;2-Bedroom;320 000,00 €;81;Viana-do-castelo;House
18732;2-Bedroom;320 000,00 €;97;Viana-do-castelo;House
18733;5-Bedroom;320 000,00 €;199;Viana-do-castelo;House
18734;3-Bedroom;320 000,00 €;240;Viana-do-castelo;House
18735;5-Bedroom;324 000,00 €;324;Viana-do-castelo;House
18736;3-Bedroom;325 000,00 €;327;Viana-do-castelo;House
18737;2-Bedroom;325 000,00 €;260;Viana-do-castelo;House
18738;Duplex;325 000,00 €;121;Viana-do-castelo;House
18739;3-Bedroom;325 000,00 €;231;Viana-do-castelo;House
18740;3-Bedroom;325 000,00 €;231;Viana-do-castelo;House
18741;4-Bedroom;325 000,00 €;260;Viana-do-castelo;House
18742;4-Bedroom;325 000,00 €;332;Viana-do-castelo;House
18743;3-Bedroom;325 000,00 €;149;Viana-do-castelo;House
18744;3-Bedroom;325 000,00 €;196;Viana-do-castelo;House
18745;4-Bedroom;325 000,00 €;500;Viana-do-castelo;House
18746;3-Bedroom;325 000,00 €;122;Viana-do-castelo;House
18747;3-Bedroom;325 000,00 €;135;Viana-do-castelo;House
18748;4-Bedroom;325 000,00 €;33;Viana-do-castelo;House
18749;3-Bedroom;325 000,00 €;260;Viana-do-castelo;House
18750;5-Bedroom;325 000,00 €;274;Viana-do-castelo;House
18751;3-Bedroom;328 000,00 €;198;Viana-do-castelo;House
18752;3-Bedroom;330 000,00 €;375;Viana-do-castelo;House
18753;3-Bedroom;330 000,00 €;240;Viana-do-castelo;House
18754;3-Bedroom;330 000,00 €;174;Viana-do-castelo;House
18755;3-Bedroom;330 000,00 €;134;Viana-do-castelo;House
18756;3-Bedroom;330 000,00 €;245;Viana-do-castelo;House
18757;4-Bedroom;330 000,00 €;132;Viana-do-castelo;House
18758;4-Bedroom;330 000,00 €;132;Viana-do-castelo;House
18759;5-Bedroom;330 000,00 €;191;Viana-do-castelo;House
18760;3-Bedroom;330 000,00 €;220;Viana-do-castelo;House
18761;4-Bedroom;330 000,00 €;178;Viana-do-castelo;House
18762;3-Bedroom;330 000,00 €;192;Viana-do-castelo;House
18763;3+1-Bedroom;330 000,00 €;375;Viana-do-castelo;House
18764;3+3-Bedroom;330 000,00 €;244;Viana-do-castelo;House
18765;3-Bedroom;330 000,00 €;240;Viana-do-castelo;House
18766;5-Bedroom;330 000,00 €;169;Viana-do-castelo;House
18767;3-Bedroom;330 000,00 €;177;Viana-do-castelo;House
18768;5-Bedroom;330 000,00 €;300;Viana-do-castelo;House
18769;5-Bedroom;330 000,00 €;192;Viana-do-castelo;House
18770;3-Bedroom;330 000,00 €;277;Viana-do-castelo;House
18771;3-Bedroom;335 000,00 €;281;Viana-do-castelo;House
18772;6-Bedroom;335 000,00 €;511;Viana-do-castelo;House
18773;Detached House;335 000,00 €;206;Viana-do-castelo;House
18774;3-Bedroom;337 500,00 €;203;Viana-do-castelo;House
18775;3-Bedroom;339 000,00 €;205;Viana-do-castelo;House
18776;5-Bedroom;339 500,00 €;234;Viana-do-castelo;House
18777;3-Bedroom;340 000,00 €;191;Viana-do-castelo;House
18778;3-Bedroom;340 000,00 €;175;Viana-do-castelo;House
18779;3-Bedroom;340 000,00 €;184;Viana-do-castelo;House
18780;3-Bedroom;340 000,00 €;128;Viana-do-castelo;House
18781;2-Bedroom;340 000,00 €;76;Viana-do-castelo;House
18782;3-Bedroom;340 000,00 €;250;Viana-do-castelo;House
18783;3-Bedroom;340 000,00 €;175;Viana-do-castelo;House
18784;3-Bedroom;340 000,00 €;175;Viana-do-castelo;House
18785;3-Bedroom;340 000,00 €;191;Viana-do-castelo;House
18786;4-Bedroom;340 000,00 €;170;Viana-do-castelo;House
18787;3-Bedroom;340 000,00 €;Terreno 344;Viana-do-castelo;House
18788;3-Bedroom;340 000,00 €;129;Viana-do-castelo;House
18789;3-Bedroom;340 000,00 €;160;Viana-do-castelo;House
18790;Detached House;345 000,00 €;230;Viana-do-castelo;House
18791;2-Bedroom;345 000,00 €;116;Viana-do-castelo;House
18792;3-Bedroom;345 000,00 €;367;Viana-do-castelo;House
18793;3-Bedroom;347 000,00 €;378;Viana-do-castelo;House
18794;3-Bedroom;347 000,00 €;378;Viana-do-castelo;House
18795;4-Bedroom;347 000,00 €;348;Viana-do-castelo;House
18796;2-Bedroom;348 000,00 €;116;Viana-do-castelo;House
18797;5-Bedroom;349 000,00 €;200;Viana-do-castelo;House
18798;3-Bedroom;349 000,00 €;136;Viana-do-castelo;House
18799;3-Bedroom;349 000,00 €;120;Viana-do-castelo;House
18800;Detached House;349 000,00 €;170;Viana-do-castelo;House
18801;2-Bedroom;350 000,00 €;203;Viana-do-castelo;House
18802;3-Bedroom;350 000,00 €;135;Viana-do-castelo;House
18803;6-Bedroom;350 000,00 €;300;Viana-do-castelo;House
18804;4-Bedroom;350 000,00 €;403;Viana-do-castelo;House
18805;3-Bedroom;350 000,00 €;250;Viana-do-castelo;House
18806;3-Bedroom;350 000,00 €;320;Viana-do-castelo;House
18807;5-Bedroom;350 000,00 €;550;Viana-do-castelo;House
18808;3-Bedroom;350 000,00 €;Terreno 480;Viana-do-castelo;House
18809;Detached House;350 000,00 €;166;Viana-do-castelo;House
18810;3-Bedroom;350 000,00 €;199;Viana-do-castelo;House
18811;3-Bedroom;350 000,00 €;199;Viana-do-castelo;House
18812;Small Farmhouse;350 000,00 €;230;Viana-do-castelo;House
18813;2-Bedroom;350 000,00 €;135;Viana-do-castelo;House
18814;2-Bedroom;350 000,00 €;135;Viana-do-castelo;House
18815;4-Bedroom;350 000,00 €;299;Viana-do-castelo;House
18816;4-Bedroom;350 000,00 €;472;Viana-do-castelo;House
18817;3-Bedroom;350 000,00 €;131;Viana-do-castelo;House
18818;4-Bedroom;350 000,00 €;472;Viana-do-castelo;House
18819;3-Bedroom;350 000,00 €;380;Viana-do-castelo;House
18820;4-Bedroom;350 000,00 €;98;Viana-do-castelo;House
18821;4-Bedroom;350 000,00 €;298;Viana-do-castelo;House
18822;3-Bedroom;350 000,00 €;249;Viana-do-castelo;House
18823;3-Bedroom;350 000,00 €;124;Viana-do-castelo;House
18824;3-Bedroom;350 000,00 €;185;Viana-do-castelo;House
18825;2-Bedroom;350 000,00 €;162;Viana-do-castelo;House
18826;2-Bedroom;350 000,00 €;263;Viana-do-castelo;House
18827;4-Bedroom;350 000,00 €;472;Viana-do-castelo;House
18828;4-Bedroom;350 000,00 €;190;Viana-do-castelo;House
18829;3+1-Bedroom;350 000,00 €;306;Viana-do-castelo;House
18830;2+1-Bedroom;350 000,00 €;211;Viana-do-castelo;House
18831;3-Bedroom;350 000,00 €;145;Viana-do-castelo;House
18832;5-Bedroom;350 000,00 €;472;Viana-do-castelo;House
18833;4-Bedroom;350 000,00 €;266;Viana-do-castelo;House
18834;2-Bedroom;350 000,00 €;263;Viana-do-castelo;House
18835;3-Bedroom;350 000,00 €;126;Viana-do-castelo;House
18836;3-Bedroom;350 000,00 €;Terreno 482;Viana-do-castelo;House
18837;3-Bedroom;350 000,00 €;Terreno 469;Viana-do-castelo;House
18838;3-Bedroom;350 000,00 €;191;Viana-do-castelo;House
18839;6+1-Bedroom;350 000,00 €;456;Viana-do-castelo;House
18840;Detached House;350 000,00 €;156;Viana-do-castelo;House
18841;3-Bedroom;350 000,00 €;183;Viana-do-castelo;House
18842;4-Bedroom;350 000,00 €;505;Viana-do-castelo;House
18843;3-Bedroom;350 000,00 €;110;Viana-do-castelo;House
18844;3+1-Bedroom;350 000,00 €;201;Viana-do-castelo;House
18845;Detached House;350 000,00 €;200;Viana-do-castelo;House
18846;3-Bedroom;350 000,00 €;174;Viana-do-castelo;House
18847;3-Bedroom;350 000,00 €;257;Viana-do-castelo;House
18848;3-Bedroom;350 000,00 €;201;Viana-do-castelo;House
18849;1-Bedroom;350 000,00 €;9.000;Viana-do-castelo;House
18850;4-Bedroom;350 000,00 €;266;Viana-do-castelo;House
18851;Apartment;350 000,00 €;131;Viana-do-castelo;House
18852;3-Bedroom;350 000,00 €;131;Viana-do-castelo;House
18853;3-Bedroom;350 000,00 €;135;Viana-do-castelo;House
18854;2-Bedroom;350 000,00 €;203;Viana-do-castelo;House
18855;3-Bedroom;352 000,00 €;207;Viana-do-castelo;House
18856;3-Bedroom;352 000,00 €;242;Viana-do-castelo;House
18857;3-Bedroom;352 000,00 €;243;Viana-do-castelo;House
18858;3-Bedroom;352 000,00 €;242;Viana-do-castelo;House
18859;3-Bedroom;355 000,00 €;240;Viana-do-castelo;House
18860;4-Bedroom;355 000,00 €;192;Viana-do-castelo;House
18861;3-Bedroom;355 000,00 €;212;Viana-do-castelo;House
18862;3-Bedroom;359 000,00 €;246;Viana-do-castelo;House
18863;5-Bedroom;360 000,00 €;219;Viana-do-castelo;House
18864;Detached House;360 000,00 €;104;Viana-do-castelo;House
18865;3-Bedroom;360 000,00 €;404;Viana-do-castelo;House
18866;3-Bedroom;360 000,00 €;193;Viana-do-castelo;House
18867;3-Bedroom;360 000,00 €;193;Viana-do-castelo;House
18868;4-Bedroom;360 000,00 €;304;Viana-do-castelo;House
18869;4+1-Bedroom;360 000,00 €;269;Viana-do-castelo;House
18870;6-Bedroom;360 000,00 €;490;Viana-do-castelo;House
18871;5-Bedroom;360 000,00 €;180;Viana-do-castelo;House
18872;4-Bedroom;360 000,00 €;130;Viana-do-castelo;House
18873;4-Bedroom;364 000,00 €;216;Viana-do-castelo;House
18874;3-Bedroom;365 000,00 €;190;Viana-do-castelo;House
18875;2-Bedroom;365 000,00 €;76;Viana-do-castelo;House
18876;2-Bedroom;365 000,00 €;156;Viana-do-castelo;House
18877;3-Bedroom;365 000,00 €;121;Viana-do-castelo;House
18878;4-Bedroom;365 000,00 €;440;Viana-do-castelo;House
18879;4-Bedroom;367 000,00 €;192;Viana-do-castelo;House
18880;Detached House;369 000,00 €;200;Viana-do-castelo;House
18881;3-Bedroom;369 000,00 €;200;Viana-do-castelo;House
18882;3-Bedroom;369 900,00 €;177;Viana-do-castelo;House
18883;3-Bedroom;370 000,00 €;240;Viana-do-castelo;House
18884;4-Bedroom;370 000,00 €;354;Viana-do-castelo;House
18885;Detached House;370 000,00 €;325;Viana-do-castelo;House
18886;1-Bedroom;370 000,00 €;128;Viana-do-castelo;House
18887;4-Bedroom;370 000,00 €;183;Viana-do-castelo;House
18888;3-Bedroom;371 525,00 €;584;Viana-do-castelo;House
18889;3+2-Bedroom;372 000,00 €;157;Viana-do-castelo;House
18890;3-Bedroom;372 000,00 €;509;Viana-do-castelo;House
18891;3-Bedroom;372 000,00 €;259;Viana-do-castelo;House
18892;3-Bedroom;372 500,00 €;133;Viana-do-castelo;House
18893;3-Bedroom;372 500,00 €;166;Viana-do-castelo;House
18894;3-Bedroom;372 500,00 €;166;Viana-do-castelo;House
18895;3-Bedroom;372 500,00 €;133;Viana-do-castelo;House
18896;4-Bedroom;373 000,00 €;335;Viana-do-castelo;House
18897;3-Bedroom;375 000,00 €;153;Viana-do-castelo;House
18898;5-Bedroom;375 000,00 €;512;Viana-do-castelo;House
18899;6-Bedroom;375 000,00 €;445;Viana-do-castelo;House
18900;4+1-Bedroom;375 000,00 €;427;Viana-do-castelo;House
18901;4+1-Bedroom;375 000,00 €;427;Viana-do-castelo;House
18902;6-Bedroom;375 000,00 €;650;Viana-do-castelo;House
18903;3-Bedroom;375 000,00 €;370;Viana-do-castelo;House
18904;4-Bedroom;375 000,00 €;222;Viana-do-castelo;House
18905;4-Bedroom;375 000,00 €;304;Viana-do-castelo;House
18906;6-Bedroom;375 000,00 €;476;Viana-do-castelo;House
18907;3-Bedroom;375 000,00 €;140;Viana-do-castelo;House
18908;3+1-Bedroom;375 000,00 €;220;Viana-do-castelo;House
18909;3-Bedroom;375 000,00 €;128;Viana-do-castelo;House
18910;4-Bedroom;375 000,00 €;270;Viana-do-castelo;House
18911;3-Bedroom;375 000,00 €;318;Viana-do-castelo;House
18912;4-Bedroom;375 000,00 €;222;Viana-do-castelo;House
18913;6-Bedroom;379 000,00 €;483;Viana-do-castelo;House
18914;4-Bedroom;379 000,00 €;286;Viana-do-castelo;House
18915;6-Bedroom;379 500,00 €;270;Viana-do-castelo;House
18916;6-Bedroom;380 000,00 €;483;Viana-do-castelo;House
18917;3-Bedroom;380 000,00 €;319;Viana-do-castelo;House
18918;4-Bedroom;380 000,00 €;138;Viana-do-castelo;House
18919;3+1-Bedroom;380 000,00 €;319;Viana-do-castelo;House
18920;3-Bedroom;380 000,00 €;152;Viana-do-castelo;House
18921;7-Bedroom;380 000,00 €;324;Viana-do-castelo;House
18922;Detached House;380 000,00 €;180;Viana-do-castelo;House
18923;3-Bedroom;380 000,00 €;156;Viana-do-castelo;House
18924;2-Bedroom;380 000,00 €;72;Viana-do-castelo;House
18925;3-Bedroom;380 000,00 €;130;Viana-do-castelo;House
18926;7-Bedroom;380 000,00 €;240;Viana-do-castelo;House
18927;4-Bedroom;380 000,00 €;499;Viana-do-castelo;House
18928;4-Bedroom;380 000,00 €;328;Viana-do-castelo;House
18929;3-Bedroom;380 000,00 €;155;Viana-do-castelo;House
18930;4-Bedroom;380 000,00 €;168;Viana-do-castelo;House
18931;6-Bedroom;380 000,00 €;483;Viana-do-castelo;House
18932;3-Bedroom;382 000,00 €;1.356;Viana-do-castelo;House
18933;3-Bedroom;385 000,00 €;110;Viana-do-castelo;House
18934;6-Bedroom;385 000,00 €;235;Viana-do-castelo;House
18935;6-Bedroom;385 000,00 €;345;Viana-do-castelo;House
18936;2-Bedroom;385 000,00 €;105;Viana-do-castelo;House
18937;2-Bedroom;385 000,00 €;119;Viana-do-castelo;House
18938;3-Bedroom;385 000,00 €;200;Viana-do-castelo;House
18939;3-Bedroom;385 000,00 €;160;Viana-do-castelo;House
18940;3-Bedroom;385 000,00 €;260;Viana-do-castelo;House
18941;3-Bedroom;389 000,00 €;108;Viana-do-castelo;House
18942;Detached House;389 000,00 €;228;Viana-do-castelo;House
18943;3-Bedroom;390 000,00 €;256;Viana-do-castelo;House
18944;3-Bedroom;390 000,00 €;125;Viana-do-castelo;House
18945;3-Bedroom;390 000,00 €;600;Viana-do-castelo;House
18946;3-Bedroom;390 000,00 €;118;Viana-do-castelo;House
18947;3-Bedroom;390 000,00 €;160;Viana-do-castelo;House
18948;3-Bedroom;390 000,00 €;130;Viana-do-castelo;House
18949;Detached House;390 000,00 €;285;Viana-do-castelo;House
18950;3-Bedroom;390 000,00 €;118;Viana-do-castelo;House
18951;3-Bedroom;390 000,00 €;118;Viana-do-castelo;House
18952;3-Bedroom;390 000,00 €;200;Viana-do-castelo;House
18953;3-Bedroom;390 000,00 €;130;Viana-do-castelo;House
18954;2-Bedroom;390 000,00 €;80;Viana-do-castelo;House
18955;3-Bedroom;392 000,00 €;110;Viana-do-castelo;House
18956;3-Bedroom;393 000,00 €;200;Viana-do-castelo;House
18957;3-Bedroom;393 000,00 €;200;Viana-do-castelo;House
18958;5-Bedroom;395 000,00 €;340;Viana-do-castelo;House
18959;3+1-Bedroom;395 000,00 €;270;Viana-do-castelo;House
18960;4-Bedroom;395 000,00 €;134;Viana-do-castelo;House
18961;Detached House;395 000,00 €;150;Viana-do-castelo;House
18962;8-Bedroom;395 000,00 €;320;Viana-do-castelo;House
18963;4-Bedroom;395 000,00 €;332;Viana-do-castelo;House
18964;2-Bedroom;395 000,00 €;105;Viana-do-castelo;House
18965;4-Bedroom;395 000,00 €;217;Viana-do-castelo;House
18966;2-Bedroom;395 000,00 €;136;Viana-do-castelo;House
18967;4-Bedroom;395 000,00 €;217;Viana-do-castelo;House
18968;3-Bedroom;395 000,00 €;260;Viana-do-castelo;House
18969;5-Bedroom;395 000,00 €;302;Viana-do-castelo;House
18970;Detached House;395 000,00 €;320;Viana-do-castelo;House
18971;5-Bedroom;395 000,00 €;340;Viana-do-castelo;House
18972;5-Bedroom;397 500,00 €;225;Viana-do-castelo;House
18973;3-Bedroom;398 000,00 €;310;Viana-do-castelo;House
18974;3-Bedroom;398 000,00 €;310;Viana-do-castelo;House
18975;3-Bedroom;398 000,00 €;244;Viana-do-castelo;House
18976;4-Bedroom;398 000,00 €;461;Viana-do-castelo;House
18977;2-Bedroom;398 000,00 €;108;Viana-do-castelo;House
18978;3-Bedroom;398 000,00 €;239;Viana-do-castelo;House
18979;3-Bedroom;398 000,00 €;239;Viana-do-castelo;House
18980;4-Bedroom;398 000,00 €;462;Viana-do-castelo;House
18981;3-Bedroom;398 000,00 €;238;Viana-do-castelo;House
18982;3-Bedroom;398 000,00 €;239;Viana-do-castelo;House
18983;3-Bedroom;398 000,00 €;310;Viana-do-castelo;House
18984;3-Bedroom;399 000,00 €;190;Viana-do-castelo;House
18985;4-Bedroom;399 000,00 €;220;Viana-do-castelo;House
18986;3-Bedroom;399 000,00 €;181;Viana-do-castelo;House
18987;3-Bedroom;399 000,00 €;178;Viana-do-castelo;House
18988;4-Bedroom;399 000,00 €;220;Viana-do-castelo;House
18989;4-Bedroom;399 000,00 €;469;Viana-do-castelo;House
18990;3-Bedroom;399 000,00 €;328;Viana-do-castelo;House
18991;4-Bedroom;399 000,00 €;331;Viana-do-castelo;House
18992;5-Bedroom;399 000,00 €;603;Viana-do-castelo;House
18993;3-Bedroom;399 000,00 €;190;Viana-do-castelo;House
18994;3-Bedroom;399 000,00 €;157;Viana-do-castelo;House
18995;4-Bedroom;399 000,00 €;606;Viana-do-castelo;House
18996;4-Bedroom;399 000,00 €;225;Viana-do-castelo;House
18997;5-Bedroom;400 000,00 €;78;Viana-do-castelo;House
18998;3-Bedroom;400 000,00 €;118;Viana-do-castelo;House
18999;Detached House;400 000,00 €;120;Viana-do-castelo;House
19000;5-Bedroom;400 000,00 €;306;Viana-do-castelo;House
19001;4-Bedroom;400 000,00 €;418;Viana-do-castelo;House
19002;Small Farmhouse;400 000,00 €;241;Viana-do-castelo;House
19003;7-Bedroom;400 000,00 €;334;Viana-do-castelo;House
19004;6-Bedroom;400 000,00 €;285;Viana-do-castelo;House
19005;Detached House;400 000,00 €;176;Viana-do-castelo;House
19006;3-Bedroom;400 000,00 €;118;Viana-do-castelo;House
19007;3-Bedroom;400 000,00 €;118;Viana-do-castelo;House
19008;3-Bedroom;400 000,00 €;118;Viana-do-castelo;House
19009;3-Bedroom;400 000,00 €;118;Viana-do-castelo;House
19010;3-Bedroom;400 000,00 €;118;Viana-do-castelo;House
19011;5-Bedroom;400 000,00 €;234;Viana-do-castelo;House
19012;3-Bedroom;400 000,00 €;118;Viana-do-castelo;House
19013;3-Bedroom;400 000,00 €;118;Viana-do-castelo;House
19014;3-Bedroom;400 000,00 €;118;Viana-do-castelo;House
19015;4-Bedroom;405 000,00 €;213;Viana-do-castelo;House
19016;3-Bedroom;406 000,00 €;224;Viana-do-castelo;House
19017;4-Bedroom;410 000,00 €;210;Viana-do-castelo;House
19018;3-Bedroom;410 000,00 €;219;Viana-do-castelo;House
19019;4-Bedroom;410 000,00 €;284;Viana-do-castelo;House
19020;3-Bedroom;410 000,00 €;186;Viana-do-castelo;House
19021;4-Bedroom;410 000,00 €;339;Viana-do-castelo;House
19022;4-Bedroom;410 000,00 €;210;Viana-do-castelo;House
19023;4-Bedroom;410 000,00 €;155;Viana-do-castelo;House
19024;4-Bedroom;410 000,00 €;210;Viana-do-castelo;House
19025;Detached House;412 000,00 €;466;Viana-do-castelo;House
19026;Detached House;413 000,00 €;200;Viana-do-castelo;House
19027;Detached House;414 000,00 €;224;Viana-do-castelo;House
19028;3-Bedroom;415 000,00 €;135;Viana-do-castelo;House
19029;3-Bedroom;415 000,00 €;132;Viana-do-castelo;House
19030;3-Bedroom;415 000,00 €;118;Viana-do-castelo;House
19031;3-Bedroom;415 000,00 €;118;Viana-do-castelo;House
19032;3-Bedroom;415 000,00 €;118;Viana-do-castelo;House
19033;3-Bedroom;415 000,00 €;118;Viana-do-castelo;House
19034;3-Bedroom;415 000,00 €;118;Viana-do-castelo;House
19035;3-Bedroom;415 000,00 €;336;Viana-do-castelo;House
19036;3-Bedroom;419 000,00 €;205;Viana-do-castelo;House
19037;4-Bedroom;420 000,00 €;120;Viana-do-castelo;House
19038;4-Bedroom;420 000,00 €;441;Viana-do-castelo;House
19039;2-Bedroom;420 000,00 €;119;Viana-do-castelo;House
19040;3-Bedroom;420 000,00 €;247;Viana-do-castelo;House
19041;3-Bedroom;420 000,00 €;356;Viana-do-castelo;House
19042;3-Bedroom;420 000,00 €;247;Viana-do-castelo;House
19043;4-Bedroom;420 000,00 €;170;Viana-do-castelo;House
19044;3-Bedroom;420 000,00 €;180;Viana-do-castelo;House
19045;3-Bedroom;420 000,00 €;645;Viana-do-castelo;House
19046;3-Bedroom;420 000,00 €;247;Viana-do-castelo;House
19047;4-Bedroom;425 000,00 €;257;Viana-do-castelo;House
19048;5-Bedroom;425 000,00 €;244;Viana-do-castelo;House
19049;4-Bedroom;425 000,00 €;317;Viana-do-castelo;House
19050;4-Bedroom;425 000,00 €;335;Viana-do-castelo;House
19051;4-Bedroom;425 000,00 €;344;Viana-do-castelo;House
19052;3-Bedroom;425 000,00 €;178;Viana-do-castelo;House
19053;1-Bedroom;427 000,00 €;100;Viana-do-castelo;House
19054;Detached House;427 500,00 €;350;Viana-do-castelo;House
19055;3-Bedroom;430 000,00 €;267;Viana-do-castelo;House
19056;3-Bedroom;430 000,00 €;446;Viana-do-castelo;House
19057;3-Bedroom;430 000,00 €;294;Viana-do-castelo;House
19058;3-Bedroom;430 000,00 €;297;Viana-do-castelo;House
19059;3-Bedroom;430 000,00 €;210;Viana-do-castelo;House
19060;3-Bedroom;430 000,00 €;297;Viana-do-castelo;House
19061;3-Bedroom;430 000,00 €;297;Viana-do-castelo;House
19062;4-Bedroom;435 000,00 €;248;Viana-do-castelo;House
19063;Detached House;435 000,00 €;415;Viana-do-castelo;House
19064;4-Bedroom;435 000,00 €;208;Viana-do-castelo;House
19065;1-Bedroom;435 000,00 €;104;Viana-do-castelo;House
19066;3-Bedroom;435 000,00 €;280;Viana-do-castelo;House
19067;3-Bedroom;440 000,00 €;257;Viana-do-castelo;House
19068;4-Bedroom;440 000,00 €;193;Viana-do-castelo;House
19069;3-Bedroom;440 000,00 €;66;Viana-do-castelo;House
19070;4-Bedroom;440 000,00 €;274;Viana-do-castelo;House
19071;3-Bedroom;445 000,00 €;263;Viana-do-castelo;House
19072;2-Bedroom;445 000,00 €;201;Viana-do-castelo;House
19073;Detached House;445 000,00 €;338;Viana-do-castelo;House
19074;3-Bedroom;445 000,00 €;362;Viana-do-castelo;House
19075;3-Bedroom;445 000,00 €;95;Viana-do-castelo;House
19076;4+1-Bedroom;446 000,00 €;320;Viana-do-castelo;House
19077;4+1-Bedroom;446 000,00 €;320;Viana-do-castelo;House
19078;4-Bedroom;449 000,00 €;262;Viana-do-castelo;House
19079;4-Bedroom;450 000,00 €;250;Viana-do-castelo;House
19080;Detached House;450 000,00 €;378;Viana-do-castelo;House
19081;7-Bedroom;450 000,00 €;545;Viana-do-castelo;House
19082;5-Bedroom;450 000,00 €;378;Viana-do-castelo;House
19083;4-Bedroom;450 000,00 €;346;Viana-do-castelo;House
19084;3-Bedroom;450 000,00 €;279;Viana-do-castelo;House
19085;3-Bedroom;450 000,00 €;279;Viana-do-castelo;House
19086;3-Bedroom;450 000,00 €;160;Viana-do-castelo;House
19087;4-Bedroom;450 000,00 €;264;Viana-do-castelo;House
19088;3-Bedroom;450 000,00 €;267;Viana-do-castelo;House
19089;5-Bedroom;450 000,00 €;646;Viana-do-castelo;House
19090;7-Bedroom;450 000,00 €;545;Viana-do-castelo;House
19091;3-Bedroom;450 000,00 €;165;Viana-do-castelo;House
19092;3-Bedroom;450 000,00 €;162;Viana-do-castelo;House
19093;4-Bedroom;450 000,00 €;346;Viana-do-castelo;House
19094;3-Bedroom;450 000,00 €;267;Viana-do-castelo;House
19095;3-Bedroom;450 000,00 €;162;Viana-do-castelo;House
19096;4-Bedroom;450 000,00 €;296;Viana-do-castelo;House
19097;3-Bedroom;450 000,00 €;144;Viana-do-castelo;House
19098;3-Bedroom;450 000,00 €;153;Viana-do-castelo;House
19099;3-Bedroom;450 000,00 €;344;Viana-do-castelo;House
19100;3-Bedroom;450 000,00 €;267;Viana-do-castelo;House
19101;4-Bedroom;450 000,00 €;152;Viana-do-castelo;House
19102;4-Bedroom;450 000,00 €;199;Viana-do-castelo;House
19103;3-Bedroom;450 000,00 €;208;Viana-do-castelo;House
19104;Detached House;450 000,00 €;378;Viana-do-castelo;House
19105;3-Bedroom;455 000,00 €;336;Viana-do-castelo;House
19106;3-Bedroom;460 000,00 €;298;Viana-do-castelo;House
19107;3-Bedroom;460 000,00 €;115;Viana-do-castelo;House
19108;4-Bedroom;460 000,00 €;310;Viana-do-castelo;House
19109;3-Bedroom;460 000,00 €;142;Viana-do-castelo;House
19110;2-Bedroom;460 000,00 €;243;Viana-do-castelo;House
19111;3-Bedroom;460 000,00 €;126;Viana-do-castelo;House
19112;3-Bedroom;460 000,00 €;126;Viana-do-castelo;House
19113;3-Bedroom;460 000,00 €;115;Viana-do-castelo;House
19114;3-Bedroom;460 000,00 €;150;Viana-do-castelo;House
19115;3-Bedroom;460 000,00 €;125;Viana-do-castelo;House
19116;3-Bedroom;460 000,00 €;125;Viana-do-castelo;House
19117;4-Bedroom;465 000,00 €;200;Viana-do-castelo;House
19118;4-Bedroom;465 000,00 €;311;Viana-do-castelo;House
19119;2-Bedroom;465 000,00 €;156;Viana-do-castelo;House
19120;4-Bedroom;465 000,00 €;242;Viana-do-castelo;House
19121;4-Bedroom;465 000,00 €;200;Viana-do-castelo;House
19122;4-Bedroom;465 000,00 €;219;Viana-do-castelo;House
19123;4-Bedroom;465 000,00 €;398;Viana-do-castelo;House
19124;4-Bedroom;465 000,00 €;310;Viana-do-castelo;House
19125;3-Bedroom;470 000,00 €;420;Viana-do-castelo;House
19126;3-Bedroom;470 000,00 €;222;Viana-do-castelo;House
19127;3-Bedroom;470 000,00 €;222;Viana-do-castelo;House
19128;9-Bedroom;470 000,00 €;384;Viana-do-castelo;House
19129;4-Bedroom;474 000,00 €;358;Viana-do-castelo;House
19130;Detached House;474 900,00 €;468;Viana-do-castelo;House
19131;5-Bedroom;475 000,00 €;320;Viana-do-castelo;House
19132;4+2-Bedroom;475 000,00 €;500;Viana-do-castelo;House
19133;3-Bedroom;475 000,00 €;150;Viana-do-castelo;House
19134;Detached House;475 000,00 €;420;Viana-do-castelo;House
19135;4-Bedroom;475 000,00 €;214;Viana-do-castelo;House
19136;3-Bedroom;475 000,00 €;160;Viana-do-castelo;House
19137;3-Bedroom;475 000,00 €;325;Viana-do-castelo;House
19138;3-Bedroom;475 000,00 €;280;Viana-do-castelo;House
19139;3-Bedroom;475 000,00 €;283;Viana-do-castelo;House
19140;5-Bedroom;475 000,00 €;320;Viana-do-castelo;House
19141;4+2-Bedroom;475 000,00 €;500;Viana-do-castelo;House
19142;3-Bedroom;478 000,00 €;425;Viana-do-castelo;House
19143;3-Bedroom;480 000,00 €;270;Viana-do-castelo;House
19144;3-Bedroom;480 000,00 €;642;Viana-do-castelo;House
19145;3-Bedroom;480 000,00 €;226;Viana-do-castelo;House
19146;2-Bedroom;480 000,00 €;199;Viana-do-castelo;House
19147;3+1-Bedroom;480 000,00 €;314;Viana-do-castelo;House
19148;3-Bedroom;480 000,00 €;126;Viana-do-castelo;House
19149;3-Bedroom;480 000,00 €;126;Viana-do-castelo;House
19150;5-Bedroom;480 000,00 €;357;Viana-do-castelo;House
19151;4-Bedroom;480 000,00 €;314;Viana-do-castelo;House
19152;6-Bedroom;480 000,00 €;260;Viana-do-castelo;House
19153;3-Bedroom;480 000,00 €;214;Viana-do-castelo;House
19154;3-Bedroom;480 000,00 €;126;Viana-do-castelo;House
19155;4-Bedroom;480 000,00 €;214;Viana-do-castelo;House
19156;5-Bedroom;480 000,00 €;377;Viana-do-castelo;House
19157;3-Bedroom;480 000,00 €;126;Viana-do-castelo;House
19158;3-Bedroom;480 000,00 €;126;Viana-do-castelo;House
19159;3-Bedroom;480 000,00 €;126;Viana-do-castelo;House
19160;3-Bedroom;480 000,00 €;125;Viana-do-castelo;House
19161;2-Bedroom;485 000,00 €;110;Viana-do-castelo;House
19162;Detached House;490 000,00 €;578;Viana-do-castelo;House
19163;6-Bedroom;490 000,00 €;190;Viana-do-castelo;House
19164;7-Bedroom;490 000,00 €;605;Viana-do-castelo;House
19165;3-Bedroom;490 000,00 €;420;Viana-do-castelo;House
19166;4-Bedroom;490 000,00 €;418;Viana-do-castelo;House
19167;6-Bedroom;490 000,00 €;360;Viana-do-castelo;House
19168;6-Bedroom;490 000,00 €;225;Viana-do-castelo;House
19169;6-Bedroom;490 000,00 €;225;Viana-do-castelo;House
19170;3-Bedroom;490 000,00 €;508;Viana-do-castelo;House
19171;3-Bedroom;495 000,00 €;205;Viana-do-castelo;House
19172;5-Bedroom;495 000,00 €;351;Viana-do-castelo;House
19173;3-Bedroom;495 000,00 €;475;Viana-do-castelo;House
19174;3-Bedroom;498 000,00 €;354;Viana-do-castelo;House
19175;4-Bedroom;498 000,00 €;292;Viana-do-castelo;House
19176;2-Bedroom;498 000,00 €;252;Viana-do-castelo;House
19177;3-Bedroom;499 000,00 €;199;Viana-do-castelo;House
19178;5-Bedroom;499 000,00 €;335;Viana-do-castelo;House
19179;4-Bedroom;500 000,00 €;481;Viana-do-castelo;House
19180;6-Bedroom;500 000,00 €;438;Viana-do-castelo;House
19181;3-Bedroom;500 000,00 €;141;Viana-do-castelo;House
19182;Farmhouse;500 000,00 €;350;Viana-do-castelo;House
19183;3+1-Bedroom;500 000,00 €;480;Viana-do-castelo;House
19184;6-Bedroom;500 000,00 €;260;Viana-do-castelo;House
19185;3-Bedroom;505 000,00 €;168;Viana-do-castelo;House
19186;Detached House;511 000,00 €;173;Viana-do-castelo;House
19187;5-Bedroom;515 000,00 €;317;Viana-do-castelo;House
19188;5-Bedroom;519 000,00 €;317;Viana-do-castelo;House
19189;4-Bedroom;519 000,00 €;266;Viana-do-castelo;House
19190;3-Bedroom;520 000,00 €;158;Viana-do-castelo;House
19191;Detached House;524 000,00 €;586;Viana-do-castelo;House
19192;3-Bedroom;525 000,00 €;134;Viana-do-castelo;House
19193;4-Bedroom;525 000,00 €;270;Viana-do-castelo;House
19194;3-Bedroom;525 000,00 €;180;Viana-do-castelo;House
19195;5-Bedroom;525 000,00 €;277;Viana-do-castelo;House
19196;2-Bedroom;525 000,00 €;80;Viana-do-castelo;House
19197;Detached House;525 000,00 €;309;Viana-do-castelo;House
19198;4-Bedroom;525 000,00 €;415;Viana-do-castelo;House
19199;6-Bedroom;529 000,00 €;416;Viana-do-castelo;House
19200;4-Bedroom;530 000,00 €;321;Viana-do-castelo;House
19201;5+1-Bedroom;530 000,00 €;331;Viana-do-castelo;House
19202;4-Bedroom;530 000,00 €;300;Viana-do-castelo;House
19203;3-Bedroom;530 000,00 €;150;Viana-do-castelo;House
19204;3-Bedroom;531 000,00 €;543;Viana-do-castelo;House
19205;3-Bedroom;535 000,00 €;195;Viana-do-castelo;House
19206;3-Bedroom;545 000,00 €;220;Viana-do-castelo;House
19207;3-Bedroom;550 000,00 €;144;Viana-do-castelo;House
19208;3-Bedroom;550 000,00 €;254;Viana-do-castelo;House
19209;3-Bedroom;550 000,00 €;191;Viana-do-castelo;House
19210;3-Bedroom;550 000,00 €;200;Viana-do-castelo;House
19211;3-Bedroom;550 000,00 €;165;Viana-do-castelo;House
19212;3-Bedroom;550 000,00 €;255;Viana-do-castelo;House
19213;4-Bedroom;550 000,00 €;300;Viana-do-castelo;House
19214;4-Bedroom;550 000,00 €;339;Viana-do-castelo;House
19215;3-Bedroom;550 000,00 €;211;Viana-do-castelo;House
19216;4-Bedroom;550 000,00 €;300;Viana-do-castelo;House
19217;3-Bedroom;550 000,00 €;227;Viana-do-castelo;House
19218;3-Bedroom;560 000,00 €;288;Viana-do-castelo;House
19219;3-Bedroom;560 000,00 €;300;Viana-do-castelo;House
19220;5-Bedroom;560 000,00 €;367;Viana-do-castelo;House
19221;3-Bedroom;560 000,00 €;288;Viana-do-castelo;House
19222;Studio;565 000,00 €;831;Viana-do-castelo;House
19223;4-Bedroom;565 000,00 €;159;Viana-do-castelo;House
19224;4-Bedroom;567 000,00 €;324;Viana-do-castelo;House
19225;4-Bedroom;570 000,00 €;241;Viana-do-castelo;House
19226;3-Bedroom;575 000,00 €;131;Viana-do-castelo;House
19227;3-Bedroom;575 000,00 €;300;Viana-do-castelo;House
19228;8-Bedroom;575 000,00 €;924;Viana-do-castelo;House
19229;3-Bedroom;575 000,00 €;125;Viana-do-castelo;House
19230;3-Bedroom;575 000,00 €;300;Viana-do-castelo;House
19231;3-Bedroom;575 000,00 €;489;Viana-do-castelo;House
19232;3-Bedroom;575 000,00 €;152;Viana-do-castelo;House
19233;4-Bedroom;575 000,00 €;260;Viana-do-castelo;House
19234;3-Bedroom;575 000,00 €;250;Viana-do-castelo;House
19235;3-Bedroom;575 000,00 €;150;Viana-do-castelo;House
19236;2+1-Bedroom;575 000,00 €;220;Viana-do-castelo;House
19237;5-Bedroom;580 000,00 €;400;Viana-do-castelo;House
19238;3-Bedroom;580 000,00 €;181;Viana-do-castelo;House
19239;5-Bedroom;585 000,00 €;378;Viana-do-castelo;House
19240;5-Bedroom;585 000,00 €;378;Viana-do-castelo;House
19241;5-Bedroom;585 000,00 €;323;Viana-do-castelo;House
19242;5-Bedroom;585 000,00 €;378;Viana-do-castelo;House
19243;3-Bedroom;590 000,00 €;177;Viana-do-castelo;House
19244;3-Bedroom;595 000,00 €;316;Viana-do-castelo;House
19245;3-Bedroom;595 000,00 €;136;Viana-do-castelo;House
19246;3-Bedroom;595 000,00 €;139;Viana-do-castelo;House
19247;3-Bedroom;595 000,00 €;262;Viana-do-castelo;House
19248;3-Bedroom;595 000,00 €;207;Viana-do-castelo;House
19249;3-Bedroom;595 000,00 €;155;Viana-do-castelo;House
19250;3-Bedroom;595 000,00 €;181;Viana-do-castelo;House
19251;3-Bedroom;595 000,00 €;200;Viana-do-castelo;House
19252;6-Bedroom;600 000,00 €;463;Viana-do-castelo;House
19253;3-Bedroom;600 000,00 €;181;Viana-do-castelo;House
19254;4-Bedroom;600 000,00 €;444;Viana-do-castelo;House
19255;4-Bedroom;600 000,00 €;336;Viana-do-castelo;House
19256;4-Bedroom;600 000,00 €;366;Viana-do-castelo;House
19257;6-Bedroom;600 000,00 €;1.100;Viana-do-castelo;House
19258;4-Bedroom;610 000,00 €;386;Viana-do-castelo;House
19259;2+1-Bedroom;615 000,00 €;142;Viana-do-castelo;House
19260;2-Bedroom;615 000,00 €;142;Viana-do-castelo;House
19261;Apartment;615 000,00 €;142;Viana-do-castelo;House
19262;3-Bedroom;617 000,00 €;382;Viana-do-castelo;House
19263;4-Bedroom;625 000,00 €;780;Viana-do-castelo;House
19264;3-Bedroom;625 000,00 €;168;Viana-do-castelo;House
19265;3-Bedroom;625 000,00 €;168;Viana-do-castelo;House
19266;5-Bedroom;629 000,00 €;264;Viana-do-castelo;House
19267;5-Bedroom;630 000,00 €;550;Viana-do-castelo;House
19268;5-Bedroom;630 000,00 €;264;Viana-do-castelo;House
19269;5-Bedroom;639 000,00 €;160;Viana-do-castelo;House
19270;5-Bedroom;639 000,00 €;219;Viana-do-castelo;House
19271;5-Bedroom;639 000,00 €;219;Viana-do-castelo;House
19272;5-Bedroom;639 000,00 €;160;Viana-do-castelo;House
19273;3-Bedroom;640 000,00 €;308;Viana-do-castelo;House
19274;3-Bedroom;645 000,00 €;256;Viana-do-castelo;House
19275;3-Bedroom;645 000,00 €;341;Viana-do-castelo;House
19276;3-Bedroom;648 285,00 €;50.000;Viana-do-castelo;House
19277;3-Bedroom;650 000,00 €;173;Viana-do-castelo;House
19278;4-Bedroom;650 000,00 €;340;Viana-do-castelo;House
19279;3-Bedroom;650 000,00 €;145;Viana-do-castelo;House
19280;3-Bedroom;650 000,00 €;173;Viana-do-castelo;House
19281;3-Bedroom;650 000,00 €;169;Viana-do-castelo;House
19282;3-Bedroom;650 000,00 €;173;Viana-do-castelo;House
19283;4-Bedroom;650 000,00 €;285;Viana-do-castelo;House
19284;3-Bedroom;650 000,00 €;293;Viana-do-castelo;House
19285;3-Bedroom;650 000,00 €;600;Viana-do-castelo;House
19286;Farmhouse;650 000,00 €;706;Viana-do-castelo;House
19287;4-Bedroom;650 000,00 €;445;Viana-do-castelo;House
19288;3-Bedroom;650 000,00 €;160;Viana-do-castelo;House
19289;4+1-Bedroom;650 000,00 €;445;Viana-do-castelo;House
19290;Detached House;650 000,00 €;145;Viana-do-castelo;House
19291;Detached House;650 000,00 €;667;Viana-do-castelo;House
19292;7-Bedroom;650 000,00 €;384;Viana-do-castelo;House
19293;3-Bedroom;650 000,00 €;1.160;Viana-do-castelo;House
19294;3-Bedroom;650 000,00 €;175;Viana-do-castelo;House
19295;4-Bedroom;650 000,00 €;426;Viana-do-castelo;House
19296;4-Bedroom;660 000,00 €;177;Viana-do-castelo;House
19297;3-Bedroom;660 000,00 €;334;Viana-do-castelo;House
19298;3-Bedroom;670 000,00 €;181;Viana-do-castelo;House
19299;5-Bedroom;670 000,00 €;321;Viana-do-castelo;House
19300;4-Bedroom;670 000,00 €;303;Viana-do-castelo;House
19301;3-Bedroom;675 000,00 €;160;Viana-do-castelo;House
19302;4-Bedroom;679 000,00 €;199;Viana-do-castelo;House
19303;4-Bedroom;680 000,00 €;390;Viana-do-castelo;House
19304;3-Bedroom;680 000,00 €;184;Viana-do-castelo;House
19305;4-Bedroom;680 000,00 €;154;Viana-do-castelo;House
19306;4-Bedroom;685 000,00 €;359;Viana-do-castelo;House
19307;3-Bedroom;685 000,00 €;264;Viana-do-castelo;House
19308;Detached House;685 000,00 €;305;Viana-do-castelo;House
19309;3-Bedroom;685 000,00 €;98;Viana-do-castelo;House
19310;Farmhouse;685 000,00 €;710;Viana-do-castelo;House
19311;4-Bedroom;690 000,00 €;295;Viana-do-castelo;House
19312;4-Bedroom;690 000,00 €;272;Viana-do-castelo;House
19313;4-Bedroom;690 000,00 €;515;Viana-do-castelo;House
19314;4-Bedroom;690 000,00 €;230;Viana-do-castelo;House
19315;4-Bedroom;690 000,00 €;355;Viana-do-castelo;House
19316;3-Bedroom;690 000,00 €;167;Viana-do-castelo;House
19317;4-Bedroom;690 000,00 €;355;Viana-do-castelo;House
19318;6-Bedroom;690 000,00 €;330;Viana-do-castelo;House
19319;3-Bedroom;690 000,00 €;190;Viana-do-castelo;House
19320;3-Bedroom;690 000,00 €;305;Viana-do-castelo;House
19321;2+1-Bedroom;690 000,00 €;198;Viana-do-castelo;House
19322;4-Bedroom;690 000,00 €;295;Viana-do-castelo;House
19323;3-Bedroom;695 000,00 €;140;Viana-do-castelo;House
19324;3-Bedroom;695 000,00 €;140;Viana-do-castelo;House
19325;3-Bedroom;695 000,00 €;193;Viana-do-castelo;House
19326;Detached House;695 000,00 €;296;Viana-do-castelo;House
19327;Detached House;699 500,00 €;320;Viana-do-castelo;House
19328;4-Bedroom;700 000,00 €;845;Viana-do-castelo;House
19329;4-Bedroom;700 000,00 €;353;Viana-do-castelo;House
19330;4-Bedroom;700 000,00 €;355;Viana-do-castelo;House
19331;4-Bedroom;700 000,00 €;231;Viana-do-castelo;House
19332;5-Bedroom;700 000,00 €;110;Viana-do-castelo;House
19333;4-Bedroom;700 000,00 €;480;Viana-do-castelo;House
19334;4+1-Bedroom;700 000,00 €;412;Viana-do-castelo;House
19335;3-Bedroom;720 000,00 €;164;Viana-do-castelo;House
19336;5+3-Bedroom;740 000,00 €;316;Viana-do-castelo;House
19337;3-Bedroom;745 000,00 €;244;Viana-do-castelo;House
19338;3-Bedroom;750 000,00 €;205;Viana-do-castelo;House
19339;4-Bedroom;750 000,00 €;380;Viana-do-castelo;House
19340;3-Bedroom;750 000,00 €;441;Viana-do-castelo;House
19341;8-Bedroom;750 000,00 €;3.100;Viana-do-castelo;House
19342;8-Bedroom;750 000,00 €;1.099;Viana-do-castelo;House
19343;7-Bedroom;750 000,00 €;715;Viana-do-castelo;House
19344;T15;750 000,00 €;1.099;Viana-do-castelo;House
19345;3-Bedroom;750 000,00 €;245;Viana-do-castelo;House
19346;5-Bedroom;750 000,00 €;333;Viana-do-castelo;House
19347;5-Bedroom;750 000,00 €;178;Viana-do-castelo;House
19348;3-Bedroom;750 000,00 €;246;Viana-do-castelo;House
19349;4-Bedroom;750 000,00 €;309;Viana-do-castelo;House
19350;4-Bedroom;750 000,00 €;292;Viana-do-castelo;House
19351;7-Bedroom;750 000,00 €;550;Viana-do-castelo;House
19352;8-Bedroom;750 000,00 €;642;Viana-do-castelo;House
19353;3-Bedroom;750 000,00 €;441;Viana-do-castelo;House
19354;5-Bedroom;760 000,00 €;542;Viana-do-castelo;House
19355;5-Bedroom;760 000,00 €;423;Viana-do-castelo;House
19356;5-Bedroom;760 000,00 €;540;Viana-do-castelo;House
19357;4-Bedroom;775 000,00 €;234;Viana-do-castelo;House
19358;4-Bedroom;775 000,00 €;219;Viana-do-castelo;House
19359;4-Bedroom;775 000,00 €;235;Viana-do-castelo;House
19360;4-Bedroom;775 000,00 €;234;Viana-do-castelo;House
19361;4-Bedroom;775 000,00 €;235;Viana-do-castelo;House
19362;4-Bedroom;775 000,00 €;219;Viana-do-castelo;House
19363;4-Bedroom;775 000,00 €;235;Viana-do-castelo;House
19364;4-Bedroom;775 000,00 €;235;Viana-do-castelo;House
19365;4-Bedroom;775 000,00 €;235;Viana-do-castelo;House
19366;4-Bedroom;775 000,00 €;219;Viana-do-castelo;House
19367;Detached House;775 000,00 €;235;Viana-do-castelo;House
19368;4-Bedroom;775 000,00 €;234;Viana-do-castelo;House
19369;3-Bedroom;780 000,00 €;452;Viana-do-castelo;House
19370;3-Bedroom;780 000,00 €;452;Viana-do-castelo;House
19371;9-Bedroom;780 000,00 €;1.097;Viana-do-castelo;House
19372;5-Bedroom;785 000,00 €;544;Viana-do-castelo;House
19373;5-Bedroom;790 000,00 €;586;Viana-do-castelo;House
19374;3-Bedroom;790 000,00 €;184;Viana-do-castelo;House
19375;5-Bedroom;795 000,00 €;332;Viana-do-castelo;House
19376;5-Bedroom;795 000,00 €;332;Viana-do-castelo;House
19377;7-Bedroom;800 000,00 €;260;Viana-do-castelo;House
19378;3-Bedroom;825 000,00 €;462;Viana-do-castelo;House
19379;Small Farmhouse;830 000,00 €;275;Viana-do-castelo;House
19380;4-Bedroom;835 000,00 €;386;Viana-do-castelo;House
19381;4-Bedroom;845 000,00 €;211;Viana-do-castelo;House
19382;5-Bedroom;850 000,00 €;202;Viana-do-castelo;House
19383;4-Bedroom;850 000,00 €;388;Viana-do-castelo;House
19384;5-Bedroom;850 000,00 €;203;Viana-do-castelo;House
19385;8-Bedroom;850 000,00 €;449;Viana-do-castelo;House
19386;7-Bedroom;850 000,00 €;473;Viana-do-castelo;House
19387;6-Bedroom;855 000,00 €;515;Viana-do-castelo;House
19388;4-Bedroom;875 000,00 €;1.565;Viana-do-castelo;House
19389;Farmhouse;875 000,00 €;255;Viana-do-castelo;House
19390;3-Bedroom;885 000,00 €;175;Viana-do-castelo;House
19391;3-Bedroom;885 000,00 €;255;Viana-do-castelo;House
19392;3-Bedroom;890 000,00 €;332;Viana-do-castelo;House
19393;6-Bedroom;890 000,00 €;324;Viana-do-castelo;House
19394;3-Bedroom;890 000,00 €;180;Viana-do-castelo;House
19395;Detached House;895 000,00 €;484;Viana-do-castelo;House
19396;6-Bedroom;897 000,00 €;562;Viana-do-castelo;House
19397;Farmhouse;950 000,00 €;260;Viana-do-castelo;House
19398;4-Bedroom;950 000,00 €;355;Viana-do-castelo;House
19399;1-Bedroom;950 000,00 €;900;Viana-do-castelo;House
19400;5-Bedroom;950 000,00 €;150;Viana-do-castelo;House
19401;5-Bedroom;950 000,00 €;130;Viana-do-castelo;House
19402;4+1-Bedroom;960 000,00 €;386;Viana-do-castelo;House
19403;8-Bedroom;990 000,00 €;430;Viana-do-castelo;House
19404;8-Bedroom;990 000,00 €;872;Viana-do-castelo;House
19405;Detached House;995 000,00 €;308;Viana-do-castelo;House
19406;1-Bedroom;995 000,00 €;3.400;Viana-do-castelo;House
19407;4-Bedroom;1 000 000,00 €;144;Viana-do-castelo;House
19408;6-Bedroom;1 000 000,00 €;480;Viana-do-castelo;House
19409;6-Bedroom;1 000 000,00 €;440;Viana-do-castelo;House
19410;4-Bedroom;1 000 000,00 €;144;Viana-do-castelo;House
19411;5-Bedroom;1 000 000,00 €;480;Viana-do-castelo;House
19412;9-Bedroom;1 050 000,00 €;904;Viana-do-castelo;House
19413;11-Bedroom;1 050 000,00 €;905;Viana-do-castelo;House
19414;11-Bedroom;1 050 000,00 €;905;Viana-do-castelo;House
19415;11-Bedroom;1 050 000,00 €;900;Viana-do-castelo;House
19416;6-Bedroom;1 060 000,00 €;1.900;Viana-do-castelo;House
19417;4-Bedroom;1 100 000,00 €;421;Viana-do-castelo;House
19418;4+1-Bedroom;1 100 000,00 €;336;Viana-do-castelo;House
19419;5-Bedroom;1 100 000,00 €;336;Viana-do-castelo;House
19420;5-Bedroom;1 100 000,00 €;299;Viana-do-castelo;House
19421;3-Bedroom;1 120 000,00 €;387;Viana-do-castelo;House
19422;6-Bedroom;1 150 000,00 €;1.090;Viana-do-castelo;House
19423;8-Bedroom;1 150 000,00 €;378;Viana-do-castelo;House
19424;3-Bedroom;1 195 000,00 €;661;Viana-do-castelo;House
19425;3-Bedroom;1 195 000,00 €;396;Viana-do-castelo;House
19426;8-Bedroom;1 200 000,00 €;800;Viana-do-castelo;House
19427;4-Bedroom;1 250 000,00 €;505;Viana-do-castelo;House
19428;Farmhouse;1 250 000,00 €;250;Viana-do-castelo;House
19429;6-Bedroom;1 250 000,00 €;378;Viana-do-castelo;House
19430;11-Bedroom;1 250 000,00 €;658;Viana-do-castelo;House
19431;5-Bedroom;1 250 000,00 €;620;Viana-do-castelo;House
19432;6-Bedroom;1 250 000,00 €;2.795;Viana-do-castelo;House
19433;3-Bedroom;1 300 000,00 €;594;Viana-do-castelo;House
19434;7-Bedroom;1 300 000,00 €;615;Viana-do-castelo;House
19435;4-Bedroom;1 300 000,00 €;480;Viana-do-castelo;House
19436;4-Bedroom;1 320 000,00 €;239;Viana-do-castelo;House
19437;4-Bedroom;1 320 000,00 €;493;Viana-do-castelo;House
19438;7-Bedroom;1 350 000,00 €;879;Viana-do-castelo;House
19439;4-Bedroom;1 350 000,00 €;745;Viana-do-castelo;House
19440;Farmhouse;1 351 000,00 €;487;Viana-do-castelo;House
19441;6-Bedroom;1 390 000,00 €;330;Viana-do-castelo;House
19442;3-Bedroom;1 430 000,00 €;299;Viana-do-castelo;House
19443;T32;1 485 000,00 €;1.341;Viana-do-castelo;House
19444;4-Bedroom;1 500 000,00 €;289;Viana-do-castelo;House
19445;4-Bedroom;1 527 000,00 €;578;Viana-do-castelo;House
19446;4-Bedroom;1 550 000,00 €;510;Viana-do-castelo;House
19447;4-Bedroom;1 550 000,00 €;463;Viana-do-castelo;House
19448;6-Bedroom;1 600 000,00 €;812;Viana-do-castelo;House
19449;5-Bedroom;1 600 000,00 €;732;Viana-do-castelo;House
19450;6-Bedroom;1 750 000,00 €;420;Viana-do-castelo;House
19451;8-Bedroom;1 800 000,00 €;10.000;Viana-do-castelo;House
19452;7-Bedroom;1 800 000,00 €;1.074;Viana-do-castelo;House
19453;Farmhouse;1 890 000,00 €;554;Viana-do-castelo;House
19454;6-Bedroom;1 950 000,00 €;501;Viana-do-castelo;House
19455;6-Bedroom;1 975 000,00 €;390;Viana-do-castelo;House
19456;3-Bedroom;2 100 000,00 €;300;Viana-do-castelo;House
19457;9-Bedroom;2 200 000,00 €;655;Viana-do-castelo;House
19458;5-Bedroom;2 350 000,00 €;1.055;Viana-do-castelo;House
19459;14-Bedroom;3 500 000,00 €;849;Viana-do-castelo;House
19460;Farmhouse;3 900 000,00 €;635;Viana-do-castelo;House
19461;Detached House;3 990 000,00 €;878;Viana-do-castelo;House
19462;8-Bedroom;4 500 000,00 €;1.394;Viana-do-castelo;House
19463;4-Bedroom;6 500 000,00 €;543;Viana-do-castelo;House
19464;Detached House;6 500,00 €;36;Vila-real;House
19465;2-Bedroom;9 500,00 €;60;Vila-real;House
19466;Studio;10 000,00 €;42;Vila-real;House
19467;2-Bedroom;12 000,00 €;110;Vila-real;House
19468;Detached House;13 500,00 €;180;Vila-real;House
19469;Detached House;14 500,00 €;150;Vila-real;House
19470;3-Bedroom;14 500,00 €;200;Vila-real;House
19471;1-Bedroom;15 000,00 €;61;Vila-real;House
19472;1-Bedroom;18 000,00 €;50;Vila-real;House
19473;2-Bedroom;19 000,00 €;140;Vila-real;House
19474;2-Bedroom;19 000,00 €;141;Vila-real;House
19475;2-Bedroom;20 000,00 €;249;Vila-real;House
19476;2-Bedroom;21 500,00 €;85;Vila-real;House
19477;Detached House;22 500,00 €;55;Vila-real;House
19478;2-Bedroom;22 500,00 €;60;Vila-real;House
19479;2-Bedroom;25 000,00 €;233;Vila-real;House
19480;3-Bedroom;25 000,00 €;Terreno 375;Vila-real;House
19481;1-Bedroom;25 000,00 €;64;Vila-real;House
19482;Ruin;25 000,00 €;28;Vila-real;House
19483;3-Bedroom;25 500,00 €;104;Vila-real;House
19484;Ruin;25 500,00 €;160;Vila-real;House
19485;Studio;25 500,00 €;160;Vila-real;House
19486;3-Bedroom;25 500,00 €;176;Vila-real;House
19487;Ruin;27 000,00 €;69;Vila-real;House
19488;3-Bedroom;27 250,00 €;92;Vila-real;House
19489;5-Bedroom;27 900,00 €;230;Vila-real;House
19490;1-Bedroom;28 000,00 €;45;Vila-real;House
19491;2-Bedroom;28 000,00 €;85;Vila-real;House
19492;2-Bedroom;28 000,00 €;228;Vila-real;House
19493;2-Bedroom;29 000,00 €;120;Vila-real;House
19494;1-Bedroom;29 500,00 €;72;Vila-real;House
19495;2-Bedroom;29 500,00 €;100;Vila-real;House
19496;2-Bedroom;30 000,00 €;90;Vila-real;House
19497;3-Bedroom;30 000,00 €;110;Vila-real;House
19498;3-Bedroom;30 000,00 €;130;Vila-real;House
19499;Studio;30 000,00 €;8.659;Vila-real;House
19500;Ruin;30 000,00 €;70;Vila-real;House
19501;Ruin;32 000,00 €;80;Vila-real;House
19502;House;32 500,00 €;Terreno 600;Vila-real;House
19503;2-Bedroom;33 000,00 €;34;Vila-real;House
19504;2-Bedroom;33 600,00 €;188;Vila-real;House
19505;4-Bedroom;34 000,00 €;160;Vila-real;House
19506;Detached House;35 000,00 €;150;Vila-real;House
19507;2-Bedroom;35 000,00 €;49;Vila-real;House
19508;Detached House;35 000,00 €;84;Vila-real;House
19509;2-Bedroom;35 000,00 €;190;Vila-real;House
19510;4-Bedroom;35 000,00 €;110;Vila-real;House
19511;Detached House;35 000,00 €;25;Vila-real;House
19512;3-Bedroom;35 000,00 €;144;Vila-real;House
19513;3-Bedroom;35 000,00 €;180;Vila-real;House
19514;2-Bedroom;35 000,00 €;70;Vila-real;House
19515;4-Bedroom;35 000,00 €;750;Vila-real;House
19516;2-Bedroom;35 500,00 €;80;Vila-real;House
19517;3-Bedroom;36 000,00 €;280;Vila-real;House
19518;Studio;36 000,00 €;214;Vila-real;House
19519;Studio;36 150,00 €;60;Vila-real;House
19520;2-Bedroom;37 500,00 €;27;Vila-real;House
19521;Detached House;37 900,00 €;120;Vila-real;House
19522;2-Bedroom;39 000,00 €;273;Vila-real;House
19523;3-Bedroom;39 000,00 €;280;Vila-real;House
19524;3-Bedroom;39 500,00 €;168;Vila-real;House
19525;Detached House;39 900,00 €;20;Vila-real;House
19526;3-Bedroom;39 900,00 €;140;Vila-real;House
19527;2-Bedroom;40 000,00 €;240;Vila-real;House
19528;3-Bedroom;40 000,00 €;150;Vila-real;House
19529;3-Bedroom;40 000,00 €;40;Vila-real;House
19530;1-Bedroom;40 000,00 €;70;Vila-real;House
19531;2-Bedroom;40 000,00 €;40;Vila-real;House
19532;4-Bedroom;40 000,00 €;45;Vila-real;House
19533;2-Bedroom;40 000,00 €;74;Vila-real;House
19534;2-Bedroom;40 000,00 €;240;Vila-real;House
19535;3-Bedroom;42 000,00 €;200;Vila-real;House
19536;2-Bedroom;42 000,00 €;160;Vila-real;House
19537;3-Bedroom;42 500,00 €;168;Vila-real;House
19538;Detached House;42 500,00 €;100;Vila-real;House
19539;Detached House;43 000,00 €;48;Vila-real;House
19540;Studio;44 999,00 €;526;Vila-real;House
19541;Detached House;45 000,00 €;116;Vila-real;House
19542;Detached House;45 000,00 €;40;Vila-real;House
19543;2-Bedroom;45 000,00 €;120;Vila-real;House
19544;4-Bedroom;45 000,00 €;324;Vila-real;House
19545;Detached House;46 000,00 €;161;Vila-real;House
19546;1-Bedroom;46 000,00 €;120;Vila-real;House
19547;2-Bedroom;46 000,00 €;40;Vila-real;House
19548;6-Bedroom;48 000,00 €;420;Vila-real;House
19549;Farmhouses;48 500,00 €;45;Vila-real;House
19550;2-Bedroom;48 990,00 €;86;Vila-real;House
19551;3-Bedroom;48 990,00 €;86;Vila-real;House
19552;2-Bedroom;49 000,00 €;230;Vila-real;House
19553;Detached House;49 900,00 €;78;Vila-real;House
19554;3-Bedroom;50 000,00 €;440;Vila-real;House
19555;2-Bedroom;50 000,00 €;136;Vila-real;House
19556;2-Bedroom;50 000,00 €;98;Vila-real;House
19557;2-Bedroom;50 000,00 €;140;Vila-real;House
19558;4-Bedroom;50 000,00 €;484;Vila-real;House
19559;2-Bedroom;50 000,00 €;136;Vila-real;House
19560;2-Bedroom;50 000,00 €;135;Vila-real;House
19561;Detached House;50 000,00 €;470;Vila-real;House
19562;6-Bedroom;50 000,00 €;360;Vila-real;House
19563;6-Bedroom;50 000,00 €;360;Vila-real;House
19564;Studio;50 000,00 €;50.000;Vila-real;House
19565;7-Bedroom;51 000,00 €;720;Vila-real;House
19566;2+1-Bedroom;51 500,00 €;413;Vila-real;House
19567;2-Bedroom;51 770,00 €;48;Vila-real;House
19568;4-Bedroom;52 000,00 €;505;Vila-real;House
19569;3-Bedroom;52 000,00 €;125;Vila-real;House
19570;3-Bedroom;55 000,00 €;Terreno 1.300;Vila-real;House
19571;Detached House;55 000,00 €;400;Vila-real;House
19572;2-Bedroom;55 000,00 €;88;Vila-real;House
19573;Detached House;55 000,00 €;150;Vila-real;House
19574;1-Bedroom;55 000,00 €;308;Vila-real;House
19575;2-Bedroom;55 000,00 €;110;Vila-real;House
19576;2-Bedroom;55 000,00 €;70;Vila-real;House
19577;Detached House;55 900,00 €;270;Vila-real;House
19578;4-Bedroom;56 000,00 €;330;Vila-real;House
19579;2-Bedroom;57 000,00 €;115;Vila-real;House
19580;Detached House;57 500,00 €;202;Vila-real;House
19581;2-Bedroom;58 000,00 €;99;Vila-real;House
19582;3-Bedroom;59 000,00 €;144;Vila-real;House
19583;4-Bedroom;59 000,00 €;160;Vila-real;House
19584;4-Bedroom;60 000,00 €;120;Vila-real;House
19585;3-Bedroom;60 000,00 €;156;Vila-real;House
19586;Studio;60 000,00 €;433;Vila-real;House
19587;Detached House;60 000,00 €;70;Vila-real;House
19588;Detached House;60 000,00 €;1.400;Vila-real;House
19589;2-Bedroom;60 000,00 €;129;Vila-real;House
19590;3-Bedroom;60 000,00 €;406;Vila-real;House
19591;3-Bedroom;60 000,00 €;140;Vila-real;House
19592;2-Bedroom;60 000,00 €;72;Vila-real;House
19593;3-Bedroom;60 000,00 €;270;Vila-real;House
19594;Studio;60 000,00 €;4.799;Vila-real;House
19595;Studio;60 000,00 €;4.799;Vila-real;House
19596;2-Bedroom;62 700,00 €;66;Vila-real;House
19597;House;63 000,00 €;108;Vila-real;House
19598;2-Bedroom;65 000,00 €;108;Vila-real;House
19599;Studio;65 000,00 €;89;Vila-real;House
19600;2-Bedroom;65 000,00 €;109;Vila-real;House
19601;3-Bedroom;65 000,00 €;90;Vila-real;House
19602;4-Bedroom;65 000,00 €;144;Vila-real;House
19603;6-Bedroom;65 000,00 €;150;Vila-real;House
19604;3-Bedroom;65 000,00 €;120;Vila-real;House
19605;2-Bedroom;65 000,00 €;118;Vila-real;House
19606;3-Bedroom;65 000,00 €;135;Vila-real;House
19607;3-Bedroom;65 000,00 €;125;Vila-real;House
19608;Detached House;65 900,00 €;73;Vila-real;House
19609;Studio;66 150,00 €;100;Vila-real;House
19610;2-Bedroom;66 500,00 €;108;Vila-real;House
19611;2-Bedroom;66 500,00 €;108;Vila-real;House
19612;1-Bedroom;67 000,00 €;110;Vila-real;House
19613;3-Bedroom;67 500,00 €;119;Vila-real;House
19614;4-Bedroom;68 000,00 €;124;Vila-real;House
19615;3-Bedroom;68 000,00 €;117;Vila-real;House
19616;2-Bedroom;68 000,00 €;190;Vila-real;House
19617;3-Bedroom;68 000,00 €;168;Vila-real;House
19618;3-Bedroom;68 000,00 €;140.000;Vila-real;House
19619;4-Bedroom;68 000,00 €;40;Vila-real;House
19620;3-Bedroom;70 000,00 €;110;Vila-real;House
19621;3-Bedroom;70 000,00 €;215;Vila-real;House
19622;3-Bedroom;70 000,00 €;236;Vila-real;House
19623;3-Bedroom;70 000,00 €;250;Vila-real;House
19624;2-Bedroom;70 000,00 €;350;Vila-real;House
19625;3-Bedroom;70 000,00 €;260;Vila-real;House
19626;Detached House;73 500,00 €;240;Vila-real;House
19627;Detached House;74 000,00 €;56;Vila-real;House
19628;House;74 900,00 €;Terreno 220;Vila-real;House
19629;2-Bedroom;75 000,00 €;221;Vila-real;House
19630;3-Bedroom;75 000,00 €;90;Vila-real;House
19631;3-Bedroom;75 000,00 €;286;Vila-real;House
19632;4-Bedroom;75 000,00 €;362;Vila-real;House
19633;4-Bedroom;75 000,00 €;117;Vila-real;House
19634;Studio;78 000,00 €;63;Vila-real;House
19635;Detached House;79 000,00 €;200;Vila-real;House
19636;Detached House;79 500,00 €;350;Vila-real;House
19637;1-Bedroom;79 500,00 €;73;Vila-real;House
19638;Detached House;79 900,00 €;108;Vila-real;House
19639;5-Bedroom;80 000,00 €;468;Vila-real;House
19640;Detached House;80 000,00 €;333;Vila-real;House
19641;1-Bedroom;80 000,00 €;150;Vila-real;House
19642;Studio;80 000,00 €;100;Vila-real;House
19643;Detached House;80 000,00 €;Terreno 700;Vila-real;House
19644;3-Bedroom;82 000,00 €;57;Vila-real;House
19645;4-Bedroom;82 500,00 €;240;Vila-real;House
19646;2-Bedroom;85 000,00 €;117;Vila-real;House
19647;1-Bedroom;85 000,00 €;55;Vila-real;House
19648;4-Bedroom;85 000,00 €;160;Vila-real;House
19649;3-Bedroom;85 000,00 €;62;Vila-real;House
19650;3-Bedroom;85 000,00 €;80;Vila-real;House
19651;2-Bedroom;85 000,00 €;138;Vila-real;House
19652;1-Bedroom;87 500,00 €;78;Vila-real;House
19653;3-Bedroom;87 999,00 €;342;Vila-real;House
19654;2-Bedroom;89 000,00 €;230;Vila-real;House
19655;3-Bedroom;89 000,00 €;304;Vila-real;House
19656;Detached House;90 000,00 €;308;Vila-real;House
19657;7-Bedroom;90 000,00 €;146;Vila-real;House
19658;Detached House;90 000,00 €;30;Vila-real;House
19659;Detached House;90 000,00 €;500;Vila-real;House
19660;7-Bedroom;90 000,00 €;215;Vila-real;House
19661;Detached House;90 000,00 €;310;Vila-real;House
19662;Detached House;95 000,00 €;51;Vila-real;House
19663;Detached House;95 000,00 €;77;Vila-real;House
19664;3-Bedroom;95 000,00 €;312;Vila-real;House
19665;Detached House;98 000,00 €;Terreno 2.250;Vila-real;House
19666;2-Bedroom;98 500,00 €;120;Vila-real;House
19667;3-Bedroom;100 000,00 €;648;Vila-real;House
19668;2-Bedroom;100 000,00 €;142;Vila-real;House
19669;Detached House;100 000,00 €;Terreno 190;Vila-real;House
19670;Small Farmhouse;100 000,00 €;175;Vila-real;House
19671;3-Bedroom;100 500,00 €;304;Vila-real;House
19672;3-Bedroom;100 500,00 €;137;Vila-real;House
19673;Detached House;102 500,00 €;Terreno 5.000;Vila-real;House
19674;3-Bedroom;103 000,00 €;220;Vila-real;House
19675;3-Bedroom;104 500,00 €;75;Vila-real;House
19676;Apartment;105 000,00 €;20;Vila-real;House
19677;Apartment;105 000,00 €;75;Vila-real;House
19678;3-Bedroom;105 000,00 €;102;Vila-real;House
19679;7-Bedroom;108 000,00 €;555;Vila-real;House
19680;Detached House;109 000,00 €;28;Vila-real;House
19681;2-Bedroom;109 900,00 €;211;Vila-real;House
19682;2-Bedroom;110 000,00 €;100;Vila-real;House
19683;Studio;110 000,00 €;70;Vila-real;House
19684;4-Bedroom;110 000,00 €;145;Vila-real;House
19685;3-Bedroom;110 000,00 €;291;Vila-real;House
19686;Studio;110 000,00 €;6.000;Vila-real;House
19687;3-Bedroom;110 000,00 €;300;Vila-real;House
19688;1-Bedroom;113 000,00 €;57;Vila-real;House
19689;3-Bedroom;115 000,00 €;942;Vila-real;House
19690;4-Bedroom;115 000,00 €;249;Vila-real;House
19691;3-Bedroom;115 000,00 €;150;Vila-real;House
19692;1-Bedroom;115 000,00 €;45;Vila-real;House
19693;2-Bedroom;115 000,00 €;100;Vila-real;House
19694;3-Bedroom;115 000,00 €;125;Vila-real;House
19695;2-Bedroom;115 000,00 €;86;Vila-real;House
19696;4-Bedroom;118 000,00 €;92;Vila-real;House
19697;7-Bedroom;119 000,00 €;352;Vila-real;House
19698;2-Bedroom;119 000,00 €;160;Vila-real;House
19699;3-Bedroom;119 000,00 €;214;Vila-real;House
19700;2-Bedroom;119 500,00 €;116;Vila-real;House
19701;Detached House;120 000,00 €;71;Vila-real;House
19702;4-Bedroom;120 000,00 €;Terreno 1.400;Vila-real;House
19703;4-Bedroom;120 000,00 €;500;Vila-real;House
19704;3-Bedroom;120 000,00 €;120;Vila-real;House
19705;3-Bedroom;120 000,00 €;189;Vila-real;House
19706;3-Bedroom;122 000,00 €;80;Vila-real;House
19707;3-Bedroom;122 500,00 €;149;Vila-real;House
19708;Ruin;122 900,00 €;85;Vila-real;House
19709;3-Bedroom;124 500,00 €;180;Vila-real;House
19710;4-Bedroom;125 000,00 €;338;Vila-real;House
19711;3-Bedroom;125 000,00 €;126;Vila-real;House
19712;3-Bedroom;127 000,00 €;120;Vila-real;House
19713;2-Bedroom;128 000,00 €;87;Vila-real;House
19714;3-Bedroom;128 000,00 €;300;Vila-real;House
19715;4-Bedroom;130 000,00 €;280;Vila-real;House
19716;2-Bedroom;130 000,00 €;711;Vila-real;House
19717;Detached House;130 000,00 €;82;Vila-real;House
19718;Farmhouse;130 000,00 €;22.540;Vila-real;House
19719;4-Bedroom;130 000,00 €;326;Vila-real;House
19720;6-Bedroom;130 000,00 €;209;Vila-real;House
19721;3-Bedroom;135 000,00 €;105;Vila-real;House
19722;Small Farmhouse;135 000,00 €;205;Vila-real;House
19723;3-Bedroom;135 000,00 €;156;Vila-real;House
19724;2-Bedroom;136 000,00 €;100;Vila-real;House
19725;3-Bedroom;137 000,00 €;110;Vila-real;House
19726;3-Bedroom;137 000,00 €;120;Vila-real;House
19727;3-Bedroom;137 500,00 €;2.937;Vila-real;House
19728;4-Bedroom;138 000,00 €;219;Vila-real;House
19729;4-Bedroom;138 000,00 €;219;Vila-real;House
19730;4-Bedroom;138 000,00 €;219;Vila-real;House
19731;2-Bedroom;138 500,00 €;120;Vila-real;House
19732;3-Bedroom;139 000,00 €;189;Vila-real;House
19733;3-Bedroom;140 000,00 €;124;Vila-real;House
19734;2-Bedroom;140 000,00 €;55;Vila-real;House
19735;3-Bedroom;140 000,00 €;240;Vila-real;House
19736;3-Bedroom;140 000,00 €;124;Vila-real;House
19737;3-Bedroom;140 000,00 €;124;Vila-real;House
19738;2-Bedroom;141 000,00 €;100;Vila-real;House
19739;3-Bedroom;145 000,00 €;117;Vila-real;House
19740;Detached House;145 000,00 €;76;Vila-real;House
19741;4-Bedroom;145 000,00 €;115;Vila-real;House
19742;3-Bedroom;145 000,00 €;128;Vila-real;House
19743;4-Bedroom;145 000,00 €;130;Vila-real;House
19744;3-Bedroom;145 000,00 €;125;Vila-real;House
19745;3-Bedroom;147 630,00 €;251;Vila-real;House
19746;Detached House;149 900,00 €;85;Vila-real;House
19747;3-Bedroom;150 000,00 €;280;Vila-real;House
19748;3-Bedroom;150 000,00 €;185;Vila-real;House
19749;3-Bedroom;150 000,00 €;89;Vila-real;House
19750;3-Bedroom;150 000,00 €;214;Vila-real;House
19751;4-Bedroom;150 000,00 €;84;Vila-real;House
19752;6-Bedroom;150 000,00 €;300;Vila-real;House
19753;1-Bedroom;150 000,00 €;72;Vila-real;House
19754;2-Bedroom;150 000,00 €;55;Vila-real;House
19755;3-Bedroom;150 000,00 €;148;Vila-real;House
19756;Farmhouse;150 000,00 €;193;Vila-real;House
19757;Farmhouse;150 000,00 €;126.800;Vila-real;House
19758;4-Bedroom;150 000,00 €;400;Vila-real;House
19759;1-Bedroom;150 000,00 €;45;Vila-real;House
19760;3-Bedroom;152 500,00 €;93;Vila-real;House
19761;Farmhouse;153 000,00 €;200;Vila-real;House
19762;Farmhouse;154 000,00 €;200;Vila-real;House
19763;3-Bedroom;154 000,00 €;143;Vila-real;House
19764;Detached House;154 900,00 €;125;Vila-real;House
19765;3-Bedroom;155 000,00 €;244;Vila-real;House
19766;4-Bedroom;155 000,00 €;334;Vila-real;House
19767;3-Bedroom;155 000,00 €;280;Vila-real;House
19768;4-Bedroom;155 000,00 €;420;Vila-real;House
19769;Detached House;155 000,00 €;90;Vila-real;House
19770;3-Bedroom;155 000,00 €;82;Vila-real;House
19771;3-Bedroom;157 500,00 €;100;Vila-real;House
19772;Detached House;159 900,00 €;111;Vila-real;House
19773;4-Bedroom;160 000,00 €;706;Vila-real;House
19774;4-Bedroom;160 000,00 €;216;Vila-real;House
19775;3-Bedroom;160 000,00 €;104;Vila-real;House
19776;8-Bedroom;160 000,00 €;550;Vila-real;House
19777;4-Bedroom;160 000,00 €;150;Vila-real;House
19778;4-Bedroom;160 000,00 €;208;Vila-real;House
19779;3-Bedroom;162 000,00 €;162;Vila-real;House
19780;3-Bedroom;165 000,00 €;184;Vila-real;House
19781;5-Bedroom;165 000,00 €;270;Vila-real;House
19782;3-Bedroom;165 000,00 €;360;Vila-real;House
19783;3-Bedroom;165 000,00 €;260;Vila-real;House
19784;2-Bedroom;165 000,00 €;75;Vila-real;House
19785;3-Bedroom;167 500,00 €;431;Vila-real;House
19786;3-Bedroom;167 500,00 €;463;Vila-real;House
19787;3-Bedroom;168 000,00 €;210;Vila-real;House
19788;4-Bedroom;168 500,00 €;417;Vila-real;House
19789;Detached House;169 900,00 €;107;Vila-real;House
19790;1-Bedroom;170 000,00 €;257;Vila-real;House
19791;Studio;170 000,00 €;200;Vila-real;House
19792;5-Bedroom;170 000,00 €;144;Vila-real;House
19793;1-Bedroom;175 000,00 €;209;Vila-real;House
19794;1-Bedroom;175 000,00 €;72;Vila-real;House
19795;Detached House;175 000,00 €;92;Vila-real;House
19796;3-Bedroom;175 000,00 €;243;Vila-real;House
19797;3-Bedroom;175 000,00 €;160;Vila-real;House
19798;6-Bedroom;180 000,00 €;273;Vila-real;House
19799;2-Bedroom;180 000,00 €;20;Vila-real;House
19800;2-Bedroom;180 000,00 €;82;Vila-real;House
19801;2-Bedroom;180 000,00 €;82;Vila-real;House
19802;2-Bedroom;180 000,00 €;82;Vila-real;House
19803;Detached House;180 000,00 €;193;Vila-real;House
19804;3-Bedroom;180 000,00 €;198;Vila-real;House
19805;6-Bedroom;180 000,00 €;Terreno 800;Vila-real;House
19806;4-Bedroom;183 000,00 €;190;Vila-real;House
19807;4-Bedroom;184 000,00 €;331;Vila-real;House
19808;3-Bedroom;185 000,00 €;288;Vila-real;House
19809;Detached House;185 000,00 €;130;Vila-real;House
19810;3-Bedroom;185 000,00 €;164;Vila-real;House
19811;3-Bedroom;185 000,00 €;112;Vila-real;House
19812;3-Bedroom;185 000,00 €;170;Vila-real;House
19813;3-Bedroom;185 000,00 €;84;Vila-real;House
19814;4-Bedroom;187 000,00 €;124;Vila-real;House
19815;Detached House;189 000,00 €;78;Vila-real;House
19816;2-Bedroom;190 000,00 €;101;Vila-real;House
19817;2-Bedroom;190 000,00 €;104;Vila-real;House
19818;2-Bedroom;190 000,00 €;10;Vila-real;House
19819;4-Bedroom;194 000,00 €;358;Vila-real;House
19820;3-Bedroom;195 000,00 €;166;Vila-real;House
19821;3-Bedroom;195 000,00 €;147;Vila-real;House
19822;3+1-Bedroom;195 000,00 €;246;Vila-real;House
19823;3-Bedroom;195 000,00 €;166;Vila-real;House
19824;3-Bedroom;195 000,00 €;56;Vila-real;House
19825;6-Bedroom;195 000,00 €;600;Vila-real;House
19826;3-Bedroom;195 000,00 €;166;Vila-real;House
19827;3-Bedroom;195 000,00 €;171;Vila-real;House
19828;3-Bedroom;195 000,00 €;91;Vila-real;House
19829;3-Bedroom;196 000,00 €;115;Vila-real;House
19830;3-Bedroom;198 000,00 €;400;Vila-real;House
19831;5-Bedroom;200 000,00 €;621;Vila-real;House
19832;4-Bedroom;200 000,00 €;200;Vila-real;House
19833;3-Bedroom;200 000,00 €;90;Vila-real;House
19834;3-Bedroom;200 000,00 €;260;Vila-real;House
19835;3-Bedroom;203 000,00 €;126;Vila-real;House
19836;5-Bedroom;204 000,00 €;350;Vila-real;House
19837;2-Bedroom;205 000,00 €;72;Vila-real;House
19838;Apartment;205 000,00 €;110;Vila-real;House
19839;Apartment;205 000,00 €;93;Vila-real;House
19840;5-Bedroom;207 000,00 €;374;Vila-real;House
19841;3-Bedroom;208 000,00 €;320;Vila-real;House
19842;4-Bedroom;209 000,00 €;350;Vila-real;House
19843;5-Bedroom;210 000,00 €;200;Vila-real;House
19844;3-Bedroom;210 000,00 €;121;Vila-real;House
19845;3-Bedroom;212 000,00 €;230;Vila-real;House
19846;3-Bedroom;215 000,00 €;192;Vila-real;House
19847;3-Bedroom;217 500,00 €;126;Vila-real;House
19848;4-Bedroom;219 000,00 €;360;Vila-real;House
19849;Apartment;219 900,00 €;97;Vila-real;House
19850;4-Bedroom;220 000,00 €;210;Vila-real;House
19851;2-Bedroom;220 000,00 €;131;Vila-real;House
19852;2-Bedroom;220 000,00 €;109;Vila-real;House
19853;5-Bedroom;220 000,00 €;350;Vila-real;House
19854;3-Bedroom;220 000,00 €;140;Vila-real;House
19855;Studio;220 000,00 €;2.045;Vila-real;House
19856;3-Bedroom;220 000,00 €;320;Vila-real;House
19857;3-Bedroom;225 000,00 €;161;Vila-real;House
19858;Detached House;225 000,00 €;130;Vila-real;House
19859;3-Bedroom;225 000,00 €;1.873;Vila-real;House
19860;3-Bedroom;225 000,00 €;1.873;Vila-real;House
19861;Apartment;225 000,00 €;145;Vila-real;House
19862;3-Bedroom;225 000,00 €;188;Vila-real;House
19863;3-Bedroom;228 259,00 €;77;Vila-real;House
19864;3-Bedroom;230 000,00 €;260;Vila-real;House
19865;3-Bedroom;230 000,00 €;121;Vila-real;House
19866;3-Bedroom;230 000,00 €;250;Vila-real;House
19867;3-Bedroom;230 000,00 €;320;Vila-real;House
19868;Detached House;230 000,00 €;260;Vila-real;House
19869;2-Bedroom;230 000,00 €;74;Vila-real;House
19870;4-Bedroom;234 500,00 €;200;Vila-real;House
19871;3-Bedroom;235 000,00 €;Terreno 1.500;Vila-real;House
19872;3-Bedroom;235 000,00 €;248;Vila-real;House
19873;3-Bedroom;237 000,00 €;147;Vila-real;House
19874;2-Bedroom;240 000,00 €;74;Vila-real;House
19875;4-Bedroom;240 000,00 €;240;Vila-real;House
19876;2-Bedroom;240 000,00 €;74;Vila-real;House
19877;4-Bedroom;244 950,00 €;306;Vila-real;House
19878;3-Bedroom;245 000,00 €;226;Vila-real;House
19879;2-Bedroom;245 000,00 €;197;Vila-real;House
19880;3-Bedroom;245 000,00 €;258;Vila-real;House
19881;3-Bedroom;245 000,00 €;582;Vila-real;House
19882;5-Bedroom;245 500,00 €;378;Vila-real;House
19883;3-Bedroom;247 000,00 €;320;Vila-real;House
19884;4-Bedroom;249 000,00 €;220;Vila-real;House
19885;4-Bedroom;250 000,00 €;288;Vila-real;House
19886;3-Bedroom;250 000,00 €;68.040;Vila-real;House
19887;2-Bedroom;250 000,00 €;77;Vila-real;House
19888;4-Bedroom;250 000,00 €;Terreno 850;Vila-real;House
19889;3-Bedroom;250 000,00 €;161;Vila-real;House
19890;5-Bedroom;250 000,00 €;300;Vila-real;House
19891;2-Bedroom;250 000,00 €;155;Vila-real;House
19892;House;250 000,00 €;Terreno 1.200;Vila-real;House
19893;Detached House;259 000,00 €;168;Vila-real;House
19894;4-Bedroom;259 000,00 €;450;Vila-real;House
19895;2-Bedroom;260 000,00 €;78;Vila-real;House
19896;4-Bedroom;260 000,00 €;400;Vila-real;House
19897;5-Bedroom;260 000,00 €;253;Vila-real;House
19898;3-Bedroom;265 000,00 €;135;Vila-real;House
19899;3-Bedroom;265 000,00 €;270;Vila-real;House
19900;4-Bedroom;265 000,00 €;240;Vila-real;House
19901;4-Bedroom;270 000,00 €;360;Vila-real;House
19902;2-Bedroom;270 000,00 €;99;Vila-real;House
19903;3-Bedroom;270 000,00 €;141;Vila-real;House
19904;2-Bedroom;275 000,00 €;114;Vila-real;House
19905;3-Bedroom;279 500,00 €;246;Vila-real;House
19906;5-Bedroom;279 990,00 €;621;Vila-real;House
19907;2-Bedroom;280 000,00 €;93;Vila-real;House
19908;2-Bedroom;280 000,00 €;100;Vila-real;House
19909;3-Bedroom;280 000,00 €;240;Vila-real;House
19910;4-Bedroom;280 000,00 €;167;Vila-real;House
19911;3-Bedroom;280 000,00 €;360;Vila-real;House
19912;3-Bedroom;285 000,00 €;187;Vila-real;House
19913;3-Bedroom;285 000,00 €;140;Vila-real;House
19914;4-Bedroom;285 000,00 €;1.235;Vila-real;House
19915;6-Bedroom;288 000,00 €;180;Vila-real;House
19916;4-Bedroom;289 000,00 €;566;Vila-real;House
19917;5-Bedroom;290 000,00 €;538;Vila-real;House
19918;2-Bedroom;290 000,00 €;114;Vila-real;House
19919;Detached House;290 000,00 €;309;Vila-real;House
19920;4-Bedroom;290 000,00 €;204;Vila-real;House
19921;4-Bedroom;290 000,00 €;290;Vila-real;House
19922;5-Bedroom;295 000,00 €;162;Vila-real;House
19923;4-Bedroom;295 000,00 €;172;Vila-real;House
19924;4-Bedroom;295 000,00 €;155;Vila-real;House
19925;4-Bedroom;298 000,00 €;256;Vila-real;House
19926;4-Bedroom;299 000,00 €;155;Vila-real;House
19927;4-Bedroom;299 000,00 €;350;Vila-real;House
19928;Detached House;299 000,00 €;137;Vila-real;House
19929;3-Bedroom;299 000,00 €;255;Vila-real;House
19930;5-Bedroom;299 000,00 €;321;Vila-real;House
19931;6-Bedroom;299 000,00 €;Terreno 3.900;Vila-real;House
19932;2-Bedroom;300 000,00 €;116;Vila-real;House
19933;4-Bedroom;300 000,00 €;300;Vila-real;House
19934;4-Bedroom;300 000,00 €;230;Vila-real;House
19935;2-Bedroom;300 000,00 €;116;Vila-real;House
19936;3-Bedroom;300 000,00 €;220;Vila-real;House
19937;Detached House;300 000,00 €;6.125;Vila-real;House
19938;5-Bedroom;300 000,00 €;378;Vila-real;House
19939;5-Bedroom;310 000,00 €;364;Vila-real;House
19940;4-Bedroom;310 000,00 €;256;Vila-real;House
19941;4-Bedroom;319 000,00 €;Terreno 450;Vila-real;House
19942;3-Bedroom;319 500,00 €;130;Vila-real;House
19943;4-Bedroom;320 000,00 €;117;Vila-real;House
19944;3-Bedroom;320 000,00 €;252;Vila-real;House
19945;3-Bedroom;320 000,00 €;709;Vila-real;House
19946;5-Bedroom;325 000,00 €;256;Vila-real;House
19947;3-Bedroom;325 000,00 €;221;Vila-real;House
19948;8-Bedroom;325 000,00 €;514;Vila-real;House
19949;4-Bedroom;325 000,00 €;220;Vila-real;House
19950;Detached House;330 000,00 €;481;Vila-real;House
19951;Detached House;330 000,00 €;317;Vila-real;House
19952;3-Bedroom;339 500,00 €;187;Vila-real;House
19953;5-Bedroom;340 000,00 €;455;Vila-real;House
19954;3-Bedroom;340 000,00 €;181;Vila-real;House
19955;3-Bedroom;340 000,00 €;146;Vila-real;House
19956;3-Bedroom;345 000,00 €;140;Vila-real;House
19957;8-Bedroom;345 000,00 €;300;Vila-real;House
19958;Detached House;349 000,00 €;125;Vila-real;House
19959;Detached House;349 900,00 €;221;Vila-real;House
19960;Detached House;349 900,00 €;188;Vila-real;House
19961;Detached House;349 900,00 €;50;Vila-real;House
19962;4-Bedroom;350 000,00 €;625;Vila-real;House
19963;Studio;350 000,00 €;350.000;Vila-real;House
19964;4-Bedroom;350 000,00 €;388;Vila-real;House
19965;4-Bedroom;350 000,00 €;294;Vila-real;House
19966;5-Bedroom;350 000,00 €;370;Vila-real;House
19967;6-Bedroom;350 000,00 €;308;Vila-real;House
19968;4-Bedroom;350 000,00 €;334;Vila-real;House
19969;Farmhouse;350 000,00 €;570;Vila-real;House
19970;3-Bedroom;352 000,00 €;197;Vila-real;House
19971;3-Bedroom;355 000,00 €;150;Vila-real;House
19972;4-Bedroom;355 000,00 €;163;Vila-real;House
19973;4-Bedroom;355 000,00 €;168;Vila-real;House
19974;5-Bedroom;360 000,00 €;376;Vila-real;House
19975;Farmhouse;360 000,00 €;328;Vila-real;House
19976;3-Bedroom;360 000,00 €;380;Vila-real;House
19977;3-Bedroom;360 000,00 €;181;Vila-real;House
19978;4-Bedroom;360 000,00 €;468;Vila-real;House
19979;5-Bedroom;360 000,00 €;246;Vila-real;House
19980;4-Bedroom;373 000,00 €;177;Vila-real;House
19981;4-Bedroom;375 000,00 €;1.860;Vila-real;House
19982;4-Bedroom;377 500,00 €;262;Vila-real;House
19983;4-Bedroom;377 500,00 €;262;Vila-real;House
19984;4-Bedroom;379 000,00 €;313;Vila-real;House
19985;4-Bedroom;380 000,00 €;113;Vila-real;House
19986;3-Bedroom;380 000,00 €;165;Vila-real;House
19987;3-Bedroom;380 000,00 €;165;Vila-real;House
19988;3-Bedroom;380 000,00 €;151;Vila-real;House
19989;3-Bedroom;380 000,00 €;300;Vila-real;House
19990;3-Bedroom;380 000,00 €;344;Vila-real;House
19991;Detached House;385 000,00 €;374;Vila-real;House
19992;4-Bedroom;385 000,00 €;345;Vila-real;House
19993;4-Bedroom;390 000,00 €;450;Vila-real;House
19994;Detached House;390 000,00 €;258;Vila-real;House
19995;4-Bedroom;390 000,00 €;336;Vila-real;House
19996;5-Bedroom;390 000,00 €;476;Vila-real;House
19997;5-Bedroom;394 000,00 €;827;Vila-real;House
19998;4-Bedroom;395 000,00 €;229;Vila-real;House
19999;3-Bedroom;399 000,00 €;120;Vila-real;House
20000;4-Bedroom;400 000,00 €;280;Vila-real;House
20001;4-Bedroom;404 000,00 €;330;Vila-real;House
20002;4-Bedroom;410 000,00 €;447;Vila-real;House
20003;4-Bedroom;420 000,00 €;231;Vila-real;House
20004;4-Bedroom;420 000,00 €;231;Vila-real;House
20005;5-Bedroom;420 000,00 €;230;Vila-real;House
20006;4-Bedroom;420 000,00 €;231;Vila-real;House
20007;4-Bedroom;425 000,00 €;245;Vila-real;House
20008;4-Bedroom;425 000,00 €;300;Vila-real;House
20009;4-Bedroom;425 000,00 €;406;Vila-real;House
20010;4-Bedroom;430 000,00 €;421;Vila-real;House
20011;4-Bedroom;430 000,00 €;421;Vila-real;House
20012;6-Bedroom;430 000,00 €;170;Vila-real;House
20013;6-Bedroom;430 000,00 €;170;Vila-real;House
20014;5-Bedroom;430 000,00 €;310;Vila-real;House
20015;3-Bedroom;430 000,00 €;180;Vila-real;House
20016;4-Bedroom;430 000,00 €;202;Vila-real;House
20017;3-Bedroom;440 000,00 €;270;Vila-real;House
20018;4-Bedroom;450 000,00 €;399;Vila-real;House
20019;Farmhouse;450 000,00 €;35;Vila-real;House
20020;4-Bedroom;450 000,00 €;403;Vila-real;House
20021;3-Bedroom;450 000,00 €;533;Vila-real;House
20022;5-Bedroom;460 000,00 €;436;Vila-real;House
20023;Detached House;470 000,00 €;288;Vila-real;House
20024;4-Bedroom;470 000,00 €;475;Vila-real;House
20025;5-Bedroom;479 000,00 €;365;Vila-real;House
20026;4-Bedroom;479 000,00 €;455;Vila-real;House
20027;4-Bedroom;480 000,00 €;776;Vila-real;House
20028;4-Bedroom;480 000,00 €;583;Vila-real;House
20029;3+1-Bedroom;490 000,00 €;261;Vila-real;House
20030;6-Bedroom;490 000,00 €;600;Vila-real;House
20031;4-Bedroom;490 000,00 €;344;Vila-real;House
20032;4-Bedroom;495 000,00 €;481;Vila-real;House
20033;3-Bedroom;495 000,00 €;208;Vila-real;House
20034;5-Bedroom;495 000,00 €;189;Vila-real;House
20035;4-Bedroom;495 000,00 €;520;Vila-real;House
20036;4-Bedroom;495 000,00 €;520;Vila-real;House
20037;3-Bedroom;499 000,00 €;378;Vila-real;House
20038;3-Bedroom;499 000,00 €;378;Vila-real;House
20039;4-Bedroom;499 000,00 €;395;Vila-real;House
20040;3-Bedroom;500 000,00 €;348;Vila-real;House
20041;4-Bedroom;500 000,00 €;240;Vila-real;House
20042;4-Bedroom;500 000,00 €;394;Vila-real;House
20043;4-Bedroom;500 000,00 €;289;Vila-real;House
20044;4-Bedroom;500 000,00 €;394;Vila-real;House
20045;4-Bedroom;510 000,00 €;290;Vila-real;House
20046;6-Bedroom;520 000,00 €;542;Vila-real;House
20047;6-Bedroom;520 000,00 €;600;Vila-real;House
20048;7-Bedroom;530 000,00 €;871;Vila-real;House
20049;Detached House;545 000,00 €;245;Vila-real;House
20050;Detached House;550 000,00 €;10.730;Vila-real;House
20051;4-Bedroom;560 000,00 €;250;Vila-real;House
20052;3-Bedroom;590 000,00 €;178;Vila-real;House
20053;4-Bedroom;590 000,00 €;690;Vila-real;House
20054;5-Bedroom;595 000,00 €;240;Vila-real;House
20055;4-Bedroom;600 000,00 €;321;Vila-real;House
20056;4-Bedroom;625 000,00 €;440;Vila-real;House
20057;4-Bedroom;640 000,00 €;600;Vila-real;House
20058;6-Bedroom;650 000,00 €;380;Vila-real;House
20059;4-Bedroom;660 000,00 €;250;Vila-real;House
20060;7-Bedroom;670 000,00 €;672;Vila-real;House
20061;4-Bedroom;680 000,00 €;514;Vila-real;House
20062;4+1-Bedroom;700 000,00 €;357;Vila-real;House
20063;5-Bedroom;750 000,00 €;752;Vila-real;House
20064;5-Bedroom;750 000,00 €;800;Vila-real;House
20065;Detached House;750 000,00 €;190;Vila-real;House
20066;Studio;780 000,00 €;300;Vila-real;House
20067;10-Bedroom;787 000,00 €;805;Vila-real;House
20068;4-Bedroom;800 000,00 €;459;Vila-real;House
20069;5-Bedroom;800 000,00 €;610;Vila-real;House
20070;Studio;800 000,00 €;872;Vila-real;House
20071;3-Bedroom;800 000,00 €;200;Vila-real;House
20072;3-Bedroom;850 000,00 €;1.020;Vila-real;House
20073;6-Bedroom;900 000,00 €;696;Vila-real;House
20074;8-Bedroom;950 000,00 €;649;Vila-real;House
20075;10-Bedroom;950 000,00 €;1.302;Vila-real;House
20076;Detached House;950 000,00 €;166;Vila-real;House
20077;4-Bedroom;950 000,00 €;270;Vila-real;House
20078;8-Bedroom;950 000,00 €;816;Vila-real;House
20079;7-Bedroom;950 000,00 €;300;Vila-real;House
20080;T25;990 000,00 €;1.680;Vila-real;House
20081;4-Bedroom;990 000,00 €;2.050;Vila-real;House
20082;4-Bedroom;1 050 000,00 €;354;Vila-real;House
20083;3+1-Bedroom;1 100 000,00 €;450;Vila-real;House
20084;Farmhouse;1 150 000,00 €;6.000;Vila-real;House
20085;9-Bedroom;1 200 000,00 €;135;Vila-real;House
20086;7-Bedroom;1 200 000,00 €;684;Vila-real;House
20087;2-Bedroom;1 200 000,00 €;31.500;Vila-real;House
20088;3-Bedroom;1 273 800,00 €;393;Vila-real;House
20089;14-Bedroom;1 289 000,00 €;1.424;Vila-real;House
20090;14-Bedroom;1 300 000,00 €;1.424;Vila-real;House
20091;Estate;1 300 000,00 €;837;Vila-real;House
20092;11-Bedroom;1 300 000,00 €;2.062;Vila-real;House
20093;10-Bedroom;1 300 000,00 €;2.209;Vila-real;House
20094;6-Bedroom;1 350 000,00 €;31.500;Vila-real;House
20095;Farmhouse;1 350 900,00 €;311;Vila-real;House
20096;Farmhouse;1 500 000,00 €;70.000;Vila-real;House
20097;9-Bedroom;1 950 000,00 €;492;Vila-real;House
20098;6-Bedroom;2 250 000,00 €;679;Vila-real;House
20099;7-Bedroom;2 250 000,00 €;1.032;Vila-real;House
20100;5-Bedroom;2 500 000,00 €;1.517;Vila-real;House
20101;8-Bedroom;2 500 000,00 €;1.500;Vila-real;House
20102;10-Bedroom;2 900 000,00 €;2.240;Vila-real;House
20103;3-Bedroom;5 000,00 €;25;Viseu;House
20104;Studio;6 000,00 €;64;Viseu;House
20105;3-Bedroom;6 250,00 €;30;Viseu;House
20106;3-Bedroom;8 500,00 €;40;Viseu;House
20107;3-Bedroom;8 750,00 €;272;Viseu;House
20108;Studio;11 000,00 €;35;Viseu;House
20109;1-Bedroom;12 500,00 €;50;Viseu;House
20110;1-Bedroom;12 500,00 €;79;Viseu;House
20111;2-Bedroom;12 500,00 €;110;Viseu;House
20112;Studio;12 500,00 €;72;Viseu;House
20113;1-Bedroom;13 000,00 €;70;Viseu;House
20114;2-Bedroom;13 400,00 €;140;Viseu;House
20115;Detached House;13 500,00 €;Terreno 1.170;Viseu;House
20116;Detached House;14 000,00 €;60;Viseu;House
20117;3-Bedroom;14 000,00 €;150;Viseu;House
20118;Detached House;14 000,00 €;90;Viseu;House
20119;Studio;14 999,00 €;96;Viseu;House
20120;1-Bedroom;15 000,00 €;24;Viseu;House
20121;Detached House;15 000,00 €;366;Viseu;House
20122;3-Bedroom;16 000,00 €;168;Viseu;House
20123;2-Bedroom;16 000,00 €;65;Viseu;House
20124;2-Bedroom;17 000,00 €;55;Viseu;House
20125;2-Bedroom;17 500,00 €;50;Viseu;House
20126;House;17 500,00 €;48;Viseu;House
20127;3-Bedroom;18 000,00 €;50;Viseu;House
20128;2-Bedroom;18 000,00 €;64;Viseu;House
20129;Studio;18 500,00 €;90;Viseu;House
20130;5-Bedroom;19 000,00 €;99;Viseu;House
20131;3-Bedroom;19 000,00 €;120;Viseu;House
20132;Detached House;19 990,00 €;190;Viseu;House
20133;4-Bedroom;20 000,00 €;143;Viseu;House
20134;House;20 000,00 €;112;Viseu;House
20135;3-Bedroom;20 000,00 €;160;Viseu;House
20136;4-Bedroom;20 000,00 €;143;Viseu;House
20137;2-Bedroom;20 500,00 €;125;Viseu;House
20138;Detached House;22 000,00 €;18;Viseu;House
20139;Studio;22 000,00 €;74;Viseu;House
20140;1-Bedroom;23 500,00 €;71;Viseu;House
20141;1-Bedroom;23 500,00 €;72;Viseu;House
20142;3-Bedroom;23 600,00 €;80;Viseu;House
20143;2-Bedroom;24 000,00 €;158;Viseu;House
20144;Studio;24 500,00 €;70;Viseu;House
20145;3-Bedroom;25 000,00 €;130;Viseu;House
20146;3-Bedroom;25 000,00 €;172;Viseu;House
20147;Loft;25 000,00 €;119;Viseu;House
20148;2-Bedroom;25 000,00 €;41;Viseu;House
20149;2-Bedroom;25 000,00 €;174;Viseu;House
20150;Detached House;25 000,00 €;86;Viseu;House
20151;Detached House;25 000,00 €;170;Viseu;House
20152;2-Bedroom;25 000,00 €;53;Viseu;House
20153;House;25 000,00 €;196;Viseu;House
20154;3-Bedroom;25 000,00 €;172;Viseu;House
20155;House;25 000,00 €;40;Viseu;House
20156;3-Bedroom;25 000,00 €;360;Viseu;House
20157;2-Bedroom;26 500,00 €;162;Viseu;House
20158;2-Bedroom;27 250,00 €;166;Viseu;House
20159;1-Bedroom;27 980,00 €;69;Viseu;House
20160;3-Bedroom;28 000,00 €;187;Viseu;House
20161;6-Bedroom;29 000,00 €;100;Viseu;House
20162;Studio;29 000,00 €;95;Viseu;House
20163;Detached House;29 000,00 €;100;Viseu;House
20164;Ruin;29 000,00 €;88;Viseu;House
20165;5-Bedroom;29 000,00 €;96;Viseu;House
20166;2-Bedroom;29 500,00 €;49;Viseu;House
20167;Detached House;29 500,00 €;110;Viseu;House
20168;3-Bedroom;29 500,00 €;118;Viseu;House
20169;2-Bedroom;30 000,00 €;55;Viseu;House
20170;Studio;30 000,00 €;30;Viseu;House
20171;Studio;30 000,00 €;142;Viseu;House
20172;2-Bedroom;30 000,00 €;117;Viseu;House
20173;1-Bedroom;30 000,00 €;23;Viseu;House
20174;Detached House;32 500,00 €;48;Viseu;House
20175;3-Bedroom;33 000,00 €;200;Viseu;House
20176;4-Bedroom;33 000,00 €;417;Viseu;House
20177;2-Bedroom;33 700,00 €;46;Viseu;House
20178;3-Bedroom;34 000,00 €;80;Viseu;House
20179;2-Bedroom;34 000,00 €;120;Viseu;House
20180;3-Bedroom;34 210,00 €;245;Viseu;House
20181;3-Bedroom;34 900,00 €;126;Viseu;House
20182;Detached House;35 000,00 €;159;Viseu;House
20183;1-Bedroom;35 000,00 €;60;Viseu;House
20184;House;35 000,00 €;322;Viseu;House
20185;House;35 000,00 €;182;Viseu;House
20186;3-Bedroom;36 150,00 €;109;Viseu;House
20187;3-Bedroom;36 500,00 €;90;Viseu;House
20188;2-Bedroom;37 000,00 €;228;Viseu;House
20189;3-Bedroom;37 000,00 €;88;Viseu;House
20190;1-Bedroom;37 000,00 €;69;Viseu;House
20191;House;37 500,00 €;237;Viseu;House
20192;4-Bedroom;37 500,00 €;200;Viseu;House
20193;2-Bedroom;37 500,00 €;100;Viseu;House
20194;3-Bedroom;37 500,00 €;100;Viseu;House
20195;4-Bedroom;38 000,00 €;160;Viseu;House
20196;3-Bedroom;38 000,00 €;167;Viseu;House
20197;5-Bedroom;38 000,00 €;150;Viseu;House
20198;House;38 000,00 €;422;Viseu;House
20199;5-Bedroom;38 500,00 €;180;Viseu;House
20200;2-Bedroom;38 500,00 €;70;Viseu;House
20201;House;38 800,00 €;140;Viseu;House
20202;Studio;39 000,00 €;100;Viseu;House
20203;House;39 500,00 €;190;Viseu;House
20204;Detached House;39 750,00 €;126;Viseu;House
20205;3-Bedroom;40 000,00 €;218;Viseu;House
20206;4-Bedroom;40 000,00 €;160;Viseu;House
20207;3-Bedroom;40 000,00 €;180;Viseu;House
20208;Detached House;40 000,00 €;90;Viseu;House
20209;2-Bedroom;40 000,00 €;132;Viseu;House
20210;Detached House;40 000,00 €;140;Viseu;House
20211;2-Bedroom;40 500,00 €;99;Viseu;House
20212;2-Bedroom;41 000,00 €;120;Viseu;House
20213;2-Bedroom;42 000,00 €;108;Viseu;House
20214;House;42 500,00 €;206;Viseu;House
20215;House;42 500,00 €;214;Viseu;House
20216;2-Bedroom;44 000,00 €;75;Viseu;House
20217;3-Bedroom;44 500,00 €;130;Viseu;House
20218;2-Bedroom;44 500,00 €;88;Viseu;House
20219;Detached House;45 000,00 €;85;Viseu;House
20220;House;45 000,00 €;261;Viseu;House
20221;2-Bedroom;45 000,00 €;84;Viseu;House
20222;3-Bedroom;45 000,00 €;294;Viseu;House
20223;House;45 000,00 €;260;Viseu;House
20224;2-Bedroom;45 000,00 €;70;Viseu;House
20225;Detached House;45 000,00 €;132;Viseu;House
20226;2-Bedroom;45 000,00 €;130;Viseu;House
20227;1-Bedroom;45 000,00 €;85;Viseu;House
20228;House;45 000,00 €;43;Viseu;House
20229;4-Bedroom;45 000,00 €;355;Viseu;House
20230;1-Bedroom;45 000,00 €;115.200;Viseu;House
20231;2-Bedroom;45 000,00 €;60;Viseu;House
20232;House;45 500,00 €;227;Viseu;House
20233;3-Bedroom;47 500,00 €;273;Viseu;House
20234;2-Bedroom;47 500,00 €;120;Viseu;House
20235;Detached House;47 500,00 €;100;Viseu;House
20236;2-Bedroom;48 000,00 €;181;Viseu;House
20237;3-Bedroom;49 500,00 €;112;Viseu;House
20238;3-Bedroom;49 500,00 €;150;Viseu;House
20239;2-Bedroom;49 900,00 €;82;Viseu;House
20240;4-Bedroom;50 000,00 €;360;Viseu;House
20241;3-Bedroom;50 000,00 €;443;Viseu;House
20242;4-Bedroom;50 000,00 €;352;Viseu;House
20243;Detached House;50 000,00 €;120;Viseu;House
20244;2-Bedroom;52 000,00 €;135;Viseu;House
20245;Studio;53 000,00 €;4.253;Viseu;House
20246;House;55 000,00 €;Terreno 560;Viseu;House
20247;3-Bedroom;55 000,00 €;255;Viseu;House
20248;2-Bedroom;55 000,00 €;153;Viseu;House
20249;1-Bedroom;55 000,00 €;62;Viseu;House
20250;2-Bedroom;55 000,00 €;135;Viseu;House
20251;Studio;55 000,00 €;2.300;Viseu;House
20252;3-Bedroom;56 500,00 €;363;Viseu;House
20253;2-Bedroom;57 500,00 €;60;Viseu;House
20254;4-Bedroom;57 500,00 €;132;Viseu;House
20255;3-Bedroom;57 500,00 €;230;Viseu;House
20256;5-Bedroom;58 000,00 €;301;Viseu;House
20257;Detached House;59 000,00 €;90;Viseu;House
20258;5-Bedroom;59 000,00 €;310;Viseu;House
20259;3-Bedroom;59 900,00 €;165;Viseu;House
20260;Detached House;60 000,00 €;57;Viseu;House
20261;4-Bedroom;60 000,00 €;250;Viseu;House
20262;Detached House;60 000,00 €;68;Viseu;House
20263;Detached House;60 000,00 €;120;Viseu;House
20264;House;60 000,00 €;246;Viseu;House
20265;Detached House;60 000,00 €;122;Viseu;House
20266;Detached House;60 000,00 €;136;Viseu;House
20267;3-Bedroom;61 000,00 €;195;Viseu;House
20268;Detached House;62 000,00 €;36;Viseu;House
20269;3-Bedroom;65 000,00 €;160;Viseu;House
20270;3-Bedroom;65 000,00 €;226;Viseu;House
20271;2-Bedroom;65 000,00 €;140;Viseu;House
20272;3-Bedroom;65 000,00 €;164;Viseu;House
20273;Studio;65 000,00 €;210;Viseu;House
20274;1-Bedroom;65 000,00 €;129;Viseu;House
20275;5-Bedroom;65 000,00 €;168;Viseu;House
20276;House;65 000,00 €;420;Viseu;House
20277;2-Bedroom;65 000,00 €;129;Viseu;House
20278;House;65 000,00 €;410;Viseu;House
20279;4-Bedroom;67 500,00 €;193;Viseu;House
20280;Detached House;67 500,00 €;36;Viseu;House
20281;3-Bedroom;68 150,00 €;167;Viseu;House
20282;Detached House;69 000,00 €;154;Viseu;House
20283;4-Bedroom;69 000,00 €;190;Viseu;House
20284;2-Bedroom;70 000,00 €;140;Viseu;House
20285;2-Bedroom;70 000,00 €;160;Viseu;House
20286;Detached House;70 000,00 €;171;Viseu;House
20287;2-Bedroom;70 000,00 €;65;Viseu;House
20288;Detached House;70 000,00 €;128;Viseu;House
20289;3+1-Bedroom;70 000,00 €;66;Viseu;House
20290;4-Bedroom;70 000,00 €;120;Viseu;House
20291;Farmhouse;70 000,00 €;110;Viseu;House
20292;House;70 000,00 €;156;Viseu;House
20293;4-Bedroom;70 000,00 €;499;Viseu;House
20294;4-Bedroom;73 000,00 €;200;Viseu;House
20295;4-Bedroom;75 000,00 €;210;Viseu;House
20296;3-Bedroom;75 000,00 €;103;Viseu;House
20297;3-Bedroom;75 000,00 €;140;Viseu;House
20298;3-Bedroom;75 000,00 €;291;Viseu;House
20299;3-Bedroom;75 000,00 €;291;Viseu;House
20300;2-Bedroom;75 000,00 €;3.376;Viseu;House
20301;4-Bedroom;76 000,00 €;139;Viseu;House
20302;2-Bedroom;76 500,00 €;107;Viseu;House
20303;Detached House;79 000,00 €;100;Viseu;House
20304;3-Bedroom;79 500,00 €;580;Viseu;House
20305;3-Bedroom;79 800,00 €;83;Viseu;House
20306;3-Bedroom;80 000,00 €;208;Viseu;House
20307;Studio;80 000,00 €;91;Viseu;House
20308;3-Bedroom;80 000,00 €;554;Viseu;House
20309;Studio;80 000,00 €;334;Viseu;House
20310;2-Bedroom;80 000,00 €;153;Viseu;House
20311;3-Bedroom;80 000,00 €;377;Viseu;House
20312;2-Bedroom;80 000,00 €;86;Viseu;House
20313;Detached House;80 000,00 €;1.242;Viseu;House
20314;3-Bedroom;80 000,00 €;345;Viseu;House
20315;House;80 000,00 €;388;Viseu;House
20316;Studio;85 000,00 €;72;Viseu;House
20317;3-Bedroom;85 000,00 €;134;Viseu;House
20318;5-Bedroom;85 000,00 €;176;Viseu;House
20319;3-Bedroom;86 000,00 €;86;Viseu;House
20320;6-Bedroom;86 500,00 €;Terreno 5.000;Viseu;House
20321;Detached House;89 000,00 €;280;Viseu;House
20322;2-Bedroom;89 500,00 €;126;Viseu;House
20323;1-Bedroom;90 000,00 €;69;Viseu;House
20324;1-Bedroom;92 500,00 €;99;Viseu;House
20325;3-Bedroom;94 900,00 €;109;Viseu;House
20326;3-Bedroom;95 000,00 €;91;Viseu;House
20327;4-Bedroom;95 000,00 €;94;Viseu;House
20328;Detached House;95 000,00 €;122;Viseu;House
20329;Farmhouse;95 500,00 €;204;Viseu;House
20330;3-Bedroom;98 500,00 €;258;Viseu;House
20331;Studio;99 500,00 €;198;Viseu;House
20332;6-Bedroom;99 500,00 €;60;Viseu;House
20333;2-Bedroom;99 900,00 €;64;Viseu;House
20334;Estate;100 000,00 €;240;Viseu;House
20335;4-Bedroom;100 000,00 €;172;Viseu;House
20336;2-Bedroom;100 000,00 €;35;Viseu;House
20337;2-Bedroom;100 000,00 €;70;Viseu;House
20338;6-Bedroom;100 000,00 €;225;Viseu;House
20339;5-Bedroom;100 000,00 €;202;Viseu;House
20340;3-Bedroom;100 000,00 €;317;Viseu;House
20341;3-Bedroom;100 000,00 €;120;Viseu;House
20342;Apartment;102 000,00 €;51;Viseu;House
20343;6-Bedroom;102 500,00 €;120;Viseu;House
20344;Studio;110 000,00 €;210;Viseu;House
20345;3-Bedroom;110 000,00 €;100;Viseu;House
20346;Farmhouse;110 000,00 €;66;Viseu;House
20347;House;110 000,00 €;230;Viseu;House
20348;Detached House;110 000,00 €;132;Viseu;House
20349;Apartment;113 000,00 €;62;Viseu;House
20350;2-Bedroom;117 500,00 €;122;Viseu;House
20351;3-Bedroom;120 000,00 €;131;Viseu;House
20352;1-Bedroom;120 000,00 €;444;Viseu;House
20353;1-Bedroom;120 000,00 €;60;Viseu;House
20354;1-Bedroom;120 000,00 €;59;Viseu;House
20355;1-Bedroom;120 000,00 €;50;Viseu;House
20356;1-Bedroom;120 000,00 €;60;Viseu;House
20357;8-Bedroom;120 000,00 €;709;Viseu;House
20358;Detached House;120 000,00 €;135;Viseu;House
20359;7-Bedroom;120 000,00 €;720;Viseu;House
20360;2-Bedroom;120 000,00 €;66;Viseu;House
20361;3-Bedroom;120 000,00 €;100;Viseu;House
20362;Detached House;120 000,00 €;200;Viseu;House
20363;2-Bedroom;123 800,00 €;101;Viseu;House
20364;1-Bedroom;124 000,00 €;55;Viseu;House
20365;2-Bedroom;125 000,00 €;113;Viseu;House
20366;Detached House;125 000,00 €;217;Viseu;House
20367;4-Bedroom;125 000,00 €;55.000;Viseu;House
20368;Detached House;125 000,00 €;400;Viseu;House
20369;3-Bedroom;127 500,00 €;181;Viseu;House
20370;1-Bedroom;129 000,00 €;52;Viseu;House
20371;3-Bedroom;129 000,00 €;249;Viseu;House
20372;2-Bedroom;129 000,00 €;113;Viseu;House
20373;3-Bedroom;130 000,00 €;99;Viseu;House
20374;4-Bedroom;130 000,00 €;99;Viseu;House
20375;3-Bedroom;130 000,00 €;229;Viseu;House
20376;3-Bedroom;130 000,00 €;115;Viseu;House
20377;House;130 000,00 €;1.000;Viseu;House
20378;1-Bedroom;134 000,00 €;49;Viseu;House
20379;3-Bedroom;135 000,00 €;123;Viseu;House
20380;3-Bedroom;135 000,00 €;207;Viseu;House
20381;Apartment;135 000,00 €;73;Viseu;House
20382;3-Bedroom;138 500,00 €;106;Viseu;House
20383;Apartment;138 600,00 €;58;Viseu;House
20384;House;139 000,00 €;408;Viseu;House
20385;3-Bedroom;139 999,00 €;129;Viseu;House
20386;7-Bedroom;140 000,00 €;510;Viseu;House
20387;3-Bedroom;140 000,00 €;137;Viseu;House
20388;1-Bedroom;140 000,00 €;92;Viseu;House
20389;2+1-Bedroom;140 000,00 €;200;Viseu;House
20390;2-Bedroom;140 000,00 €;200;Viseu;House
20391;3-Bedroom;140 000,00 €;134;Viseu;House
20392;2-Bedroom;140 000,00 €;102;Viseu;House
20393;2-Bedroom;140 000,00 €;184;Viseu;House
20394;4-Bedroom;144 000,00 €;329;Viseu;House
20395;1-Bedroom;145 000,00 €;45;Viseu;House
20396;Detached House;145 000,00 €;181;Viseu;House
20397;1-Bedroom;145 000,00 €;44;Viseu;House
20398;3-Bedroom;145 000,00 €;93;Viseu;House
20399;1-Bedroom;145 000,00 €;44;Viseu;House
20400;2-Bedroom;150 000,00 €;137;Viseu;House
20401;Farmhouse;150 000,00 €;13.419;Viseu;House
20402;3-Bedroom;150 000,00 €;255;Viseu;House
20403;Small Farmhouse;150 000,00 €;5.331;Viseu;House
20404;4-Bedroom;150 000,00 €;136;Viseu;House
20405;5-Bedroom;150 000,00 €;125;Viseu;House
20406;8-Bedroom;150 000,00 €;583;Viseu;House
20407;3-Bedroom;150 000,00 €;210;Viseu;House
20408;3-Bedroom;150 000,00 €;222;Viseu;House
20409;4-Bedroom;150 000,00 €;224;Viseu;House
20410;3-Bedroom;150 000,00 €;135;Viseu;House
20411;Studio;153 500,00 €;142;Viseu;House
20412;1-Bedroom;155 000,00 €;64;Viseu;House
20413;6-Bedroom;160 000,00 €;347;Viseu;House
20414;Detached House;160 000,00 €;172;Viseu;House
20415;Apartment;160 000,00 €;42;Viseu;House
20416;2-Bedroom;160 000,00 €;132;Viseu;House
20417;7-Bedroom;160 000,00 €;310;Viseu;House
20418;Studio;160 000,00 €;33;Viseu;House
20419;2-Bedroom;160 000,00 €;121;Viseu;House
20420;3-Bedroom;160 000,00 €;172;Viseu;House
20421;3-Bedroom;160 000,00 €;170;Viseu;House
20422;6-Bedroom;160 000,00 €;294;Viseu;House
20423;House;160 000,00 €;300;Viseu;House
20424;3-Bedroom;160 000,00 €;181;Viseu;House
20425;3-Bedroom;162 000,00 €;200;Viseu;House
20426;3-Bedroom;162 000,00 €;291;Viseu;House
20427;1-Bedroom;164 000,00 €;73;Viseu;House
20428;Detached House;165 000,00 €;180;Viseu;House
20429;4-Bedroom;165 000,00 €;140;Viseu;House
20430;Apartment;165 000,00 €;89;Viseu;House
20431;2-Bedroom;165 000,00 €;180;Viseu;House
20432;Detached House;165 000,00 €;125;Viseu;House
20433;1-Bedroom;166 000,00 €;67;Viseu;House
20434;2-Bedroom;167 500,00 €;123;Viseu;House
20435;3-Bedroom;169 000,00 €;216;Viseu;House
20436;Apartment;169 000,00 €;53;Viseu;House
20437;2-Bedroom;169 000,00 €;111;Viseu;House
20438;2-Bedroom;169 000,00 €;81;Viseu;House
20439;1-Bedroom;169 000,00 €;54;Viseu;House
20440;5-Bedroom;170 000,00 €;396;Viseu;House
20441;Detached House;170 000,00 €;292;Viseu;House
20442;Apartment;170 000,00 €;101;Viseu;House
20443;3-Bedroom;170 000,00 €;300;Viseu;House
20444;4-Bedroom;170 000,00 €;136;Viseu;House
20445;Apartment;170 000,00 €;58;Viseu;House
20446;2-Bedroom;170 000,00 €;101;Viseu;House
20447;4-Bedroom;172 000,00 €;301;Viseu;House
20448;Apartment;175 000,00 €;112;Viseu;House
20449;3+1-Bedroom;175 000,00 €;333;Viseu;House
20450;3-Bedroom;175 000,00 €;137;Viseu;House
20451;Studio;175 000,00 €;5.440;Viseu;House
20452;2-Bedroom;175 000,00 €;183;Viseu;House
20453;6-Bedroom;175 000,00 €;284;Viseu;House
20454;3-Bedroom;175 000,00 €;120;Viseu;House
20455;3-Bedroom;175 150,00 €;149;Viseu;House
20456;1-Bedroom;179 000,00 €;58;Viseu;House
20457;1-Bedroom;179 000,00 €;76;Viseu;House
20458;1-Bedroom;179 000,00 €;87;Viseu;House
20459;1-Bedroom;179 000,00 €;58;Viseu;House
20460;6-Bedroom;180 000,00 €;861;Viseu;House
20461;2-Bedroom;180 000,00 €;101;Viseu;House
20462;4-Bedroom;180 000,00 €;213;Viseu;House
20463;Apartment;180 000,00 €;82;Viseu;House
20464;2-Bedroom;180 000,00 €;113;Viseu;House
20465;2-Bedroom;180 000,00 €;72;Viseu;House
20466;Ruin;180 000,00 €;211;Viseu;House
20467;2-Bedroom;181 000,00 €;70;Viseu;House
20468;2-Bedroom;182 500,00 €;112;Viseu;House
20469;2-Bedroom;184 000,00 €;81;Viseu;House
20470;2-Bedroom;187 500,00 €;109;Viseu;House
20471;3-Bedroom;189 000,00 €;180;Viseu;House
20472;2-Bedroom;189 000,00 €;120;Viseu;House
20473;3-Bedroom;189 500,00 €;165;Viseu;House
20474;Detached House;190 000,00 €;140;Viseu;House
20475;6-Bedroom;190 000,00 €;Terreno 1.300;Viseu;House
20476;3-Bedroom;190 000,00 €;132;Viseu;House
20477;3-Bedroom;190 000,00 €;132;Viseu;House
20478;Detached House;190 000,00 €;130;Viseu;House
20479;1-Bedroom;190 000,00 €;45;Viseu;House
20480;Studio;190 000,00 €;45;Viseu;House
20481;Studio;190 000,00 €;56;Viseu;House
20482;3-Bedroom;190 000,00 €;145;Viseu;House
20483;1-Bedroom;190 000,00 €;42;Viseu;House
20484;3-Bedroom;190 000,00 €;100;Viseu;House
20485;1-Bedroom;190 000,00 €;45;Viseu;House
20486;2-Bedroom;190 000,00 €;70;Viseu;House
20487;2-Bedroom;190 000,00 €;520;Viseu;House
20488;3-Bedroom;192 000,00 €;164;Viseu;House
20489;4-Bedroom;192 500,00 €;250;Viseu;House
20490;3-Bedroom;192 500,00 €;90;Viseu;House
20491;2-Bedroom;194 000,00 €;96;Viseu;House
20492;Studio;195 000,00 €;57;Viseu;House
20493;1-Bedroom;195 000,00 €;83;Viseu;House
20494;3-Bedroom;195 000,00 €;120;Viseu;House
20495;6-Bedroom;195 000,00 €;582;Viseu;House
20496;1-Bedroom;195 000,00 €;62;Viseu;House
20497;1-Bedroom;196 500,00 €;100;Viseu;House
20498;6-Bedroom;199 000,00 €;130;Viseu;House
20499;4-Bedroom;199 000,00 €;228;Viseu;House
20500;4-Bedroom;199 000,00 €;Terreno 1.200;Viseu;House
20501;4-Bedroom;200 000,00 €;188;Viseu;House
20502;3-Bedroom;200 000,00 €;134;Viseu;House
20503;Apartment;208 000,00 €;117;Viseu;House
20504;3-Bedroom;210 000,00 €;120;Viseu;House
20505;3-Bedroom;210 000,00 €;119;Viseu;House
20506;5-Bedroom;210 000,00 €;396;Viseu;House
20507;Studio;210 000,00 €;225;Viseu;House
20508;3-Bedroom;210 000,00 €;119;Viseu;House
20509;1-Bedroom;210 000,00 €;77;Viseu;House
20510;3-Bedroom;215 000,00 €;126;Viseu;House
20511;3-Bedroom;215 000,00 €;294;Viseu;House
20512;3-Bedroom;215 500,00 €;214;Viseu;House
20513;Apartment;220 000,00 €;83;Viseu;House
20514;Apartment;220 000,00 €;85;Viseu;House
20515;2-Bedroom;220 000,00 €;143;Viseu;House
20516;3-Bedroom;220 000,00 €;200;Viseu;House
20517;3-Bedroom;220 000,00 €;164;Viseu;House
20518;Apartment;224 000,00 €;93;Viseu;House
20519;3-Bedroom;225 000,00 €;135;Viseu;House
20520;3-Bedroom;225 000,00 €;96;Viseu;House
20521;3-Bedroom;225 000,00 €;217;Viseu;House
20522;Apartment;229 000,00 €;165;Viseu;House
20523;Detached House;229 000,00 €;280;Viseu;House
20524;3-Bedroom;230 000,00 €;152;Viseu;House
20525;Apartment;230 000,00 €;152;Viseu;House
20526;4-Bedroom;230 000,00 €;310;Viseu;House
20527;2-Bedroom;230 000,00 €;64;Viseu;House
20528;3-Bedroom;230 000,00 €;331;Viseu;House
20529;4-Bedroom;230 000,00 €;372;Viseu;House
20530;3-Bedroom;230 000,00 €;200;Viseu;House
20531;2+1-Bedroom;230 000,00 €;132;Viseu;House
20532;1-Bedroom;230 000,00 €;75;Viseu;House
20533;2-Bedroom;234 000,00 €;137;Viseu;House
20534;3-Bedroom;235 000,00 €;420;Viseu;House
20535;Apartment;235 000,00 €;134;Viseu;House
20536;Apartment;240 000,00 €;155;Viseu;House
20537;Apartment;240 000,00 €;69;Viseu;House
20538;5-Bedroom;245 000,00 €;320;Viseu;House
20539;Detached House;245 000,00 €;251;Viseu;House
20540;Detached House;250 000,00 €;181;Viseu;House
20541;Detached House;250 000,00 €;320;Viseu;House
20542;6-Bedroom;250 000,00 €;6.000;Viseu;House
20543;6-Bedroom;250 000,00 €;216;Viseu;House
20544;Farmhouse;250 000,00 €;200;Viseu;House
20545;6-Bedroom;250 000,00 €;Terreno 3.400;Viseu;House
20546;Apartment;252 500,00 €;203;Viseu;House
20547;3-Bedroom;252 500,00 €;202;Viseu;House
20548;5-Bedroom;255 000,00 €;780;Viseu;House
20549;Apartment;256 100,00 €;173;Viseu;House
20550;Apartment;256 100,00 €;179;Viseu;House
20551;4-Bedroom;259 000,00 €;342;Viseu;House
20552;Apartment;260 000,00 €;155;Viseu;House
20553;5-Bedroom;260 000,00 €;360;Viseu;House
20554;3-Bedroom;262 500,00 €;105.000;Viseu;House
20555;Detached House;264 000,00 €;251;Viseu;House
20556;3-Bedroom;265 000,00 €;150;Viseu;House
20557;3-Bedroom;265 000,00 €;178;Viseu;House
20558;4-Bedroom;270 000,00 €;350;Viseu;House
20559;4-Bedroom;270 000,00 €;467;Viseu;House
20560;4-Bedroom;270 000,00 €;129;Viseu;House
20561;3-Bedroom;270 000,00 €;282;Viseu;House
20562;3-Bedroom;270 000,00 €;160;Viseu;House
20563;4-Bedroom;274 900,00 €;245;Viseu;House
20564;2-Bedroom;275 000,00 €;160;Viseu;House
20565;4-Bedroom;275 000,00 €;182;Viseu;House
20566;5-Bedroom;275 000,00 €;600;Viseu;House
20567;3-Bedroom;275 000,00 €;196;Viseu;House
20568;4-Bedroom;278 500,00 €;203;Viseu;House
20569;3-Bedroom;279 500,00 €;300;Viseu;House
20570;2-Bedroom;279 500,00 €;237;Viseu;House
20571;Detached House;280 000,00 €;240;Viseu;House
20572;Detached House;280 000,00 €;240;Viseu;House
20573;Apartment;280 000,00 €;165;Viseu;House
20574;Detached House;284 000,00 €;158;Viseu;House
20575;6-Bedroom;285 000,00 €;495;Viseu;House
20576;4-Bedroom;285 000,00 €;118;Viseu;House
20577;4-Bedroom;289 000,00 €;211;Viseu;House
20578;3-Bedroom;290 000,00 €;180;Viseu;House
20579;3-Bedroom;290 000,00 €;270;Viseu;House
20580;2-Bedroom;290 000,00 €;102;Viseu;House
20581;3-Bedroom;290 000,00 €;155;Viseu;House
20582;9-Bedroom;290 000,00 €;687;Viseu;House
20583;6-Bedroom;295 000,00 €;548;Viseu;House
20584;Detached House;296 000,00 €;253;Viseu;House
20585;4-Bedroom;298 000,00 €;408;Viseu;House
20586;Farmhouse;299 000,00 €;220;Viseu;House
20587;4-Bedroom;299 000,00 €;238;Viseu;House
20588;5-Bedroom;299 000,00 €;288;Viseu;House
20589;Detached House;299 999,00 €;256;Viseu;House
20590;Apartment;300 000,00 €;115;Viseu;House
20591;Apartment;300 000,00 €;125;Viseu;House
20592;2-Bedroom;300 000,00 €;125;Viseu;House
20593;3-Bedroom;300 000,00 €;180;Viseu;House
20594;2-Bedroom;300 000,00 €;110;Viseu;House
20595;3-Bedroom;305 000,00 €;114;Viseu;House
20596;4-Bedroom;305 000,00 €;306;Viseu;House
20597;4-Bedroom;305 000,00 €;288;Viseu;House
20598;4-Bedroom;310 000,00 €;155;Viseu;House
20599;3-Bedroom;315 000,00 €;200;Viseu;House
20600;3-Bedroom;320 000,00 €;240;Viseu;House
20601;5-Bedroom;320 000,00 €;271;Viseu;House
20602;2+1-Bedroom;320 000,00 €;240;Viseu;House
20603;6-Bedroom;320 000,00 €;314;Viseu;House
20604;Apartment;320 000,00 €;258;Viseu;House
20605;3-Bedroom;320 000,00 €;194;Viseu;House
20606;3-Bedroom;320 000,00 €;170;Viseu;House
20607;3-Bedroom;320 000,00 €;125;Viseu;House
20608;3-Bedroom;320 000,00 €;125;Viseu;House
20609;4-Bedroom;320 000,00 €;260;Viseu;House
20610;3-Bedroom;320 000,00 €;Terreno 737;Viseu;House
20611;Farmhouse;325 000,00 €;260;Viseu;House
20612;3-Bedroom;325 000,00 €;273;Viseu;House
20613;5-Bedroom;329 000,00 €;338;Viseu;House
20614;3-Bedroom;329 000,00 €;163;Viseu;House
20615;Farmhouse;330 000,00 €;41.436;Viseu;House
20616;4-Bedroom;330 000,00 €;170;Viseu;House
20617;3-Bedroom;330 000,00 €;184;Viseu;House
20618;4-Bedroom;330 000,00 €;281;Viseu;House
20619;2-Bedroom;330 000,00 €;108;Viseu;House
20620;4-Bedroom;330 000,00 €;270;Viseu;House
20621;2-Bedroom;330 000,00 €;149;Viseu;House
20622;3-Bedroom;330 000,00 €;248;Viseu;House
20623;3-Bedroom;335 000,00 €;287;Viseu;House
20624;Farmhouse;339 000,00 €;653;Viseu;House
20625;Detached House;340 000,00 €;204;Viseu;House
20626;Detached House;340 000,00 €;272;Viseu;House
20627;6-Bedroom;340 000,00 €;272;Viseu;House
20628;3-Bedroom;344 000,00 €;183;Viseu;House
20629;1-Bedroom;345 000,00 €;96;Viseu;House
20630;1-Bedroom;345 000,00 €;96;Viseu;House
20631;1-Bedroom;345 000,00 €;97;Viseu;House
20632;1-Bedroom;345 000,00 €;97;Viseu;House
20633;1-Bedroom;345 000,00 €;97;Viseu;House
20634;1-Bedroom;345 000,00 €;96;Viseu;House
20635;7-Bedroom;348 000,00 €;508;Viseu;House
20636;10-Bedroom;350 000,00 €;268;Viseu;House
20637;10-Bedroom;350 000,00 €;268;Viseu;House
20638;Apartment;350 000,00 €;84;Viseu;House
20639;5-Bedroom;350 000,00 €;180;Viseu;House
20640;5-Bedroom;350 000,00 €;455;Viseu;House
20641;Studio;350 000,00 €;397;Viseu;House
20642;Apartment;350 000,00 €;110;Viseu;House
20643;Apartment;350 000,00 €;100;Viseu;House
20644;3-Bedroom;350 000,00 €;182;Viseu;House
20645;Studio;350 000,00 €;25;Viseu;House
20646;4-Bedroom;350 000,00 €;297;Viseu;House
20647;4-Bedroom;350 000,00 €;200;Viseu;House
20648;5-Bedroom;350 000,00 €;1.200;Viseu;House
20649;3-Bedroom;353 000,00 €;137;Viseu;House
20650;1-Bedroom;355 000,00 €;97;Viseu;House
20651;4-Bedroom;355 000,00 €;240;Viseu;House
20652;3-Bedroom;359 000,00 €;291;Viseu;House
20653;4-Bedroom;359 000,00 €;294;Viseu;House
20654;Detached House;360 000,00 €;264;Viseu;House
20655;4-Bedroom;360 000,00 €;218;Viseu;House
20656;Apartment;360 000,00 €;119;Viseu;House
20657;Apartment;360 000,00 €;90;Viseu;House
20658;3-Bedroom;360 000,00 €;187;Viseu;House
20659;3-Bedroom;360 000,00 €;204;Viseu;House
20660;3-Bedroom;360 000,00 €;160;Viseu;House
20661;3-Bedroom;363 000,00 €;261;Viseu;House
20662;1-Bedroom;365 000,00 €;96;Viseu;House
20663;1-Bedroom;365 000,00 €;97;Viseu;House
20664;1-Bedroom;365 000,00 €;97;Viseu;House
20665;1-Bedroom;365 000,00 €;96;Viseu;House
20666;1-Bedroom;365 000,00 €;97;Viseu;House
20667;3-Bedroom;365 000,00 €;345;Viseu;House
20668;3-Bedroom;365 000,00 €;140;Viseu;House
20669;5-Bedroom;367 500,00 €;462;Viseu;House
20670;3-Bedroom;369 900,00 €;344;Viseu;House
20671;4-Bedroom;370 000,00 €;357;Viseu;House
20672;Detached House;375 000,00 €;352;Viseu;House
20673;3+2-Bedroom;375 000,00 €;473;Viseu;House
20674;Detached House;375 000,00 €;220;Viseu;House
20675;4-Bedroom;375 000,00 €;273;Viseu;House
20676;2-Bedroom;375 000,00 €;243;Viseu;House
20677;5-Bedroom;375 000,00 €;356;Viseu;House
20678;5-Bedroom;375 000,00 €;408;Viseu;House
20679;Apartment;375 000,00 €;243;Viseu;House
20680;5-Bedroom;375 000,00 €;200;Viseu;House
20681;Detached House;375 000,00 €;252;Viseu;House
20682;3-Bedroom;380 000,00 €;464;Viseu;House
20683;Apartment;380 000,00 €;109;Viseu;House
20684;Apartment;380 000,00 €;88;Viseu;House
20685;Apartment;380 000,00 €;118;Viseu;House
20686;Detached House;385 000,00 €;303;Viseu;House
20687;4-Bedroom;385 000,00 €;470;Viseu;House
20688;Apartment;385 000,00 €;118;Viseu;House
20689;Apartment;385 000,00 €;88;Viseu;House
20690;Apartment;385 000,00 €;109;Viseu;House
20691;4-Bedroom;390 000,00 €;362;Viseu;House
20692;7-Bedroom;390 000,00 €;766;Viseu;House
20693;3-Bedroom;390 000,00 €;353;Viseu;House
20694;3-Bedroom;390 000,00 €;352;Viseu;House
20695;3-Bedroom;390 000,00 €;353;Viseu;House
20696;4-Bedroom;390 000,00 €;233;Viseu;House
20697;4-Bedroom;395 000,00 €;320;Viseu;House
20698;3-Bedroom;395 000,00 €;524;Viseu;House
20699;Detached House;395 000,00 €;235;Viseu;House
20700;4-Bedroom;395 000,00 €;260;Viseu;House
20701;4-Bedroom;395 000,00 €;248;Viseu;House
20702;Detached House;395 000,00 €;266;Viseu;House
20703;6-Bedroom;395 000,00 €;17.266;Viseu;House
20704;3-Bedroom;395 000,00 €;259;Viseu;House
20705;3-Bedroom;395 000,00 €;266;Viseu;House
20706;Detached House;395 000,00 €;600;Viseu;House
20707;3-Bedroom;399 000,00 €;261;Viseu;House
20708;Detached House;399 000,00 €;268;Viseu;House
20709;3-Bedroom;399 000,00 €;204;Viseu;House
20710;3-Bedroom;399 000,00 €;295;Viseu;House
20711;4-Bedroom;399 000,00 €;306;Viseu;House
20712;3-Bedroom;399 000,00 €;268;Viseu;House
20713;Farmhouse;400 000,00 €;406;Viseu;House
20714;4-Bedroom;400 000,00 €;735;Viseu;House
20715;3-Bedroom;400 000,00 €;731;Viseu;House
20716;4-Bedroom;400 000,00 €;294;Viseu;House
20717;6-Bedroom;400 000,00 €;210;Viseu;House
20718;Apartment;410 000,00 €;128;Viseu;House
20719;Apartment;410 000,00 €;128;Viseu;House
20720;3-Bedroom;420 000,00 €;157;Viseu;House
20721;4-Bedroom;420 000,00 €;182;Viseu;House
20722;2-Bedroom;425 000,00 €;129;Viseu;House
20723;Apartment;425 000,00 €;109;Viseu;House
20724;Apartment;425 000,00 €;86;Viseu;House
20725;Apartment;425 000,00 €;121;Viseu;House
20726;Apartment;425 000,00 €;118;Viseu;House
20727;Detached House;430 000,00 €;600;Viseu;House
20728;5-Bedroom;440 000,00 €;439;Viseu;House
20729;Estate;440 000,00 €;181;Viseu;House
20730;3-Bedroom;440 000,00 €;290;Viseu;House
20731;4-Bedroom;440 000,00 €;160;Viseu;House
20732;3-Bedroom;445 000,00 €;239;Viseu;House
20733;5-Bedroom;450 000,00 €;463;Viseu;House
20734;3-Bedroom;450 000,00 €;380;Viseu;House
20735;3-Bedroom;450 000,00 €;300;Viseu;House
20736;3-Bedroom;450 000,00 €;138;Viseu;House
20737;5-Bedroom;450 000,00 €;406;Viseu;House
20738;Detached House;450 000,00 €;1.027;Viseu;House
20739;4-Bedroom;450 000,00 €;266;Viseu;House
20740;4-Bedroom;450 000,00 €;166;Viseu;House
20741;3-Bedroom;450 000,00 €;237;Viseu;House
20742;5-Bedroom;450 000,00 €;405;Viseu;House
20743;4-Bedroom;450 000,00 €;187;Viseu;House
20744;4-Bedroom;450 000,00 €;700;Viseu;House
20745;Detached House;452 500,00 €;366;Viseu;House
20746;4-Bedroom;452 500,00 €;298;Viseu;House
20747;4-Bedroom;452 500,00 €;480;Viseu;House
20748;4-Bedroom;452 500,00 €;480;Viseu;House
20749;4-Bedroom;467 500,00 €;505;Viseu;House
20750;5-Bedroom;467 500,00 €;229;Viseu;House
20751;5-Bedroom;470 000,00 €;427;Viseu;House
20752;Detached House;470 000,00 €;434;Viseu;House
20753;Detached House;475 000,00 €;860;Viseu;House
20754;3-Bedroom;480 000,00 €;430;Viseu;House
20755;4-Bedroom;480 000,00 €;245;Viseu;House
20756;4-Bedroom;480 000,00 €;223;Viseu;House
20757;6-Bedroom;481 000,00 €;990;Viseu;House
20758;3-Bedroom;483 000,00 €;343;Viseu;House
20759;4-Bedroom;485 000,00 €;184;Viseu;House
20760;Studio;485 000,00 €;294;Viseu;House
20761;6-Bedroom;490 000,00 €;188;Viseu;House
20762;3-Bedroom;495 000,00 €;200;Viseu;House
20763;5-Bedroom;495 000,00 €;494;Viseu;House
20764;4-Bedroom;495 000,00 €;301;Viseu;House
20765;9-Bedroom;499 000,00 €;722;Viseu;House
20766;3-Bedroom;499 000,00 €;390;Viseu;House
20767;6-Bedroom;499 000,00 €;1.098;Viseu;House
20768;3-Bedroom;500 000,00 €;294;Viseu;House
20769;Farmhouse;500 000,00 €;30.720;Viseu;House
20770;3-Bedroom;500 000,00 €;250;Viseu;House
20771;3-Bedroom;500 000,00 €;450;Viseu;House
20772;13-Bedroom;517 750,00 €;1.839;Viseu;House
20773;Estate;517 750,00 €;1.882;Viseu;House
20774;5-Bedroom;520 000,00 €;206;Viseu;House
20775;3-Bedroom;530 000,00 €;360;Viseu;House
20776;3-Bedroom;535 000,00 €;440;Viseu;House
20777;4-Bedroom;535 000,00 €;342;Viseu;House
20778;5-Bedroom;540 000,00 €;553;Viseu;House
20779;5-Bedroom;545 000,00 €;216;Viseu;House
20780;6-Bedroom;549 000,00 €;1.185;Viseu;House
20781;Farmhouse;550 000,00 €;557;Viseu;House
20782;3-Bedroom;550 000,00 €;377;Viseu;House
20783;4-Bedroom;550 000,00 €;247;Viseu;House
20784;Apartment;550 000,00 €;248;Viseu;House
20785;Apartment;550 000,00 €;248;Viseu;House
20786;4-Bedroom;575 000,00 €;212;Viseu;House
20787;2-Bedroom;575 000,00 €;312;Viseu;House
20788;4-Bedroom;575 000,00 €;326;Viseu;House
20789;4-Bedroom;575 000,00 €;312;Viseu;House
20790;3-Bedroom;575 000,00 €;200;Viseu;House
20791;3-Bedroom;585 000,00 €;205;Viseu;House
20792;10-Bedroom;585 000,00 €;490;Viseu;House
20793;12-Bedroom;585 000,00 €;500;Viseu;House
20794;Detached House;585 000,00 €;631;Viseu;House
20795;9-Bedroom;585 000,00 €;500;Viseu;House
20796;6-Bedroom;595 000,00 €;131;Viseu;House
20797;Farmhouse;595 000,00 €;30.000;Viseu;House
20798;Farmhouse;600 000,00 €;460;Viseu;House
20799;4-Bedroom;600 000,00 €;396;Viseu;House
20800;Detached House;624 000,00 €;462;Viseu;House
20801;2-Bedroom;625 000,00 €;208;Viseu;House
20802;2-Bedroom;625 000,00 €;347;Viseu;House
20803;5-Bedroom;625 000,00 €;248;Viseu;House
20804;Farmhouse;625 000,00 €;100.000;Viseu;House
20805;5-Bedroom;640 000,00 €;398;Viseu;House
20806;5-Bedroom;640 000,00 €;398;Viseu;House
20807;Apartment;650 000,00 €;343;Viseu;House
20808;7-Bedroom;650 000,00 €;296;Viseu;House
20809;Apartment;650 000,00 €;311;Viseu;House
20810;Apartment;650 000,00 €;303;Viseu;House
20811;4-Bedroom;650 000,00 €;129;Viseu;House
20812;4-Bedroom;650 000,00 €;290;Viseu;House
20813;3-Bedroom;650 000,00 €;135;Viseu;House
20814;4-Bedroom;695 000,00 €;609;Viseu;House
20815;Studio;750 000,00 €;3.366;Viseu;House
20816;5-Bedroom;750 000,00 €;1.085;Viseu;House
20817;5+1-Bedroom;750 000,00 €;1.019;Viseu;House
20818;3-Bedroom;760 000,00 €;100;Viseu;House
20819;4-Bedroom;770 000,00 €;220;Viseu;House
20820;9-Bedroom;795 000,00 €;800;Viseu;House
20821;9-Bedroom;795 000,00 €;800;Viseu;House
20822;Studio;900 000,00 €;2.808;Viseu;House
20823;4-Bedroom;900 000,00 €;511;Viseu;House
20824;Apartment;950 000,00 €;501;Viseu;House
20825;4-Bedroom;960 000,00 €;276;Viseu;House
20826;4-Bedroom;960 000,00 €;276;Viseu;House
20827;6-Bedroom;975 000,00 €;842;Viseu;House
20828;5-Bedroom;1 100 000,00 €;240;Viseu;House
20829;4-Bedroom;1 100 000,00 €;572;Viseu;House
20830;3-Bedroom;1 107 000,00 €;400;Viseu;House
20831;Farmhouse;1 200 000,00 €;195.930;Viseu;House
20832;Farmhouse;1 200 000,00 €;270.000;Viseu;House
20833;4-Bedroom;1 300 000,00 €;486;Viseu;House
20834;Studio;1 340 000,00 €;47.843;Viseu;House
20835;Farmhouse;1 500 000,00 €;634;Viseu;House
20836;4-Bedroom;2 000 000,00 €;410;Viseu;House
20837;7-Bedroom;2 250 000,00 €;974;Viseu;House
20838;5-Bedroom;2 250 000,00 €;347;Viseu;House
20839;Farmhouse;2 250 000,00 €;500.000;Viseu;House
20840;6-Bedroom;2 500 000,00 €;305;Viseu;House
20841;3-Bedroom;3 500 000,00 €;336;Viseu;House
20842;Farmhouse;5 000 000,00 €;2.053;Viseu;House
