Real,Previsto
404700.0,267351.6029645315
399000.0,365093.23529411765
300000.0,398676.9759450172
165000.0,200936.93244246475
349000.0,365093.23529411765
625000.0,365093.23529411765
267500.0,291475.01516683516
615000.0,497401.9864364982
300000.0,733778.9817444219
570000.0,511658.53658536583
625000.0,511658.53658536583
400000.0,516944.9917877448
700000.0,454090.62152777775
225000.0,511658.53658536583
878000.0,1181733.8366197185
275000.0,311228.07042253524
339990.0,286147.98560700874
380000.0,286147.98560700874
200000.0,398676.9759450172
1100000.0,921057.9831932773
298000.0,291475.01516683516
225000.0,267351.6029645315
730000.0,575612.015625
175000.0,267351.6029645315
209000.0,208327.08396946566
335000.0,291475.01516683516
150000.0,200936.93244246475
40000.0,365093.23529411765
275000.0,398676.9759450172
1330000.0,1408402.7777777778
480000.0,497401.9864364982
79500.0,286147.98560700874
183900.0,267351.6029645315
245000.0,398676.9759450172
2100000.0,1649191.9960000003
324000.0,516944.9917877448
198500.0,342982.94088669954
195000.0,286147.98560700874
700000.0,412938.3522727273
195000.0,286147.98560700874
215000.0,267351.6029645315
389280.0,286147.98560700874
225000.0,200936.93244246475
595000.0,516944.9917877448
388800.0,286147.98560700874
45000.0,200936.93244246475
490000.0,733778.9817444219
285000.0,200936.93244246475
128000.0,327328.94736842107
258000.0,516944.9917877448
613000.0,562735.2483221476
600000.0,938076.5765765766
885000.0,795787.4549549549
305000.0,286147.98560700874
50000.0,516944.9917877448
65000.0,200936.93244246475
220000.0,342982.94088669954
1650000.0,2021860.6333333333
298000.0,286147.98560700874
173250.0,267351.6029645315
1150000.0,785353.2034632035
180000.0,438061.125
481950.0,286147.98560700874
430000.0,738258.6346153846
299500.0,200936.93244246475
1299000.0,523130.54054054053
50000.0,200936.93244246475
1150000.0,995000.0
85000.0,200936.93244246475
439000.0,286147.98560700874
375000.0,798450.7593880389
490000.0,365093.23529411765
390000.0,267351.6029645315
294000.0,342982.94088669954
295900.0,267351.6029645315
420000.0,733778.9817444219
195000.0,286147.98560700874
475120.0,286147.98560700874
490000.0,403101.6424242424
380000.0,511658.53658536583
538125.0,497401.9864364982
320000.0,610345.205479452
275000.0,342982.94088669954
180000.0,570352.2276785715
480000.0,357118.4210526316
281000.0,497401.9864364982
246200.0,342982.94088669954
530000.0,365093.23529411765
180000.0,342982.94088669954
85000.0,200936.93244246475
915000.0,738258.6346153846
240000.0,358226.3082706767
235000.0,200936.93244246475
2600000.0,2430432.5064935065
650000.0,403803.02116402116
650000.0,610345.205479452
85000.0,200936.93244246475
485000.0,342982.94088669954
329900.0,357118.4210526316
289900.0,357118.4210526316
130000.0,286147.98560700874
210000.0,200936.93244246475
179900.0,286147.98560700874
350000.0,286147.98560700874
199600.0,301593.97575757577
911744.0,291475.01516683516
1310000.0,795787.4549549549
267000.0,1100893.119266055
780000.0,291475.01516683516
55000.0,200936.93244246475
240000.0,267351.6029645315
591300.0,497401.9864364982
120000.0,365093.23529411765
348654.0,342982.94088669954
2490000.0,1100893.119266055
485000.0,365093.23529411765
2490000.0,1100893.119266055
159000.0,200936.93244246475
285000.0,286147.98560700874
355000.0,286147.98560700874
570000.0,617582.8846153846
184000.0,200936.93244246475
725000.0,753897.339055794
162000.0,365093.23529411765
200000.0,365093.23529411765
1050000.0,418946.89830508473
895000.0,365093.23529411765
359000.0,753897.339055794
375800.0,267351.6029645315
135000.0,200936.93244246475
104000.0,365093.23529411765
269500.0,200936.93244246475
770000.0,787940.4761904762
15000.0,200936.93244246475
450000.0,286147.98560700874
430000.0,267351.6029645315
700000.0,403803.02116402116
980000.0,733778.9817444219
318500.0,798450.7593880389
535000.0,395913.0081300813
194000.0,516944.9917877448
215000.0,291475.01516683516
3950000.0,2430432.5064935065
186900.0,267351.6029645315
225000.0,200936.93244246475
1450000.0,1265740.49122807
85000.0,200936.93244246475
347000.0,511658.53658536583
293000.0,342982.94088669954
188500.0,342982.94088669954
300000.0,200936.93244246475
810000.0,738258.6346153846
900000.0,798450.7593880389
435000.0,539732.6481481482
730000.0,795787.4549549549
290000.0,516944.9917877448
380000.0,562735.2483221476
209500.0,395913.0081300813
385000.0,286147.98560700874
450000.0,398676.9759450172
165000.0,200936.93244246475
145000.0,267351.6029645315
245000.0,267351.6029645315
310000.0,200936.93244246475
298000.0,497401.9864364982
290000.0,286147.98560700874
185000.0,454090.62152777775
274100.0,267351.6029645315
60000.0,200936.93244246475
1235000.0,615145.5454545454
255000.0,342982.94088669954
435000.0,718740.6677018633
468800.0,311228.07042253524
205000.0,208327.08396946566
270000.0,267351.6029645315
445000.0,403101.6424242424
370000.0,615145.5454545454
235000.0,286147.98560700874
383800.0,342982.94088669954
620000.0,718740.6677018633
315000.0,200936.93244246475
189000.0,342982.94088669954
365000.0,200936.93244246475
1200000.0,570352.2276785715
220000.0,403803.02116402116
190000.0,357118.4210526316
580000.0,938076.5765765766
2500000.0,1100893.119266055
190000.0,365093.23529411765
375000.0,200936.93244246475
736000.0,921057.9831932773
225000.0,200936.93244246475
95000.0,286147.98560700874
399900.0,311228.07042253524
465000.0,525149.3953488372
205000.0,291475.01516683516
184000.0,200936.93244246475
175000.0,365093.23529411765
249000.0,403101.6424242424
237000.0,267351.6029645315
395000.0,398676.9759450172
229900.0,286147.98560700874
240000.0,286147.98560700874
376000.0,785353.2034632035
20000.0,200936.93244246475
130000.0,200936.93244246475
330000.0,365093.23529411765
330000.0,418946.89830508473
150000.0,403803.02116402116
284000.0,403101.6424242424
110000.0,365093.23529411765
1100000.0,795787.4549549549
170000.0,311228.07042253524
235000.0,342982.94088669954
211330.0,200936.93244246475
350000.0,267351.6029645315
579975.0,744449.0
378000.0,291475.01516683516
269900.0,738258.6346153846
165000.0,286147.98560700874
520435.0,286147.98560700874
199000.0,291475.01516683516
400000.0,610345.205479452
99000.0,200936.93244246475
750000.0,575612.015625
270000.0,795787.4549549549
670000.0,583628.8659793815
397000.0,497401.9864364982
588000.0,497401.9864364982
456750.0,403803.02116402116
268900.0,208327.08396946566
222500.0,286147.98560700874
139500.0,291475.01516683516
270000.0,200936.93244246475
7700000.0,365093.23529411765
290000.0,575612.015625
380000.0,516944.9917877448
371629.0,594296.147826087
1121000.0,738258.6346153846
288000.0,511658.53658536583
370000.0,365093.23529411765
350000.0,286147.98560700874
268000.0,365093.23529411765
630000.0,570352.2276785715
800000.0,610345.205479452
249000.0,511658.53658536583
515000.0,511658.53658536583
240000.0,798450.7593880389
780000.0,718740.6677018633
561000.0,454090.62152777775
394280.0,200936.93244246475
337500.0,286147.98560700874
355000.0,267351.6029645315
411400.0,342982.94088669954
230000.0,267351.6029645315
73000.0,365093.23529411765
790000.0,795787.4549549549
507688.0,342982.94088669954
179900.0,311228.07042253524
495000.0,286147.98560700874
385000.0,358226.3082706767
169900.0,267351.6029645315
575000.0,2862967.4025974027
629000.0,365093.23529411765
640000.0,610345.205479452
152000.0,267351.6029645315
229000.0,267351.6029645315
490000.0,286147.98560700874
310000.0,403101.6424242424
525000.0,718740.6677018633
268000.0,357118.4210526316
813000.0,718740.6677018633
94000.0,365093.23529411765
498000.0,311228.07042253524
460000.0,286147.98560700874
892500.0,714538.4615384615
608000.0,497401.9864364982
285000.0,200936.93244246475
239900.0,267351.6029645315
1270000.0,938076.5765765766
49900.0,365093.23529411765
350000.0,365093.23529411765
625000.0,286147.98560700874
280000.0,286147.98560700874
100000.0,365093.23529411765
1495000.0,2430432.5064935065
950000.0,744449.0
1500000.0,575612.015625
282360.0,267351.6029645315
259000.0,511658.53658536583
749000.0,497401.9864364982
220000.0,412938.3522727273
639000.0,1524177.8839779005
359000.0,365093.23529411765
739000.0,601142.8571428572
725000.0,594296.147826087
170000.0,200936.93244246475
730000.0,795787.4549549549
410000.0,403803.02116402116
400680.0,342982.94088669954
640000.0,516944.9917877448
300000.0,403101.6424242424
141000.0,200936.93244246475
485000.0,398676.9759450172
970000.0,785353.2034632035
481280.0,286147.98560700874
229000.0,311228.07042253524
380000.0,365093.23529411765
91150.0,200936.93244246475
320000.0,200936.93244246475
990000.0,733778.9817444219
215000.0,200936.93244246475
287000.0,516944.9917877448
1190000.0,921057.9831932773
45000.0,286147.98560700874
1222000.0,1736641.0909090908
1100000.0,617582.8846153846
399000.0,357118.4210526316
390000.0,403101.6424242424
625000.0,562735.2483221476
112500.0,200936.93244246475
275000.0,365093.23529411765
700000.0,286147.98560700874
560000.0,357118.4210526316
343000.0,365093.23529411765
285000.0,403101.6424242424
760000.0,753897.339055794
310000.0,200936.93244246475
104000.0,200936.93244246475
995000.0,1484444.4444444445
50000.0,388176.4705882353
644800.0,511658.53658536583
1525000.0,626833.0266666666
910000.0,785353.2034632035
324900.0,1649191.9960000003
320000.0,365093.23529411765
625000.0,365093.23529411765
355000.0,200936.93244246475
499000.0,286147.98560700874
120000.0,267351.6029645315
780000.0,291475.01516683516
2450000.0,1649191.9960000003
49500.0,286147.98560700874
475000.0,398676.9759450172
366000.0,286147.98560700874
33000.0,200936.93244246475
1200000.0,921057.9831932773
390000.0,454090.62152777775
376000.0,403803.02116402116
598000.0,398676.9759450172
765070.0,570352.2276785715
399000.0,733778.9817444219
426933.0,291475.01516683516
365000.0,412938.3522727273
195000.0,286147.98560700874
2200000.0,1390646.551724138
790000.0,1524177.8839779005
440000.0,342982.94088669954
430000.0,516944.9917877448
318000.0,267351.6029645315
415000.0,365093.23529411765
650000.0,403803.02116402116
1412500.0,718740.6677018633
550000.0,365093.23529411765
205000.0,291475.01516683516
388000.0,357118.4210526316
684000.0,684041.4696969697
2600000.0,365093.23529411765
395000.0,267351.6029645315
126000.0,497401.9864364982
3200000.0,2273214.285714286
270500.0,291475.01516683516
345000.0,523130.54054054053
425000.0,403803.02116402116
355000.0,365093.23529411765
415000.0,744449.0
175000.0,208327.08396946566
850000.0,785353.2034632035
730000.0,795787.4549549549
710000.0,1524177.8839779005
475000.0,516944.9917877448
600000.0,938076.5765765766
207000.0,200936.93244246475
287900.0,267351.6029645315
185000.0,200936.93244246475
269500.0,286147.98560700874
295000.0,286147.98560700874
650000.0,583628.8659793815
360000.0,286147.98560700874
390000.0,286147.98560700874
425000.0,1202825.0
28000.0,200936.93244246475
1970000.0,1524177.8839779005
590000.0,733778.9817444219
150000.0,200936.93244246475
230000.0,286147.98560700874
575000.0,418946.89830508473
480000.0,594296.147826087
338800.0,497401.9864364982
63000.0,365093.23529411765
529000.0,365093.23529411765
550000.0,454090.62152777775
85000.0,200936.93244246475
305000.0,342982.94088669954
202900.0,200936.93244246475
620000.0,718740.6677018633
250000.0,286147.98560700874
390000.0,511658.53658536583
150000.0,200936.93244246475
130000.0,403101.6424242424
320000.0,365093.23529411765
550000.0,286147.98560700874
385000.0,714538.4615384615
325000.0,684041.4696969697
330000.0,403803.02116402116
176000.0,286147.98560700874
850000.0,733778.9817444219
349000.0,365093.23529411765
180000.0,200936.93244246475
108000.0,200936.93244246475
380000.0,516944.9917877448
495000.0,454090.62152777775
315000.0,291475.01516683516
1350000.0,744449.0
865000.0,921057.9831932773
500000.0,342982.94088669954
67000.0,200936.93244246475
235000.0,358226.3082706767
3950000.0,2430432.5064935065
350000.0,516944.9917877448
320000.0,365093.23529411765
227000.0,178133.33333333334
500000.0,938076.5765765766
550000.0,733778.9817444219
985000.0,626833.0266666666
625000.0,753897.339055794
580000.0,523130.54054054053
295000.0,395913.0081300813
167500.0,311228.07042253524
369000.0,497401.9864364982
499800.0,454090.62152777775
250000.0,301593.97575757577
175000.0,200936.93244246475
230000.0,200936.93244246475
330000.0,365093.23529411765
1250000.0,523130.54054054053
325000.0,342982.94088669954
199000.0,311228.07042253524
1300000.0,1265740.49122807
570000.0,398676.9759450172
3950000.0,2021860.6333333333
260000.0,342982.94088669954
183900.0,267351.6029645315
399000.0,523130.54054054053
152680.0,365093.23529411765
250000.0,286147.98560700874
235000.0,200936.93244246475
249000.0,200936.93244246475
350000.0,516944.9917877448
3225000.0,2430432.5064935065
45000.0,286147.98560700874
205000.0,200936.93244246475
565000.0,1484444.4444444445
75000.0,516944.9917877448
237500.0,403803.02116402116
295900.0,267351.6029645315
186000.0,200936.93244246475
205000.0,342982.94088669954
170000.0,259954.54545454544
855500.0,718740.6677018633
430000.0,365093.23529411765
455800.0,403101.6424242424
265000.0,267351.6029645315
320000.0,575612.015625
599000.0,365093.23529411765
375000.0,365093.23529411765
450000.0,365093.23529411765
265200.0,342982.94088669954
425000.0,497401.9864364982
380000.0,286147.98560700874
195300.0,267351.6029645315
450000.0,511658.53658536583
230000.0,311228.07042253524
515000.0,516944.9917877448
2200000.0,738258.6346153846
285000.0,516944.9917877448
59000.0,200936.93244246475
585000.0,1390646.551724138
2798036.0,1181733.8366197185
1100000.0,921057.9831932773
165000.0,286147.98560700874
471000.0,403101.6424242424
199950.0,286147.98560700874
498000.0,626833.0266666666
450000.0,267351.6029645315
170000.0,200936.93244246475
351360.0,200936.93244246475
168000.0,200936.93244246475
95000.0,200936.93244246475
332500.0,497401.9864364982
298500.0,267351.6029645315
816700.0,753897.339055794
445200.0,403101.6424242424
796000.0,570352.2276785715
288000.0,200936.93244246475
1690000.0,2430432.5064935065
485000.0,753897.339055794
139900.0,365093.23529411765
650000.0,286147.98560700874
335000.0,200936.93244246475
880000.0,798450.7593880389
595000.0,684041.4696969697
1170000.0,523130.54054054053
435000.0,200936.93244246475
695000.0,286147.98560700874
330000.0,497401.9864364982
399900.0,398676.9759450172
287000.0,200936.93244246475
67500.0,200936.93244246475
515000.0,286147.98560700874
870000.0,575612.015625
725000.0,395913.0081300813
295000.0,200936.93244246475
236000.0,267351.6029645315
805000.0,575612.015625
1200000.0,744449.0
450000.0,403101.6424242424
365000.0,714538.4615384615
205000.0,342982.94088669954
219900.0,267351.6029645315
340000.0,200936.93244246475
140000.0,286147.98560700874
45000.0,200936.93244246475
690000.0,733778.9817444219
1250000.0,753897.339055794
1475000.0,1649191.9960000003
550000.0,785353.2034632035
335000.0,375421.73913043475
420000.0,733778.9817444219
295000.0,511658.53658536583
280000.0,286147.98560700874
850000.0,516944.9917877448
820000.0,1265740.49122807
1300000.0,795787.4549549549
35000.0,798450.7593880389
120000.0,286147.98560700874
165000.0,200936.93244246475
192900.0,267351.6029645315
1665000.0,938076.5765765766
325000.0,497401.9864364982
295900.0,267351.6029645315
4200000.0,1324280.487804878
425000.0,516944.9917877448
300000.0,286147.98560700874
490000.0,365093.23529411765
221000.0,286147.98560700874
410000.0,511658.53658536583
680000.0,516944.9917877448
130000.0,200936.93244246475
465000.0,575612.015625
69900.0,365093.23529411765
390000.0,365093.23529411765
650000.0,200936.93244246475
1500000.0,615145.5454545454
825000.0,497401.9864364982
710000.0,718740.6677018633
320000.0,286147.98560700874
170000.0,733778.9817444219
189000.0,342982.94088669954
195000.0,208327.08396946566
140000.0,291475.01516683516
400000.0,365093.23529411765
287500.0,286147.98560700874
758363.0,497401.9864364982
130000.0,291475.01516683516
140000.0,200936.93244246475
240000.0,516944.9917877448
194000.0,200936.93244246475
530000.0,516944.9917877448
251900.0,267351.6029645315
400000.0,516944.9917877448
368369.0,342982.94088669954
87000.0,200936.93244246475
330000.0,365093.23529411765
350000.0,516944.9917877448
63000.0,200936.93244246475
425000.0,403101.6424242424
545000.0,516944.9917877448
155000.0,286147.98560700874
150000.0,365093.23529411765
225000.0,311228.07042253524
89000.0,200936.93244246475
640000.0,511658.53658536583
985000.0,738258.6346153846
176000.0,291475.01516683516
749900.0,626833.0266666666
1699000.0,562735.2483221476
235000.0,286147.98560700874
603750.0,795787.4549549549
1100000.0,753897.339055794
235000.0,200936.93244246475
390000.0,365093.23529411765
530000.0,733778.9817444219
620000.0,938076.5765765766
289000.0,267351.6029645315
260000.0,311228.07042253524
160000.0,200936.93244246475
135000.0,365093.23529411765
25000.0,200936.93244246475
305000.0,289105.55555555556
230000.0,200936.93244246475
3180000.0,2021860.6333333333
525000.0,286147.98560700874
250000.0,286147.98560700874
267000.0,200936.93244246475
890000.0,714538.4615384615
260000.0,365093.23529411765
300000.0,200936.93244246475
3300000.0,798450.7593880389
515000.0,365093.23529411765
368369.0,267351.6029645315
237000.0,365093.23529411765
294000.0,286147.98560700874
105000.0,365093.23529411765
152000.0,365093.23529411765
499500.0,511658.53658536583
219000.0,200936.93244246475
184900.0,267351.6029645315
350000.0,516944.9917877448
179900.0,200936.93244246475
280000.0,358226.3082706767
349000.0,454090.62152777775
250000.0,365093.23529411765
282000.0,200936.93244246475
480500.0,365093.23529411765
690000.0,365093.23529411765
1560000.0,1249133.8392857143
1580000.0,1665000.0
2900000.0,2862967.4025974027
440000.0,497401.9864364982
85000.0,200936.93244246475
17000.0,286147.98560700874
233655.0,267351.6029645315
435000.0,403101.6424242424
899900.0,798450.7593880389
2400000.0,1249133.8392857143
190000.0,267351.6029645315
395000.0,267351.6029645315
414500.0,497401.9864364982
225000.0,497401.9864364982
395000.0,497401.9864364982
300000.0,525149.3953488372
948000.0,562735.2483221476
369000.0,403101.6424242424
350000.0,301593.97575757577
975000.0,497401.9864364982
192900.0,267351.6029645315
550000.0,516944.9917877448
45000.0,516944.9917877448
365000.0,403803.02116402116
235000.0,412938.3522727273
420000.0,426764.28571428574
225000.0,267351.6029645315
269000.0,342982.94088669954
850000.0,497401.9864364982
189800.0,398676.9759450172
1250000.0,1075327.7441860465
475000.0,516944.9917877448
225000.0,200936.93244246475
550000.0,311228.07042253524
280000.0,286147.98560700874
315000.0,200936.93244246475
245000.0,200936.93244246475
330000.0,365093.23529411765
494000.0,562735.2483221476
355000.0,438061.125
358500.0,286147.98560700874
200000.0,291475.01516683516
1990000.0,733778.9817444219
250000.0,357118.4210526316
395000.0,286147.98560700874
595000.0,286147.98560700874
252500.0,291475.01516683516
253000.0,286147.98560700874
580000.0,403803.02116402116
152000.0,200936.93244246475
365000.0,200936.93244246475
804000.0,785353.2034632035
159000.0,267351.6029645315
424000.0,403803.02116402116
184900.0,267351.6029645315
290000.0,516944.9917877448
34900.0,286147.98560700874
2800000.0,798450.7593880389
288000.0,286147.98560700874
154900.0,291475.01516683516
405000.0,286147.98560700874
2500000.0,1524177.8839779005
475000.0,516944.9917877448
345000.0,286147.98560700874
160000.0,200936.93244246475
429500.0,200936.93244246475
595000.0,259954.54545454544
1099000.0,200936.93244246475
695000.0,1524177.8839779005
340000.0,286147.98560700874
179900.0,267351.6029645315
120000.0,200936.93244246475
305000.0,342982.94088669954
595000.0,267351.6029645315
99000.0,200936.93244246475
1500000.0,516944.9917877448
735000.0,497401.9864364982
450000.0,365093.23529411765
233000.0,403101.6424242424
735000.0,938076.5765765766
365000.0,200936.93244246475
576000.0,714538.4615384615
365000.0,575612.015625
500000.0,562735.2483221476
360000.0,311228.07042253524
165000.0,365093.23529411765
380000.0,365093.23529411765
120000.0,200936.93244246475
210000.0,286147.98560700874
320000.0,365093.23529411765
695000.0,798450.7593880389
385000.0,286147.98560700874
1800000.0,798450.7593880389
395000.0,267351.6029645315
280000.0,798450.7593880389
340000.0,365093.23529411765
400000.0,286147.98560700874
475000.0,358226.3082706767
379000.0,412938.3522727273
425000.0,798450.7593880389
180000.0,267351.6029645315
489000.0,375421.73913043475
280000.0,286147.98560700874
325000.0,267351.6029645315
275000.0,267351.6029645315
1297010.0,795787.4549549549
310000.0,412938.3522727273
70000.0,200936.93244246475
199950.0,311228.07042253524
340147.0,497401.9864364982
200213.0,267351.6029645315
105000.0,200936.93244246475
492000.0,267351.6029645315
150000.0,286147.98560700874
189990.0,291475.01516683516
145000.0,200936.93244246475
709500.0,738258.6346153846
280000.0,291475.01516683516
205000.0,342982.94088669954
515000.0,516944.9917877448
349000.0,286147.98560700874
400000.0,291475.01516683516
287000.0,375421.73913043475
145000.0,267351.6029645315
745000.0,365093.23529411765
290000.0,267351.6029645315
1300000.0,516944.9917877448
127500.0,200936.93244246475
698000.0,795787.4549549549
315000.0,267351.6029645315
1150000.0,938076.5765765766
790000.0,610345.205479452
274000.0,403101.6424242424
400000.0,744449.0
755000.0,523130.54054054053
390000.0,511658.53658536583
695000.0,798450.7593880389
995000.0,753897.339055794
1100000.0,738258.6346153846
380000.0,291475.01516683516
395000.0,785353.2034632035
480000.0,511658.53658536583
445000.0,286147.98560700874
78000.0,200936.93244246475
375000.0,798450.7593880389
399000.0,395913.0081300813
242500.0,267351.6029645315
390000.0,286147.98560700874
188000.0,200936.93244246475
224000.0,200936.93244246475
800000.0,938076.5765765766
342500.0,516944.9917877448
700000.0,798450.7593880389
450000.0,286147.98560700874
475000.0,516944.9917877448
535000.0,497401.9864364982
540000.0,733778.9817444219
498500.0,511658.53658536583
380000.0,412938.3522727273
237000.0,286147.98560700874
355000.0,403101.6424242424
730000.0,1524177.8839779005
150000.0,798450.7593880389
205000.0,342982.94088669954
460100.0,357118.4210526316
75000.0,200936.93244246475
229900.0,291475.01516683516
555750.0,744449.0
195000.0,200936.93244246475
305000.0,200936.93244246475
450000.0,365093.23529411765
265000.0,403803.02116402116
495000.0,365093.23529411765
298000.0,860918.0
750000.0,626833.0266666666
32500.0,365093.23529411765
955000.0,733778.9817444219
460000.0,200936.93244246475
840000.0,795787.4549549549
127000.0,286147.98560700874
299000.0,1265740.49122807
413800.0,200936.93244246475
193000.0,342982.94088669954
355000.0,286147.98560700874
149000.0,365093.23529411765
1180000.0,365093.23529411765
1350000.0,785353.2034632035
535000.0,365093.23529411765
199500.0,342982.94088669954
175982.0,267351.6029645315
2900000.0,3305444.4444444445
300000.0,286147.98560700874
430000.0,497401.9864364982
310000.0,200936.93244246475
180000.0,200936.93244246475
275000.0,358226.3082706767
200000.0,798450.7593880389
365000.0,497401.9864364982
450000.0,286147.98560700874
345000.0,267351.6029645315
625000.0,798450.7593880389
866250.0,365093.23529411765
1010000.0,718740.6677018633
400000.0,583628.8659793815
270000.0,516944.9917877448
95000.0,200936.93244246475
875000.0,684041.4696969697
895000.0,1100893.119266055
120000.0,365093.23529411765
970000.0,795787.4549549549
340000.0,403803.02116402116
197500.0,200936.93244246475
52000.0,200936.93244246475
320000.0,286147.98560700874
575000.0,398676.9759450172
210000.0,200936.93244246475
990000.0,2862967.4025974027
420000.0,286147.98560700874
1195000.0,2862967.4025974027
915000.0,610345.205479452
380000.0,497906.2417582418
344255.0,403101.6424242424
425000.0,718740.6677018633
295000.0,398676.9759450172
262500.0,200936.93244246475
222222.0,286147.98560700874
225000.0,342982.94088669954
340000.0,200936.93244246475
399900.0,357118.4210526316
545000.0,342982.94088669954
240000.0,342982.94088669954
200000.0,200936.93244246475
30000.0,200936.93244246475
189500.0,311228.07042253524
233564.0,267351.6029645315
398000.0,497401.9864364982
110000.0,286147.98560700874
490000.0,516944.9917877448
262000.0,497401.9864364982
1015000.0,733778.9817444219
450000.0,626833.0266666666
721800.0,516944.9917877448
209000.0,291475.01516683516
495000.0,511658.53658536583
2900000.0,1524177.8839779005
65000.0,286147.98560700874
240000.0,267351.6029645315
4200000.0,2862967.4025974027
295000.0,286147.98560700874
337500.0,291475.01516683516
225900.0,286147.98560700874
42000.0,286147.98560700874
680000.0,921057.9831932773
515000.0,412938.3522727273
710000.0,753897.339055794
140000.0,267351.6029645315
117500.0,357118.4210526316
581000.0,342982.94088669954
70000.0,365093.23529411765
290000.0,291475.01516683516
491280.0,286147.98560700874
790000.0,516944.9917877448
325000.0,365093.23529411765
620000.0,365093.23529411765
190000.0,200936.93244246475
450000.0,426764.28571428574
290000.0,570352.2276785715
692500.0,575612.015625
249900.0,342982.94088669954
39000.0,365093.23529411765
785000.0,798450.7593880389
1150000.0,516944.9917877448
49000.0,200936.93244246475
205000.0,311228.07042253524
320000.0,403101.6424242424
560000.0,365093.23529411765
495000.0,798450.7593880389
210000.0,200936.93244246475
590000.0,718740.6677018633
130000.0,200936.93244246475
350000.0,365093.23529411765
160000.0,516944.9917877448
805000.0,497401.9864364982
885000.0,365093.23529411765
145000.0,200936.93244246475
445000.0,395913.0081300813
505000.0,286147.98560700874
360000.0,200936.93244246475
159000.0,267351.6029645315
1165000.0,562735.2483221476
340000.0,291475.01516683516
279500.0,516944.9917877448
215000.0,200936.93244246475
195000.0,200936.93244246475
510000.0,511658.53658536583
490000.0,412938.3522727273
2300000.0,1408402.7777777778
323000.0,342982.94088669954
469000.0,365093.23529411765
695000.0,718740.6677018633
830000.0,516944.9917877448
350000.0,200936.93244246475
159000.0,291475.01516683516
70000.0,516944.9917877448
360000.0,200936.93244246475
264000.0,286147.98560700874
450000.0,365093.23529411765
179500.0,200936.93244246475
338000.0,267351.6029645315
240000.0,200936.93244246475
310000.0,200936.93244246475
125000.0,200936.93244246475
440000.0,497401.9864364982
180000.0,286147.98560700874
580000.0,291475.01516683516
249000.0,286147.98560700874
440000.0,365093.23529411765
429000.0,365093.23529411765
334000.0,200936.93244246475
275000.0,267351.6029645315
818000.0,714538.4615384615
750000.0,286147.98560700874
265000.0,365093.23529411765
474000.0,291475.01516683516
279000.0,200936.93244246475
1100000.0,785353.2034632035
358000.0,753897.339055794
600000.0,516944.9917877448
169900.0,267351.6029645315
1750000.0,798450.7593880389
150000.0,286147.98560700874
210000.0,200936.93244246475
466000.0,795787.4549549549
260000.0,365093.23529411765
235000.0,342982.94088669954
185000.0,200936.93244246475
335000.0,286147.98560700874
27500.0,267351.6029645315
1085700.0,718740.6677018633
92500.0,286147.98560700874
450000.0,200936.93244246475
640000.0,365093.23529411765
380000.0,497401.9864364982
350000.0,497906.2417582418
499000.0,516944.9917877448
54990.0,200936.93244246475
395000.0,365093.23529411765
222000.0,286147.98560700874
40000.0,200936.93244246475
1450000.0,1265740.49122807
315000.0,516944.9917877448
80000.0,516944.9917877448
370000.0,365093.23529411765
240000.0,798450.7593880389
605000.0,342982.94088669954
243500.0,365093.23529411765
97000.0,286147.98560700874
680000.0,286147.98560700874
562000.0,718740.6677018633
180000.0,267351.6029645315
475000.0,342982.94088669954
166000.0,398676.9759450172
1180000.0,684041.4696969697
220000.0,267351.6029645315
245056.0,403101.6424242424
770000.0,570352.2276785715
475000.0,286147.98560700874
425000.0,718740.6677018633
85000.0,200936.93244246475
249000.0,403101.6424242424
280000.0,403101.6424242424
393956.0,525149.3953488372
270000.0,267351.6029645315
210000.0,200936.93244246475
750000.0,365093.23529411765
1490000.0,921057.9831932773
575000.0,516944.9917877448
255000.0,267351.6029645315
159500.0,200936.93244246475
2150000.0,1524177.8839779005
650000.0,358226.3082706767
459000.0,497401.9864364982
400000.0,753897.339055794
1550000.0,516944.9917877448
850000.0,365093.23529411765
295000.0,311228.07042253524
630700.0,615145.5454545454
210000.0,365093.23529411765
335000.0,286147.98560700874
350000.0,523130.54054054053
40000.0,200936.93244246475
197000.0,286147.98560700874
291000.0,365093.23529411765
1000000.0,798450.7593880389
2600000.0,1524177.8839779005
137000.0,200936.93244246475
210000.0,365093.23529411765
78000.0,200936.93244246475
399750.0,403101.6424242424
182000.0,200936.93244246475
15000.0,200936.93244246475
499000.0,798450.7593880389
235000.0,626833.0266666666
325000.0,200936.93244246475
470120.0,286147.98560700874
650000.0,525149.3953488372
1008960.0,795787.4549549549
495000.0,286147.98560700874
550000.0,365093.23529411765
470000.0,454090.62152777775
265000.0,267351.6029645315
520000.0,454090.62152777775
750000.0,365093.23529411765
375000.0,286147.98560700874
810000.0,570352.2276785715
359000.0,365093.23529411765
310000.0,412938.3522727273
240000.0,267351.6029645315
258000.0,200936.93244246475
369000.0,342982.94088669954
355000.0,267351.6029645315
470000.0,286147.98560700874
837500.0,1181733.8366197185
1100000.0,1324280.487804878
216000.0,365093.23529411765
400000.0,1324280.487804878
400000.0,403803.02116402116
440000.0,575612.015625
285000.0,286147.98560700874
670000.0,744449.0
140000.0,200936.93244246475
235000.0,200936.93244246475
390000.0,200936.93244246475
355000.0,291475.01516683516
165000.0,267351.6029645315
370000.0,365093.23529411765
471000.0,412938.3522727273
124000.0,200936.93244246475
235000.0,267351.6029645315
425000.0,516944.9917877448
880000.0,738258.6346153846
375000.0,1649191.9960000003
545000.0,267351.6029645315
430000.0,267351.6029645315
35000.0,286147.98560700874
140000.0,200936.93244246475
455000.0,738258.6346153846
220000.0,286147.98560700874
350000.0,516944.9917877448
440000.0,365093.23529411765
1193362.0,626833.0266666666
252500.0,403803.02116402116
230000.0,267351.6029645315
108000.0,200936.93244246475
175000.0,570352.2276785715
149000.0,291475.01516683516
350000.0,418946.89830508473
390000.0,375421.73913043475
365000.0,497401.9864364982
100000.0,200936.93244246475
980000.0,4016666.6666666665
240000.0,291475.01516683516
785000.0,795787.4549549549
15000.0,200936.93244246475
400000.0,798450.7593880389
268000.0,267351.6029645315
390000.0,516944.9917877448
325000.0,497401.9864364982
169900.0,200936.93244246475
300000.0,342982.94088669954
253000.0,267351.6029645315
85000.0,200936.93244246475
420000.0,511658.53658536583
1150000.0,798450.7593880389
148500.0,291475.01516683516
147500.0,454090.62152777775
520000.0,365093.23529411765
180000.0,342982.94088669954
520000.0,286147.98560700874
1590000.0,785353.2034632035
341500.0,286147.98560700874
175000.0,497401.9864364982
283000.0,267351.6029645315
280000.0,403101.6424242424
245000.0,301593.97575757577
390000.0,365093.23529411765
137500.0,357118.4210526316
180000.0,342982.94088669954
430000.0,365093.23529411765
17500.0,200936.93244246475
345000.0,454090.62152777775
200000.0,301593.97575757577
230000.0,200936.93244246475
1100000.0,617582.8846153846
99000.0,200936.93244246475
189000.0,311228.07042253524
450000.0,511658.53658536583
1100000.0,365093.23529411765
80000.0,286147.98560700874
149500.0,200936.93244246475
300000.0,200936.93244246475
249000.0,342982.94088669954
265000.0,200936.93244246475
308900.0,342982.94088669954
315000.0,798450.7593880389
900000.0,714538.4615384615
790000.0,398676.9759450172
450000.0,497401.9864364982
520000.0,342982.94088669954
799000.0,733778.9817444219
157500.0,208327.08396946566
517650.0,365093.23529411765
980000.0,291475.01516683516
3500000.0,1786363.6363636365
450000.0,1181733.8366197185
2999700.0,1736641.0909090908
395000.0,398676.9759450172
425000.0,516944.9917877448
398750.0,286147.98560700874
320000.0,795787.4549549549
1670000.0,1649191.9960000003
70000.0,798450.7593880389
225000.0,516944.9917877448
160000.0,286147.98560700874
695000.0,733778.9817444219
240000.0,342982.94088669954
345000.0,200936.93244246475
470000.0,610345.205479452
197500.0,291475.01516683516
240000.0,267351.6029645315
249000.0,200936.93244246475
274000.0,267351.6029645315
320000.0,291475.01516683516
470000.0,286147.98560700874
528000.0,583628.8659793815
650000.0,1408402.7777777778
369900.0,291475.01516683516
29900.0,200936.93244246475
1399000.0,626833.0266666666
450000.0,291475.01516683516
365000.0,200936.93244246475
350000.0,267351.6029645315
95000.0,200936.93244246475
210000.0,200936.93244246475
95000.0,200936.93244246475
474300.0,311228.07042253524
295000.0,365093.23529411765
372000.0,267351.6029645315
315000.0,497401.9864364982
215000.0,200936.93244246475
242000.0,200936.93244246475
700000.0,286147.98560700874
290000.0,403803.02116402116
120000.0,200936.93244246475
495000.0,626833.0266666666
175000.0,267351.6029645315
817100.0,753897.339055794
375000.0,200936.93244246475
410000.0,286147.98560700874
265000.0,286147.98560700874
297000.0,286147.98560700874
760000.0,626833.0266666666
590000.0,733778.9817444219
1600000.0,733778.9817444219
730000.0,733778.9817444219
140000.0,286147.98560700874
560000.0,365093.23529411765
550000.0,357118.4210526316
80000.0,200936.93244246475
307230.0,403101.6424242424
448200.0,342982.94088669954
1104450.0,1786363.6363636365
739500.0,365093.23529411765
210000.0,200936.93244246475
362000.0,342982.94088669954
269000.0,200936.93244246475
200000.0,200936.93244246475
182500.0,267351.6029645315
200000.0,267351.6029645315
130000.0,200936.93244246475
1350000.0,1249133.8392857143
585000.0,403803.02116402116
675000.0,418946.89830508473
250000.0,291475.01516683516
725000.0,583628.8659793815
560000.0,200936.93244246475
252500.0,286147.98560700874
1400000.0,516944.9917877448
179000.0,200936.93244246475
330000.0,365093.23529411765
279800.0,738258.6346153846
90000.0,200936.93244246475
158500.0,291475.01516683516
168000.0,365093.23529411765
549000.0,403101.6424242424
645000.0,286147.98560700874
302500.0,291475.01516683516
200000.0,200936.93244246475
237500.0,365093.23529411765
749500.0,718740.6677018633
800000.0,516944.9917877448
599000.0,516944.9917877448
495000.0,798450.7593880389
480000.0,398676.9759450172
189000.0,291475.01516683516
385000.0,562735.2483221476
345000.0,525149.3953488372
174500.0,342982.94088669954
2900000.0,733778.9817444219
395000.0,286147.98560700874
159000.0,267351.6029645315
55000.0,286147.98560700874
2500000.0,798450.7593880389
199500.0,200936.93244246475
269000.0,286147.98560700874
219000.0,301593.97575757577
2800000.0,798450.7593880389
500000.0,516944.9917877448
325000.0,365093.23529411765
480000.0,497401.9864364982
249900.0,267351.6029645315
470000.0,516944.9917877448
247000.0,516944.9917877448
71472.0,365093.23529411765
632500.0,684041.4696969697
96100.0,365093.23529411765
600000.0,570352.2276785715
199000.0,291475.01516683516
810000.0,523130.54054054053
460000.0,497401.9864364982
230000.0,200936.93244246475
235000.0,365093.23529411765
510000.0,733778.9817444219
1350000.0,1165000.0
550000.0,365093.23529411765
280000.0,267351.6029645315
550000.0,418946.89830508473
15000.0,286147.98560700874
280000.0,200936.93244246475
328000.0,365093.23529411765
43500.0,365093.23529411765
2500000.0,1524177.8839779005
280000.0,365093.23529411765
79950.0,286147.98560700874
500000.0,286147.98560700874
419000.0,286147.98560700874
310000.0,286147.98560700874
215000.0,286147.98560700874
157500.0,267351.6029645315
185000.0,200936.93244246475
37500.0,200936.93244246475
549000.0,286147.98560700874
495000.0,798450.7593880389
160000.0,200936.93244246475
149900.0,200936.93244246475
405000.0,286147.98560700874
370000.0,342982.94088669954
308000.0,286147.98560700874
460000.0,562735.2483221476
550000.0,365093.23529411765
975000.0,575612.015625
209000.0,200936.93244246475
760000.0,516944.9917877448
42500.0,365093.23529411765
235000.0,365093.23529411765
925000.0,995000.0
440000.0,267351.6029645315
565000.0,497401.9864364982
495000.0,570352.2276785715
185000.0,403803.02116402116
395000.0,286147.98560700874
349000.0,798450.7593880389
295000.0,200936.93244246475
475400.0,286147.98560700874
450000.0,753897.339055794
690000.0,938076.5765765766
425000.0,286147.98560700874
360000.0,200936.93244246475
140000.0,200936.93244246475
160000.0,365093.23529411765
525000.0,403101.6424242424
650000.0,511658.53658536583
185000.0,291475.01516683516
69500.0,286147.98560700874
420000.0,1181733.8366197185
360000.0,365093.23529411765
180000.0,200936.93244246475
480000.0,798450.7593880389
239000.0,412938.3522727273
109530.0,365093.23529411765
281000.0,200936.93244246475
169000.0,200936.93244246475
480000.0,365093.23529411765
370000.0,200936.93244246475
243000.0,200936.93244246475
295000.0,291475.01516683516
349000.0,497401.9864364982
1380000.0,753897.339055794
390000.0,286147.98560700874
370000.0,516944.9917877448
150000.0,365093.23529411765
275000.0,286147.98560700874
1350000.0,516944.9917877448
365000.0,342982.94088669954
418700.0,403101.6424242424
660000.0,562735.2483221476
240000.0,403101.6424242424
480000.0,798450.7593880389
1250000.0,516944.9917877448
202000.0,342982.94088669954
1146000.0,795787.4549549549
175000.0,200936.93244246475
179900.0,291475.01516683516
375000.0,286147.98560700874
440000.0,516944.9917877448
795000.0,718740.6677018633
605000.0,617582.8846153846
400000.0,342982.94088669954
315000.0,286147.98560700874
632000.0,1484444.4444444445
370000.0,365093.23529411765
565000.0,412938.3522727273
150000.0,200936.93244246475
388000.0,342982.94088669954
2300000.0,2862967.4025974027
375000.0,365093.23529411765
245000.0,342982.94088669954
265000.0,286147.98560700874
179000.0,200936.93244246475
165000.0,200936.93244246475
165000.0,267351.6029645315
367864.0,594296.147826087
299250.0,286147.98560700874
87000.0,200936.93244246475
300000.0,718740.6677018633
350000.0,398676.9759450172
240000.0,342982.94088669954
169000.0,365093.23529411765
375000.0,753897.339055794
70000.0,200936.93244246475
625000.0,365093.23529411765
180000.0,200936.93244246475
265900.0,267351.6029645315
375000.0,200936.93244246475
525000.0,365093.23529411765
490000.0,286147.98560700874
195000.0,286147.98560700874
325000.0,403803.02116402116
339675.0,286147.98560700874
605000.0,733778.9817444219
650000.0,516944.9917877448
745000.0,733778.9817444219
385000.0,403101.6424242424
749900.0,1408402.7777777778
170000.0,365093.23529411765
1625000.0,798450.7593880389
378000.0,342982.94088669954
259900.0,286147.98560700874
195000.0,200936.93244246475
383460.0,594296.147826087
175000.0,208327.08396946566
252500.0,200936.93244246475
299900.0,286147.98560700874
200000.0,267351.6029645315
187000.0,398676.9759450172
360000.0,357118.4210526316
425000.0,412938.3522727273
595000.0,286147.98560700874
499000.0,798450.7593880389
3300000.0,516944.9917877448
198000.0,200936.93244246475
139999.0,286147.98560700874
25000.0,200936.93244246475
375000.0,398676.9759450172
400000.0,365093.23529411765
37500.0,200936.93244246475
280000.0,200936.93244246475
485000.0,403101.6424242424
185000.0,267351.6029645315
229900.0,286147.98560700874
325000.0,286147.98560700874
785000.0,795787.4549549549
235000.0,357118.4210526316
395000.0,286147.98560700874
500000.0,454090.62152777775
188500.0,267351.6029645315
350000.0,511658.53658536583
775000.0,365093.23529411765
15000.0,200936.93244246475
315000.0,403101.6424242424
750000.0,497401.9864364982
447500.0,286147.98560700874
172000.0,267351.6029645315
168000.0,200936.93244246475
212000.0,200936.93244246475
166000.0,200936.93244246475
890000.0,365093.23529411765
153990.0,200936.93244246475
520000.0,412938.3522727273
417500.0,403101.6424242424
193000.0,200936.93244246475
506280.0,286147.98560700874
780000.0,733778.9817444219
1300000.0,798450.7593880389
279900.0,259954.54545454544
220000.0,267351.6029645315
399000.0,497401.9864364982
154900.0,291475.01516683516
395000.0,523130.54054054053
78780.0,516944.9917877448
635000.0,403101.6424242424
269500.0,208327.08396946566
210000.0,365093.23529411765
345000.0,365093.23529411765
425000.0,365093.23529411765
429900.0,523130.54054054053
185000.0,200936.93244246475
358000.0,403101.6424242424
180000.0,200936.93244246475
167000.0,357118.4210526316
171000.0,200936.93244246475
155000.0,267351.6029645315
539000.0,516944.9917877448
139900.0,267351.6029645315
330000.0,403101.6424242424
200000.0,301593.97575757577
29500.0,200936.93244246475
350000.0,291475.01516683516
998000.0,1649191.9960000003
480000.0,286147.98560700874
370000.0,342982.94088669954
352775.0,403803.02116402116
565000.0,301593.97575757577
38000.0,286147.98560700874
147500.0,200936.93244246475
350000.0,454090.62152777775
390000.0,200936.93244246475
1500000.0,516944.9917877448
359000.0,286147.98560700874
250000.0,267351.6029645315
240000.0,357118.4210526316
450000.0,412938.3522727273
227500.0,200936.93244246475
1900000.0,1656000.0
240000.0,200936.93244246475
120000.0,286147.98560700874
518000.0,267351.6029645315
235000.0,200936.93244246475
295000.0,403101.6424242424
305000.0,516944.9917877448
1700000.0,938076.5765765766
185500.0,200936.93244246475
149000.0,200936.93244246475
310000.0,267351.6029645315
820000.0,1265740.49122807
340000.0,403803.02116402116
795000.0,718740.6677018633
85000.0,200936.93244246475
280000.0,403803.02116402116
325000.0,291475.01516683516
575000.0,418946.89830508473
600000.0,286147.98560700874
420000.0,718740.6677018633
250000.0,200936.93244246475
335000.0,200936.93244246475
330000.0,200936.93244246475
835000.0,1649191.9960000003
380000.0,1612232.7894736843
260000.0,395913.0081300813
205000.0,342982.94088669954
70000.0,200936.93244246475
895000.0,1181733.8366197185
110000.0,516944.9917877448
53000.0,286147.98560700874
92000.0,200936.93244246475
695000.0,497401.9864364982
352000.0,562735.2483221476
70000.0,365093.23529411765
380000.0,267351.6029645315
700000.0,516944.9917877448
385000.0,403101.6424242424
350000.0,267351.6029645315
325000.0,403101.6424242424
289380.0,267351.6029645315
398500.0,365093.23529411765
215000.0,286147.98560700874
295000.0,200936.93244246475
197500.0,267351.6029645315
330000.0,200936.93244246475
496500.0,798450.7593880389
2300000.0,1612232.7894736843
341000.0,342982.94088669954
36000.0,365093.23529411765
220000.0,286147.98560700874
210000.0,200936.93244246475
265000.0,365093.23529411765
445000.0,497906.2417582418
500640.0,286147.98560700874
850000.0,785353.2034632035
17500.0,200936.93244246475
735000.0,738258.6346153846
240000.0,286147.98560700874
260000.0,286147.98560700874
325000.0,404260.5263157895
530000.0,516944.9917877448
792000.0,575612.015625
580000.0,617582.8846153846
265000.0,286147.98560700874
549000.0,626833.0266666666
395900.0,403803.02116402116
730000.0,610345.205479452
700000.0,511658.53658536583
258000.0,516944.9917877448
295000.0,365093.23529411765
159000.0,200936.93244246475
335000.0,342982.94088669954
350000.0,395913.0081300813
375000.0,516944.9917877448
150000.0,200936.93244246475
596000.0,395913.0081300813
335000.0,342982.94088669954
410000.0,398676.9759450172
145000.0,200936.93244246475
325000.0,291475.01516683516
249000.0,365093.23529411765
130000.0,365093.23529411765
255000.0,511658.53658536583
350000.0,365093.23529411765
340147.0,497401.9864364982
189000.0,291475.01516683516
820000.0,714538.4615384615
675000.0,714538.4615384615
385000.0,785353.2034632035
245000.0,403803.02116402116
340000.0,365093.23529411765
195000.0,200936.93244246475
120000.0,200936.93244246475
277000.0,412938.3522727273
75000.0,365093.23529411765
295900.0,267351.6029645315
529000.0,684041.4696969697
230000.0,267351.6029645315
780000.0,753897.339055794
98000.0,798450.7593880389
135000.0,200936.93244246475
250000.0,267351.6029645315
530000.0,733778.9817444219
212000.0,365093.23529411765
350000.0,365093.23529411765
635000.0,921057.9831932773
225000.0,365093.23529411765
52000.0,798450.7593880389
395000.0,622540.0
450000.0,511658.53658536583
515000.0,733778.9817444219
270000.0,286147.98560700874
895000.0,1155493.4428571428
450000.0,718740.6677018633
350000.0,610345.205479452
200000.0,267351.6029645315
90000.0,200936.93244246475
770000.0,798450.7593880389
50000.0,200936.93244246475
420000.0,753897.339055794
315000.0,497401.9864364982
219900.0,267351.6029645315
250000.0,200936.93244246475
157000.0,200936.93244246475
335000.0,403101.6424242424
314900.0,286147.98560700874
449000.0,497906.2417582418
810000.0,738258.6346153846
135000.0,291475.01516683516
260000.0,342982.94088669954
385000.0,200936.93244246475
244160.0,267351.6029645315
535000.0,753897.339055794
675000.0,454090.62152777775
575000.0,516944.9917877448
895000.0,718740.6677018633
38000.0,286147.98560700874
345000.0,412938.3522727273
235000.0,365093.23529411765
132500.0,798450.7593880389
350000.0,365093.23529411765
180000.0,286147.98560700874
286000.0,286147.98560700874
180000.0,208327.08396946566
182000.0,200936.93244246475
429900.0,738258.6346153846
385000.0,311228.07042253524
195000.0,358226.3082706767
305000.0,575612.015625
508800.0,342982.94088669954
315000.0,860918.0
250000.0,200936.93244246475
575000.0,454090.62152777775
430000.0,412938.3522727273
440000.0,357118.4210526316
545000.0,583628.8659793815
371000.0,365093.23529411765
320000.0,286147.98560700874
350000.0,525149.3953488372
480000.0,622540.0
425000.0,733778.9817444219
398000.0,311228.07042253524
235000.0,286147.98560700874
486000.0,412938.3522727273
155000.0,358226.3082706767
90000.0,286147.98560700874
220000.0,200936.93244246475
350000.0,286147.98560700874
460000.0,562735.2483221476
175500.0,291475.01516683516
305000.0,733778.9817444219
600000.0,921057.9831932773
365000.0,365093.23529411765
186000.0,342982.94088669954
275000.0,267351.6029645315
1200000.0,1181733.8366197185
1538000.0,718740.6677018633
116700.0,200936.93244246475
1300000.0,1408402.7777777778
335000.0,291475.01516683516
414434.0,418946.89830508473
215000.0,200936.93244246475
650000.0,1408402.7777777778
550000.0,454090.62152777775
335000.0,286147.98560700874
240000.0,798450.7593880389
600000.0,403803.02116402116
507688.0,342982.94088669954
1780000.0,2862967.4025974027
320000.0,365093.23529411765
850000.0,733778.9817444219
399000.0,365093.23529411765
290000.0,286147.98560700874
155000.0,301593.97575757577
220000.0,267351.6029645315
480000.0,516944.9917877448
1890000.0,1649191.9960000003
255000.0,267351.6029645315
630000.0,497401.9864364982
110000.0,365093.23529411765
348000.0,286147.98560700874
422000.0,365093.23529411765
480000.0,412938.3522727273
398000.0,412938.3522727273
400680.0,342982.94088669954
184000.0,286147.98560700874
27000.0,200936.93244246475
780000.0,286147.98560700874
1350000.0,516944.9917877448
404280.0,286147.98560700874
235000.0,403803.02116402116
250000.0,286147.98560700874
145000.0,200936.93244246475
379000.0,286147.98560700874
480000.0,1524177.8839779005
37000.0,200936.93244246475
260000.0,200936.93244246475
385000.0,200936.93244246475
710000.0,594296.147826087
157000.0,286147.98560700874
750000.0,1265740.49122807
570000.0,733778.9817444219
399000.0,714538.4615384615
520000.0,497401.9864364982
490000.0,454090.62152777775
500000.0,798450.7593880389
189000.0,497401.9864364982
158500.0,200936.93244246475
270000.0,286147.98560700874
44000.0,200936.93244246475
396700.0,267351.6029645315
269900.0,291475.01516683516
537000.0,516944.9917877448
30000.0,286147.98560700874
442500.0,516944.9917877448
169990.0,200936.93244246475
75000.0,286147.98560700874
640000.0,375421.73913043475
330000.0,342982.94088669954
399900.0,398676.9759450172
325800.0,497401.9864364982
1150000.0,795787.4549549549
350000.0,365093.23529411765
819000.0,2862967.4025974027
40000.0,200936.93244246475
980000.0,1181733.8366197185
615000.0,718740.6677018633
778000.0,570352.2276785715
188500.0,200936.93244246475
209000.0,200936.93244246475
179500.0,497401.9864364982
30000.0,286147.98560700874
540000.0,497401.9864364982
725000.0,733778.9817444219
260000.0,301593.97575757577
320000.0,365093.23529411765
140000.0,200936.93244246475
138500.0,291475.01516683516
789000.0,516944.9917877448
595000.0,718740.6677018633
242500.0,342982.94088669954
199750.0,200936.93244246475
155000.0,200936.93244246475
269000.0,291475.01516683516
840000.0,1524177.8839779005
325000.0,497401.9864364982
611000.0,570352.2276785715
160000.0,200936.93244246475
480000.0,516944.9917877448
350000.0,365093.23529411765
285000.0,311228.07042253524
519000.0,516944.9917877448
797500.0,921057.9831932773
610000.0,570352.2276785715
220000.0,200936.93244246475
650000.0,286147.98560700874
143900.0,267351.6029645315
190000.0,286147.98560700874
164000.0,798450.7593880389
394000.0,798450.7593880389
1200000.0,1075327.7441860465
278000.0,342982.94088669954
2400000.0,2273214.285714286
435000.0,200936.93244246475
75000.0,200936.93244246475
460000.0,403803.02116402116
1090000.0,1181733.8366197185
55000.0,200936.93244246475
108000.0,286147.98560700874
655000.0,938076.5765765766
320000.0,497401.9864364982
265000.0,365093.23529411765
1207115.0,718740.6677018633
245000.0,291475.01516683516
330000.0,286147.98560700874
300000.0,365093.23529411765
40000.0,365093.23529411765
530000.0,311228.07042253524
171000.0,267351.6029645315
45000.0,200936.93244246475
265000.0,516944.9917877448
195000.0,403101.6424242424
190000.0,286147.98560700874
575000.0,626833.0266666666
195000.0,286147.98560700874
450000.0,412938.3522727273
395000.0,342982.94088669954
340000.0,684041.4696969697
195000.0,200936.93244246475
288000.0,200936.93244246475
149000.0,200936.93244246475
230000.0,200936.93244246475
990000.0,921057.9831932773
297000.0,365093.23529411765
650000.0,1408402.7777777778
199900.0,286147.98560700874
750000.0,583628.8659793815
350000.0,516944.9917877448
550000.0,753897.339055794
449000.0,516944.9917877448
400000.0,365093.23529411765
145000.0,286147.98560700874
410000.0,523130.54054054053
179000.0,200936.93244246475
384800.0,286147.98560700874
595000.0,733778.9817444219
225000.0,286147.98560700874
495000.0,733778.9817444219
216000.0,286147.98560700874
585000.0,738258.6346153846
595000.0,403101.6424242424
170000.0,291475.01516683516
528000.0,412938.3522727273
245000.0,286147.98560700874
825000.0,516944.9917877448
680000.0,562735.2483221476
134900.0,291475.01516683516
155000.0,342982.94088669954
129500.0,200936.93244246475
140000.0,200936.93244246475
180000.0,200936.93244246475
159000.0,200936.93244246475
660000.0,738258.6346153846
240000.0,286147.98560700874
262000.0,200936.93244246475
76000.0,365093.23529411765
170000.0,200936.93244246475
825000.0,516944.9917877448
1390000.0,2430432.5064935065
425000.0,511658.53658536583
790000.0,798450.7593880389
1500000.0,798450.7593880389
750000.0,365093.23529411765
438500.0,718740.6677018633
230000.0,291475.01516683516
235000.0,286147.98560700874
339900.0,311228.07042253524
399500.0,286147.98560700874
649900.0,575612.015625
350000.0,286147.98560700874
73000.0,516944.9917877448
540000.0,497401.9864364982
160000.0,267351.6029645315
73000.0,200936.93244246475
290000.0,403101.6424242424
520000.0,454090.62152777775
390000.0,497401.9864364982
390000.0,200936.93244246475
185000.0,291475.01516683516
180000.0,286147.98560700874
360000.0,412938.3522727273
160000.0,798450.7593880389
165000.0,365093.23529411765
245000.0,575612.015625
165000.0,200936.93244246475
220000.0,286147.98560700874
340000.0,291475.01516683516
159900.0,291475.01516683516
326550.0,286147.98560700874
495000.0,744449.0
249000.0,403101.6424242424
860000.0,714538.4615384615
225000.0,267351.6029645315
145000.0,200936.93244246475
795000.0,785353.2034632035
380025.0,267351.6029645315
177500.0,286147.98560700874
320000.0,286147.98560700874
96000.0,200936.93244246475
340000.0,516944.9917877448
290000.0,291475.01516683516
920000.0,617582.8846153846
55000.0,286147.98560700874
590000.0,610345.205479452
419000.0,267351.6029645315
350000.0,267351.6029645315
550000.0,798450.7593880389
150000.0,200936.93244246475
960000.0,365093.23529411765
220000.0,200936.93244246475
699000.0,398676.9759450172
385000.0,267351.6029645315
295000.0,365093.23529411765
195000.0,497401.9864364982
235402.0,267351.6029645315
305000.0,575612.015625
650000.0,575612.015625
479990.0,718740.6677018633
315000.0,615145.5454545454
535000.0,753897.339055794
212500.0,438061.125
250000.0,365093.23529411765
259000.0,516944.9917877448
340000.0,403101.6424242424
245000.0,200936.93244246475
515000.0,365093.23529411765
690000.0,733778.9817444219
165000.0,286147.98560700874
173250.0,267351.6029645315
250000.0,342982.94088669954
795000.0,1265740.49122807
28000.0,286147.98560700874
826000.0,1155493.4428571428
450000.0,516944.9917877448
725000.0,594296.147826087
250440.0,301593.97575757577
355000.0,358226.3082706767
225000.0,511658.53658536583
445000.0,753897.339055794
260000.0,301593.97575757577
1680000.0,1649191.9960000003
165000.0,286147.98560700874
499900.0,523130.54054054053
550000.0,753897.339055794
352250.0,286147.98560700874
650000.0,626833.0266666666
1700000.0,1649191.9960000003
339990.0,286147.98560700874
1340000.0,615145.5454545454
255000.0,327328.94736842107
161500.0,267351.6029645315
267000.0,342982.94088669954
540000.0,395913.0081300813
360000.0,311228.07042253524
195000.0,200936.93244246475
310000.0,291475.01516683516
2200000.0,1649191.9960000003
650000.0,286147.98560700874
455000.0,286147.98560700874
1000000.0,1249133.8392857143
332500.0,291475.01516683516
267300.0,200936.93244246475
280000.0,497401.9864364982
155000.0,365093.23529411765
110000.0,200936.93244246475
275000.0,200936.93244246475
187500.0,291475.01516683516
275000.0,200936.93244246475
324000.0,594296.147826087
292500.0,291475.01516683516
275000.0,358226.3082706767
750000.0,523130.54054054053
67500.0,200936.93244246475
220000.0,267351.6029645315
1890000.0,1277752.808988764
248500.0,342982.94088669954
40000.0,286147.98560700874
200000.0,200936.93244246475
700000.0,365093.23529411765
18750.0,286147.98560700874
650000.0,516944.9917877448
290000.0,267351.6029645315
1575000.0,921057.9831932773
395000.0,454090.62152777775
375000.0,365093.23529411765
545000.0,497401.9864364982
480000.0,286147.98560700874
395000.0,617582.8846153846
895000.0,497401.9864364982
61150.0,200936.93244246475
226000.0,267351.6029645315
550000.0,583628.8659793815
1790000.0,1649191.9960000003
780000.0,684041.4696969697
305000.0,286147.98560700874
240000.0,286147.98560700874
370000.0,357118.4210526316
256200.0,342982.94088669954
836000.0,795787.4549549549
700000.0,516944.9917877448
695000.0,1524177.8839779005
625000.0,733778.9817444219
246400.0,200936.93244246475
180000.0,267351.6029645315
350000.0,267351.6029645315
745000.0,1155493.4428571428
425000.0,733778.9817444219
207000.0,200936.93244246475
400000.0,454090.62152777775
399000.0,398676.9759450172
850000.0,795787.4549549549
212500.0,617582.8846153846
465000.0,342982.94088669954
135000.0,365093.23529411765
420000.0,365093.23529411765
1395000.0,744449.0
220000.0,365093.23529411765
430350.0,403803.02116402116
230000.0,291475.01516683516
218500.0,626833.0266666666
460000.0,267351.6029645315
299900.0,311228.07042253524
300000.0,412938.3522727273
250000.0,357118.4210526316
210000.0,286147.98560700874
285000.0,395913.0081300813
367500.0,286147.98560700874
235000.0,365093.23529411765
175000.0,403101.6424242424
280000.0,267351.6029645315
320000.0,798450.7593880389
368835.0,267351.6029645315
200000.0,286147.98560700874
1398000.0,753897.339055794
247000.0,286147.98560700874
300000.0,365093.23529411765
265000.0,286147.98560700874
300000.0,200936.93244246475
920000.0,1649191.9960000003
360000.0,200936.93244246475
285600.0,342982.94088669954
449000.0,798450.7593880389
795000.0,733778.9817444219
890000.0,1484444.4444444445
469000.0,733778.9817444219
325000.0,412938.3522727273
831000.0,795787.4549549549
205000.0,267351.6029645315
85000.0,200936.93244246475
104000.0,291475.01516683516
466900.0,286147.98560700874
340000.0,267351.6029645315
495000.0,594296.147826087
1000000.0,795787.4549549549
750000.0,523130.54054054053
224000.0,412938.3522727273
375000.0,286147.98560700874
1450000.0,860918.0
697000.0,403101.6424242424
235000.0,286147.98560700874
185000.0,454090.62152777775
418700.0,403101.6424242424
710000.0,753897.339055794
580000.0,497401.9864364982
399900.0,342982.94088669954
479600.0,511658.53658536583
250000.0,200936.93244246475
99500.0,286147.98560700874
275000.0,358226.3082706767
478500.0,286147.98560700874
330000.0,200936.93244246475
590000.0,365093.23529411765
480000.0,1524177.8839779005
355000.0,286147.98560700874
245000.0,200936.93244246475
445000.0,403803.02116402116
340000.0,358226.3082706767
372500.0,286147.98560700874
234900.0,267351.6029645315
320000.0,289105.55555555556
47000.0,516944.9917877448
370000.0,365093.23529411765
275000.0,626833.0266666666
330000.0,200936.93244246475
960000.0,286147.98560700874
250000.0,516944.9917877448
160000.0,200936.93244246475
199000.0,286147.98560700874
425000.0,365093.23529411765
389000.0,398676.9759450172
449000.0,412938.3522727273
425000.0,286147.98560700874
235000.0,570352.2276785715
160000.0,200936.93244246475
340000.0,286147.98560700874
310000.0,454090.62152777775
335000.0,286147.98560700874
395000.0,365093.23529411765
329000.0,286147.98560700874
586000.0,365093.23529411765
320000.0,403101.6424242424
295000.0,200936.93244246475
299999.0,286147.98560700874
540000.0,403803.02116402116
330000.0,412938.3522727273
309500.0,291475.01516683516
365000.0,426764.28571428574
319500.0,718740.6677018633
450000.0,286147.98560700874
1350000.0,921057.9831932773
703000.0,398676.9759450172
650000.0,733778.9817444219
745000.0,714538.4615384615
460000.0,733778.9817444219
330000.0,291475.01516683516
376000.0,267351.6029645315
1795000.0,2862967.4025974027
150000.0,286147.98560700874
275000.0,267351.6029645315
270000.0,342982.94088669954
150000.0,200936.93244246475
1050000.0,2862967.4025974027
750000.0,718740.6677018633
340000.0,412938.3522727273
685000.0,617582.8846153846
365000.0,267351.6029645315
140000.0,286147.98560700874
1250000.0,2273214.285714286
850000.0,286147.98560700874
300000.0,200936.93244246475
1600000.0,2273214.285714286
164000.0,516944.9917877448
344500.0,570352.2276785715
390000.0,516944.9917877448
210000.0,516944.9917877448
352035.0,267351.6029645315
120000.0,200936.93244246475
310000.0,267351.6029645315
164900.0,286147.98560700874
260000.0,200936.93244246475
542000.0,562735.2483221476
790000.0,286147.98560700874
280000.0,267351.6029645315
555000.0,497401.9864364982
312000.0,291475.01516683516
480000.0,412938.3522727273
229000.0,286147.98560700874
315000.0,511658.53658536583
359000.0,286147.98560700874
150000.0,286147.98560700874
300000.0,267351.6029645315
392100.0,267351.6029645315
425000.0,286147.98560700874
34000.0,798450.7593880389
499900.0,523130.54054054053
545900.0,291475.01516683516
285000.0,200936.93244246475
45000.0,388176.4705882353
1950000.0,2021860.6333333333
950000.0,798450.7593880389
495000.0,311228.07042253524
289900.0,259954.54545454544
38000.0,200936.93244246475
325500.0,286147.98560700874
470000.0,798450.7593880389
130000.0,365093.23529411765
835000.0,795787.4549549549
285000.0,200936.93244246475
360000.0,403803.02116402116
480000.0,516944.9917877448
735000.0,516944.9917877448
360000.0,497401.9864364982
540000.0,938076.5765765766
450000.0,286147.98560700874
720000.0,516944.9917877448
205000.0,267351.6029645315
222915.0,365093.23529411765
490000.0,365093.23529411765
98000.0,200936.93244246475
450000.0,286147.98560700874
172000.0,200936.93244246475
100000.0,516944.9917877448
322000.0,403101.6424242424
27500.0,200936.93244246475
800000.0,365093.23529411765
1450000.0,785353.2034632035
2600000.0,365093.23529411765
280000.0,286147.98560700874
750000.0,516944.9917877448
70000.0,200936.93244246475
185000.0,267351.6029645315
425000.0,365093.23529411765
380000.0,412938.3522727273
390000.0,286147.98560700874
155000.0,342982.94088669954
225000.0,200936.93244246475
855930.0,291475.01516683516
380000.0,798450.7593880389
1760000.0,921057.9831932773
1420000.0,626833.0266666666
575000.0,365093.23529411765
570000.0,733778.9817444219
1450000.0,753897.339055794
245000.0,291475.01516683516
290000.0,200936.93244246475
750000.0,938076.5765765766
69900.0,200936.93244246475
425000.0,365093.23529411765
615000.0,617582.8846153846
169900.0,267351.6029645315
360000.0,412938.3522727273
359000.0,286147.98560700874
535000.0,365093.23529411765
389000.0,365093.23529411765
1350000.0,1649191.9960000003
530000.0,610345.205479452
660000.0,1202825.0
565000.0,1524177.8839779005
320000.0,267351.6029645315
1995000.0,1277752.808988764
289500.0,497401.9864364982
500000.0,594296.147826087
350000.0,733778.9817444219
395000.0,398676.9759450172
390000.0,200936.93244246475
1081200.0,938076.5765765766
434000.0,200936.93244246475
27000.0,200936.93244246475
249000.0,404260.5263157895
250000.0,286147.98560700874
850000.0,575612.015625
395000.0,714538.4615384615
699999.0,562735.2483221476
773000.0,570352.2276785715
45000.0,200936.93244246475
570000.0,516944.9917877448
167000.0,398676.9759450172
650000.0,594296.147826087
495000.0,365093.23529411765
310000.0,286147.98560700874
780000.0,412938.3522727273
90000.0,200936.93244246475
265000.0,357118.4210526316
930000.0,365093.23529411765
360000.0,365093.23529411765
260000.0,200936.93244246475
96000.0,200936.93244246475
153990.0,200936.93244246475
189000.0,200936.93244246475
430000.0,365093.23529411765
315000.0,365093.23529411765
398000.0,2862967.4025974027
385000.0,365093.23529411765
470120.0,286147.98560700874
487500.0,342982.94088669954
1425000.0,1324280.487804878
490000.0,342982.94088669954
260000.0,267351.6029645315
130000.0,200936.93244246475
127500.0,365093.23529411765
295000.0,200936.93244246475
1250000.0,617582.8846153846
349900.0,365093.23529411765
420000.0,267351.6029645315
438952.0,286147.98560700874
415000.0,626833.0266666666
250000.0,267351.6029645315
383000.0,200936.93244246475
85000.0,200936.93244246475
350000.0,365093.23529411765
199000.0,200936.93244246475
320000.0,365093.23529411765
170000.0,200936.93244246475
535000.0,358226.3082706767
190000.0,286147.98560700874
480000.0,454090.62152777775
240000.0,200936.93244246475
245000.0,200936.93244246475
350000.0,511658.53658536583
130000.0,516944.9917877448
400000.0,365093.23529411765
406095.0,497401.9864364982
441000.0,403101.6424242424
395000.0,562735.2483221476
750000.0,785353.2034632035
585000.0,610345.205479452
185000.0,286147.98560700874
325000.0,365093.23529411765
235000.0,286147.98560700874
450000.0,626833.0266666666
360000.0,365093.23529411765
320000.0,289105.55555555556
292700.0,267351.6029645315
390000.0,267351.6029645315
530000.0,357118.4210526316
430000.0,200936.93244246475
245500.0,200936.93244246475
189000.0,267351.6029645315
925000.0,995000.0
520000.0,562735.2483221476
225000.0,291475.01516683516
420000.0,733778.9817444219
49900.0,200936.93244246475
620000.0,714538.4615384615
350000.0,454090.62152777775
28000.0,516944.9917877448
230000.0,200936.93244246475
425200.0,403803.02116402116
350000.0,291475.01516683516
330000.0,365093.23529411765
157500.0,200936.93244246475
530000.0,718740.6677018633
199500.0,208327.08396946566
340000.0,311228.07042253524
340000.0,626833.0266666666
299000.0,365093.23529411765
224000.0,365093.23529411765
47950.0,200936.93244246475
402000.0,200936.93244246475
745000.0,365093.23529411765
805000.0,497401.9864364982
300000.0,286147.98560700874
246900.0,375421.73913043475
1000000.0,733778.9817444219
385000.0,286147.98560700874
850000.0,286147.98560700874
395000.0,516944.9917877448
224000.0,570352.2276785715
435000.0,594296.147826087
139999.0,291475.01516683516
700000.0,398676.9759450172
1500000.0,516944.9917877448
239184.0,267351.6029645315
138000.0,365093.23529411765
650000.0,1324280.487804878
369000.0,562735.2483221476
300000.0,200936.93244246475
1275000.0,594296.147826087
385000.0,418946.89830508473
50000.0,286147.98560700874
240000.0,291475.01516683516
33000.0,516944.9917877448
345000.0,539732.6481481482
625000.0,497401.9864364982
95000.0,365093.23529411765
524223.0,342982.94088669954
350000.0,403101.6424242424
470000.0,357118.4210526316
175000.0,342982.94088669954
110000.0,286147.98560700874
209700.0,921057.9831932773
415000.0,516944.9917877448
540000.0,403803.02116402116
420000.0,938076.5765765766
230000.0,200936.93244246475
960000.0,516944.9917877448
390000.0,511658.53658536583
650000.0,497401.9864364982
40000.0,200936.93244246475
215900.0,267351.6029645315
980000.0,995000.0
255000.0,200936.93244246475
470120.0,286147.98560700874
125000.0,286147.98560700874
1190000.0,1649191.9960000003
555000.0,511658.53658536583
440000.0,516944.9917877448
399900.0,311228.07042253524
290900.0,267351.6029645315
190000.0,365093.23529411765
300000.0,200936.93244246475
500000.0,516944.9917877448
1200000.0,200936.93244246475
274500.0,286147.98560700874
330000.0,286147.98560700874
590000.0,516944.9917877448
239500.0,365093.23529411765
495000.0,200936.93244246475
660000.0,497401.9864364982
1195000.0,1408402.7777777778
185000.0,286147.98560700874
485000.0,1408402.7777777778
300000.0,516944.9917877448
1114500.0,718740.6677018633
379000.0,516944.9917877448
295000.0,311228.07042253524
240000.0,267351.6029645315
1450000.0,516944.9917877448
245000.0,403101.6424242424
190000.0,286147.98560700874
650000.0,497401.9864364982
400000.0,403101.6424242424
294500.0,286147.98560700874
500000.0,454090.62152777775
700000.0,516944.9917877448
130000.0,365093.23529411765
158000.0,200936.93244246475
45000.0,286147.98560700874
330000.0,365093.23529411765
1390000.0,1075327.7441860465
268000.0,365093.23529411765
586000.0,921057.9831932773
155000.0,200936.93244246475
247000.0,267351.6029645315
65000.0,365093.23529411765
119000.0,365093.23529411765
425000.0,286147.98560700874
680000.0,718740.6677018633
237500.0,523130.54054054053
190000.0,200936.93244246475
555000.0,497401.9864364982
75000.0,200936.93244246475
255000.0,200936.93244246475
210000.0,365093.23529411765
287000.0,365093.23529411765
675000.0,1181733.8366197185
350000.0,286147.98560700874
380000.0,403101.6424242424
190000.0,200936.93244246475
349900.0,357118.4210526316
750000.0,738258.6346153846
30000.0,200936.93244246475
229000.0,286147.98560700874
12500.0,200936.93244246475
249000.0,286147.98560700874
35500.0,200936.93244246475
1000000.0,516944.9917877448
350000.0,200936.93244246475
349000.0,365093.23529411765
85000.0,286147.98560700874
297500.0,511658.53658536583
460000.0,403803.02116402116
475000.0,342982.94088669954
605000.0,525149.3953488372
150000.0,200936.93244246475
330000.0,200936.93244246475
185000.0,342982.94088669954
285000.0,365093.23529411765
510000.0,454090.62152777775
780000.0,738258.6346153846
590000.0,497401.9864364982
33500.0,200936.93244246475
337500.0,798450.7593880389
179990.0,200936.93244246475
400680.0,342982.94088669954
313200.0,342982.94088669954
990000.0,1265740.49122807
520000.0,511658.53658536583
325000.0,365093.23529411765
390000.0,259954.54545454544
1500000.0,1181733.8366197185
461000.0,403803.02116402116
485000.0,342982.94088669954
375000.0,286147.98560700874
185000.0,365093.23529411765
248500.0,200936.93244246475
546900.0,342982.94088669954
660000.0,733778.9817444219
215000.0,365093.23529411765
122000.0,200936.93244246475
304500.0,403101.6424242424
375000.0,403803.02116402116
360000.0,267351.6029645315
445000.0,626833.0266666666
398800.0,286147.98560700874
400000.0,733778.9817444219
245000.0,200936.93244246475
200000.0,398676.9759450172
633000.0,744449.0
2190000.0,2021860.6333333333
129000.0,200936.93244246475
249000.0,286147.98560700874
890000.0,798450.7593880389
369000.0,398676.9759450172
434600.0,403101.6424242424
85000.0,286147.98560700874
335000.0,403101.6424242424
750000.0,733778.9817444219
276000.0,404260.5263157895
210000.0,200936.93244246475
250000.0,286147.98560700874
650000.0,365093.23529411765
950000.0,562735.2483221476
280000.0,286147.98560700874
300000.0,511658.53658536583
911000.0,718740.6677018633
377000.0,311228.07042253524
325000.0,516944.9917877448
70000.0,200936.93244246475
395000.0,301593.97575757577
750000.0,511658.53658536583
995000.0,714538.4615384615
370185.0,267351.6029645315
17000.0,200936.93244246475
290000.0,516944.9917877448
29900.0,286147.98560700874
45000.0,200936.93244246475
199800.0,358226.3082706767
285000.0,497401.9864364982
326850.0,267351.6029645315
545000.0,497401.9864364982
1100000.0,753897.339055794
820000.0,523130.54054054053
175000.0,286147.98560700874
640000.0,575612.015625
2025000.0,2430432.5064935065
586000.0,342982.94088669954
283000.0,291475.01516683516
252500.0,200936.93244246475
899200.0,753897.339055794
2225000.0,2021860.6333333333
495000.0,744449.0
399000.0,438061.125
475000.0,570352.2276785715
650000.0,342982.94088669954
320000.0,365093.23529411765
377400.0,516944.9917877448
175000.0,208327.08396946566
515000.0,733778.9817444219
135000.0,200936.93244246475
870000.0,516944.9917877448
165000.0,200936.93244246475
35000.0,286147.98560700874
360000.0,267351.6029645315
480000.0,795787.4549549549
260000.0,200936.93244246475
320000.0,291475.01516683516
410000.0,1100893.119266055
320000.0,395913.0081300813
350000.0,286147.98560700874
385000.0,516944.9917877448
226500.0,516944.9917877448
410000.0,291475.01516683516
297000.0,286147.98560700874
255000.0,200936.93244246475
2798036.0,1075327.7441860465
739000.0,601142.8571428572
180000.0,398676.9759450172
342000.0,523130.54054054053
279500.0,267351.6029645315
226500.0,798450.7593880389
367500.0,403803.02116402116
380000.0,516944.9917877448
890000.0,1524177.8839779005
259500.0,200936.93244246475
225000.0,291475.01516683516
340000.0,342982.94088669954
270000.0,267351.6029645315
159900.0,200936.93244246475
37000.0,200936.93244246475
662356.0,497401.9864364982
275000.0,365093.23529411765
1245000.0,718740.6677018633
525000.0,286147.98560700874
230000.0,365093.23529411765
240000.0,365093.23529411765
1200000.0,516944.9917877448
495000.0,200936.93244246475
169500.0,291475.01516683516
1500000.0,798450.7593880389
500000.0,516944.9917877448
160000.0,200936.93244246475
280000.0,200936.93244246475
200000.0,200936.93244246475
440000.0,286147.98560700874
182500.0,358226.3082706767
2400000.0,2273214.285714286
122500.0,516944.9917877448
369900.0,365093.23529411765
486000.0,412938.3522727273
490000.0,403101.6424242424
135000.0,291475.01516683516
790000.0,795787.4549549549
179000.0,516944.9917877448
280000.0,286147.98560700874
37000.0,365093.23529411765
480000.0,403803.02116402116
175000.0,286147.98560700874
180000.0,200936.93244246475
40000.0,286147.98560700874
1250000.0,1075327.7441860465
195900.0,200936.93244246475
193000.0,342982.94088669954
415000.0,286147.98560700874
450000.0,523130.54054054053
315000.0,200936.93244246475
159500.0,200936.93244246475
241500.0,267351.6029645315
720000.0,1181733.8366197185
264000.0,718740.6677018633
600000.0,286147.98560700874
255000.0,200936.93244246475
450000.0,267351.6029645315
1500000.0,1100893.119266055
585270.0,785353.2034632035
348000.0,357118.4210526316
350000.0,516944.9917877448
199000.0,516944.9917877448
430000.0,286147.98560700874
295000.0,594296.147826087
175000.0,286147.98560700874
310000.0,267351.6029645315
260000.0,286147.98560700874
140000.0,365093.23529411765
160000.0,200936.93244246475
149000.0,200936.93244246475
819000.0,733778.9817444219
60000.0,286147.98560700874
830000.0,286147.98560700874
440000.0,497401.9864364982
178000.0,301593.97575757577
490000.0,365093.23529411765
460000.0,938076.5765765766
480000.0,365093.23529411765
229000.0,403101.6424242424
480000.0,412938.3522727273
150000.0,357118.4210526316
229000.0,200936.93244246475
230000.0,267351.6029645315
385000.0,286147.98560700874
372000.0,267351.6029645315
695000.0,497401.9864364982
185000.0,208327.08396946566
265000.0,516944.9917877448
350000.0,454090.62152777775
399000.0,516944.9917877448
138000.0,286147.98560700874
185000.0,398676.9759450172
445000.0,365093.23529411765
199900.0,200936.93244246475
395000.0,291475.01516683516
250000.0,798450.7593880389
908250.0,365093.23529411765
225000.0,200936.93244246475
350000.0,365093.23529411765
340000.0,365093.23529411765
945000.0,1277752.808988764
235000.0,200936.93244246475
297500.0,286147.98560700874
349900.0,311228.07042253524
400000.0,497401.9864364982
309500.0,291475.01516683516
576030.0,403803.02116402116
260000.0,286147.98560700874
420000.0,795787.4549549549
521856.0,342982.94088669954
250000.0,267351.6029645315
620000.0,733778.9817444219
1400000.0,610345.205479452
695000.0,438061.125
850000.0,516944.9917877448
45000.0,200936.93244246475
450000.0,615145.5454545454
226800.0,267351.6029645315
330000.0,403803.02116402116
95000.0,286147.98560700874
1500000.0,798450.7593880389
42000.0,286147.98560700874
975000.0,497401.9864364982
155000.0,200936.93244246475
295000.0,523130.54054054053
32000.0,200936.93244246475
145000.0,286147.98560700874
100000.0,200936.93244246475
425000.0,516944.9917877448
1950000.0,562735.2483221476
698000.0,626833.0266666666
880000.0,738258.6346153846
460000.0,412938.3522727273
325000.0,412938.3522727273
320000.0,286147.98560700874
159000.0,358226.3082706767
304000.0,365093.23529411765
963000.0,4016666.6666666665
320000.0,365093.23529411765
495000.0,570352.2276785715
379500.0,365093.23529411765
1500000.0,798450.7593880389
2500000.0,1524177.8839779005
200000.0,286147.98560700874
259900.0,200936.93244246475
275000.0,200936.93244246475
1000000.0,525149.3953488372
91700.0,286147.98560700874
305000.0,497401.9864364982
1785000.0,1649191.9960000003
650000.0,365093.23529411765
290000.0,516944.9917877448
615000.0,733778.9817444219
660000.0,1277752.808988764
690000.0,365093.23529411765
395000.0,365093.23529411765
270000.0,738258.6346153846
650000.0,365093.23529411765
425000.0,267351.6029645315
510000.0,516944.9917877448
87500.0,200936.93244246475
40000.0,365093.23529411765
369900.0,365093.23529411765
380000.0,200936.93244246475
16150.0,200936.93244246475
2554794.0,1736641.0909090908
211000.0,267351.6029645315
490000.0,357118.4210526316
300000.0,291475.01516683516
545000.0,497401.9864364982
157500.0,311228.07042253524
675000.0,291475.01516683516
380000.0,714538.4615384615
450000.0,562735.2483221476
342149.0,497401.9864364982
216990.0,200936.93244246475
315000.0,200936.93244246475
135000.0,286147.98560700874
373000.0,718740.6677018633
598000.0,785353.2034632035
220000.0,395913.0081300813
380000.0,365093.23529411765
153000.0,200936.93244246475
399000.0,365093.23529411765
945000.0,1524177.8839779005
285000.0,286147.98560700874
239900.0,497401.9864364982
115000.0,200936.93244246475
28000.0,365093.23529411765
890000.0,733778.9817444219
490000.0,412938.3522727273
142500.0,291475.01516683516
300000.0,798450.7593880389
410000.0,516944.9917877448
292500.0,286147.98560700874
1100000.0,921057.9831932773
212500.0,267351.6029645315
197000.0,200936.93244246475
70000.0,286147.98560700874
220000.0,200936.93244246475
1040000.0,714538.4615384615
330000.0,375421.73913043475
199000.0,365093.23529411765
175000.0,286147.98560700874
899000.0,795787.4549549549
1325000.0,523130.54054054053
49000.0,200936.93244246475
560000.0,938076.5765765766
185000.0,403803.02116402116
675000.0,412938.3522727273
525000.0,365093.23529411765
385000.0,286147.98560700874
110000.0,200936.93244246475
290000.0,267351.6029645315
995000.0,1181733.8366197185
112000.0,200936.93244246475
895000.0,516944.9917877448
179000.0,267351.6029645315
185000.0,267351.6029645315
84000.0,200936.93244246475
235000.0,208327.08396946566
215000.0,200936.93244246475
140000.0,200936.93244246475
98000.0,200936.93244246475
52000.0,200936.93244246475
175000.0,208327.08396946566
745000.0,753897.339055794
850000.0,753897.339055794
435000.0,286147.98560700874
380000.0,412938.3522727273
345000.0,291475.01516683516
390000.0,921057.9831932773
319900.0,291475.01516683516
245000.0,267351.6029645315
280500.0,286147.98560700874
295000.0,291475.01516683516
159000.0,200936.93244246475
413400.0,403101.6424242424
675000.0,511658.53658536583
210000.0,208327.08396946566
270000.0,342982.94088669954
280000.0,267351.6029645315
375000.0,286147.98560700874
389000.0,404260.5263157895
360000.0,403101.6424242424
560000.0,365093.23529411765
365000.0,301593.97575757577
175000.0,365093.23529411765
360000.0,286147.98560700874
389280.0,286147.98560700874
842000.0,497401.9864364982
95000.0,365093.23529411765
479000.0,733778.9817444219
425560.0,200936.93244246475
670000.0,403101.6424242424
398000.0,365093.23529411765
320000.0,516944.9917877448
1175000.0,1202825.0
1600000.0,1390646.551724138
1025000.0,1181733.8366197185
550000.0,753897.339055794
295000.0,291475.01516683516
210000.0,267351.6029645315
715500.0,738258.6346153846
265000.0,286147.98560700874
225000.0,286147.98560700874
210000.0,200936.93244246475
290000.0,365093.23529411765
499900.0,426764.28571428574
549000.0,575612.015625
265000.0,267351.6029645315
361900.0,365093.23529411765
490000.0,733778.9817444219
870000.0,718740.6677018633
195000.0,267351.6029645315
115000.0,286147.98560700874
290900.0,267351.6029645315
235000.0,291475.01516683516
630700.0,615145.5454545454
980000.0,798450.7593880389
400000.0,403803.02116402116
3064250.0,412938.3522727273
600000.0,795787.4549549549
25000.0,200936.93244246475
500000.0,365093.23529411765
434600.0,403101.6424242424
230000.0,286147.98560700874
510000.0,412938.3522727273
230000.0,286147.98560700874
925000.0,570352.2276785715
385000.0,403101.6424242424
860000.0,753897.339055794
390000.0,365093.23529411765
475000.0,626833.0266666666
1600000.0,291475.01516683516
175000.0,286147.98560700874
550000.0,733778.9817444219
370000.0,497401.9864364982
375000.0,301593.97575757577
1038000.0,626833.0266666666
650000.0,516944.9917877448
227700.0,286147.98560700874
640000.0,365093.23529411765
249900.0,200936.93244246475
677000.0,885169.4444444445
590000.0,1265740.49122807
215000.0,267351.6029645315
231000.0,259954.54545454544
275000.0,200936.93244246475
230000.0,208327.08396946566
450000.0,626833.0266666666
275000.0,267351.6029645315
55000.0,200936.93244246475
120000.0,200936.93244246475
495000.0,798450.7593880389
290000.0,342982.94088669954
512000.0,200936.93244246475
450000.0,575612.015625
106000.0,365093.23529411765
405000.0,342982.94088669954
440000.0,403803.02116402116
445000.0,200936.93244246475
265000.0,291475.01516683516
1050000.0,2021860.6333333333
775000.0,626833.0266666666
390000.0,365093.23529411765
528000.0,365093.23529411765
352775.0,342982.94088669954
466605.0,497401.9864364982
725000.0,626833.0266666666
345000.0,291475.01516683516
845000.0,684041.4696969697
1895000.0,921057.9831932773
30000.0,200936.93244246475
1100000.0,358226.3082706767
870000.0,1265740.49122807
750000.0,516944.9917877448
495000.0,714538.4615384615
240000.0,286147.98560700874
299900.0,311228.07042253524
665000.0,200936.93244246475
335000.0,342982.94088669954
195000.0,200936.93244246475
745000.0,738258.6346153846
99000.0,200936.93244246475
750000.0,516944.9917877448
179000.0,311228.07042253524
170000.0,200936.93244246475
315000.0,200936.93244246475
297500.0,208327.08396946566
820000.0,516944.9917877448
727605.0,885169.4444444445
600000.0,403803.02116402116
1017000.0,497401.9864364982
349000.0,365093.23529411765
160000.0,365093.23529411765
365000.0,365093.23529411765
595000.0,365093.23529411765
382646.0,418946.89830508473
660000.0,267351.6029645315
195000.0,267351.6029645315
267000.0,403803.02116402116
350000.0,398676.9759450172
140000.0,200936.93244246475
182200.0,311228.07042253524
1000000.0,575612.015625
780000.0,733778.9817444219
370000.0,342982.94088669954
335000.0,403101.6424242424
525000.0,718740.6677018633
575000.0,785353.2034632035
225000.0,291475.01516683516
160000.0,798450.7593880389
444735.0,342982.94088669954
690000.0,403101.6424242424
280000.0,516944.9917877448
385000.0,342982.94088669954
460000.0,714538.4615384615
415000.0,718740.6677018633
292000.0,267351.6029645315
165000.0,267351.6029645315
450000.0,357118.4210526316
155000.0,200936.93244246475
250000.0,365093.23529411765
990000.0,1265740.49122807
35000.0,286147.98560700874
230000.0,200936.93244246475
330000.0,286147.98560700874
590520.0,744449.0
280000.0,365093.23529411765
165000.0,365093.23529411765
229500.0,311228.07042253524
530000.0,497401.9864364982
499000.0,516944.9917877448
660000.0,938076.5765765766
695000.0,594296.147826087
335000.0,365093.23529411765
599000.0,497401.9864364982
305000.0,267351.6029645315
205000.0,200936.93244246475
100000.0,388176.4705882353
189000.0,208327.08396946566
410000.0,562735.2483221476
215000.0,516944.9917877448
265000.0,342982.94088669954
520000.0,291475.01516683516
245000.0,342982.94088669954
175000.0,200936.93244246475
524000.0,267351.6029645315
325000.0,267351.6029645315
96000.0,200936.93244246475
545000.0,497401.9864364982
305000.0,342982.94088669954
450000.0,365093.23529411765
315000.0,286147.98560700874
195000.0,200936.93244246475
1360000.0,1181733.8366197185
55000.0,365093.23529411765
680000.0,497401.9864364982
215000.0,497401.9864364982
295000.0,398676.9759450172
695000.0,200936.93244246475
325000.0,516944.9917877448
250000.0,342982.94088669954
295000.0,454090.62152777775
355000.0,200936.93244246475
400000.0,516944.9917877448
68000.0,286147.98560700874
403000.0,403803.02116402116
220000.0,267351.6029645315
550000.0,1265740.49122807
550000.0,395913.0081300813
445000.0,286147.98560700874
395000.0,357118.4210526316
450000.0,795787.4549549549
55000.0,200936.93244246475
320000.0,200936.93244246475
325000.0,365093.23529411765
275000.0,267351.6029645315
465000.0,562735.2483221476
295000.0,365093.23529411765
245000.0,516944.9917877448
180000.0,200936.93244246475
285000.0,516944.9917877448
187500.0,291475.01516683516
345000.0,286147.98560700874
1760000.0,1100893.119266055
372000.0,267351.6029645315
8500000.0,2862967.4025974027
179900.0,403803.02116402116
3884952.0,2125937.5
1085700.0,1524177.8839779005
450000.0,454090.62152777775
292500.0,286147.98560700874
350000.0,365093.23529411765
340000.0,412938.3522727273
145000.0,200936.93244246475
453000.0,539732.6481481482
221500.0,200936.93244246475
372700.0,267351.6029645315
545000.0,342982.94088669954
579975.0,562735.2483221476
315000.0,342982.94088669954
265000.0,286147.98560700874
98500.0,365093.23529411765
204990.0,342982.94088669954
160000.0,365093.23529411765
260000.0,403803.02116402116
718900.0,753897.339055794
690000.0,570352.2276785715
760000.0,570352.2276785715
910000.0,733778.9817444219
150000.0,200936.93244246475
52000.0,286147.98560700874
185000.0,200936.93244246475
254900.0,375421.73913043475
95000.0,365093.23529411765
510000.0,454090.62152777775
300000.0,286147.98560700874
940000.0,1524177.8839779005
70000.0,200936.93244246475
85000.0,200936.93244246475
215000.0,311228.07042253524
429000.0,626833.0266666666
220000.0,267351.6029645315
79000.0,286147.98560700874
264000.0,286147.98560700874
85000.0,200936.93244246475
3000000.0,2430432.5064935065
185000.0,291475.01516683516
280000.0,516944.9917877448
460000.0,583628.8659793815
2900000.0,1524177.8839779005
530000.0,454090.62152777775
450000.0,516944.9917877448
375000.0,267351.6029645315
95000.0,286147.98560700874
250000.0,497401.9864364982
79000.0,365093.23529411765
339990.0,286147.98560700874
244000.0,291475.01516683516
315000.0,516944.9917877448
441000.0,403101.6424242424
570000.0,286147.98560700874
565000.0,562735.2483221476
345000.0,291475.01516683516
620000.0,516944.9917877448
170000.0,200936.93244246475
2490000.0,1324280.487804878
275000.0,301593.97575757577
460000.0,358226.3082706767
349250.0,365093.23529411765
160000.0,267351.6029645315
140000.0,200936.93244246475
270000.0,342982.94088669954
292000.0,358226.3082706767
195000.0,267351.6029645315
219900.0,267351.6029645315
2800000.0,516944.9917877448
87500.0,365093.23529411765
575000.0,516944.9917877448
159000.0,291475.01516683516
369000.0,291475.01516683516
179000.0,798450.7593880389
490000.0,718740.6677018633
247050.0,200936.93244246475
529000.0,365093.23529411765
420000.0,267351.6029645315
130000.0,516944.9917877448
675000.0,1649191.9960000003
285000.0,684041.4696969697
780000.0,1524177.8839779005
520000.0,403101.6424242424
395000.0,365093.23529411765
768000.0,753897.339055794
495000.0,1786363.6363636365
240000.0,365093.23529411765
850000.0,575612.015625
280000.0,365093.23529411765
339675.0,286147.98560700874
700000.0,570352.2276785715
590000.0,733778.9817444219
265000.0,267351.6029645315
205000.0,412938.3522727273
600000.0,539732.6481481482
269000.0,200936.93244246475
180000.0,286147.98560700874
84000.0,291475.01516683516
1300000.0,1649191.9960000003
435000.0,403101.6424242424
175000.0,200936.93244246475
899000.0,787940.4761904762
165000.0,208327.08396946566
435000.0,516944.9917877448
388000.0,291475.01516683516
320000.0,200936.93244246475
49000.0,200936.93244246475
169900.0,286147.98560700874
415000.0,286147.98560700874
860000.0,795787.4549549549
599000.0,398676.9759450172
475000.0,525149.3953488372
836000.0,575612.015625
460000.0,200936.93244246475
300000.0,403101.6424242424
400000.0,511658.53658536583
325000.0,291475.01516683516
250000.0,342982.94088669954
280000.0,200936.93244246475
350000.0,365093.23529411765
585000.0,286147.98560700874
160000.0,200936.93244246475
185000.0,286147.98560700874
450000.0,516944.9917877448
340000.0,267351.6029645315
1100000.0,525149.3953488372
950000.0,744449.0
230000.0,200936.93244246475
624500.0,365093.23529411765
250000.0,404260.5263157895
468000.0,798450.7593880389
115000.0,200936.93244246475
640000.0,938076.5765765766
90000.0,200936.93244246475
279500.0,286147.98560700874
164900.0,291475.01516683516
220000.0,200936.93244246475
825000.0,497401.9864364982
110000.0,200936.93244246475
173000.0,301593.97575757577
330000.0,365093.23529411765
159000.0,267351.6029645315
499900.0,733778.9817444219
125000.0,200936.93244246475
295000.0,286147.98560700874
560000.0,539732.6481481482
206000.0,267351.6029645315
48000.0,200936.93244246475
225000.0,286147.98560700874
295000.0,200936.93244246475
450000.0,412938.3522727273
265000.0,200936.93244246475
27000.0,200936.93244246475
279000.0,516944.9917877448
499000.0,358226.3082706767
330000.0,403101.6424242424
650000.0,365093.23529411765
475000.0,516944.9917877448
580000.0,539732.6481481482
250000.0,365093.23529411765
285000.0,358226.3082706767
159900.0,200936.93244246475
400000.0,497401.9864364982
375000.0,286147.98560700874
250000.0,200936.93244246475
510000.0,365093.23529411765
385000.0,286147.98560700874
155000.0,516944.9917877448
975000.0,342982.94088669954
555000.0,342982.94088669954
495000.0,798450.7593880389
550000.0,365093.23529411765
845000.0,570352.2276785715
250000.0,267351.6029645315
455000.0,562735.2483221476
309900.0,267351.6029645315
480000.0,798450.7593880389
375000.0,286147.98560700874
450000.0,286147.98560700874
370000.0,286147.98560700874
750000.0,403803.02116402116
560000.0,311228.07042253524
480000.0,365093.23529411765
399900.0,311228.07042253524
190000.0,403101.6424242424
349000.0,516944.9917877448
290000.0,200936.93244246475
527000.0,286147.98560700874
2190000.0,787940.4761904762
345000.0,365093.23529411765
39000.0,286147.98560700874
300000.0,200936.93244246475
380000.0,200936.93244246475
182600.0,200936.93244246475
595000.0,398676.9759450172
140000.0,267351.6029645315
105000.0,200936.93244246475
220000.0,267351.6029645315
98000.0,200936.93244246475
150000.0,200936.93244246475
425000.0,365093.23529411765
533000.0,938076.5765765766
610000.0,497401.9864364982
560000.0,938076.5765765766
570267.0,497401.9864364982
530000.0,785353.2034632035
415000.0,497401.9864364982
595000.0,342982.94088669954
288000.0,357118.4210526316
450000.0,744449.0
345000.0,403101.6424242424
350000.0,200936.93244246475
408800.0,200936.93244246475
350000.0,516944.9917877448
80000.0,200936.93244246475
184500.0,267351.6029645315
485000.0,311228.07042253524
230000.0,267351.6029645315
345000.0,365093.23529411765
710000.0,718740.6677018633
350000.0,200936.93244246475
179000.0,267351.6029645315
460000.0,357118.4210526316
395000.0,286147.98560700874
237000.0,291475.01516683516
225000.0,365093.23529411765
2950000.0,1408402.7777777778
380000.0,342982.94088669954
575000.0,562735.2483221476
37000.0,200936.93244246475
189000.0,365093.23529411765
760000.0,365093.23529411765
228510.0,267351.6029645315
220000.0,286147.98560700874
179900.0,357118.4210526316
449000.0,395913.0081300813
780000.0,523130.54054054053
99500.0,200936.93244246475
170000.0,286147.98560700874
460000.0,516944.9917877448
165000.0,286147.98560700874
374000.0,516944.9917877448
357000.0,267351.6029645315
424900.0,497401.9864364982
227500.0,516944.9917877448
196000.0,200936.93244246475
300000.0,267351.6029645315
150000.0,200936.93244246475
450000.0,511658.53658536583
850000.0,798450.7593880389
495000.0,798450.7593880389
197500.0,291475.01516683516
1023750.0,516944.9917877448
968000.0,365093.23529411765
279000.0,714538.4615384615
1180000.0,733778.9817444219
650000.0,516944.9917877448
220000.0,511658.53658536583
195000.0,311228.07042253524
279000.0,516944.9917877448
675000.0,1827315.7894736843
285000.0,200936.93244246475
474525.0,744449.0
210000.0,398676.9759450172
1890000.0,1390646.551724138
297500.0,267351.6029645315
260000.0,267351.6029645315
1100000.0,388176.4705882353
162000.0,267351.6029645315
275000.0,365093.23529411765
760000.0,738258.6346153846
375000.0,286147.98560700874
507960.0,311228.07042253524
195000.0,200936.93244246475
229900.0,200936.93244246475
280000.0,403101.6424242424
230000.0,208327.08396946566
125000.0,200936.93244246475
449000.0,497401.9864364982
125000.0,200936.93244246475
130000.0,200936.93244246475
165000.0,200936.93244246475
180000.0,200936.93244246475
508250.0,267351.6029645315
700000.0,365093.23529411765
27500.0,200936.93244246475
59000.0,200936.93244246475
1250000.0,516944.9917877448
230000.0,267351.6029645315
490000.0,200936.93244246475
630000.0,617582.8846153846
3000000.0,2021860.6333333333
175000.0,286147.98560700874
505000.0,497906.2417582418
210000.0,200936.93244246475
145000.0,365093.23529411765
125000.0,200936.93244246475
570264.0,403803.02116402116
339000.0,398676.9759450172
2125000.0,1524177.8839779005
259000.0,200936.93244246475
260000.0,200936.93244246475
668000.0,342982.94088669954
385000.0,365093.23529411765
279900.0,259954.54545454544
2050000.0,785353.2034632035
525000.0,1100893.119266055
255000.0,200936.93244246475
270000.0,342982.94088669954
499000.0,403803.02116402116
890000.0,684041.4696969697
340000.0,412938.3522727273
525000.0,412938.3522727273
500000.0,286147.98560700874
305000.0,753897.339055794
159000.0,301593.97575757577
163000.0,200936.93244246475
465500.0,403803.02116402116
1250000.0,753897.339055794
198500.0,200936.93244246475
150000.0,200936.93244246475
690000.0,412938.3522727273
29000.0,200936.93244246475
214000.0,200936.93244246475
419900.0,733778.9817444219
555000.0,718740.6677018633
810000.0,738258.6346153846
441000.0,403101.6424242424
495000.0,403803.02116402116
198000.0,365093.23529411765
662000.0,995000.0
550000.0,286147.98560700874
368400.0,267351.6029645315
305000.0,342982.94088669954
550000.0,357118.4210526316
840000.0,1181733.8366197185
68000.0,200936.93244246475
385000.0,516944.9917877448
745000.0,516944.9917877448
351000.0,357118.4210526316
299000.0,497401.9864364982
420000.0,798450.7593880389
585000.0,1075327.7441860465
233564.0,267351.6029645315
470000.0,684041.4696969697
383000.0,200936.93244246475
1500000.0,2862967.4025974027
25000.0,516944.9917877448
115000.0,200936.93244246475
265000.0,365093.23529411765
8800.0,200936.93244246475
280000.0,365093.23529411765
215000.0,286147.98560700874
249000.0,200936.93244246475
170000.0,516944.9917877448
355000.0,403101.6424242424
600000.0,921057.9831932773
230000.0,208327.08396946566
395000.0,412938.3522727273
275000.0,398676.9759450172
39000.0,200936.93244246475
440000.0,286147.98560700874
327500.0,342982.94088669954
275000.0,286147.98560700874
200000.0,200936.93244246475
160000.0,365093.23529411765
65000.0,286147.98560700874
185000.0,267351.6029645315
585000.0,523130.54054054053
2800000.0,798450.7593880389
465000.0,583628.8659793815
63000.0,200936.93244246475
389000.0,365093.23529411765
2300000.0,1827315.7894736843
1275000.0,594296.147826087
425000.0,365093.23529411765
689000.0,1827315.7894736843
545000.0,562735.2483221476
225000.0,575612.015625
255000.0,291475.01516683516
285000.0,267351.6029645315
159000.0,200936.93244246475
225000.0,200936.93244246475
340000.0,516944.9917877448
430000.0,267351.6029645315
237500.0,684041.4696969697
350000.0,497401.9864364982
330000.0,365093.23529411765
245000.0,200936.93244246475
270000.0,267351.6029645315
175000.0,267351.6029645315
625000.0,395000.0
580000.0,785353.2034632035
369600.0,267351.6029645315
240000.0,286147.98560700874
1750000.0,1277752.808988764
225000.0,311228.07042253524
890000.0,2021860.6333333333
243000.0,267351.6029645315
235000.0,286147.98560700874
809000.0,575612.015625
280000.0,365093.23529411765
960000.0,798450.7593880389
145000.0,358226.3082706767
670000.0,795787.4549549549
250000.0,286147.98560700874
1180000.0,798450.7593880389
775000.0,523130.54054054053
300000.0,286147.98560700874
400000.0,516944.9917877448
120000.0,267351.6029645315
425000.0,454090.62152777775
260000.0,733778.9817444219
169000.0,291475.01516683516
714000.0,516944.9917877448
120000.0,286147.98560700874
188500.0,291475.01516683516
388800.0,286147.98560700874
690000.0,516944.9917877448
308900.0,342982.94088669954
229900.0,403803.02116402116
750000.0,733778.9817444219
350000.0,497401.9864364982
275000.0,454090.62152777775
520000.0,497401.9864364982
290000.0,365093.23529411765
315000.0,365093.23529411765
350000.0,516944.9917877448
206000.0,798450.7593880389
340000.0,286147.98560700874
365000.0,291475.01516683516
35000.0,286147.98560700874
795000.0,516944.9917877448
195000.0,286147.98560700874
425000.0,357118.4210526316
500000.0,286147.98560700874
580000.0,497401.9864364982
35000.0,200936.93244246475
515000.0,412938.3522727273
362500.0,291475.01516683516
268000.0,200936.93244246475
550000.0,516944.9917877448
210000.0,200936.93244246475
450000.0,497401.9864364982
284500.0,403803.02116402116
295000.0,291475.01516683516
357000.0,291475.01516683516
195000.0,286147.98560700874
127000.0,200936.93244246475
990000.0,733778.9817444219
1100000.0,1786363.6363636365
221000.0,358226.3082706767
130000.0,365093.23529411765
429000.0,523130.54054054053
205000.0,291475.01516683516
446000.0,267351.6029645315
250000.0,497401.9864364982
460000.0,286147.98560700874
274000.0,403803.02116402116
1195000.0,562735.2483221476
573500.0,454090.62152777775
290000.0,365093.23529411765
251450.0,286147.98560700874
200000.0,267351.6029645315
225000.0,200936.93244246475
230000.0,286147.98560700874
130000.0,267351.6029645315
80152.95,200936.93244246475
3800000.0,1524177.8839779005
5500000.0,388176.4705882353
950000.0,570352.2276785715
155000.0,291475.01516683516
549000.0,365093.23529411765
235000.0,291475.01516683516
1300000.0,785353.2034632035
2500000.0,2430432.5064935065
185000.0,412938.3522727273
580000.0,365093.23529411765
355000.0,365093.23529411765
815000.0,738258.6346153846
220000.0,342982.94088669954
290000.0,286147.98560700874
247500.0,267351.6029645315
289900.0,267351.6029645315
450000.0,365093.23529411765
880000.0,570352.2276785715
595500.0,795787.4549549549
40000.0,286147.98560700874
620000.0,753897.339055794
950000.0,738258.6346153846
520000.0,787940.4761904762
295000.0,516944.9917877448
385000.0,1408402.7777777778
480500.0,365093.23529411765
1275000.0,594296.147826087
320000.0,497401.9864364982
259900.0,301593.97575757577
387500.0,714538.4615384615
290000.0,516944.9917877448
67500.0,200936.93244246475
395000.0,454090.62152777775
173000.0,267351.6029645315
299000.0,516944.9917877448
485000.0,365093.23529411765
930000.0,403803.02116402116
900000.0,610345.205479452
420000.0,785353.2034632035
749000.0,1524177.8839779005
3900000.0,1524177.8839779005
355000.0,365093.23529411765
370000.0,610345.205479452
360000.0,311228.07042253524
380000.0,497401.9864364982
220000.0,200936.93244246475
51000.0,365093.23529411765
79500.0,798450.7593880389
330000.0,342982.94088669954
230000.0,200936.93244246475
195000.0,200936.93244246475
325250.0,412938.3522727273
669500.0,291475.01516683516
180000.0,365093.23529411765
232000.0,365093.23529411765
420000.0,610345.205479452
598000.0,516944.9917877448
240000.0,286147.98560700874
380000.0,365093.23529411765
98000.0,286147.98560700874
935000.0,738258.6346153846
120000.0,200936.93244246475
265000.0,365093.23529411765
58000.0,200936.93244246475
650000.0,412938.3522727273
235000.0,267351.6029645315
370000.0,403101.6424242424
885000.0,795787.4549549549
485000.0,403803.02116402116
230000.0,267351.6029645315
199900.0,200936.93244246475
285000.0,403101.6424242424
445000.0,267351.6029645315
1295000.0,1524177.8839779005
110000.0,286147.98560700874
165000.0,200936.93244246475
753000.0,412938.3522727273
1200000.0,798450.7593880389
1399000.0,718740.6677018633
1650000.0,2430432.5064935065
810000.0,342982.94088669954
650000.0,342982.94088669954
595000.0,365093.23529411765
400000.0,497401.9864364982
169000.0,286147.98560700874
1590000.0,1277752.808988764
197500.0,200936.93244246475
185000.0,286147.98560700874
775000.0,718740.6677018633
410000.0,511658.53658536583
2500000.0,516944.9917877448
875000.0,1249133.8392857143
345000.0,342982.94088669954
259000.0,286147.98560700874
773484.0,291475.01516683516
350000.0,403101.6424242424
422000.0,718740.6677018633
540000.0,516944.9917877448
330000.0,365093.23529411765
185000.0,291475.01516683516
159500.0,516944.9917877448
490000.0,733778.9817444219
570000.0,365093.23529411765
625000.0,365093.23529411765
650000.0,403101.6424242424
735000.0,938076.5765765766
169500.0,267351.6029645315
271148.0,291475.01516683516
193000.0,311228.07042253524
299900.0,311228.07042253524
255000.0,286147.98560700874
695000.0,365093.23529411765
179000.0,365093.23529411765
399000.0,497401.9864364982
430000.0,286147.98560700874
670000.0,733778.9817444219
30000.0,200936.93244246475
525000.0,516944.9917877448
425000.0,516944.9917877448
415000.0,617582.8846153846
425000.0,418946.89830508473
95000.0,200936.93244246475
265000.0,286147.98560700874
820000.0,753897.339055794
425000.0,200936.93244246475
163000.0,200936.93244246475
510000.0,454090.62152777775
375000.0,497401.9864364982
330000.0,365093.23529411765
277000.0,365093.23529411765
150000.0,365093.23529411765
45000.0,286147.98560700874
80000.0,200936.93244246475
325000.0,291475.01516683516
870000.0,570352.2276785715
399000.0,403101.6424242424
310000.0,516944.9917877448
259500.0,267351.6029645315
225000.0,267351.6029645315
320000.0,365093.23529411765
225000.0,200936.93244246475
122000.0,291475.01516683516
480000.0,365093.23529411765
206000.0,200936.93244246475
1286000.0,1524177.8839779005
1150000.0,1181733.8366197185
520000.0,412938.3522727273
375000.0,365093.23529411765
230000.0,200936.93244246475
186500.0,398676.9759450172
167000.0,291475.01516683516
340000.0,403803.02116402116
625000.0,365093.23529411765
290000.0,200936.93244246475
750000.0,365093.23529411765
152000.0,395913.0081300813
232500.0,286147.98560700874
310000.0,200936.93244246475
270000.0,311228.07042253524
525000.0,403803.02116402116
350000.0,342982.94088669954
3400000.0,2720600.0
245000.0,511658.53658536583
595000.0,798450.7593880389
280000.0,718740.6677018633
850000.0,860918.0
680000.0,365093.23529411765
307000.0,403101.6424242424
450000.0,398676.9759450172
197500.0,291475.01516683516
290000.0,301593.97575757577
145000.0,291475.01516683516
155000.0,286147.98560700874
85000.0,365093.23529411765
179900.0,267351.6029645315
390000.0,785353.2034632035
249900.0,267351.6029645315
310000.0,516944.9917877448
345000.0,365093.23529411765
1040000.0,714538.4615384615
275000.0,342982.94088669954
279000.0,200936.93244246475
395000.0,497906.2417582418
270620.0,267351.6029645315
259800.0,311228.07042253524
385000.0,342982.94088669954
150000.0,358226.3082706767
580000.0,497401.9864364982
835000.0,516944.9917877448
660000.0,798450.7593880389
255000.0,267351.6029645315
45000.0,200936.93244246475
360000.0,403803.02116402116
680000.0,744449.0
685000.0,684041.4696969697
280000.0,200936.93244246475
240000.0,342982.94088669954
219000.0,286147.98560700874
270300.0,342982.94088669954
355000.0,398676.9759450172
590000.0,733778.9817444219
399000.0,511658.53658536583
411645.0,342982.94088669954
985000.0,1100893.119266055
450000.0,798450.7593880389
1850000.0,1786363.6363636365
40000.0,200936.93244246475
120000.0,412938.3522727273
605000.0,733778.9817444219
394000.0,412938.3522727273
495000.0,365093.23529411765
329600.0,267351.6029645315
415000.0,286147.98560700874
270000.0,267351.6029645315
408858.0,291475.01516683516
591300.0,497401.9864364982
450000.0,497906.2417582418
1085000.0,1181733.8366197185
415000.0,403101.6424242424
289900.0,357118.4210526316
285900.0,267351.6029645315
45000.0,200936.93244246475
595000.0,403101.6424242424
270000.0,403803.02116402116
10000.0,286147.98560700874
919000.0,626833.0266666666
560000.0,454090.62152777775
325000.0,286147.98560700874
268000.0,200936.93244246475
165000.0,291475.01516683516
335000.0,365093.23529411765
475000.0,403803.02116402116
401843.0,200936.93244246475
422000.0,286147.98560700874
135000.0,286147.98560700874
460000.0,403803.02116402116
370000.0,286147.98560700874
170000.0,286147.98560700874
620000.0,785353.2034632035
190000.0,286147.98560700874
199800.0,291475.01516683516
394000.0,418946.89830508473
210000.0,200936.93244246475
170000.0,365093.23529411765
299900.0,365093.23529411765
240000.0,342982.94088669954
255000.0,200936.93244246475
355000.0,267351.6029645315
480000.0,570352.2276785715
935000.0,785353.2034632035
810000.0,738258.6346153846
2400000.0,860918.0
335900.0,267351.6029645315
220000.0,301593.97575757577
750000.0,327328.94736842107
75000.0,200936.93244246475
340000.0,365093.23529411765
480000.0,626833.0266666666
699999.0,562735.2483221476
360000.0,286147.98560700874
535000.0,753897.339055794
360000.0,516944.9917877448
850000.0,798450.7593880389
235000.0,516944.9917877448
222500.0,200936.93244246475
895000.0,626833.0266666666
486280.0,286147.98560700874
159000.0,200936.93244246475
155000.0,286147.98560700874
1200000.0,718740.6677018633
670000.0,795787.4549549549
195000.0,286147.98560700874
189000.0,267351.6029645315
570000.0,365093.23529411765
545000.0,570352.2276785715
260000.0,403803.02116402116
46986.0,200936.93244246475
233500.0,403101.6424242424
250000.0,403101.6424242424
155000.0,200936.93244246475
970000.0,718740.6677018633
380000.0,291475.01516683516
200000.0,301593.97575757577
330000.0,200936.93244246475
330000.0,412938.3522727273
670000.0,516944.9917877448
271000.0,291475.01516683516
298000.0,365093.23529411765
715000.0,286147.98560700874
650000.0,398676.9759450172
450000.0,365093.23529411765
46500.0,200936.93244246475
455000.0,516944.9917877448
380000.0,516944.9917877448
745000.0,516944.9917877448
1999000.0,2862967.4025974027
130000.0,286147.98560700874
260000.0,342982.94088669954
445000.0,403101.6424242424
520000.0,286147.98560700874
223000.0,267351.6029645315
230000.0,200936.93244246475
175000.0,365093.23529411765
650000.0,570352.2276785715
174500.0,267351.6029645315
370000.0,365093.23529411765
299500.0,516944.9917877448
201400.0,200936.93244246475
289000.0,286147.98560700874
85000.0,365093.23529411765
2395000.0,1181733.8366197185
176000.0,286147.98560700874
175000.0,311228.07042253524
349000.0,267351.6029645315
340000.0,286147.98560700874
150000.0,200936.93244246475
770000.0,516944.9917877448
28000.0,200936.93244246475
189900.0,342982.94088669954
1100000.0,523130.54054054053
590000.0,626833.0266666666
415000.0,200936.93244246475
1390000.0,2430432.5064935065
220000.0,365093.23529411765
328000.0,267351.6029645315
350000.0,523130.54054054053
445000.0,617582.8846153846
325000.0,403101.6424242424
439000.0,454090.62152777775
39000.0,200936.93244246475
480000.0,1524177.8839779005
1150000.0,398676.9759450172
4000000.0,1786363.6363636365
395000.0,365093.23529411765
165000.0,286147.98560700874
60000.0,200936.93244246475
175000.0,200936.93244246475
402000.0,301593.97575757577
270000.0,525149.3953488372
380000.0,516944.9917877448
250000.0,291475.01516683516
54900.0,516944.9917877448
537000.0,403803.02116402116
265000.0,365093.23529411765
185000.0,342982.94088669954
895000.0,714538.4615384615
484000.0,921057.9831932773
911000.0,718740.6677018633
180000.0,286147.98560700874
218000.0,286147.98560700874
385000.0,365093.23529411765
850000.0,497401.9864364982
360000.0,267351.6029645315
1150000.0,516944.9917877448
265000.0,358226.3082706767
675000.0,403101.6424242424
1399000.0,718740.6677018633
199900.0,267351.6029645315
700000.0,516944.9917877448
480000.0,454090.62152777775
350000.0,267351.6029645315
425000.0,291475.01516683516
282500.0,753897.339055794
745000.0,744449.0
520000.0,497401.9864364982
265000.0,570352.2276785715
157500.0,200936.93244246475
220000.0,311228.07042253524
255000.0,403803.02116402116
1485000.0,516944.9917877448
249900.0,200936.93244246475
350000.0,286147.98560700874
15000.0,200936.93244246475
675000.0,286147.98560700874
595000.0,570352.2276785715
22900.0,286147.98560700874
350000.0,798450.7593880389
352000.0,753897.339055794
490000.0,516944.9917877448
950000.0,860918.0
1500000.0,798450.7593880389
1490000.0,1484444.4444444445
149000.0,267351.6029645315
235000.0,200936.93244246475
415000.0,286147.98560700874
1345000.0,1524177.8839779005
550000.0,516944.9917877448
130000.0,516944.9917877448
200000.0,200936.93244246475
577700.0,860918.0
440000.0,291475.01516683516
413400.0,403101.6424242424
3400000.0,2021860.6333333333
500000.0,733778.9817444219
219000.0,286147.98560700874
432300.0,342982.94088669954
625000.0,365093.23529411765
249900.0,286147.98560700874
535000.0,921057.9831932773
298000.0,267351.6029645315
650000.0,575612.015625
2330000.0,995000.0
221500.0,200936.93244246475
320000.0,286147.98560700874
240000.0,200936.93244246475
92500.0,200936.93244246475
200000.0,291475.01516683516
375000.0,798450.7593880389
198500.0,311228.07042253524
167500.0,342982.94088669954
249900.0,497401.9864364982
206637.0,267351.6029645315
450000.0,497906.2417582418
47000.0,365093.23529411765
450000.0,516944.9917877448
33600.0,365093.23529411765
280000.0,301593.97575757577
325000.0,365093.23529411765
2500000.0,860918.0
545000.0,365093.23529411765
875000.0,753897.339055794
259000.0,412938.3522727273
420000.0,365093.23529411765
290000.0,200936.93244246475
174900.0,286147.98560700874
180000.0,200936.93244246475
360000.0,753897.339055794
209000.0,365093.23529411765
615000.0,403101.6424242424
430000.0,342982.94088669954
690000.0,412938.3522727273
275000.0,365093.23529411765
290900.0,267351.6029645315
319000.0,267351.6029645315
315000.0,497401.9864364982
495000.0,454090.62152777775
500000.0,404260.5263157895
395000.0,200936.93244246475
275000.0,200936.93244246475
230000.0,200936.93244246475
1590000.0,1181733.8366197185
225000.0,412938.3522727273
127000.0,365093.23529411765
685000.0,733778.9817444219
429900.0,311228.07042253524
475000.0,412938.3522727273
220000.0,200936.93244246475
450000.0,200936.93244246475
199500.0,291475.01516683516
215000.0,398676.9759450172
349000.0,403803.02116402116
625000.0,403101.6424242424
447000.0,286147.98560700874
475000.0,365093.23529411765
69000.0,200936.93244246475
203000.0,286147.98560700874
430000.0,398676.9759450172
600000.0,497906.2417582418
265000.0,365093.23529411765
160000.0,286147.98560700874
1300000.0,798450.7593880389
399000.0,357118.4210526316
162000.0,365093.23529411765
529000.0,365093.23529411765
220000.0,365093.23529411765
185000.0,403101.6424242424
840000.0,2862967.4025974027
460000.0,412938.3522727273
370000.0,286147.98560700874
280000.0,200936.93244246475
208000.0,200936.93244246475
350000.0,365093.23529411765
279500.0,267351.6029645315
170000.0,798450.7593880389
165000.0,267351.6029645315
204000.0,267351.6029645315
325000.0,286147.98560700874
995000.0,714538.4615384615
240000.0,286147.98560700874
252000.0,286147.98560700874
415000.0,1181733.8366197185
650000.0,403803.02116402116
2500000.0,1277752.808988764
485000.0,626833.0266666666
995000.0,1100893.119266055
580000.0,497401.9864364982
1100000.0,2912075.222222222
795000.0,938076.5765765766
710000.0,798450.7593880389
102000.0,200936.93244246475
440000.0,365093.23529411765
795000.0,795787.4549549549
425000.0,1324280.487804878
295000.0,286147.98560700874
420000.0,358226.3082706767
185000.0,286147.98560700874
498000.0,497401.9864364982
397500.0,342982.94088669954
240000.0,200936.93244246475
375000.0,454090.62152777775
245000.0,200936.93244246475
225000.0,200936.93244246475
335000.0,358226.3082706767
340000.0,200936.93244246475
320000.0,365093.23529411765
350000.0,516944.9917877448
1349000.0,1649191.9960000003
645000.0,398676.9759450172
235000.0,267351.6029645315
690000.0,1202825.0
280000.0,200936.93244246475
240000.0,286147.98560700874
989000.0,1181733.8366197185
760000.0,497401.9864364982
255000.0,357118.4210526316
252500.0,267351.6029645315
275000.0,516944.9917877448
260000.0,516944.9917877448
130000.0,200936.93244246475
63000.0,200936.93244246475
68000.0,286147.98560700874
619000.0,497401.9864364982
169000.0,267351.6029645315
120000.0,200936.93244246475
820000.0,516944.9917877448
372000.0,286147.98560700874
85000.0,200936.93244246475
250000.0,311228.07042253524
198000.0,753897.339055794
210000.0,516944.9917877448
260000.0,267351.6029645315
210000.0,267351.6029645315
745000.0,684041.4696969697
350000.0,418946.89830508473
595000.0,785353.2034632035
849500.0,921057.9831932773
28000.0,286147.98560700874
220000.0,208327.08396946566
465000.0,267351.6029645315
259000.0,267351.6029645315
210000.0,286147.98560700874
170000.0,200936.93244246475
285000.0,497401.9864364982
580000.0,497401.9864364982
215000.0,200936.93244246475
227000.0,286147.98560700874
480000.0,516944.9917877448
882000.0,714538.4615384615
185000.0,200936.93244246475
350000.0,570352.2276785715
1000000.0,795787.4549549549
1450000.0,1265740.49122807
720000.0,718740.6677018633
249000.0,200936.93244246475
399000.0,610345.205479452
47000.0,200936.93244246475
325000.0,286147.98560700874
289000.0,365093.23529411765
1650000.0,1277752.808988764
350000.0,795787.4549549549
87500.0,286147.98560700874
1250000.0,516944.9917877448
440000.0,365093.23529411765
750000.0,562735.2483221476
200000.0,398676.9759450172
450000.0,286147.98560700874
295000.0,403803.02116402116
421200.0,342982.94088669954
700000.0,733778.9817444219
525000.0,365093.23529411765
2100000.0,516944.9917877448
350000.0,365093.23529411765
203000.0,200936.93244246475
298000.0,342982.94088669954
225000.0,289105.55555555556
365000.0,200936.93244246475
542430.0,403803.02116402116
882000.0,753897.339055794
249000.0,454090.62152777775
82000.0,200936.93244246475
175000.0,286147.98560700874
595000.0,733778.9817444219
320000.0,365093.23529411765
185000.0,516944.9917877448
400000.0,208327.08396946566
180000.0,291475.01516683516
350000.0,365093.23529411765
320000.0,267351.6029645315
47000.0,200936.93244246475
237500.0,358226.3082706767
620000.0,718740.6677018633
970000.0,785353.2034632035
255000.0,286147.98560700874
70000.0,286147.98560700874
187000.0,267351.6029645315
3990000.0,798450.7593880389
304327.0,267351.6029645315
450000.0,342982.94088669954
530000.0,516944.9917877448
275000.0,267351.6029645315
239000.0,286147.98560700874
395000.0,286147.98560700874
1250000.0,921057.9831932773
295000.0,516944.9917877448
57500.0,200936.93244246475
245000.0,267351.6029645315
225000.0,267351.6029645315
650000.0,798450.7593880389
4500000.0,2430432.5064935065
340000.0,286147.98560700874
430000.0,516944.9917877448
275000.0,286147.98560700874
355000.0,286147.98560700874
6900000.0,2125937.5
490000.0,744449.0
165000.0,200936.93244246475
380000.0,516944.9917877448
360000.0,785353.2034632035
685000.0,684041.4696969697
300000.0,286147.98560700874
305000.0,342982.94088669954
690000.0,714538.4615384615
350000.0,286147.98560700874
875000.0,516944.9917877448
370000.0,342982.94088669954
275000.0,286147.98560700874
322560.0,267351.6029645315
425000.0,744449.0
403800.0,286147.98560700874
1050000.0,1181733.8366197185
325000.0,291475.01516683516
490000.0,610345.205479452
375000.0,200936.93244246475
317000.0,311228.07042253524
235000.0,200936.93244246475
470000.0,357118.4210526316
360000.0,365093.23529411765
299000.0,365093.23529411765
1650000.0,860918.0
495000.0,403101.6424242424
360000.0,516944.9917877448
199000.0,267351.6029645315
320000.0,798450.7593880389
270000.0,200936.93244246475
550000.0,1100893.119266055
1190000.0,539732.6481481482
220000.0,267351.6029645315
464625.0,403803.02116402116
540000.0,610345.205479452
234500.0,200936.93244246475
2450000.0,2235909.090909091
230000.0,200936.93244246475
299500.0,286147.98560700874
300000.0,516944.9917877448
430000.0,738258.6346153846
220000.0,200936.93244246475
455000.0,562735.2483221476
361174.0,403101.6424242424
330000.0,516944.9917877448
575000.0,516944.9917877448
815000.0,684041.4696969697
810000.0,575612.015625
230000.0,365093.23529411765
198000.0,267351.6029645315
385000.0,357118.4210526316
1400000.0,798450.7593880389
215000.0,365093.23529411765
990000.0,798450.7593880389
110000.0,516944.9917877448
399280.0,200936.93244246475
275000.0,286147.98560700874
269500.0,291475.01516683516
334000.0,412938.3522727273
690000.0,785353.2034632035
950000.0,714538.4615384615
675000.0,1100893.119266055
234000.0,267351.6029645315
225000.0,286147.98560700874
389999.0,610345.205479452
299000.0,938076.5765765766
410000.0,795787.4549549549
120000.0,365093.23529411765
360000.0,418946.89830508473
999500.0,995000.0
76500.0,200936.93244246475
185000.0,200936.93244246475
90000.0,200936.93244246475
675000.0,497401.9864364982
565000.0,744449.0
455000.0,497401.9864364982
415000.0,200936.93244246475
274000.0,200936.93244246475
2200000.0,2430432.5064935065
65000.0,200936.93244246475
145000.0,208327.08396946566
27000.0,200936.93244246475
260000.0,200936.93244246475
275000.0,311228.07042253524
525000.0,365093.23529411765
1365000.0,2862967.4025974027
637000.0,403803.02116402116
416500.0,342982.94088669954
365000.0,575612.015625
278000.0,286147.98560700874
1200000.0,523130.54054054053
300000.0,200936.93244246475
550000.0,938076.5765765766
348000.0,259954.54545454544
245900.0,267351.6029645315
480000.0,798450.7593880389
515000.0,516944.9917877448
203000.0,286147.98560700874
291000.0,365093.23529411765
530000.0,454090.62152777775
365000.0,403803.02116402116
220000.0,311228.07042253524
333000.0,516944.9917877448
414640.0,286147.98560700874
695000.0,286147.98560700874
214900.0,738258.6346153846
250000.0,511658.53658536583
695000.0,200936.93244246475
355000.0,291475.01516683516
210000.0,200936.93244246475
25000.0,200936.93244246475
255000.0,403803.02116402116
260000.0,200936.93244246475
38000.0,365093.23529411765
210000.0,267351.6029645315
470000.0,454090.62152777775
900000.0,733778.9817444219
450000.0,365093.23529411765
23750.0,200936.93244246475
170000.0,286147.98560700874
253000.0,286147.98560700874
545000.0,753897.339055794
165000.0,291475.01516683516
264000.0,286147.98560700874
429000.0,286147.98560700874
379000.0,342982.94088669954
724000.0,398676.9759450172
4750000.0,3978000.0
215000.0,200936.93244246475
710000.0,1524177.8839779005
193000.0,200936.93244246475
549500.0,516944.9917877448
530000.0,733778.9817444219
225000.0,267351.6029645315
935000.0,795787.4549549549
325375.0,267351.6029645315
170000.0,200936.93244246475
4500000.0,2862967.4025974027
1100000.0,365093.23529411765
295000.0,267351.6029645315
249000.0,286147.98560700874
575000.0,570352.2276785715
1480000.0,1484444.4444444445
572000.0,562735.2483221476
356000.0,291475.01516683516
890000.0,3978000.0
55000.0,200936.93244246475
550000.0,798450.7593880389
700000.0,575612.015625
390000.0,626833.0266666666
495000.0,365093.23529411765
110000.0,365093.23529411765
1200000.0,753897.339055794
210000.0,200936.93244246475
370000.0,412938.3522727273
390000.0,200936.93244246475
310900.0,342982.94088669954
320000.0,200936.93244246475
450000.0,610345.205479452
330000.0,403101.6424242424
530000.0,733778.9817444219
150000.0,200936.93244246475
632839.0,497401.9864364982
145000.0,200936.93244246475
315900.0,267351.6029645315
588300.0,615145.5454545454
350000.0,516944.9917877448
685000.0,753897.339055794
245000.0,365093.23529411765
345000.0,454090.62152777775
650000.0,733778.9817444219
249000.0,291475.01516683516
400000.0,516944.9917877448
780000.0,497401.9864364982
65000.0,200936.93244246475
155000.0,200936.93244246475
310000.0,403803.02116402116
526280.0,286147.98560700874
145000.0,286147.98560700874
200000.0,286147.98560700874
790000.0,795787.4549549549
544800.0,516944.9917877448
950000.0,365093.23529411765
605000.0,286147.98560700874
335000.0,286147.98560700874
360000.0,497401.9864364982
330000.0,286147.98560700874
750000.0,995000.0
49000.0,286147.98560700874
305000.0,516944.9917877448
300000.0,200936.93244246475
465000.0,342982.94088669954
620000.0,497401.9864364982
164000.0,286147.98560700874
780000.0,525149.3953488372
65000.0,365093.23529411765
685000.0,365093.23529411765
650000.0,1524177.8839779005
79000.0,516944.9917877448
350000.0,516944.9917877448
200000.0,200936.93244246475
385000.0,516944.9917877448
580000.0,570352.2276785715
170000.0,200936.93244246475
975000.0,938076.5765765766
565000.0,583628.8659793815
490000.0,744449.0
340000.0,267351.6029645315
250000.0,365093.23529411765
169900.0,291475.01516683516
299000.0,516944.9917877448
365000.0,575612.015625
265000.0,403803.02116402116
262500.0,365093.23529411765
357000.0,365093.23529411765
185000.0,301593.97575757577
398000.0,516944.9917877448
369780.0,267351.6029645315
890000.0,365093.23529411765
1850000.0,1649191.9960000003
339900.0,267351.6029645315
465000.0,511658.53658536583
700000.0,562735.2483221476
499900.0,523130.54054054053
500000.0,798450.7593880389
325000.0,267351.6029645315
260000.0,286147.98560700874
98000.0,200936.93244246475
72000.0,365093.23529411765
249000.0,516944.9917877448
1294000.0,787940.4761904762
173000.0,286147.98560700874
185000.0,365093.23529411765
780000.0,570352.2276785715
199000.0,798450.7593880389
248000.0,286147.98560700874
267500.0,267351.6029645315
30000.0,200936.93244246475
287000.0,286147.98560700874
1785000.0,1649191.9960000003
895000.0,1181733.8366197185
913000.0,733778.9817444219
227500.0,200936.93244246475
279900.0,357118.4210526316
985000.0,610345.205479452
890000.0,1390646.551724138
229900.0,516944.9917877448
437500.0,626833.0266666666
480000.0,753897.339055794
300000.0,200936.93244246475
370000.0,342982.94088669954
37500.0,365093.23529411765
355000.0,286147.98560700874
950000.0,733778.9817444219
530000.0,938076.5765765766
430000.0,267351.6029645315
455000.0,714538.4615384615
400000.0,497401.9864364982
260000.0,403803.02116402116
1625000.0,718740.6677018633
360000.0,365093.23529411765
390000.0,286147.98560700874
172500.0,365093.23529411765
880000.0,995000.0
140000.0,516944.9917877448
157000.0,291475.01516683516
215000.0,267351.6029645315
130000.0,200936.93244246475
650000.0,785353.2034632035
250000.0,291475.01516683516
1650000.0,1524177.8839779005
165000.0,267351.6029645315
413400.0,403101.6424242424
259000.0,365093.23529411765
202240.0,200936.93244246475
265000.0,200936.93244246475
1250000.0,744449.0
495000.0,286147.98560700874
259000.0,365093.23529411765
810000.0,523130.54054054053
575000.0,787940.4761904762
690000.0,412938.3522727273
263000.0,267351.6029645315
800000.0,516944.9917877448
367500.0,200936.93244246475
198000.0,365093.23529411765
398000.0,200936.93244246475
115000.0,342982.94088669954
420000.0,342982.94088669954
399000.0,286147.98560700874
460000.0,583628.8659793815
330000.0,418946.89830508473
218000.0,200936.93244246475
130000.0,200936.93244246475
250000.0,798450.7593880389
900000.0,570352.2276785715
2000000.0,5800000.0
245000.0,311228.07042253524
434500.0,516944.9917877448
189000.0,454090.62152777775
335000.0,200936.93244246475
460000.0,200936.93244246475
235000.0,286147.98560700874
560000.0,798450.7593880389
525000.0,718740.6677018633
385000.0,365093.23529411765
350000.0,286147.98560700874
230000.0,342982.94088669954
395000.0,365093.23529411765
169900.0,267351.6029645315
214000.0,200936.93244246475
90000.0,200936.93244246475
196000.0,291475.01516683516
350000.0,200936.93244246475
400000.0,718740.6677018633
585000.0,733778.9817444219
225000.0,267351.6029645315
1900000.0,1100893.119266055
350000.0,733778.9817444219
335000.0,733778.9817444219
400000.0,497401.9864364982
460000.0,311228.07042253524
205000.0,267351.6029645315
334500.0,365093.23529411765
1150000.0,995000.0
160000.0,291475.01516683516
185000.0,291475.01516683516
300000.0,365093.23529411765
290000.0,365093.23529411765
335000.0,200936.93244246475
275641.0,267351.6029645315
375000.0,403101.6424242424
810000.0,744449.0
690000.0,795787.4549549549
850000.0,785353.2034632035
230000.0,267351.6029645315
283500.0,342982.94088669954
675000.0,921057.9831932773
420000.0,365093.23529411765
150000.0,200936.93244246475
699000.0,733778.9817444219
500000.0,516944.9917877448
297000.0,200936.93244246475
472056.0,291475.01516683516
185000.0,286147.98560700874
239000.0,311228.07042253524
159000.0,200936.93244246475
369000.0,286147.98560700874
2500000.0,516944.9917877448
380000.0,365093.23529411765
319000.0,511658.53658536583
330000.0,403803.02116402116
2125000.0,2430432.5064935065
179000.0,286147.98560700874
850000.0,785353.2034632035
260000.0,286147.98560700874
550000.0,497401.9864364982
875000.0,753897.339055794
490000.0,454090.62152777775
189900.0,267351.6029645315
690692.0,575612.015625
420000.0,583628.8659793815
555000.0,523130.54054054053
790000.0,938076.5765765766
190000.0,286147.98560700874
319000.0,718740.6677018633
270000.0,286147.98560700874
520000.0,412938.3522727273
180000.0,311228.07042253524
680000.0,594296.147826087
285000.0,516944.9917877448
1150000.0,798450.7593880389
449400.0,357118.4210526316
475000.0,412938.3522727273
230000.0,286147.98560700874
1690000.0,1277752.808988764
120000.0,286147.98560700874
299900.0,365093.23529411765
491000.0,267351.6029645315
230000.0,200936.93244246475
529000.0,718740.6677018633
299900.0,259954.54545454544
1600000.0,1612232.7894736843
155000.0,291475.01516683516
250000.0,200936.93244246475
445000.0,511658.53658536583
299250.0,286147.98560700874
192000.0,267351.6029645315
685000.0,610345.205479452
250000.0,365093.23529411765
199750.0,200936.93244246475
175000.0,311228.07042253524
319900.0,365093.23529411765
460000.0,286147.98560700874
437500.0,785353.2034632035
480000.0,516944.9917877448
548000.0,267351.6029645315
475000.0,342982.94088669954
217000.0,286147.98560700874
220000.0,286147.98560700874
340000.0,403101.6424242424
895000.0,1100893.119266055
98000.0,286147.98560700874
790000.0,684041.4696969697
1950000.0,785353.2034632035
562500.0,610345.205479452
67000.0,200936.93244246475
610000.0,497906.2417582418
850000.0,733778.9817444219
430000.0,286147.98560700874
329000.0,291475.01516683516
65000.0,286147.98560700874
100000.0,365093.23529411765
297500.0,267351.6029645315
95900.0,798450.7593880389
4200000.0,3978000.0
632839.0,497401.9864364982
346940.0,291475.01516683516
199000.0,200936.93244246475
685000.0,516944.9917877448
170000.0,516944.9917877448
209500.0,259954.54545454544
199000.0,403803.02116402116
525000.0,365093.23529411765
68500.0,516944.9917877448
421755.0,286147.98560700874
220000.0,267351.6029645315
162000.0,286147.98560700874
975000.0,291475.01516683516
495000.0,744449.0
255000.0,365093.23529411765
180000.0,342982.94088669954
260000.0,286147.98560700874
55000.0,200936.93244246475
287500.0,358226.3082706767
290000.0,365093.23529411765
350000.0,570352.2276785715
860000.0,583628.8659793815
1480000.0,2862967.4025974027
210000.0,286147.98560700874
350000.0,286147.98560700874
219900.0,286147.98560700874
650000.0,497401.9864364982
165000.0,200936.93244246475
445000.0,497401.9864364982
199000.0,291475.01516683516
285000.0,286147.98560700874
267000.0,342982.94088669954
370000.0,365093.23529411765
45000.0,200936.93244246475
550000.0,575612.015625
200000.0,798450.7593880389
30000.0,200936.93244246475
185000.0,365093.23529411765
125500.0,267351.6029645315
290000.0,291475.01516683516
248000.0,200936.93244246475
1275000.0,2430432.5064935065
1980000.0,733778.9817444219
950000.0,1277752.808988764
185000.0,342982.94088669954
555000.0,365093.23529411765
130000.0,286147.98560700874
250000.0,200936.93244246475
270000.0,267351.6029645315
980000.0,684041.4696969697
1340000.0,1265740.49122807
595000.0,365093.23529411765
125000.0,267351.6029645315
390000.0,365093.23529411765
650000.0,1075327.7441860465
249000.0,200936.93244246475
2400000.0,2273214.285714286
260000.0,365093.23529411765
290000.0,291475.01516683516
299900.0,357118.4210526316
275000.0,286147.98560700874
165000.0,286147.98560700874
160000.0,365093.23529411765
330000.0,286147.98560700874
70000.0,365093.23529411765
385000.0,286147.98560700874
249900.0,267351.6029645315
370000.0,412938.3522727273
235000.0,342982.94088669954
390000.0,403101.6424242424
167500.0,200936.93244246475
650000.0,733778.9817444219
1750000.0,365093.23529411765
210000.0,301593.97575757577
595000.0,365093.23529411765
674000.0,497401.9864364982
320000.0,516944.9917877448
55000.0,365093.23529411765
2900000.0,1165000.0
335000.0,200936.93244246475
365000.0,1075327.7441860465
450000.0,286147.98560700874
249000.0,301593.97575757577
280000.0,267351.6029645315
4800000.0,2430432.5064935065
570000.0,403803.02116402116
224000.0,200936.93244246475
400500.0,286147.98560700874
46500.0,286147.98560700874
275400.0,342982.94088669954
385000.0,291475.01516683516
230000.0,200936.93244246475
157500.0,200936.93244246475
1398000.0,753897.339055794
330000.0,286147.98560700874
785000.0,617582.8846153846
47500.0,286147.98560700874
355000.0,286147.98560700874
170000.0,365093.23529411765
185000.0,286147.98560700874
700000.0,718740.6677018633
195000.0,403803.02116402116
2625000.0,516944.9917877448
990000.0,798450.7593880389
119900.0,200936.93244246475
330000.0,286147.98560700874
535000.0,516944.9917877448
414800.0,403803.02116402116
790000.0,516944.9917877448
375000.0,403803.02116402116
595000.0,403101.6424242424
529500.0,357118.4210526316
860000.0,516944.9917877448
399900.0,357118.4210526316
588000.0,583628.8659793815
519500.0,497906.2417582418
155900.0,286147.98560700874
260000.0,286147.98560700874
290000.0,365093.23529411765
31500.0,200936.93244246475
730000.0,733778.9817444219
255000.0,357118.4210526316
413000.0,365093.23529411765
169000.0,267351.6029645315
315000.0,200936.93244246475
420000.0,365093.23529411765
377500.0,523130.54054054053
890000.0,365093.23529411765
125000.0,516944.9917877448
350000.0,753897.339055794
650000.0,365093.23529411765
189500.0,291475.01516683516
179000.0,200936.93244246475
430000.0,286147.98560700874
350000.0,365093.23529411765
544000.0,1524177.8839779005
296000.0,200936.93244246475
475000.0,516944.9917877448
46000.0,200936.93244246475
148000.0,365093.23529411765
285000.0,454090.62152777775
730000.0,684041.4696969697
120000.0,200936.93244246475
180000.0,617582.8846153846
510000.0,365093.23529411765
375000.0,342982.94088669954
47500.0,200936.93244246475
285000.0,200936.93244246475
390000.0,516944.9917877448
455000.0,342982.94088669954
930000.0,733778.9817444219
1000000.0,286147.98560700874
260000.0,200936.93244246475
225000.0,200936.93244246475
275000.0,575612.015625
480000.0,539732.6481481482
128000.0,200936.93244246475
250000.0,291475.01516683516
24900.0,365093.23529411765
75000.0,200936.93244246475
580000.0,539732.6481481482
206000.0,200936.93244246475
100000.0,365093.23529411765
210000.0,267351.6029645315
567500.0,497401.9864364982
1450000.0,744449.0
740000.0,626833.0266666666
240000.0,286147.98560700874
2250000.0,3305444.4444444445
1490000.0,2021860.6333333333
350000.0,200936.93244246475
255000.0,342982.94088669954
440000.0,626833.0266666666
180000.0,365093.23529411765
260000.0,798450.7593880389
97000.0,286147.98560700874
415000.0,497401.9864364982
235000.0,286147.98560700874
210000.0,286147.98560700874
780000.0,1100893.119266055
385000.0,516944.9917877448
2200000.0,995000.0
279500.0,286147.98560700874
205000.0,291475.01516683516
595000.0,795787.4549549549
374700.0,342982.94088669954
210000.0,200936.93244246475
225000.0,286147.98560700874
350000.0,395913.0081300813
165000.0,267351.6029645315
780000.0,787940.4761904762
252000.0,267351.6029645315
351750.0,286147.98560700874
262500.0,200936.93244246475
660000.0,795787.4549549549
1495000.0,1249133.8392857143
1000000.0,733778.9817444219
475000.0,365093.23529411765
355000.0,200936.93244246475
140000.0,516944.9917877448
275000.0,200936.93244246475
650000.0,516944.9917877448
775000.0,718740.6677018633
152000.0,291475.01516683516
490000.0,454090.62152777775
189500.0,291475.01516683516
1300000.0,798450.7593880389
602000.0,497401.9864364982
640000.0,738258.6346153846
195000.0,286147.98560700874
435000.0,291475.01516683516
519000.0,511658.53658536583
253000.0,403803.02116402116
530000.0,733778.9817444219
119900.0,291475.01516683516
849000.0,454090.62152777775
337000.0,200936.93244246475
169000.0,200936.93244246475
149000.0,342982.94088669954
250000.0,403101.6424242424
285000.0,200936.93244246475
325000.0,286147.98560700874
257000.0,200936.93244246475
74500.0,286147.98560700874
350000.0,516944.9917877448
205900.0,267351.6029645315
170000.0,365093.23529411765
269000.0,798450.7593880389
18500000.0,4141666.6666666665
1090000.0,523130.54054054053
153000.0,311228.07042253524
77500.0,200936.93244246475
1525000.0,921057.9831932773
650000.0,938076.5765765766
1180000.0,738258.6346153846
1200000.0,1649191.9960000003
500000.0,365093.23529411765
130000.0,357118.4210526316
234500.0,286147.98560700874
695000.0,403101.6424242424
375000.0,403803.02116402116
44900.0,200936.93244246475
840000.0,995000.0
595000.0,798450.7593880389
540000.0,357118.4210526316
429900.0,311228.07042253524
249500.0,267351.6029645315
720000.0,365093.23529411765
325000.0,291475.01516683516
660000.0,497401.9864364982
75000.0,200936.93244246475
445000.0,615145.5454545454
299000.0,267351.6029645315
330000.0,733778.9817444219
350000.0,795787.4549549549
185000.0,208327.08396946566
87000.0,286147.98560700874
230000.0,516944.9917877448
165000.0,200936.93244246475
1850000.0,1390646.551724138
830000.0,1075327.7441860465
695000.0,798450.7593880389
625500.0,497401.9864364982
580000.0,516944.9917877448
57500.0,286147.98560700874
750000.0,626833.0266666666
770000.0,795787.4549549549
625000.0,570352.2276785715
1085700.0,718740.6677018633
270000.0,291475.01516683516
1385000.0,1524177.8839779005
269000.0,311228.07042253524
543500.0,357118.4210526316
725000.0,795787.4549549549
860000.0,738258.6346153846
320000.0,342982.94088669954
85000.0,200936.93244246475
270000.0,365093.23529411765
189000.0,267351.6029645315
495000.0,583628.8659793815
165000.0,200936.93244246475
166000.0,291475.01516683516
285000.0,403101.6424242424
325000.0,365093.23529411765
59900.0,200936.93244246475
850000.0,365093.23529411765
650000.0,511658.53658536583
450000.0,516944.9917877448
495000.0,342982.94088669954
39000.0,365093.23529411765
55500.0,365093.23529411765
695000.0,516944.9917877448
410000.0,286147.98560700874
201400.0,200936.93244246475
265000.0,200936.93244246475
95000.0,286147.98560700874
175000.0,200936.93244246475
87000.0,200936.93244246475
860000.0,753897.339055794
550000.0,1524177.8839779005
590520.0,744449.0
785000.0,1181733.8366197185
875000.0,798450.7593880389
147000.0,291475.01516683516
310000.0,516944.9917877448
750000.0,516944.9917877448
125000.0,200936.93244246475
400000.0,365093.23529411765
8000.0,200936.93244246475
700000.0,575612.015625
650000.0,404260.5263157895
325000.0,798450.7593880389
650000.0,1408402.7777777778
350000.0,516944.9917877448
189000.0,267351.6029645315
750000.0,200936.93244246475
545000.0,497401.9864364982
449820.0,311228.07042253524
229000.0,365093.23529411765
295000.0,267351.6029645315
130000.0,200936.93244246475
595000.0,995000.0
259500.0,267351.6029645315
50000.0,516944.9917877448
350000.0,4016666.6666666665
695000.0,286147.98560700874
319500.0,286147.98560700874
325000.0,516944.9917877448
325000.0,286147.98560700874
69000.0,365093.23529411765
1600000.0,921057.9831932773
344256.0,403101.6424242424
375000.0,403101.6424242424
259000.0,267351.6029645315
138000.0,365093.23529411765
1250000.0,744449.0
400000.0,365093.23529411765
350000.0,342982.94088669954
135000.0,200936.93244246475
399000.0,357118.4210526316
235000.0,291475.01516683516
1620000.0,1649191.9960000003
282500.0,200936.93244246475
495000.0,617582.8846153846
135000.0,516944.9917877448
190063.0,267351.6029645315
185000.0,412938.3522727273
310000.0,267351.6029645315
410000.0,516944.9917877448
270000.0,200936.93244246475
375144.0,418946.89830508473
217500.0,291475.01516683516
460000.0,412938.3522727273
495000.0,497906.2417582418
195000.0,200936.93244246475
390000.0,200936.93244246475
255000.0,301593.97575757577
330000.0,267351.6029645315
2200000.0,995000.0
630000.0,798450.7593880389
320000.0,342982.94088669954
275000.0,200936.93244246475
550000.0,516944.9917877448
195000.0,286147.98560700874
197500.0,342982.94088669954
1100000.0,525149.3953488372
370000.0,365093.23529411765
450000.0,454090.62152777775
285000.0,365093.23529411765
179000.0,200936.93244246475
295000.0,301593.97575757577
29000.0,200936.93244246475
645000.0,497401.9864364982
490000.0,511658.53658536583
334000.0,539732.6481481482
4800000.0,3747142.8571428573
275000.0,365093.23529411765
450000.0,575612.015625
175000.0,267351.6029645315
220000.0,497401.9864364982
565000.0,403101.6424242424
215000.0,291475.01516683516
3200000.0,733778.9817444219
15000.0,200936.93244246475
715000.0,795787.4549549549
380000.0,365093.23529411765
238000.0,286147.98560700874
120000.0,200936.93244246475
485000.0,516944.9917877448
3950000.0,1524177.8839779005
370000.0,523130.54054054053
390000.0,403101.6424242424
3250000.0,1484444.4444444445
135000.0,200936.93244246475
149000.0,267351.6029645315
225000.0,267351.6029645315
210000.0,798450.7593880389
615000.0,626833.0266666666
685000.0,753897.339055794
305000.0,342982.94088669954
284000.0,342982.94088669954
995000.0,516944.9917877448
660000.0,412938.3522727273
65000.0,516944.9917877448
285000.0,516944.9917877448
450000.0,473666.6666666667
480000.0,497401.9864364982
249000.0,267351.6029645315
850000.0,738258.6346153846
425000.0,412938.3522727273
95000.0,200936.93244246475
385000.0,357118.4210526316
100000.0,798450.7593880389
355000.0,403101.6424242424
870000.0,787940.4761904762
214900.0,267351.6029645315
622920.0,497401.9864364982
1300000.0,798450.7593880389
125000.0,365093.23529411765
185000.0,798450.7593880389
350000.0,200936.93244246475
255000.0,365093.23529411765
310000.0,497401.9864364982
440000.0,583628.8659793815
150000.0,286147.98560700874
285000.0,267351.6029645315
55000.0,516944.9917877448
319000.0,511658.53658536583
320010.0,267351.6029645315
199500.0,438061.125
59000.0,286147.98560700874
334900.0,575612.015625
1665000.0,1181733.8366197185
235000.0,286147.98560700874
118500.0,365093.23529411765
685000.0,516944.9917877448
530000.0,511658.53658536583
450000.0,398676.9759450172
50000.0,200936.93244246475
325000.0,365093.23529411765
310000.0,516944.9917877448
275000.0,200936.93244246475
138000.0,291475.01516683516
460000.0,200936.93244246475
450000.0,412938.3522727273
1450000.0,516944.9917877448
225000.0,516944.9917877448
270000.0,267351.6029645315
160000.0,200936.93244246475
260000.0,342982.94088669954
300000.0,267351.6029645315
4500000.0,2430432.5064935065
225000.0,286147.98560700874
435000.0,785353.2034632035
646000.0,403803.02116402116
420000.0,365093.23529411765
249000.0,358226.3082706767
152000.0,286147.98560700874
86000.0,200936.93244246475
172500.0,200936.93244246475
175000.0,291475.01516683516
205000.0,286147.98560700874
985000.0,738258.6346153846
190000.0,342982.94088669954
142500.0,200936.93244246475
275000.0,342982.94088669954
430000.0,516944.9917877448
640000.0,744449.0
384893.0,562735.2483221476
470000.0,418946.89830508473
182600.0,200936.93244246475
870000.0,1827315.7894736843
267000.0,286147.98560700874
255000.0,286147.98560700874
499000.0,516944.9917877448
403800.0,286147.98560700874
1495000.0,2273214.285714286
250000.0,412938.3522727273
410000.0,511658.53658536583
375000.0,497401.9864364982
790000.0,684041.4696969697
380000.0,516944.9917877448
150000.0,200936.93244246475
183900.0,267351.6029645315
370000.0,286147.98560700874
187500.0,200936.93244246475
299900.0,753897.339055794
450000.0,365093.23529411765
460000.0,267351.6029645315
783900.0,753897.339055794
11800.0,200936.93244246475
49000.0,200936.93244246475
119000.0,516944.9917877448
750000.0,516944.9917877448
360000.0,594296.147826087
2375000.0,1524177.8839779005
399000.0,497401.9864364982
160500.0,200936.93244246475
295000.0,286147.98560700874
1500000.0,1277752.808988764
172000.0,267351.6029645315
320000.0,403101.6424242424
264000.0,516944.9917877448
350000.0,200936.93244246475
100000.0,365093.23529411765
1250000.0,1100893.119266055
660000.0,575612.015625
265375.0,267351.6029645315
342000.0,342982.94088669954
54900.0,286147.98560700874
925000.0,497401.9864364982
274100.0,267351.6029645315
299000.0,301593.97575757577
447000.0,733778.9817444219
375000.0,342982.94088669954
450000.0,365093.23529411765
490000.0,365093.23529411765
2425000.0,2021860.6333333333
265000.0,357118.4210526316
360000.0,291475.01516683516
295000.0,289105.55555555556
440000.0,516944.9917877448
202240.0,200936.93244246475
420000.0,516944.9917877448
220000.0,516944.9917877448
650000.0,1524177.8839779005
755000.0,738258.6346153846
400500.0,286147.98560700874
205000.0,286147.98560700874
445000.0,718740.6677018633
359000.0,575612.015625
650000.0,785353.2034632035
725000.0,403803.02116402116
250000.0,200936.93244246475
179500.0,200936.93244246475
180000.0,516944.9917877448
535000.0,497401.9864364982
287500.0,286147.98560700874
380000.0,714538.4615384615
295000.0,200936.93244246475
400000.0,286147.98560700874
600000.0,342982.94088669954
930000.0,787940.4761904762
579000.0,365093.23529411765
167500.0,798450.7593880389
230000.0,291475.01516683516
275000.0,267351.6029645315
230000.0,398676.9759450172
55000.0,200936.93244246475
325000.0,365093.23529411765
446500.0,497401.9864364982
460000.0,403803.02116402116
896500.0,617582.8846153846
480000.0,365093.23529411765
249000.0,403803.02116402116
465105.0,403803.02116402116
368000.0,594296.147826087
332500.0,267351.6029645315
580000.0,938076.5765765766
725000.0,286147.98560700874
1680000.0,1524177.8839779005
612000.0,365093.23529411765
330000.0,286147.98560700874
85000.0,200936.93244246475
560000.0,365093.23529411765
210000.0,200936.93244246475
518000.0,403803.02116402116
220000.0,200936.93244246475
95000.0,200936.93244246475
429000.0,412938.3522727273
356850.0,267351.6029645315
450000.0,403101.6424242424
140000.0,286147.98560700874
135000.0,200936.93244246475
542430.0,403803.02116402116
229900.0,403803.02116402116
226950.0,267351.6029645315
298500.0,286147.98560700874
269900.0,200936.93244246475
420000.0,286147.98560700874
344000.0,286147.98560700874
780000.0,733778.9817444219
1745000.0,1277752.808988764
397000.0,733778.9817444219
1299000.0,995000.0
230000.0,733778.9817444219
545000.0,342982.94088669954
195000.0,291475.01516683516
35000.0,798450.7593880389
500000.0,753897.339055794
152000.0,200936.93244246475
190000.0,200936.93244246475
129500.0,200936.93244246475
425000.0,342982.94088669954
295000.0,365093.23529411765
396000.0,365093.23529411765
1950000.0,753897.339055794
1090000.0,2862967.4025974027
690000.0,1265740.49122807
399900.0,454090.62152777775
655000.0,733778.9817444219
260000.0,267351.6029645315
323680.0,286147.98560700874
370000.0,1100893.119266055
950000.0,610345.205479452
340000.0,267351.6029645315
375000.0,398676.9759450172
350000.0,516944.9917877448
80000.0,200936.93244246475
175000.0,365093.23529411765
1000000.0,718740.6677018633
315000.0,403803.02116402116
325500.0,286147.98560700874
420000.0,342982.94088669954
175000.0,286147.98560700874
256000.0,200936.93244246475
360000.0,200936.93244246475
155000.0,200936.93244246475
300000.0,200936.93244246475
1200000.0,615145.5454545454
187500.0,291475.01516683516
260000.0,200936.93244246475
316000.0,267351.6029645315
275000.0,286147.98560700874
27000.0,286147.98560700874
840000.0,626833.0266666666
120000.0,200936.93244246475
335000.0,403803.02116402116
193000.0,200936.93244246475
690000.0,1484444.4444444445
289500.0,365093.23529411765
58500.0,200936.93244246475
1060000.0,516944.9917877448
139000.0,267351.6029645315
230000.0,365093.23529411765
69500.0,200936.93244246475
1070000.0,610345.205479452
160000.0,516944.9917877448
295000.0,617582.8846153846
39900.0,286147.98560700874
165000.0,200936.93244246475
750000.0,365093.23529411765
250000.0,286147.98560700874
195000.0,291475.01516683516
32000.0,286147.98560700874
1300000.0,798450.7593880389
680000.0,365093.23529411765
1060000.0,938076.5765765766
540000.0,516944.9917877448
2200000.0,1165000.0
169000.0,200936.93244246475
310000.0,200936.93244246475
290000.0,286147.98560700874
300000.0,365093.23529411765
745000.0,738258.6346153846
1350000.0,738258.6346153846
234000.0,291475.01516683516
55000.0,286147.98560700874
1050000.0,1181733.8366197185
1055000.0,1277752.808988764
270000.0,438061.125
1300000.0,798450.7593880389
568000.0,365093.23529411765
495000.0,1786363.6363636365
558500.0,516944.9917877448
260000.0,286147.98560700874
575000.0,511658.53658536583
485000.0,342982.94088669954
240000.0,200936.93244246475
77000.0,286147.98560700874
360000.0,365093.23529411765
1365000.0,2862967.4025974027
320000.0,516944.9917877448
650000.0,286147.98560700874
249000.0,342982.94088669954
430000.0,286147.98560700874
38500.0,365093.23529411765
348000.0,497401.9864364982
260000.0,286147.98560700874
620000.0,365093.23529411765
200000.0,286147.98560700874
75000.0,497906.2417582418
395000.0,718740.6677018633
352000.0,365093.23529411765
280000.0,200936.93244246475
192000.0,200936.93244246475
829500.0,562735.2483221476
202240.0,200936.93244246475
395000.0,286147.98560700874
70000.0,200936.93244246475
370000.0,342982.94088669954
55000.0,516944.9917877448
266000.0,511658.53658536583
445000.0,718740.6677018633
685000.0,753897.339055794
410000.0,365093.23529411765
290000.0,365093.23529411765
280000.0,286147.98560700874
480000.0,497401.9864364982
654000.0,744449.0
348000.0,311228.07042253524
435000.0,403803.02116402116
700000.0,365093.23529411765
350000.0,610345.205479452
490000.0,365093.23529411765
279000.0,454090.62152777775
279000.0,511658.53658536583
289000.0,454090.62152777775
170000.0,286147.98560700874
439000.0,286147.98560700874
395000.0,365093.23529411765
880000.0,795787.4549549549
12000.0,200936.93244246475
223000.0,291475.01516683516
160000.0,200936.93244246475
435000.0,365093.23529411765
402000.0,200936.93244246475
289900.0,259954.54545454544
85000.0,286147.98560700874
490000.0,365093.23529411765
340000.0,365093.23529411765
540000.0,286147.98560700874
199000.0,291475.01516683516
340000.0,412938.3522727273
198000.0,798450.7593880389
375000.0,342982.94088669954
335000.0,497401.9864364982
1199000.0,743333.3333333334
270000.0,311228.07042253524
74000.0,200936.93244246475
650000.0,516944.9917877448
624500.0,200936.93244246475
90000.0,365093.23529411765
328000.0,365093.23529411765
610000.0,200936.93244246475
190000.0,200936.93244246475
1150000.0,516944.9917877448
225000.0,200936.93244246475
1030000.0,785353.2034632035
240000.0,267351.6029645315
273400.0,286147.98560700874
320000.0,403803.02116402116
350000.0,733778.9817444219
320000.0,342982.94088669954
745000.0,511658.53658536583
249900.0,365093.23529411765
1500000.0,1249133.8392857143
149900.0,286147.98560700874
106500.0,200936.93244246475
350000.0,684041.4696969697
379000.0,365093.23529411765
385000.0,412938.3522727273
420000.0,365093.23529411765
250000.0,497401.9864364982
180000.0,267351.6029645315
330000.0,286147.98560700874
750000.0,403101.6424242424
284000.0,342982.94088669954
475000.0,311228.07042253524
235000.0,286147.98560700874
285000.0,286147.98560700874
575000.0,516944.9917877448
230000.0,286147.98560700874
850000.0,1484444.4444444445
950000.0,798450.7593880389
157000.0,291475.01516683516
505000.0,286147.98560700874
352305.0,267351.6029645315
284000.0,342982.94088669954
790000.0,684041.4696969697
160000.0,200936.93244246475
450000.0,798450.7593880389
285000.0,403803.02116402116
252000.0,286147.98560700874
240000.0,365093.23529411765
380000.0,311228.07042253524
515000.0,516944.9917877448
23500.0,200936.93244246475
107000.0,365093.23529411765
600000.0,798450.7593880389
196700.0,267351.6029645315
315000.0,516944.9917877448
188277.0,267351.6029645315
600000.0,733778.9817444219
215000.0,403101.6424242424
335000.0,365093.23529411765
1600000.0,2021860.6333333333
250000.0,200936.93244246475
2400000.0,2430432.5064935065
235000.0,286147.98560700874
120000.0,286147.98560700874
285000.0,286147.98560700874
440000.0,718740.6677018633
367500.0,497401.9864364982
185000.0,200936.93244246475
362200.0,342982.94088669954
407100.0,267351.6029645315
270000.0,267351.6029645315
275900.0,267351.6029645315
196000.0,286147.98560700874
205000.0,200936.93244246475
210000.0,286147.98560700874
195900.0,200936.93244246475
575000.0,200936.93244246475
280000.0,291475.01516683516
256000.0,342982.94088669954
249900.0,267351.6029645315
275000.0,562735.2483221476
470000.0,403803.02116402116
350000.0,497401.9864364982
318500.0,610345.205479452
250000.0,291475.01516683516
430000.0,200936.93244246475
395000.0,798450.7593880389
340000.0,365093.23529411765
215000.0,403101.6424242424
398179.0,200936.93244246475
370000.0,412938.3522727273
375000.0,286147.98560700874
99500.0,388176.4705882353
365000.0,286147.98560700874
230000.0,516944.9917877448
495000.0,497401.9864364982
259000.0,342982.94088669954
485000.0,753897.339055794
900000.0,1181733.8366197185
210000.0,516944.9917877448
494000.0,744449.0
370000.0,511658.53658536583
1750000.0,1165000.0
270000.0,365093.23529411765
570264.0,497401.9864364982
60000.0,200936.93244246475
215000.0,286147.98560700874
350000.0,267351.6029645315
90000.0,365093.23529411765
1150000.0,1649191.9960000003
598500.0,718740.6677018633
214000.0,286147.98560700874
2700000.0,2862967.4025974027
5950000.0,3978000.0
296000.0,267351.6029645315
160000.0,286147.98560700874
475000.0,594296.147826087
2700000.0,2021860.6333333333
352775.0,403803.02116402116
189900.0,267351.6029645315
145000.0,200936.93244246475
370500.0,497906.2417582418
278700.0,267351.6029645315
185000.0,454090.62152777775
206000.0,200936.93244246475
48000.0,200936.93244246475
250000.0,365093.23529411765
497500.0,365093.23529411765
510000.0,412938.3522727273
2200000.0,2430432.5064935065
490000.0,286147.98560700874
850000.0,798450.7593880389
310000.0,200936.93244246475
775000.0,286147.98560700874
270000.0,267351.6029645315
349500.0,365093.23529411765
325000.0,403803.02116402116
568000.0,511658.53658536583
320000.0,523130.54054054053
380000.0,412938.3522727273
315000.0,200936.93244246475
646000.0,798450.7593880389
490000.0,516944.9917877448
995000.0,798450.7593880389
450000.0,267351.6029645315
195000.0,200936.93244246475
455000.0,523130.54054054053
250000.0,200936.93244246475
139800.0,200936.93244246475
240000.0,208327.08396946566
80000.0,200936.93244246475
55000.0,200936.93244246475
260000.0,798450.7593880389
195000.0,286147.98560700874
549000.0,403803.02116402116
189500.0,311228.07042253524
556096.0,403803.02116402116
435000.0,523130.54054054053
915000.0,575612.015625
47500.0,365093.23529411765
1250000.0,921057.9831932773
299300.0,286147.98560700874
215000.0,267351.6029645315
340000.0,365093.23529411765
225000.0,267351.6029645315
199000.0,200936.93244246475
215000.0,200936.93244246475
170000.0,267351.6029645315
340000.0,539732.6481481482
195000.0,286147.98560700874
450000.0,200936.93244246475
138900.0,267351.6029645315
349500.0,365093.23529411765
350000.0,286147.98560700874
870000.0,718740.6677018633
215000.0,497401.9864364982
189000.0,267351.6029645315
219000.0,311228.07042253524
520000.0,733778.9817444219
699950.0,365093.23529411765
149000.0,286147.98560700874
330000.0,516944.9917877448
235000.0,267351.6029645315
349000.0,365093.23529411765
169000.0,342982.94088669954
575000.0,617582.8846153846
950000.0,738258.6346153846
595000.0,403101.6424242424
135000.0,200936.93244246475
425000.0,286147.98560700874
1250000.0,1524177.8839779005
35000.0,286147.98560700874
650000.0,403101.6424242424
195000.0,267351.6029645315
295000.0,795787.4549549549
165000.0,365093.23529411765
375000.0,365093.23529411765
640000.0,798450.7593880389
420000.0,511658.53658536583
320000.0,200936.93244246475
695000.0,733778.9817444219
365000.0,398676.9759450172
189000.0,286147.98560700874
308900.0,342982.94088669954
670000.0,798450.7593880389
1100000.0,798450.7593880389
599500.0,744449.0
1300000.0,798450.7593880389
199900.0,286147.98560700874
350000.0,286147.98560700874
180000.0,516944.9917877448
65000.0,200936.93244246475
159900.0,267351.6029645315
850000.0,575612.015625
750000.0,291475.01516683516
170000.0,200936.93244246475
2900000.0,1524177.8839779005
470010.0,403803.02116402116
530000.0,516944.9917877448
1180000.0,1181733.8366197185
195000.0,267351.6029645315
780000.0,2021860.6333333333
700000.0,403803.02116402116
158000.0,200936.93244246475
400000.0,365093.23529411765
290000.0,684041.4696969697
995000.0,516944.9917877448
120000.0,286147.98560700874
60000.0,200936.93244246475
875000.0,516944.9917877448
145000.0,267351.6029645315
485000.0,454090.62152777775
1890000.0,1390646.551724138
750000.0,610345.205479452
350000.0,365093.23529411765
69500.0,200936.93244246475
380000.0,403101.6424242424
898000.0,525149.3953488372
289900.0,259954.54545454544
210000.0,286147.98560700874
330000.0,178133.33333333334
219000.0,286147.98560700874
79000.0,291475.01516683516
184000.0,200936.93244246475
185000.0,200936.93244246475
225000.0,267351.6029645315
370000.0,365093.23529411765
2100000.0,1265740.49122807
635000.0,575612.015625
165000.0,291475.01516683516
560000.0,365093.23529411765
675000.0,497401.9864364982
189000.0,342982.94088669954
235000.0,358226.3082706767
285600.0,342982.94088669954
490000.0,718740.6677018633
780000.0,995000.0
275000.0,798450.7593880389
535000.0,403101.6424242424
300000.0,403803.02116402116
430000.0,286147.98560700874
282464.0,342982.94088669954
910000.0,714538.4615384615
45000.0,200936.93244246475
165000.0,286147.98560700874
405000.0,403803.02116402116
349000.0,403101.6424242424
395000.0,622540.0
700000.0,365093.23529411765
1390000.0,2862967.4025974027
450000.0,365093.23529411765
1180000.0,738258.6346153846
600000.0,516944.9917877448
570000.0,798450.7593880389
45000.0,200936.93244246475
725000.0,1202825.0
915000.0,1100893.119266055
180000.0,286147.98560700874
495000.0,497906.2417582418
280000.0,626833.0266666666
309500.0,291475.01516683516
425000.0,1265740.49122807
335000.0,412938.3522727273
50000.0,365093.23529411765
610000.0,744449.0
750000.0,497401.9864364982
19500.0,200936.93244246475
278000.0,200936.93244246475
440000.0,516944.9917877448
168000.0,200936.93244246475
739990.0,1181733.8366197185
475000.0,412938.3522727273
115000.0,200936.93244246475
360000.0,357118.4210526316
1154100.0,562735.2483221476
410000.0,286147.98560700874
440000.0,365093.23529411765
55000.0,200936.93244246475
42000.0,365093.23529411765
232000.0,200936.93244246475
750000.0,785353.2034632035
1650000.0,1100893.119266055
650000.0,516944.9917877448
75000.0,200936.93244246475
350000.0,267351.6029645315
501280.0,286147.98560700874
550000.0,575612.015625
267500.0,403803.02116402116
930000.0,733778.9817444219
368369.0,342982.94088669954
195000.0,267351.6029645315
460000.0,267351.6029645315
1150000.0,1181733.8366197185
575000.0,610345.205479452
770000.0,787940.4761904762
780000.0,733778.9817444219
175000.0,200936.93244246475
268000.0,795787.4549549549
925000.0,1181733.8366197185
300000.0,365093.23529411765
324500.0,753897.339055794
506100.0,403803.02116402116
625500.0,497401.9864364982
190000.0,200936.93244246475
385000.0,311228.07042253524
195000.0,286147.98560700874
92500.0,365093.23529411765
880000.0,365093.23529411765
255000.0,301593.97575757577
320000.0,516944.9917877448
260000.0,403803.02116402116
595000.0,1390646.551724138
459500.0,744449.0
750000.0,365093.23529411765
279800.0,398676.9759450172
380000.0,365093.23529411765
630000.0,395913.0081300813
269000.0,403803.02116402116
90000.0,286147.98560700874
220000.0,365093.23529411765
387000.0,798450.7593880389
330000.0,365093.23529411765
110000.0,200936.93244246475
413400.0,403101.6424242424
27250.0,286147.98560700874
1405000.0,1181733.8366197185
165000.0,342982.94088669954
425000.0,267351.6029645315
756000.0,744449.0
758333.0,516944.9917877448
850000.0,744449.0
349900.0,511658.53658536583
259000.0,403803.02116402116
280000.0,286147.98560700874
985000.0,1100893.119266055
575000.0,525149.3953488372
485000.0,718740.6677018633
2000000.0,1612232.7894736843
2000000.0,2862967.4025974027
235000.0,403101.6424242424
265000.0,286147.98560700874
575000.0,516944.9917877448
365000.0,525149.3953488372
65000.0,286147.98560700874
110000.0,365093.23529411765
297000.0,200936.93244246475
259900.0,291475.01516683516
550000.0,626833.0266666666
50000.0,200936.93244246475
730000.0,1408402.7777777778
325000.0,454090.62152777775
299000.0,286147.98560700874
65000.0,286147.98560700874
459000.0,610345.205479452
777000.0,570352.2276785715
695000.0,497401.9864364982
348000.0,286147.98560700874
25000.0,365093.23529411765
272000.0,267351.6029645315
150000.0,200936.93244246475
675000.0,516944.9917877448
117000.0,200936.93244246475
215000.0,200936.93244246475
367045.0,594296.147826087
545000.0,1100893.119266055
885000.0,733778.9817444219
360000.0,200936.93244246475
315000.0,311228.07042253524
340000.0,286147.98560700874
189000.0,286147.98560700874
349000.0,286147.98560700874
225000.0,200936.93244246475
390000.0,733778.9817444219
611000.0,570352.2276785715
30000.0,286147.98560700874
235000.0,342982.94088669954
271465.0,267351.6029645315
650000.0,497401.9864364982
445200.0,403101.6424242424
105000.0,200936.93244246475
280000.0,358226.3082706767
470000.0,342982.94088669954
278720.0,403101.6424242424
262300.0,286147.98560700874
339500.0,1181733.8366197185
850000.0,785353.2034632035
520000.0,365093.23529411765
250000.0,267351.6029645315
299900.0,311228.07042253524
399000.0,357118.4210526316
390000.0,733778.9817444219
670000.0,454090.62152777775
155000.0,200936.93244246475
1850000.0,1277752.808988764
30000.0,365093.23529411765
62471.0,200936.93244246475
106000.0,365093.23529411765
249500.0,286147.98560700874
480000.0,365093.23529411765
215000.0,208327.08396946566
700000.0,684041.4696969697
3750000.0,1277752.808988764
280000.0,200936.93244246475
320000.0,286147.98560700874
58000.0,286147.98560700874
450000.0,511658.53658536583
429000.0,610345.205479452
350000.0,516944.9917877448
298400.0,267351.6029645315
580000.0,301593.97575757577
1320000.0,246500.0
290000.0,365093.23529411765
320000.0,286147.98560700874
45000.0,365093.23529411765
389000.0,511658.53658536583
310000.0,286147.98560700874
295000.0,286147.98560700874
1400000.0,2235909.090909091
280000.0,200936.93244246475
250000.0,516944.9917877448
225000.0,497401.9864364982
450000.0,516944.9917877448
299000.0,267351.6029645315
199900.0,200936.93244246475
295900.0,357118.4210526316
145000.0,200936.93244246475
2375000.0,1277752.808988764
345000.0,562735.2483221476
298000.0,286147.98560700874
195000.0,200936.93244246475
1000000.0,795787.4549549549
1350000.0,1524177.8839779005
160000.0,286147.98560700874
180000.0,286147.98560700874
446560.0,286147.98560700874
830000.0,286147.98560700874
390000.0,395913.0081300813
410000.0,684041.4696969697
850000.0,403101.6424242424
255000.0,200936.93244246475
80000.0,286147.98560700874
280000.0,291475.01516683516
370000.0,342982.94088669954
110000.0,200936.93244246475
4500000.0,1701428.5714285714
290000.0,267351.6029645315
1250000.0,1100893.119266055
299000.0,342982.94088669954
191000.0,342982.94088669954
165000.0,267351.6029645315
491000.0,342982.94088669954
230000.0,286147.98560700874
1480000.0,2235909.090909091
430000.0,516944.9917877448
490000.0,516944.9917877448
356000.0,403803.02116402116
849000.0,1265740.49122807
163500.0,311228.07042253524
70000.0,200936.93244246475
320000.0,418946.89830508473
155000.0,516944.9917877448
239000.0,365093.23529411765
29900.0,200936.93244246475
365000.0,798450.7593880389
188000.0,291475.01516683516
107000.0,286147.98560700874
290000.0,200936.93244246475
255000.0,200936.93244246475
600000.0,938076.5765765766
590000.0,454090.62152777775
590000.0,395913.0081300813
470000.0,395913.0081300813
35000.0,200936.93244246475
320000.0,291475.01516683516
188000.0,342982.94088669954
340000.0,327328.94736842107
210000.0,798450.7593880389
153000.0,200936.93244246475
950000.0,738258.6346153846
405000.0,286147.98560700874
291000.0,200936.93244246475
790000.0,1277752.808988764
172500.0,454090.62152777775
474000.0,539732.6481481482
501500.0,286147.98560700874
224000.0,403803.02116402116
255000.0,291475.01516683516
135000.0,516944.9917877448
530000.0,733778.9817444219
350000.0,286147.98560700874
450000.0,798450.7593880389
236550.0,200936.93244246475
690000.0,798450.7593880389
823000.0,718740.6677018633
270000.0,516944.9917877448
260000.0,200936.93244246475
884000.0,575612.015625
191000.0,208327.08396946566
620000.0,511658.53658536583
480000.0,516944.9917877448
230000.0,286147.98560700874
435000.0,365093.23529411765
385000.0,365093.23529411765
750000.0,570352.2276785715
141500.0,200936.93244246475
320000.0,286147.98560700874
470000.0,286147.98560700874
350000.0,200936.93244246475
140000.0,291475.01516683516
399900.0,286147.98560700874
15000.0,365093.23529411765
860000.0,594296.147826087
330000.0,357118.4210526316
158000.0,286147.98560700874
570000.0,511658.53658536583
1395000.0,1100893.119266055
235000.0,200936.93244246475
450000.0,798450.7593880389
200000.0,291475.01516683516
850000.0,1324280.487804878
395000.0,795787.4549549549
925000.0,497906.2417582418
350000.0,365093.23529411765
205000.0,208327.08396946566
55000.0,286147.98560700874
199000.0,200936.93244246475
485000.0,342982.94088669954
8500000.0,798450.7593880389
550000.0,516944.9917877448
265000.0,267351.6029645315
670000.0,733778.9817444219
179500.0,286147.98560700874
27500.0,286147.98560700874
191000.0,200936.93244246475
320000.0,516944.9917877448
35000.0,286147.98560700874
650000.0,403803.02116402116
148000.0,286147.98560700874
368835.0,267351.6029645315
425000.0,516944.9917877448
280000.0,200936.93244246475
440000.0,395913.0081300813
1200000.0,525149.3953488372
350000.0,200936.93244246475
192000.0,438061.125
600000.0,1075327.7441860465
440000.0,516944.9917877448
345000.0,365093.23529411765
999000.0,1524177.8839779005
198000.0,365093.23529411765
510000.0,798450.7593880389
220000.0,516944.9917877448
650000.0,511658.53658536583
178000.0,200936.93244246475
590000.0,744449.0
475000.0,286147.98560700874
33000.0,200936.93244246475
338000.0,200936.93244246475
245000.0,200936.93244246475
285000.0,286147.98560700874
375000.0,200936.93244246475
500000.0,454090.62152777775
160000.0,516944.9917877448
795000.0,615145.5454545454
70000.0,200936.93244246475
620000.0,511658.53658536583
480500.0,286147.98560700874
270000.0,291475.01516683516
490000.0,511658.53658536583
289500.0,286147.98560700874
387500.0,714538.4615384615
630000.0,718740.6677018633
345000.0,497401.9864364982
375000.0,412938.3522727273
730000.0,626833.0266666666
180000.0,267351.6029645315
398000.0,365093.23529411765
564800.0,798450.7593880389
287000.0,267351.6029645315
40000.0,200936.93244246475
199900.0,267351.6029645315
142000.0,286147.98560700874
365000.0,200936.93244246475
125000.0,365093.23529411765
335700.0,718740.6677018633
335000.0,403803.02116402116
390000.0,301593.97575757577
775000.0,583628.8659793815
3120000.0,2125937.5
85000.0,200936.93244246475
275500.0,267351.6029645315
1520000.0,795787.4549549549
345000.0,259954.54545454544
380000.0,570352.2276785715
394000.0,412938.3522727273
120000.0,200936.93244246475
160000.0,200936.93244246475
420000.0,403101.6424242424
190000.0,342982.94088669954
750000.0,575612.015625
445000.0,718740.6677018633
368000.0,200936.93244246475
280000.0,200936.93244246475
290000.0,403101.6424242424
35000.0,286147.98560700874
35000.0,200936.93244246475
420000.0,511658.53658536583
970000.0,1649191.9960000003
670000.0,718740.6677018633
630000.0,365093.23529411765
305000.0,342982.94088669954
735000.0,497906.2417582418
160000.0,200936.93244246475
106000.0,342982.94088669954
165000.0,342982.94088669954
485000.0,733778.9817444219
634000.0,412938.3522727273
450000.0,562735.2483221476
189000.0,342982.94088669954
600000.0,497401.9864364982
58000.0,200936.93244246475
375000.0,921057.9831932773
360000.0,570352.2276785715
490000.0,516944.9917877448
197500.0,342982.94088669954
206000.0,200936.93244246475
221000.0,200936.93244246475
430000.0,365093.23529411765
160000.0,200936.93244246475
165000.0,301593.97575757577
170000.0,200936.93244246475
20000.0,286147.98560700874
250000.0,365093.23529411765
385000.0,798450.7593880389
425000.0,365093.23529411765
850000.0,403101.6424242424
870000.0,575612.015625
471200.0,342982.94088669954
275000.0,365093.23529411765
275000.0,200936.93244246475
158000.0,267351.6029645315
52500.0,516944.9917877448
275000.0,267351.6029645315
394280.0,286147.98560700874
365000.0,200936.93244246475
500000.0,744449.0
307500.0,291475.01516683516
270000.0,286147.98560700874
544000.0,798450.7593880389
882500.0,714538.4615384615
170000.0,365093.23529411765
230000.0,365093.23529411765
180000.0,286147.98560700874
30000.0,200936.93244246475
135000.0,286147.98560700874
285000.0,497401.9864364982
98000.0,286147.98560700874
520000.0,438061.125
1295000.0,1656000.0
1200000.0,454090.62152777775
1790000.0,1181733.8366197185
545000.0,718740.6677018633
450000.0,516944.9917877448
219000.0,267351.6029645315
265000.0,200936.93244246475
261000.0,403101.6424242424
699000.0,617582.8846153846
580000.0,516944.9917877448
210000.0,286147.98560700874
360000.0,412938.3522727273
160000.0,267351.6029645315
27500.0,200936.93244246475
245000.0,286147.98560700874
710000.0,714538.4615384615
150000.0,286147.98560700874
690000.0,1701428.5714285714
699000.0,785353.2034632035
97450.0,365093.23529411765
135000.0,291475.01516683516
1300000.0,365093.23529411765
100000.0,286147.98560700874
157500.0,267351.6029645315
99000.0,516944.9917877448
295000.0,286147.98560700874
29500.0,200936.93244246475
395000.0,200936.93244246475
269000.0,200936.93244246475
165000.0,200936.93244246475
345000.0,200936.93244246475
152500.0,291475.01516683516
520000.0,921057.9831932773
695000.0,798450.7593880389
1207500.0,718740.6677018633
475000.0,454090.62152777775
360000.0,365093.23529411765
850000.0,365093.23529411765
500000.0,403803.02116402116
320000.0,311228.07042253524
885000.0,570352.2276785715
237500.0,357118.4210526316
750000.0,795787.4549549549
335000.0,291475.01516683516
450000.0,403803.02116402116
229500.0,403803.02116402116
610000.0,610345.205479452
381600.0,342982.94088669954
449000.0,403803.02116402116
49950.0,516944.9917877448
85000.0,200936.93244246475
350000.0,798450.7593880389
255000.0,286147.98560700874
1844242.0,1265740.49122807
520000.0,516944.9917877448
330000.0,418946.89830508473
472056.0,291475.01516683516
219900.0,342982.94088669954
1500000.0,291475.01516683516
390200.0,342982.94088669954
575000.0,562735.2483221476
1450000.0,798450.7593880389
345000.0,267351.6029645315
280000.0,286147.98560700874
330000.0,291475.01516683516
295000.0,311228.07042253524
1250000.0,516944.9917877448
512500.0,365093.23529411765
560000.0,798450.7593880389
375000.0,286147.98560700874
895000.0,795787.4549549549
500000.0,570352.2276785715
1200000.0,365093.23529411765
98000.0,286147.98560700874
550000.0,454090.62152777775
595000.0,1390646.551724138
365000.0,412938.3522727273
690000.0,365093.23529411765
250000.0,286147.98560700874
640000.0,718740.6677018633
495000.0,626833.0266666666
345000.0,403803.02116402116
295000.0,291475.01516683516
1000000.0,497401.9864364982
850000.0,798450.7593880389
398000.0,365093.23529411765
1950000.0,2430432.5064935065
170000.0,200936.93244246475
485000.0,342982.94088669954
460000.0,516944.9917877448
748500.0,798450.7593880389
120000.0,516944.9917877448
1200000.0,1181733.8366197185
170000.0,798450.7593880389
498000.0,516944.9917877448
119000.0,267351.6029645315
420000.0,418946.89830508473
85000.0,200936.93244246475
1200000.0,200936.93244246475
159000.0,286147.98560700874
595000.0,497401.9864364982
65000.0,286147.98560700874
750000.0,594296.147826087
940000.0,795787.4549549549
199000.0,200936.93244246475
199900.0,267351.6029645315
575000.0,200936.93244246475
399900.0,342982.94088669954
265000.0,365093.23529411765
825000.0,497401.9864364982
409605.0,291475.01516683516
350000.0,286147.98560700874
130000.0,286147.98560700874
450000.0,516944.9917877448
97000.0,200936.93244246475
641300.0,615145.5454545454
280000.0,286147.98560700874
365000.0,403803.02116402116
310000.0,404260.5263157895
630000.0,497401.9864364982
182500.0,267351.6029645315
465000.0,733778.9817444219
580000.0,744449.0
550000.0,626833.0266666666
350000.0,200936.93244246475
399500.0,342982.94088669954
192000.0,267351.6029645315
1180000.0,403803.02116402116
189900.0,342982.94088669954
575000.0,286147.98560700874
375000.0,511658.53658536583
415000.0,418946.89830508473
425000.0,516944.9917877448
1200000.0,733778.9817444219
575000.0,454090.62152777775
504899.0,412938.3522727273
290000.0,267351.6029645315
397488.0,267351.6029645315
313500.0,267351.6029645315
305000.0,398676.9759450172
282000.0,267351.6029645315
665000.0,733778.9817444219
420000.0,497906.2417582418
220000.0,267351.6029645315
539000.0,626833.0266666666
145000.0,291475.01516683516
300000.0,365093.23529411765
425000.0,267351.6029645315
414500.0,418946.89830508473
397500.0,342982.94088669954
120000.0,403803.02116402116
249500.0,267351.6029645315
460000.0,291475.01516683516
530000.0,1200000.0
198500.0,200936.93244246475
340000.0,365093.23529411765
299000.0,200936.93244246475
175000.0,200936.93244246475
975000.0,594296.147826087
24500.0,200936.93244246475
280000.0,327328.94736842107
250000.0,200936.93244246475
199500.0,286147.98560700874
850000.0,516944.9917877448
226000.0,200936.93244246475
550000.0,733778.9817444219
360000.0,267351.6029645315
225000.0,200936.93244246475
235900.0,267351.6029645315
280000.0,516944.9917877448
80000.0,200936.93244246475
269500.0,365093.23529411765
350000.0,403101.6424242424
293000.0,365093.23529411765
636500.0,795787.4549549549
275000.0,200936.93244246475
287000.0,403803.02116402116
290000.0,286147.98560700874
589000.0,398676.9759450172
224500.0,311228.07042253524
400000.0,365093.23529411765
680000.0,718740.6677018633
465000.0,516944.9917877448
310000.0,286147.98560700874
365000.0,342982.94088669954
739000.0,718740.6677018633
1250000.0,1155493.4428571428
1200000.0,286147.98560700874
215000.0,200936.93244246475
495000.0,575612.015625
840000.0,358226.3082706767
290000.0,403101.6424242424
561000.0,583628.8659793815
330000.0,200936.93244246475
61150.0,286147.98560700874
400000.0,438061.125
510000.0,798450.7593880389
550000.0,286147.98560700874
189000.0,200936.93244246475
805000.0,684041.4696969697
380000.0,583628.8659793815
32000.0,365093.23529411765
495000.0,511658.53658536583
430350.0,403803.02116402116
390000.0,516944.9917877448
120000.0,200936.93244246475
160000.0,291475.01516683516
165000.0,267351.6029645315
570000.0,738258.6346153846
395000.0,286147.98560700874
435000.0,286147.98560700874
335000.0,516944.9917877448
430000.0,626833.0266666666
180000.0,200936.93244246475
995000.0,1324280.487804878
479000.0,454090.62152777775
390000.0,286147.98560700874
310000.0,267351.6029645315
205000.0,291475.01516683516
530000.0,286147.98560700874
357500.0,311228.07042253524
495000.0,395913.0081300813
242500.0,200936.93244246475
220000.0,286147.98560700874
3490000.0,1277752.808988764
640000.0,365093.23529411765
950000.0,733778.9817444219
330000.0,403101.6424242424
250000.0,286147.98560700874
1050000.0,1786363.6363636365
780000.0,733778.9817444219
2500000.0,1277752.808988764
350000.0,358226.3082706767
400000.0,365093.23529411765
150000.0,365093.23529411765
160000.0,311228.07042253524
450000.0,1390646.551724138
297500.0,200936.93244246475
199000.0,291475.01516683516
162000.0,200936.93244246475
390000.0,286147.98560700874
398000.0,733778.9817444219
70000.0,200936.93244246475
185000.0,365093.23529411765
159500.0,286147.98560700874
595000.0,286147.98560700874
114900.0,286147.98560700874
270000.0,454090.62152777775
49000.0,365093.23529411765
395000.0,714538.4615384615
265000.0,365093.23529411765
199000.0,267351.6029645315
1250000.0,1277752.808988764
210000.0,200936.93244246475
135000.0,208327.08396946566
83000.0,200936.93244246475
1875000.0,2386500.0
600000.0,403101.6424242424
378000.0,200936.93244246475
219000.0,286147.98560700874
205000.0,200936.93244246475
500000.0,798450.7593880389
273000.0,291475.01516683516
390000.0,412938.3522727273
248000.0,403101.6424242424
330000.0,267351.6029645315
105000.0,516944.9917877448
181000.0,200936.93244246475
710000.0,610345.205479452
95000.0,365093.23529411765
185000.0,267351.6029645315
349000.0,787940.4761904762
304500.0,525149.3953488372
85000.0,200936.93244246475
290000.0,398676.9759450172
1800000.0,1649191.9960000003
185000.0,200936.93244246475
375000.0,398676.9759450172
680000.0,365093.23529411765
40000.0,365093.23529411765
340000.0,511658.53658536583
399000.0,365093.23529411765
1150000.0,626833.0266666666
407000.0,286147.98560700874
495000.0,412938.3522727273
495000.0,497906.2417582418
190000.0,286147.98560700874
1100000.0,795787.4549549549
1350000.0,2273214.285714286
290000.0,365093.23529411765
365100.0,267351.6029645315
149900.0,286147.98560700874
550000.0,516944.9917877448
448292.0,291475.01516683516
237000.0,291475.01516683516
175000.0,267351.6029645315
425000.0,511658.53658536583
29500.0,286147.98560700874
1600000.0,1265740.49122807
770000.0,753897.339055794
367000.0,200936.93244246475
866250.0,365093.23529411765
325000.0,365093.23529411765
375000.0,286147.98560700874
234500.0,365093.23529411765
330000.0,286147.98560700874
770000.0,684041.4696969697
378000.0,200936.93244246475
31500.0,301593.97575757577
695000.0,575612.015625
990000.0,1100893.119266055
235000.0,200936.93244246475
235000.0,200936.93244246475
73000.0,365093.23529411765
795000.0,795787.4549549549
229000.0,291475.01516683516
170000.0,200936.93244246475
495000.0,365093.23529411765
159000.0,286147.98560700874
685000.0,403101.6424242424
155000.0,286147.98560700874
290000.0,286147.98560700874
1700000.0,1277752.808988764
180000.0,200936.93244246475
500000.0,365093.23529411765
760000.0,523130.54054054053
280000.0,365093.23529411765
1138637.0,718740.6677018633
370000.0,403101.6424242424
850000.0,1524177.8839779005
850000.0,438061.125
665500.0,403803.02116402116
275000.0,286147.98560700874
180000.0,365093.23529411765
349000.0,286147.98560700874
245000.0,342982.94088669954
375000.0,516944.9917877448
13000.0,200936.93244246475
285000.0,267351.6029645315
352900.0,523130.54054054053
95000.0,286147.98560700874
499000.0,365093.23529411765
221000.0,200936.93244246475
1844242.0,1265740.49122807
13000.0,200936.93244246475
855930.0,291475.01516683516
37000.0,286147.98560700874
270000.0,200936.93244246475
350000.0,594296.147826087
278451.0,267351.6029645315
385000.0,412938.3522727273
202900.0,200936.93244246475
756000.0,798450.7593880389
530100.0,497401.9864364982
790000.0,365093.23529411765
740000.0,365093.23529411765
135000.0,267351.6029645315
199000.0,200936.93244246475
310000.0,1100893.119266055
1347349.0,798450.7593880389
850000.0,438061.125
19900.0,200936.93244246475
3150000.0,2862967.4025974027
710000.0,753897.339055794
512500.0,286147.98560700874
185000.0,365093.23529411765
745000.0,497401.9864364982
265000.0,301593.97575757577
375000.0,539732.6481481482
190000.0,200936.93244246475
390000.0,342982.94088669954
199000.0,286147.98560700874
244000.0,516944.9917877448
1190000.0,1277752.808988764
230000.0,286147.98560700874
1650000.0,1075327.7441860465
250000.0,516944.9917877448
390000.0,286147.98560700874
825000.0,583628.8659793815
413600.0,798450.7593880389
610000.0,398676.9759450172
210000.0,523130.54054054053
419640.0,286147.98560700874
270000.0,286147.98560700874
240000.0,395913.0081300813
295000.0,286147.98560700874
269000.0,365093.23529411765
1240000.0,795787.4549549549
490700.0,342982.94088669954
219000.0,403803.02116402116
330000.0,291475.01516683516
385000.0,286147.98560700874
359000.0,365093.23529411765
167500.0,365093.23529411765
400000.0,497401.9864364982
399000.0,516944.9917877448
85000.0,516944.9917877448
280000.0,286147.98560700874
285000.0,200936.93244246475
209000.0,398676.9759450172
790000.0,1075327.7441860465
429900.0,311228.07042253524
175000.0,286147.98560700874
325000.0,365093.23529411765
325000.0,267351.6029645315
1200000.0,795787.4549549549
420000.0,516944.9917877448
315000.0,403101.6424242424
200000.0,358226.3082706767
369900.0,516944.9917877448
85000.0,200936.93244246475
380000.0,403803.02116402116
140000.0,200936.93244246475
175000.0,200936.93244246475
705000.0,575612.015625
325000.0,291475.01516683516
1100000.0,516944.9917877448
65000.0,286147.98560700874
985000.0,738258.6346153846
260000.0,357118.4210526316
525000.0,365093.23529411765
900000.0,1277752.808988764
350000.0,798450.7593880389
210000.0,286147.98560700874
350000.0,365093.23529411765
580000.0,286147.98560700874
306990.0,286147.98560700874
275000.0,286147.98560700874
155000.0,626833.0266666666
165000.0,267351.6029645315
85000.0,286147.98560700874
275000.0,365093.23529411765
355000.0,286147.98560700874
499000.0,516944.9917877448
560000.0,511658.53658536583
551250.0,738258.6346153846
3750000.0,1408402.7777777778
320000.0,267351.6029645315
2980000.0,798450.7593880389
465500.0,403803.02116402116
320000.0,365093.23529411765
390000.0,286147.98560700874
649900.0,365093.23529411765
410000.0,291475.01516683516
55000.0,200936.93244246475
1399000.0,718740.6677018633
890000.0,365093.23529411765
140000.0,200936.93244246475
120000.0,516944.9917877448
349000.0,365093.23529411765
404640.0,286147.98560700874
60000.0,200936.93244246475
460000.0,200936.93244246475
85000.0,200936.93244246475
389000.0,403803.02116402116
275000.0,511658.53658536583
95000.0,200936.93244246475
545000.0,291475.01516683516
170000.0,200936.93244246475
1150000.0,795787.4549549549
172500.0,200936.93244246475
455800.0,403101.6424242424
87000.0,200936.93244246475
380000.0,286147.98560700874
3936889.44,2021860.6333333333
420000.0,365093.23529411765
390000.0,365093.23529411765
225000.0,200936.93244246475
199900.0,267351.6029645315
570000.0,1155493.4428571428
260000.0,995000.0
215000.0,200936.93244246475
680000.0,562735.2483221476
985000.0,785353.2034632035
1950000.0,1181733.8366197185
308270.0,539732.6481481482
385000.0,398676.9759450172
159900.0,286147.98560700874
1200000.0,744449.0
219000.0,267351.6029645315
280000.0,208327.08396946566
350000.0,342982.94088669954
475000.0,753897.339055794
630000.0,365093.23529411765
62000.0,286147.98560700874
299000.0,267351.6029645315
475000.0,286147.98560700874
290000.0,497401.9864364982
714000.0,516944.9917877448
430000.0,403101.6424242424
435000.0,200936.93244246475
350000.0,798450.7593880389
300000.0,267351.6029645315
370000.0,412938.3522727273
269500.0,200936.93244246475
399900.0,516944.9917877448
689000.0,365093.23529411765
460000.0,412938.3522727273
985000.0,798450.7593880389
155000.0,342982.94088669954
5900000.0,3978000.0
435000.0,365093.23529411765
625000.0,365093.23529411765
840000.0,718740.6677018633
335000.0,286147.98560700874
155000.0,291475.01516683516
175000.0,200936.93244246475
196000.0,200936.93244246475
262000.0,200936.93244246475
408000.0,357118.4210526316
319000.0,403101.6424242424
1700000.0,2235909.090909091
194000.0,291475.01516683516
170000.0,200936.93244246475
575000.0,733778.9817444219
310000.0,454090.62152777775
255000.0,200936.93244246475
307000.0,286147.98560700874
225000.0,267351.6029645315
621000.0,398676.9759450172
317500.0,267351.6029645315
810000.0,684041.4696969697
230000.0,365093.23529411765
570000.0,733778.9817444219
2250000.0,1265740.49122807
167500.0,267351.6029645315
515000.0,718740.6677018633
365000.0,412938.3522727273
599000.0,1249133.8392857143
97500.0,200936.93244246475
370000.0,286147.98560700874
155000.0,200936.93244246475
650000.0,454090.62152777775
695000.0,714538.4615384615
425000.0,365093.23529411765
394000.0,516944.9917877448
219900.0,267351.6029645315
215000.0,403101.6424242424
208000.0,200936.93244246475
275000.0,267351.6029645315
850000.0,365093.23529411765
745000.0,617582.8846153846
167500.0,200936.93244246475
430000.0,403803.02116402116
380000.0,412938.3522727273
140000.0,286147.98560700874
752362.0,291475.01516683516
86500.0,200936.93244246475
149000.0,365093.23529411765
950000.0,610345.205479452
269000.0,267351.6029645315
480000.0,365093.23529411765
140000.0,200936.93244246475
239000.0,267351.6029645315
275000.0,365093.23529411765
330000.0,497401.9864364982
330000.0,200936.93244246475
335000.0,718740.6677018633
425000.0,418946.89830508473
587500.0,418946.89830508473
230000.0,286147.98560700874
242619.0,267351.6029645315
275000.0,365093.23529411765
480000.0,200936.93244246475
195000.0,267351.6029645315
206000.0,798450.7593880389
1950000.0,795787.4549549549
245000.0,412938.3522727273
905000.0,365093.23529411765
270000.0,516944.9917877448
325000.0,342982.94088669954
810000.0,718740.6677018633
415000.0,511658.53658536583
550000.0,798450.7593880389
195000.0,744449.0
320000.0,267351.6029645315
2680000.0,2021860.6333333333
280000.0,200936.93244246475
430000.0,365093.23529411765
1050000.0,795787.4549549549
450000.0,454090.62152777775
445000.0,798450.7593880389
150000.0,267351.6029645315
398000.0,516944.9917877448
460000.0,403803.02116402116
387300.0,267351.6029645315
189000.0,267351.6029645315
185000.0,291475.01516683516
385000.0,516944.9917877448
275000.0,311228.07042253524
250000.0,286147.98560700874
265000.0,418946.89830508473
185000.0,286147.98560700874
4950000.0,2862967.4025974027
3400000.0,2430432.5064935065
2200000.0,2862967.4025974027
60000.0,365093.23529411765
350000.0,575612.015625
470000.0,511658.53658536583
435000.0,365093.23529411765
499000.0,412938.3522727273
1025000.0,714538.4615384615
257500.0,267351.6029645315
155000.0,200936.93244246475
184900.0,291475.01516683516
25000.0,200936.93244246475
450000.0,286147.98560700874
3250000.0,395000.0
446000.0,267351.6029645315
475000.0,511658.53658536583
136000.0,200936.93244246475
645000.0,1408402.7777777778
470000.0,785353.2034632035
450000.0,357118.4210526316
257890.0,286147.98560700874
550000.0,714538.4615384615
6900000.0,12500000.0
284900.0,200936.93244246475
1000000.0,562735.2483221476
481280.0,286147.98560700874
540000.0,938076.5765765766
455000.0,267351.6029645315
349900.0,357118.4210526316
795000.0,516944.9917877448
165000.0,200936.93244246475
595058.0,497401.9864364982
369000.0,286147.98560700874
249000.0,523130.54054054053
545000.0,795787.4549549549
328000.0,267351.6029645315
380000.0,365093.23529411765
415000.0,365093.23529411765
220000.0,286147.98560700874
230000.0,403101.6424242424
285000.0,267351.6029645315
20000.0,365093.23529411765
845000.0,738258.6346153846
1100000.0,516944.9917877448
265500.0,208327.08396946566
65000.0,200936.93244246475
154000.0,286147.98560700874
1000000.0,286147.98560700874
360000.0,267351.6029645315
190000.0,200936.93244246475
95000.0,200936.93244246475
510000.0,516944.9917877448
201850.0,267351.6029645315
60000.0,200936.93244246475
375000.0,412938.3522727273
100000.0,200936.93244246475
120000.0,200936.93244246475
1320000.0,1524177.8839779005
80000.0,200936.93244246475
925500.0,398676.9759450172
260000.0,200936.93244246475
540000.0,562735.2483221476
220000.0,1277752.808988764
395000.0,200936.93244246475
55000.0,286147.98560700874
463800.0,403803.02116402116
298000.0,200936.93244246475
1900000.0,718740.6677018633
40000.0,365093.23529411765
1200000.0,562735.2483221476
410000.0,365093.23529411765
388000.0,626833.0266666666
192900.0,267351.6029645315
650000.0,1408402.7777777778
235500.0,291475.01516683516
255000.0,365093.23529411765
190000.0,200936.93244246475
455000.0,497401.9864364982
465120.0,286147.98560700874
550000.0,286147.98560700874
434000.0,291475.01516683516
525000.0,365093.23529411765
1700000.0,1265740.49122807
390000.0,403101.6424242424
2450000.0,2862967.4025974027
435000.0,718740.6677018633
1400000.0,787940.4761904762
227500.0,200936.93244246475
145000.0,516944.9917877448
800000.0,365093.23529411765
785000.0,395913.0081300813
520000.0,454090.62152777775
1490000.0,1524177.8839779005
450000.0,403101.6424242424
215000.0,267351.6029645315
119500.0,200936.93244246475
310000.0,403101.6424242424
775000.0,286147.98560700874
200000.0,516944.9917877448
350000.0,365093.23529411765
514000.0,342982.94088669954
6250000.0,2862967.4025974027
240000.0,311228.07042253524
216990.0,200936.93244246475
445200.0,403101.6424242424
485000.0,622540.0
740000.0,342982.94088669954
155000.0,208327.08396946566
285000.0,1408402.7777777778
270000.0,398676.9759450172
195000.0,286147.98560700874
110000.0,365093.23529411765
700000.0,291475.01516683516
375000.0,798450.7593880389
1950000.0,1408402.7777777778
630000.0,311228.07042253524
140000.0,365093.23529411765
350000.0,365093.23529411765
1170000.0,1155493.4428571428
239000.0,404260.5263157895
41962.0,200936.93244246475
200000.0,200936.93244246475
235000.0,267351.6029645315
460000.0,267351.6029645315
515000.0,733778.9817444219
149000.0,200936.93244246475
395000.0,403803.02116402116
255000.0,342982.94088669954
799000.0,733778.9817444219
299250.0,286147.98560700874
1600000.0,2021860.6333333333
187500.0,200936.93244246475
399000.0,454090.62152777775
250000.0,200936.93244246475
10000.0,200936.93244246475
565000.0,403101.6424242424
215000.0,200936.93244246475
715000.0,497401.9864364982
875000.0,365093.23529411765
150000.0,516944.9917877448
355000.0,403803.02116402116
955000.0,497401.9864364982
148000.0,311228.07042253524
179900.0,200936.93244246475
199000.0,267351.6029645315
595000.0,738258.6346153846
710000.0,753897.339055794
375000.0,200936.93244246475
440000.0,365093.23529411765
220000.0,365093.23529411765
57000.0,286147.98560700874
750000.0,744449.0
795000.0,615145.5454545454
95000.0,365093.23529411765
330000.0,403101.6424242424
60000.0,286147.98560700874
410000.0,267351.6029645315
250000.0,301593.97575757577
600000.0,286147.98560700874
545000.0,610345.205479452
158000.0,200936.93244246475
376000.0,403803.02116402116
682000.0,738258.6346153846
350000.0,286147.98560700874
350000.0,311228.07042253524
390000.0,403803.02116402116
230000.0,200936.93244246475
200000.0,286147.98560700874
405000.0,342982.94088669954
690000.0,365093.23529411765
180000.0,200936.93244246475
608000.0,454090.62152777775
599000.0,291475.01516683516
89000.0,200936.93244246475
205000.0,200936.93244246475
410000.0,516944.9917877448
1800000.0,516944.9917877448
235500.0,200936.93244246475
575000.0,626833.0266666666
330000.0,286147.98560700874
1895000.0,744449.0
960000.0,798450.7593880389
380000.0,311228.07042253524
220000.0,267351.6029645315
26000.0,286147.98560700874
495000.0,311228.07042253524
530000.0,733778.9817444219
450000.0,497401.9864364982
198000.0,342982.94088669954
245500.0,403101.6424242424
295000.0,267351.6029645315
195000.0,516944.9917877448
2900000.0,938076.5765765766
1350000.0,497906.2417582418
369900.0,311228.07042253524
360000.0,610345.205479452
155000.0,267351.6029645315
750000.0,497401.9864364982
162500.0,267351.6029645315
235000.0,342982.94088669954
170000.0,200936.93244246475
187500.0,267351.6029645315
395000.0,738258.6346153846
478000.0,286147.98560700874
520000.0,511658.53658536583
295000.0,291475.01516683516
305900.0,267351.6029645315
195000.0,365093.23529411765
315000.0,412938.3522727273
255000.0,200936.93244246475
210000.0,291475.01516683516
175000.0,267351.6029645315
405000.0,365093.23529411765
315000.0,286147.98560700874
405000.0,342982.94088669954
548700.0,497401.9864364982
280000.0,267351.6029645315
388700.0,267351.6029645315
210000.0,403803.02116402116
115000.0,286147.98560700874
190000.0,200936.93244246475
495550.0,200936.93244246475
263250.0,291475.01516683516
315000.0,403101.6424242424
910000.0,714538.4615384615
225000.0,311228.07042253524
350000.0,358226.3082706767
1800000.0,2021860.6333333333
530450.0,497401.9864364982
280000.0,200936.93244246475
704000.0,684041.4696969697
385000.0,511658.53658536583
1196000.0,738258.6346153846
525000.0,398676.9759450172
425000.0,753897.339055794
350000.0,575612.015625
300000.0,286147.98560700874
210000.0,365093.23529411765
185000.0,200936.93244246475
268000.0,286147.98560700874
365288.0,403101.6424242424
465000.0,286147.98560700874
450000.0,200936.93244246475
560000.0,570352.2276785715
375000.0,497401.9864364982
244000.0,259954.54545454544
2500000.0,938076.5765765766
147500.0,200936.93244246475
230000.0,200936.93244246475
1580000.0,795787.4549549549
